locale,audioLanguageSlug,coreLanguageId,startUnique,unionUnique,atLeast6,atLeast30,atLeast44,eligibleVideoIdsUpperBound,pool:exploring-jesus,pool:forgiveness-and-new-beginnings,pool:hope-and-perseverance,pool:love-and-belonging,pool:meaning-and-purpose,rejected:canonical_duplicate,rejected:editorial_review_pending,rejected:exact_audio_unavailable,rejected:watch_unavailable
en,aari,4797,33,33,True,True,False,62,19,7,14,12,18,1,11,163,2
en,abanglekuo,184631,33,33,True,True,False,64,19,7,14,12,18,1,11,163,2
en,abanyom,139251,33,33,True,True,False,62,19,7,14,12,18,1,11,163,2
en,abau,12296,33,33,True,True,False,62,19,7,14,12,18,1,11,163,2
en,abidji,15909,33,33,True,True,False,62,19,7,14,12,18,1,11,163,2
en,abkhaz,5074,34,34,True,True,False,76,20,7,14,12,18,1,11,162,2
en,abure,16117,33,33,True,True,False,62,19,7,14,12,18,1,11,163,2
en,abureni,144623,33,33,True,True,False,62,19,7,14,12,18,1,11,163,2
en,acateco,5428,33,33,True,True,False,62,19,7,14,12,18,1,11,163,2
en,acchami,111586,33,33,True,True,False,62,19,7,14,12,18,1,11,163,2
en,aceh,17688,33,33,True,True,False,62,19,7,14,12,18,1,11,163,2
en,achang,3697,33,33,True,True,False,63,19,7,14,12,18,1,11,163,2
en,ache,100378,33,33,True,True,False,63,19,7,14,12,18,1,11,163,2
en,ache-2,184846,33,33,True,True,False,62,19,7,14,12,18,1,11,163,2
en,achi-rabinal,5441,33,33,True,True,False,62,19,7,14,12,18,1,11,163,2
en,acholi,13555,37,37,True,True,False,107,21,10,15,14,18,1,11,159,2
en,achuar-shiwiar,139273,33,33,True,True,False,63,19,7,14,12,18,1,11,163,2
en,adangme,50836,33,33,True,True,False,62,19,7,14,12,18,1,11,163,2
en,adele,5338,33,33,True,True,False,62,19,7,14,12,18,1,11,163,2
en,adi,24173,33,33,True,True,False,62,19,7,14,12,18,1,11,163,2
en,adioukrou,16116,33,33,True,True,False,62,19,7,14,12,18,1,11,163,2
en,adonara,96802,33,33,True,True,False,62,19,7,14,12,18,1,11,163,2
en,adygey,20522,33,33,True,True,False,62,19,7,14,12,18,1,11,163,2
en,adzera,96809,33,33,True,True,False,62,19,7,14,12,18,1,11,163,2
en,afar,4468,53,53,True,True,True,116,35,9,23,18,23,1,11,143,2
en,afrikaans,1444,110,110,True,True,True,263,56,29,41,45,44,3,11,83,2
en,agabag,143624,33,33,True,True,False,62,19,7,14,12,18,1,11,163,2
en,agarabi,96835,33,33,True,True,False,62,19,7,14,12,18,1,11,163,2
en,agatu,9290,33,33,True,True,False,62,19,7,14,12,18,1,11,163,2
en,aghem,139321,33,33,True,True,False,62,19,7,14,12,18,1,11,163,2
en,aguna,139205,30,30,True,True,False,55,16,7,12,12,17,1,11,166,2
en,agusan-surigao-manobo,184668,33,33,True,True,False,64,19,7,14,12,18,1,11,163,2
en,ahanta,5170,33,33,True,True,False,62,19,7,14,12,18,1,11,163,2
en,ahirani,6330,33,33,True,True,False,62,19,7,14,12,18,1,11,163,2
en,a-hmao,22812,53,53,True,True,True,118,35,9,23,18,23,1,11,143,2
en,aikana,184550,33,33,True,True,False,62,19,7,14,12,18,1,11,163,2
en,aja-gbe,1280,53,53,True,True,True,116,35,9,23,18,23,1,11,143,2
en,ajiya,141189,33,33,True,True,False,62,19,7,14,12,18,1,11,163,2
en,akebu,141199,33,33,True,True,False,62,19,7,14,12,18,1,11,163,2
en,akeu,96819,33,33,True,True,False,62,19,7,14,12,18,1,11,163,2
en,akha,3712,34,34,True,True,False,76,20,7,14,12,18,1,11,162,2
en,aklanon,12853,33,33,True,True,False,62,19,7,14,12,18,1,11,163,2
en,akoose,2894,33,33,True,True,False,64,19,7,14,12,18,1,11,163,2
en,akposo,5296,33,33,True,True,False,62,19,7,14,12,18,1,11,163,2
en,akuku,139598,33,33,True,True,False,62,19,7,14,12,18,1,11,163,2
en,alaba,4793,33,33,True,True,False,62,19,7,14,12,18,1,11,163,2
en,alagwa,142694,33,33,True,True,False,62,19,7,14,12,18,1,11,163,2
en,alangan,139397,33,33,True,True,False,62,19,7,14,12,18,1,11,163,2
en,albanian,20526,66,66,True,True,True,171,42,15,26,24,25,3,11,127,2
en,albanian-kosovar,20528,43,43,True,True,False,85,24,13,16,16,19,3,11,150,2
en,ale-gawwada,98459,33,33,True,True,False,62,19,7,14,12,18,1,11,163,2
en,alis-i-ron,134882,33,33,True,True,False,62,19,7,14,12,18,1,11,163,2
en,altai,21554,33,33,True,True,False,65,19,7,14,12,18,1,11,163,2
en,alur,14694,33,33,True,True,False,62,19,7,14,12,18,1,11,163,2
en,ama,20118,33,33,True,True,False,62,19,7,14,12,18,1,11,163,2
en,amam,184583,33,33,True,True,False,63,19,7,14,12,18,1,11,163,2
en,amanab,10685,33,33,True,True,False,62,19,7,14,12,18,1,11,163,2
en,ambae-east,144776,33,33,True,True,False,63,19,7,14,12,18,1,11,163,2
en,ambai,139414,33,33,True,True,False,62,19,7,14,12,18,1,11,163,2
en,ambrym-southeast,141931,33,33,True,True,False,63,19,7,14,12,18,1,11,163,2
en,amdo-tibetan,23089,33,33,True,True,False,64,19,7,14,12,18,1,11,163,2
en,american-sign-language,19171,2,2,False,False,False,2,2,0,1,0,0,0,11,195,2
en,amharic,4791,77,77,True,True,True,175,49,17,30,26,26,3,11,116,2
en,amuzgo-guerrero,8351,33,33,True,True,False,62,19,7,14,12,18,1,11,163,2
en,amuzgo-oaxaca,8338,33,33,True,True,False,62,19,7,14,12,18,1,11,163,2
en,anaang,9317,33,33,True,True,False,62,19,7,14,12,18,1,11,163,2
en,andaandi,140196,33,33,True,True,False,62,19,7,14,12,18,1,11,163,2
en,andio,140162,33,33,True,True,False,62,19,7,14,12,18,1,11,163,2
en,angaataha,139319,33,33,True,True,False,63,19,7,14,12,18,1,11,163,2
en,angal-heneng,139376,33,33,True,True,False,63,19,7,14,12,18,1,11,163,2
en,angika,23330,33,33,True,True,False,62,19,7,14,12,18,1,11,163,2
en,anjam,10810,33,33,True,True,False,62,19,7,14,12,18,1,11,163,2
en,ansus,139429,33,33,True,True,False,62,19,7,14,12,18,1,11,163,2
en,antandroy,23192,33,33,True,True,False,64,19,7,14,12,18,1,11,163,2
en,antesaka,139153,0,0,False,False,False,2,0,0,0,0,0,0,11,197,2
en,anuak,4790,33,33,True,True,False,62,19,7,14,12,18,1,11,163,2
en,anufo,1345,37,37,True,True,False,67,21,10,15,14,18,1,11,159,2
en,anyin,5333,33,33,True,True,False,62,19,7,14,12,18,1,11,163,2
en,ao,176313,33,33,True,True,False,62,19,7,14,12,18,1,11,163,2
en,aokha,142264,33,33,True,True,False,62,19,7,14,12,18,1,11,163,2
en,apalai,139476,33,33,True,True,False,62,19,7,14,12,18,1,11,163,2
en,apinaye,1890,33,33,True,True,False,62,19,7,14,12,18,1,11,163,2
en,apurina,1889,33,33,True,True,False,62,19,7,14,12,18,1,11,163,2
en,arabic-algerian-spoken,525,63,63,True,True,True,152,40,14,25,22,24,3,11,130,2
en,arabic-bedouin,184531,33,33,True,True,False,62,19,7,14,12,18,1,11,163,2
en,arabic-chadian-spoken,20531,42,42,True,True,False,84,23,12,16,16,19,3,11,151,2
en,arabic-egyptian-colloquial,20533,78,78,True,True,True,236,50,17,30,28,26,3,11,115,2
en,arabic-gulf,139181,54,54,True,True,True,117,36,9,23,18,23,1,11,142,2
en,arabic-hassaniya,7839,42,42,True,True,False,84,23,12,16,16,19,3,11,151,2
en,arabic-hijazi,184592,34,34,True,True,False,63,20,7,14,12,18,1,11,162,2
en,arabic-iraqi-baghdadi,21061,42,42,True,True,False,84,23,12,16,16,19,3,11,151,2
en,arabic-juba,38242,33,33,True,True,False,62,19,7,14,12,18,1,11,163,2
en,arabic-khuzestani,185355,33,33,True,True,False,62,19,7,14,12,18,1,11,163,2
en,arabic-libyan,184848,33,33,True,True,False,64,19,7,14,12,18,1,11,163,2
en,arabic-modern-standard,22658,154,154,True,True,True,614,79,38,56,55,61,3,11,39,2
en,arabic-modern-standard-egyptian,53441,57,57,True,True,True,134,39,10,23,18,24,1,11,139,2
en,arabic-modern-standard-sharif,184495,33,33,True,True,False,64,19,7,14,12,18,1,11,163,2
en,arabic-moroccan-spoken,8418,65,65,True,True,True,195,42,14,26,23,24,3,11,128,2
en,arabic-najdi,184591,5,5,False,False,False,9,4,2,1,1,1,0,11,192,2
en,arabic-north-african,20538,1,1,False,False,False,1,1,0,0,0,0,0,11,196,2
en,arabic-palestinian,53347,63,63,True,True,True,152,40,14,25,22,24,3,11,130,2
en,arabic-saidi-spoken,4532,54,54,True,True,True,132,36,9,23,18,23,1,11,142,2
en,arabic-sanaani,15161,34,34,True,True,False,63,20,7,14,12,18,1,11,162,2
en,arabic-sudanese-spoken,13562,64,64,True,True,True,153,40,14,25,23,25,3,11,129,2
en,arabic-taizzi-yemeni,184627,53,53,True,True,True,116,35,9,23,18,23,1,11,143,2
en,arabic-tunisian,20547,62,62,True,True,True,259,39,14,25,22,24,3,11,131,2
en,aralle,145459,33,33,True,True,False,62,19,7,14,12,18,1,11,163,2
en,aramba,11251,33,33,True,True,False,62,19,7,14,12,18,1,11,163,2
en,arbore,139498,33,33,True,True,False,62,19,7,14,12,18,1,11,163,2
en,are,144351,33,33,True,True,False,63,19,7,14,12,18,1,11,163,2
en,arhe,139524,33,33,True,True,False,62,19,7,14,12,18,1,11,163,2
en,arifama-miniafia,10616,33,33,True,True,False,62,19,7,14,12,18,1,11,163,2
en,aringa,99508,33,33,True,True,False,62,19,7,14,12,18,1,11,163,2
en,armenian,646,65,65,True,True,True,156,41,15,25,23,25,3,11,128,2
en,armenian-western,20550,55,55,True,True,True,131,37,10,23,18,23,1,11,141,2
en,arosi,139342,33,33,True,True,False,62,19,7,14,12,18,1,11,163,2
en,arumanian,176089,53,53,True,True,True,118,35,9,23,18,23,1,11,143,2
en,asante-twi,185199,58,58,True,True,True,137,38,12,24,20,23,1,11,138,2
en,ashaninka,140060,53,53,True,True,True,115,35,9,23,18,23,1,11,143,2
en,asheninca-pichis,23941,33,33,True,True,False,63,19,7,14,12,18,1,11,163,2
en,assamese,1171,56,56,True,True,True,138,37,9,25,20,23,1,11,140,2
en,assamese-muslim,185219,33,33,True,True,False,62,19,7,14,12,18,1,11,163,2
en,assyrian,20551,53,53,True,True,True,116,35,9,23,18,23,1,11,143,2
en,ateso,20963,37,37,True,True,False,67,21,10,15,14,18,1,11,159,2
en,athpariya,97073,33,33,True,True,False,62,19,7,14,12,18,1,11,163,2
en,atitlan-mixe,20830,33,33,True,True,False,62,19,7,14,12,18,1,11,163,2
en,auhelawa,141644,33,33,True,True,False,63,19,7,14,12,18,1,11,163,2
en,aukaans,18698,33,33,True,True,False,62,19,7,14,12,18,1,11,163,2
en,avar,15882,33,33,True,True,False,63,19,7,14,12,18,1,11,163,2
en,avikam,16111,33,33,True,True,False,62,19,7,14,12,18,1,11,163,2
en,avokaya,13567,33,33,True,True,False,62,19,7,14,12,18,1,11,163,2
en,awa,100703,33,33,True,True,False,63,19,7,14,12,18,1,11,163,2
en,awa-8,139568,33,33,True,True,False,62,19,7,14,12,18,1,11,163,2
en,awa-cuaiquer,141518,33,33,True,True,False,62,19,7,14,12,18,1,11,163,2
en,awad-bing,139661,33,33,True,True,False,63,19,7,14,12,18,1,11,163,2
en,awadhi,5603,54,54,True,True,True,135,36,9,23,18,23,1,11,142,2
en,awadhi-nepal,184922,33,33,True,True,False,62,19,7,14,12,18,1,11,163,2
en,awajun,139322,33,33,True,True,False,62,19,7,14,12,18,1,11,163,2
en,awak,10231,33,33,True,True,False,62,19,7,14,12,18,1,11,163,2
en,awgni,53389,33,33,True,True,False,62,19,7,14,12,18,1,11,163,2
en,awing,139611,33,33,True,True,False,64,19,7,14,12,18,1,11,163,2
en,awutu,19468,37,37,True,True,False,67,21,10,15,14,18,1,11,159,2
en,ayizo-2,157289,30,30,True,True,False,55,16,7,12,12,17,1,11,166,2
en,ayizo-tori,145621,1,1,False,False,False,1,1,0,0,0,0,0,11,196,2
en,aymara-central,616,63,63,True,True,True,152,40,14,25,22,24,3,11,130,2
en,ayoreo,139601,33,33,True,True,False,63,19,7,14,12,18,1,11,163,2
en,ayta-abellen,96911,33,33,True,True,False,62,19,7,14,12,18,1,11,163,2
en,ayta-ambala,139244,33,33,True,True,False,64,19,7,14,12,18,1,11,163,2
en,ayta-mag-antsi,12596,33,33,True,True,False,62,19,7,14,12,18,1,11,163,2
en,ayta-mag-indi,139772,33,33,True,True,False,62,19,7,14,12,18,1,11,163,2
en,azerbaijani-iran,355,43,43,True,True,False,87,24,12,17,17,19,3,11,150,2
en,azerbaijani-north,689,72,72,True,True,True,164,48,17,27,23,26,3,11,121,2
en,azha,97274,33,33,True,True,False,62,19,7,14,12,18,1,11,163,2
en,aztec-nahuatl-guerrero,20843,33,33,True,True,False,62,19,7,14,12,18,1,11,163,2
en,babanki,139635,33,33,True,True,False,64,19,7,14,12,18,1,11,163,2
en,bacama-bwatiye,53330,33,33,True,True,False,62,19,7,14,12,18,1,11,163,2
en,bada,19547,33,33,True,True,False,62,19,7,14,12,18,1,11,163,2
en,badaga,5613,53,53,True,True,True,115,35,9,23,18,23,1,11,143,2
en,bade,10221,33,33,True,True,False,62,19,7,14,12,18,1,11,163,2
en,bado-parja,184499,33,33,True,True,False,62,19,7,14,12,18,1,11,163,2
en,baeggu,139997,33,33,True,True,False,63,19,7,14,12,18,1,11,163,2
en,baelelea,139996,33,33,True,True,False,63,19,7,14,12,18,1,11,163,2
en,bafut,2819,33,33,True,True,False,62,19,7,14,12,18,1,11,163,2
en,bagheli,6648,33,33,True,True,False,64,19,7,14,12,18,1,11,163,2
en,bagri,5699,53,53,True,True,True,121,35,9,23,18,23,1,11,143,2
en,bahasa-melayu-2,170534,1,1,False,False,False,2,1,0,0,0,0,0,11,196,2
en,bahnar,19391,33,33,True,True,False,62,19,7,14,12,18,1,11,163,2
en,bai,3948,33,33,True,True,False,64,19,7,14,12,18,1,11,163,2
en,bai-lama,184480,33,33,True,True,False,63,19,7,14,12,18,1,11,163,2
en,baiso,139961,33,33,True,True,False,62,19,7,14,12,18,1,11,163,2
en,bai-southern,25916,37,37,True,True,False,70,22,9,15,13,19,1,11,159,2
en,baitadeli,111587,33,33,True,True,False,62,19,7,14,12,18,1,11,163,2
en,bajau-indonesian,17655,33,33,True,True,False,62,19,7,14,12,18,1,11,163,2
en,bajhangi,111589,33,33,True,True,False,62,19,7,14,12,18,1,11,163,2
en,bajureli,184907,33,33,True,True,False,62,19,7,14,12,18,1,11,163,2
en,baka,97237,33,33,True,True,False,62,19,7,14,12,18,1,11,163,2
en,bakairi,1884,33,33,True,True,False,62,19,7,14,12,18,1,11,163,2
en,bakhtiari,6800,33,33,True,True,False,62,19,7,14,12,18,1,11,163,2
en,bakumpai,19560,33,33,True,True,False,62,19,7,14,12,18,1,11,163,2
en,bakwe,184847,33,33,True,True,False,64,19,7,14,12,18,1,11,163,2
en,balangao,12808,33,33,True,True,False,64,19,7,14,12,18,1,11,163,2
en,balangin-indo,184936,33,33,True,True,False,62,19,7,14,12,18,1,11,163,2
en,balanta,13002,33,33,True,True,False,62,19,7,14,12,18,1,11,163,2
en,balanta-ganja,23511,33,33,True,True,False,62,19,7,14,12,18,1,11,163,2
en,balantak,97403,33,33,True,True,False,62,19,7,14,12,18,1,11,163,2
en,balanta-naga,53321,33,33,True,True,False,62,19,7,14,12,18,1,11,163,2
en,bali,145699,33,33,True,True,False,62,19,7,14,12,18,1,11,163,2
en,bali-madya,19617,33,33,True,True,False,62,19,7,14,12,18,1,11,163,2
en,balkar,18518,33,33,True,True,False,63,19,7,14,12,18,1,11,163,2
en,balochi-eastern,5700,33,33,True,True,False,62,19,7,14,12,18,1,11,163,2
en,balochi-southern,6679,33,33,True,True,False,62,19,7,14,12,18,1,11,163,2
en,balochi-western,353,32,32,True,True,False,61,18,7,14,12,17,1,11,164,2
en,balti,6654,33,33,True,True,False,62,19,7,14,12,18,1,11,163,2
en,bambam,20163,33,33,True,True,False,62,19,7,14,12,18,1,11,163,2
en,bambara,2075,67,67,True,True,True,157,42,17,26,24,24,3,11,126,2
en,bamu,97185,33,33,True,True,False,62,19,7,14,12,18,1,11,163,2
en,bamun,2912,33,33,True,True,False,62,19,7,14,12,18,1,11,163,2
en,bana,139663,33,33,True,True,False,62,19,7,14,12,18,1,11,163,2
en,banda-linda,53434,37,37,True,True,False,67,21,10,15,14,18,1,11,159,2
en,bandi,7655,37,37,True,True,False,67,21,10,15,14,18,1,11,159,2
en,bandial,139909,33,33,True,True,False,64,19,7,14,12,18,1,11,163,2
en,banggai,17365,33,33,True,True,False,62,19,7,14,12,18,1,11,163,2
en,bangi,4360,33,33,True,True,False,62,19,7,14,12,18,1,11,163,2
en,bangjinge,28054,33,33,True,True,False,62,19,7,14,12,18,1,11,163,2
en,bangka,144471,33,33,True,True,False,62,19,7,14,12,18,1,11,163,2
en,bangla-2,176243,111,111,True,True,True,326,56,26,43,44,47,3,11,82,2
en,bangla-muslim,139082,81,81,True,True,True,228,55,19,31,25,28,3,11,112,2
en,banjar,16827,33,33,True,True,False,65,19,7,14,12,18,1,11,163,2
en,bankagooma,139862,33,33,True,True,False,62,19,7,14,12,18,1,11,163,2
en,bantoanon,12801,33,33,True,True,False,62,19,7,14,12,18,1,11,163,2
en,bara,7735,33,33,True,True,False,64,19,7,14,12,18,1,11,163,2
en,barai,10726,33,33,True,True,False,62,19,7,14,12,18,1,11,163,2
en,bara-tharu,184903,33,33,True,True,False,62,19,7,14,12,18,1,11,163,2
en,bareli-pawri,184486,33,33,True,True,False,62,19,7,14,12,18,1,11,163,2
en,bareli-rathwi,25919,53,53,True,True,True,121,35,9,23,18,23,1,11,143,2
en,bari,13586,42,42,True,True,False,124,23,12,16,16,19,3,11,151,2
en,bariai,10715,33,33,True,True,False,62,19,7,14,12,18,1,11,163,2
en,bariba,1294,57,57,True,True,True,121,37,12,24,20,23,1,11,139,2
en,barka,145881,33,33,True,True,False,62,19,7,14,12,18,1,11,163,2
en,basa,24010,33,33,True,True,False,62,19,7,14,12,18,1,11,163,2
en,basaa,2923,33,33,True,True,False,62,19,7,14,12,18,1,11,163,2
en,basang,146749,33,33,True,True,False,62,19,7,14,12,18,1,11,163,2
en,bashkir,18450,54,54,True,True,True,145,36,9,23,18,23,1,11,142,2
en,basketto,4779,33,33,True,True,False,62,19,7,14,12,18,1,11,163,2
en,basque,23514,34,34,True,True,False,76,20,7,14,12,18,1,11,162,2
en,bassa,19508,37,37,True,True,False,69,21,10,15,14,18,1,11,159,2
en,batak-alas,146378,33,33,True,True,False,62,19,7,14,12,18,1,11,163,2
en,batak-angkola,17689,33,33,True,True,False,62,19,7,14,12,18,1,11,163,2
en,batak-karo,17813,33,33,True,True,False,62,19,7,14,12,18,1,11,163,2
en,batak-kluet,146379,33,33,True,True,False,62,19,7,14,12,18,1,11,163,2
en,batak-mandailing,17815,33,33,True,True,False,62,19,7,14,12,18,1,11,163,2
en,batak-simalungun,17814,33,33,True,True,False,62,19,7,14,12,18,1,11,163,2
en,batak-toba,17818,33,33,True,True,False,62,19,7,14,12,18,1,11,163,2
en,bateq,139973,33,33,True,True,False,62,19,7,14,12,18,1,11,163,2
en,batui,143190,33,33,True,True,False,62,19,7,14,12,18,1,11,163,2
en,baule,16107,53,53,True,True,True,116,35,9,23,18,23,1,11,143,2
en,bauria,5703,33,33,True,True,False,62,19,7,14,12,18,1,11,163,2
en,bawean,153673,33,33,True,True,False,62,19,7,14,12,18,1,11,163,2
en,bazigar,5612,33,33,True,True,False,62,19,7,14,12,18,1,11,163,2
en,bedamuni,21577,33,33,True,True,False,62,19,7,14,12,18,1,11,163,2
en,beembe,4276,33,33,True,True,False,62,19,7,14,12,18,1,11,163,2
en,behoa,97214,33,33,True,True,False,62,19,7,14,12,18,1,11,163,2
en,beja-bidhaawyeet,184917,33,33,True,True,False,63,19,7,14,12,18,1,11,163,2
en,bekwarra,10208,33,33,True,True,False,62,19,7,14,12,18,1,11,163,2
en,bekwel,139761,33,33,True,True,False,62,19,7,14,12,18,1,11,163,2
en,bel,161859,33,33,True,True,False,63,19,7,14,12,18,1,11,163,2
en,belanda-viri,140001,33,33,True,True,False,62,19,7,14,12,18,1,11,163,2
en,belleh,158085,33,33,True,True,False,62,19,7,14,12,18,1,11,163,2
en,belorussian,1259,43,43,True,True,False,98,24,12,16,16,19,3,11,150,2
en,bemba,14278,67,67,True,True,True,159,42,17,26,24,24,3,11,126,2
en,bembe,19571,33,33,True,True,False,62,19,7,14,12,18,1,11,163,2
en,bena,14277,33,33,True,True,False,62,19,7,14,12,18,1,11,163,2
en,benabena,139554,33,33,True,True,False,62,19,7,14,12,18,1,11,163,2
en,bench,19518,33,33,True,True,False,62,19,7,14,12,18,1,11,163,2
en,bende-tongwe,139543,33,33,True,True,False,62,19,7,14,12,18,1,11,163,2
en,bengali-indian,139081,117,117,True,True,True,334,62,27,44,46,47,3,11,76,2
en,benyadu,97609,33,33,True,True,False,62,19,7,14,12,18,1,11,163,2
en,berom,10185,37,37,True,True,False,69,21,10,15,14,18,1,11,159,2
en,betawi,16652,33,33,True,True,False,62,19,7,14,12,18,1,11,163,2
en,bete-daloa,16103,33,33,True,True,False,62,19,7,14,12,18,1,11,163,2
en,bete-gagnoa,16098,33,33,True,True,False,62,19,7,14,12,18,1,11,163,2
en,bete-guiberoua,16106,33,33,True,True,False,62,19,7,14,12,18,1,11,163,2
en,bette,28132,33,33,True,True,False,62,19,7,14,12,18,1,11,163,2
en,bhadrawahi,5671,33,33,True,True,False,62,19,7,14,12,18,1,11,163,2
en,bharia,5696,33,33,True,True,False,63,19,7,14,12,18,1,11,163,2
en,bhatri,5697,33,33,True,True,False,62,19,7,14,12,18,1,11,163,2
en,bhattiyali,6642,33,33,True,True,False,62,19,7,14,12,18,1,11,163,2
en,bhele,139693,33,33,True,True,False,62,19,7,14,12,18,1,11,163,2
en,bhilali,139684,33,33,True,True,False,62,19,7,14,12,18,1,11,163,2
en,bhili,5695,33,33,True,True,False,62,19,7,14,12,18,1,11,163,2
en,bhogoto,53435,37,37,True,True,False,67,21,10,15,14,18,1,11,159,2
en,bhojpuri,5667,58,58,True,True,True,145,39,11,24,19,24,1,11,138,2
en,bhojpuri-nepal,145845,33,33,True,True,False,62,19,7,14,12,18,1,11,163,2
en,biafada,16120,33,33,True,True,False,62,19,7,14,12,18,1,11,163,2
en,biak,16488,33,33,True,True,False,62,19,7,14,12,18,1,11,163,2
en,bicolano,22100,33,33,True,True,False,64,19,7,14,12,18,1,11,163,2
en,bidayuh-jagoi,151767,33,33,True,True,False,62,19,7,14,12,18,1,11,163,2
en,bijago,21963,33,33,True,True,False,62,19,7,14,12,18,1,11,163,2
en,bikol-buhinon,100255,33,33,True,True,False,64,19,7,14,12,18,1,11,163,2
en,bilaspuri,6363,33,33,True,True,False,62,19,7,14,12,18,1,11,163,2
en,bilua,139762,33,33,True,True,False,63,19,7,14,12,18,1,11,163,2
en,bima,19537,33,33,True,True,False,62,19,7,14,12,18,1,11,163,2
en,bimin,12286,33,33,True,True,False,62,19,7,14,12,18,1,11,163,2
en,bimoba,5174,33,33,True,True,False,62,19,7,14,12,18,1,11,163,2
en,binandere,139683,33,33,True,True,False,62,19,7,14,12,18,1,11,163,2
en,bine,11446,33,33,True,True,False,62,19,7,14,12,18,1,11,163,2
en,binukid,12854,33,33,True,True,False,62,19,7,14,12,18,1,11,163,2
en,birifor,139154,33,33,True,True,False,62,19,7,14,12,18,1,11,163,2
en,birifor-southern,5173,33,33,True,True,False,62,19,7,14,12,18,1,11,163,2
en,bishnupriya,23250,33,33,True,True,False,62,19,7,14,12,18,1,11,163,2
en,bislama,9181,43,43,True,True,False,99,24,12,16,16,19,3,11,150,2
en,bisu,140169,57,57,True,True,True,123,38,11,24,19,24,1,11,139,2
en,blaan-koronadal,12816,33,33,True,True,False,62,19,7,14,12,18,1,11,163,2
en,blaan-sarangani,12815,33,33,True,True,False,62,19,7,14,12,18,1,11,163,2
en,blackfoot,3105,33,33,True,True,False,62,19,7,14,12,18,1,11,163,2
en,blin,4593,33,33,True,True,False,64,19,7,14,12,18,1,11,163,2
en,blowo,147081,33,33,True,True,False,62,19,7,14,12,18,1,11,163,2
en,bobe,115239,42,42,True,True,False,84,23,12,16,16,19,3,11,151,2
en,bobo-madare-southern,2073,33,33,True,True,False,62,19,7,14,12,18,1,11,163,2
en,bodo,19594,53,53,True,True,True,116,35,9,23,18,23,1,11,143,2
en,bogghom,158871,33,33,True,True,False,62,19,7,14,12,18,1,11,163,2
en,bokyi,2788,33,33,True,True,False,62,19,7,14,12,18,1,11,163,2
en,bola,10813,33,33,True,True,False,62,19,7,14,12,18,1,11,163,2
en,bolewa,19581,33,33,True,True,False,62,19,7,14,12,18,1,11,163,2
en,bolinao,12589,33,33,True,True,False,62,19,7,14,12,18,1,11,163,2
en,bomu,2081,33,33,True,True,False,62,19,7,14,12,18,1,11,163,2
en,bongo,97457,33,33,True,True,False,62,19,7,14,12,18,1,11,163,2
en,bora,139707,33,33,True,True,False,63,19,7,14,12,18,1,11,163,2
en,borna-shinasha,97524,33,33,True,True,False,62,19,7,14,12,18,1,11,163,2
en,bororo,1873,33,33,True,True,False,62,19,7,14,12,18,1,11,163,2
en,bosnian,20581,42,42,True,True,False,84,23,12,16,16,19,3,11,151,2
en,bouyei,3960,33,33,True,True,False,62,19,7,14,12,18,1,11,163,2
en,bouyei-anshun,139132,33,33,True,True,False,64,19,7,14,12,18,1,11,163,2
en,bouyei-qianxi,185354,33,33,True,True,False,62,19,7,14,12,18,1,11,163,2
en,bozo-jenaama,140166,33,33,True,True,False,62,19,7,14,12,18,1,11,163,2
en,bozo-tigemaxo,139885,33,33,True,True,False,62,19,7,14,12,18,1,11,163,2
en,brahui,351,33,33,True,True,False,62,19,7,14,12,18,1,11,163,2
en,braj-bhasha,5611,33,33,True,True,False,62,19,7,14,12,18,1,11,163,2
en,brazilian-sign-language,1872,1,1,False,False,False,1,1,0,0,0,0,0,11,196,2
en,brezhoneg,158608,33,33,True,True,False,62,19,7,14,12,18,1,11,163,2
en,bru-eastern,7371,33,33,True,True,False,62,19,7,14,12,18,1,11,163,2
en,bru-van-kieu,185256,33,33,True,True,False,62,19,7,14,12,18,1,11,163,2
en,budu-koya,24092,33,33,True,True,False,62,19,7,14,12,18,1,11,163,2
en,budu-nita,24091,33,33,True,True,False,62,19,7,14,12,18,1,11,163,2
en,budza,15667,33,33,True,True,False,64,19,7,14,12,18,1,11,163,2
en,bugis,17645,33,33,True,True,False,62,19,7,14,12,18,1,11,163,2
en,bugis-soppeng,185058,33,33,True,True,False,62,19,7,14,12,18,1,11,163,2
en,bugkalot,184845,33,33,True,True,False,64,19,7,14,12,18,1,11,163,2
en,buglere,10601,33,33,True,True,False,62,19,7,14,12,18,1,11,163,2
en,bukharian,6934,33,33,True,True,False,62,19,7,14,12,18,1,11,163,2
en,buksa,23325,33,33,True,True,False,62,19,7,14,12,18,1,11,163,2
en,bukusu,19606,33,33,True,True,False,62,19,7,14,12,18,1,11,163,2
en,bulgarian,1964,73,73,True,True,True,166,48,17,26,26,27,3,11,120,2
en,buli,19610,33,33,True,True,False,62,19,7,14,12,18,1,11,163,2
en,bulu,2884,33,33,True,True,False,62,19,7,14,12,18,1,11,163,2
en,bulusu,139916,33,33,True,True,False,62,19,7,14,12,18,1,11,163,2
en,bum,139792,33,33,True,True,False,64,19,7,14,12,18,1,11,163,2
en,bundel-khandi,20587,33,33,True,True,False,67,19,7,14,12,18,1,11,163,2
en,bungu,99933,33,33,True,True,False,62,19,7,14,12,18,1,11,163,2
en,buol,17373,33,33,True,True,False,62,19,7,14,12,18,1,11,163,2
en,bura-pabir,10343,33,33,True,True,False,62,19,7,14,12,18,1,11,163,2
en,buriat-russia,18321,55,55,True,True,True,131,37,10,23,18,23,1,11,141,2
en,burmese,1254,34,34,True,True,False,79,9,9,13,17,20,0,11,163,2
en,burmese-common,184855,34,34,True,True,False,63,20,7,15,13,18,1,11,162,2
en,burmese-musselmani,24293,33,33,True,True,False,62,19,7,14,12,18,1,11,163,2
en,burmese-standard,184854,64,64,True,True,True,157,41,14,26,22,24,3,11,129,2
en,burun,139538,33,33,True,True,False,64,19,7,14,12,18,1,11,163,2
en,burunge,139544,33,33,True,True,False,62,19,7,14,12,18,1,11,163,2
en,burushaski,10570,33,33,True,True,False,62,19,7,14,12,18,1,11,163,2
en,buurak,49141,33,33,True,True,False,62,19,7,14,12,18,1,11,163,2
en,bwamu-laa-laa,2074,33,33,True,True,False,62,19,7,14,12,18,1,11,163,2
en,bwazza,9491,33,33,True,True,False,62,19,7,14,12,18,1,11,163,2
en,cabecar,140126,33,33,True,True,False,62,19,7,14,12,18,1,11,163,2
en,cakchiquel-central,5439,42,42,True,True,False,84,23,12,16,16,19,3,11,151,2
en,cakchiquel-eastern,5397,33,33,True,True,False,62,19,7,14,12,18,1,11,163,2
en,cakchiquel-south-central,5437,33,33,True,True,False,64,19,7,14,12,18,1,11,163,2
en,cakchiquel-western,5392,54,54,True,True,True,132,36,9,23,18,23,1,11,142,2
en,canela,101512,33,33,True,True,False,62,19,7,14,12,18,1,11,163,2
en,cantonese,20601,109,109,True,True,True,307,55,24,42,43,47,3,11,84,2
en,capanahua,141267,33,33,True,True,False,63,19,7,14,12,18,1,11,163,2
en,carib-eastern,53421,33,33,True,True,False,62,19,7,14,12,18,1,11,163,2
en,catalan-valencian-balear,531,55,55,True,True,True,147,37,9,23,18,23,1,11,141,2
en,cebuano,12784,47,47,True,True,True,108,27,14,17,17,20,3,11,146,2
en,central-asian-russian,20899,74,74,True,True,True,166,51,18,28,23,25,3,11,119,2
en,central-buang,159546,33,33,True,True,False,62,19,7,14,12,18,1,11,163,2
en,cerma,2067,37,37,True,True,False,67,21,10,15,14,18,1,11,159,2
en,chachi,4501,33,33,True,True,False,62,19,7,14,12,18,1,11,163,2
en,chakfem,159392,33,33,True,True,False,62,19,7,14,12,18,1,11,163,2
en,chakma,1253,33,33,True,True,False,62,19,7,14,12,18,1,11,163,2
en,chaldean,20592,53,53,True,True,True,116,35,9,23,18,23,1,11,143,2
en,chamacoco,140087,33,33,True,True,False,62,19,7,14,12,18,1,11,163,2
en,chamari,97720,33,33,True,True,False,62,19,7,14,12,18,1,11,163,2
en,chamba-daka,159038,33,33,True,True,False,62,19,7,14,12,18,1,11,163,2
en,chambeali,5652,33,33,True,True,False,62,19,7,14,12,18,1,11,163,2
en,cham-eastern,19372,33,33,True,True,False,62,19,7,14,12,18,1,11,163,2
en,chamling,50165,33,33,True,True,False,62,19,7,14,12,18,1,11,163,2
en,chamorro,5379,42,42,True,True,False,84,23,12,16,16,19,3,11,151,2
en,cham-western,2145,33,33,True,True,False,62,19,7,14,12,18,1,11,163,2
en,chara,140248,33,33,True,True,False,62,19,7,14,12,18,1,11,163,2
en,chasu-pare,24223,33,33,True,True,False,62,19,7,14,12,18,1,11,163,2
en,chatgaya-chittagonian-hindu,139131,54,54,True,True,True,129,36,9,23,18,23,1,11,142,2
en,chatgaya-chittagonian-muslim,21674,53,53,True,True,True,128,35,9,23,18,23,1,11,143,2
en,chatino-nopala,8282,33,33,True,True,False,62,19,7,14,12,18,1,11,163,2
en,chatino-zenzontepec,8281,33,33,True,True,False,62,19,7,14,12,18,1,11,163,2
en,chavacano,12791,33,33,True,True,False,62,19,7,14,12,18,1,11,163,2
en,chechen,7139,33,33,True,True,False,63,19,7,14,12,18,1,11,163,2
en,cheke-holo,144083,33,33,True,True,False,63,19,7,14,12,18,1,11,163,2
en,cherepon,25991,33,33,True,True,False,62,19,7,14,12,18,1,11,163,2
en,chhattisgarhi,6463,54,54,True,True,True,135,36,9,23,18,23,1,11,142,2
en,chibi-setentrional,139134,33,33,True,True,False,64,19,7,14,12,18,1,11,163,2
en,chichewa,20857,97,97,True,True,True,292,48,26,37,40,42,3,11,96,2
en,chikunda,163660,33,33,True,True,False,64,19,7,14,12,18,1,11,163,2
en,chilcotin,3099,33,33,True,True,False,62,19,7,14,12,18,1,11,163,2
en,chinanteco-quiotepec,8343,33,33,True,True,False,62,19,7,14,12,18,1,11,163,2
en,chinanteco-tepetotutla,7922,33,33,True,True,False,62,19,7,14,12,18,1,11,163,2
en,chinanteco-tlacoatzintepec,7926,33,33,True,True,False,62,19,7,14,12,18,1,11,163,2
en,chinantec-usila,97686,33,33,True,True,False,62,19,7,14,12,18,1,11,163,2
en,chin-asho,1181,33,33,True,True,False,62,19,7,14,12,18,1,11,163,2
en,chinese-guiliu,53352,33,33,True,True,False,62,19,7,14,12,18,1,11,163,2
en,chinese-hokkien-amoy,184515,54,54,True,True,True,118,36,9,24,19,23,1,11,142,2
en,chinese-qinghai,24096,33,33,True,True,False,64,19,7,14,12,18,1,11,163,2
en,chinese-sichuan,23062,33,33,True,True,False,62,19,7,14,12,18,1,11,163,2
en,chinese-simplified,21754,51,51,True,True,True,89,23,11,13,14,22,0,11,146,2
en,chinese-traditional,21753,31,31,True,True,False,48,5,5,10,11,17,0,11,166,2
en,chinese-yunnan-kunming,23061,34,34,True,True,False,76,20,7,14,12,18,1,11,162,2
en,chin-falam,1192,33,33,True,True,False,62,19,7,14,12,18,1,11,163,2
en,chingoni,20084,33,33,True,True,False,62,19,7,14,12,18,1,11,163,2
en,chin-khumi,1252,33,33,True,True,False,62,19,7,14,12,18,1,11,163,2
en,chin-mun,8746,33,33,True,True,False,62,19,7,14,12,18,1,11,163,2
en,chin-paite,5961,33,33,True,True,False,62,19,7,14,12,18,1,11,163,2
en,chitembo,47429,33,33,True,True,False,62,19,7,14,12,18,1,11,163,2
en,chitwan-tharu,167552,33,33,True,True,False,62,19,7,14,12,18,1,11,163,2
en,chodri,5648,33,33,True,True,False,62,19,7,14,12,18,1,11,163,2
en,chokwe-angola,23492,33,33,True,True,False,62,19,7,14,12,18,1,11,163,2
en,chokwe-congo,23491,33,33,True,True,False,62,19,7,14,12,18,1,11,163,2
en,chol-tumbala,8315,33,33,True,True,False,62,19,7,14,12,18,1,11,163,2
en,chonyi,7343,37,37,True,True,False,67,21,10,15,14,18,1,11,159,2
en,chopi,8420,33,33,True,True,False,62,19,7,14,12,18,1,11,163,2
en,chumburung,5232,33,33,True,True,False,62,19,7,14,12,18,1,11,163,2
en,churahi,5647,33,33,True,True,False,62,19,7,14,12,18,1,11,163,2
en,chuukese,139129,33,33,True,True,False,62,19,7,14,12,18,1,11,163,2
en,chuvash,18574,33,33,True,True,False,63,19,7,14,12,18,1,11,163,2
en,chwabo,8426,33,33,True,True,False,62,19,7,14,12,18,1,11,163,2
en,cia-cia,17626,33,33,True,True,False,62,19,7,14,12,18,1,11,163,2
en,cirebon,19766,33,33,True,True,False,62,19,7,14,12,18,1,11,163,2
en,cishingini,9316,33,33,True,True,False,62,19,7,14,12,18,1,11,163,2
en,clela,23874,33,33,True,True,False,62,19,7,14,12,18,1,11,163,2
en,cofan,184472,33,33,True,True,False,62,19,7,14,12,18,1,11,163,2
en,cogui,23924,33,33,True,True,False,62,19,7,14,12,18,1,11,163,2
en,col,141796,33,33,True,True,False,62,19,7,14,12,18,1,11,163,2
en,colombian-sign-language,4247,1,1,False,False,False,1,1,0,0,0,0,0,11,196,2
en,comorian-shingazidja,15903,33,33,True,True,False,62,19,7,14,12,18,1,11,163,2
en,cook-islands-maori,176906,33,33,True,True,False,64,19,7,14,12,18,1,11,163,2
en,cora,8323,33,33,True,True,False,62,19,7,14,12,18,1,11,163,2
en,costa-rican-sign-language,4394,1,1,False,False,False,1,1,0,0,0,0,0,11,196,2
en,cree-western,3087,33,33,True,True,False,62,19,7,14,12,18,1,11,163,2
en,crimean-tatar,22335,33,33,True,True,False,63,19,7,14,12,18,1,11,163,2
en,crioulo-upper-guinea,5059,55,55,True,True,True,99,33,18,18,21,21,3,11,138,2
en,croatian,1109,95,95,True,True,True,261,49,23,36,37,42,3,11,98,2
en,csango,108102,34,34,True,True,False,76,20,7,14,12,18,1,11,162,2
en,cubeo,1592,33,33,True,True,False,62,19,7,14,12,18,1,11,163,2
en,cuicateco-tepeuxila,8284,33,33,True,True,False,62,19,7,14,12,18,1,11,163,2
en,cun,3792,33,33,True,True,False,62,19,7,14,12,18,1,11,163,2
en,curripaco,141382,33,33,True,True,False,63,19,7,14,12,18,1,11,163,2
en,cuyonon,12773,33,33,True,True,False,64,19,7,14,12,18,1,11,163,2
en,czech,4432,111,111,True,True,True,304,61,28,40,44,45,3,11,82,2
en,daani,185232,33,33,True,True,False,62,19,7,14,12,18,1,11,163,2
en,daasanach,97941,33,33,True,True,False,64,19,7,14,12,18,1,11,163,2
en,daba,2865,33,33,True,True,False,62,19,7,14,12,18,1,11,163,2
en,dadeldhureli,53355,33,33,True,True,False,62,19,7,14,12,18,1,11,163,2
en,dadiya,10292,33,33,True,True,False,62,19,7,14,12,18,1,11,163,2
en,dagaari-northern,22197,0,0,False,False,False,0,0,0,0,0,0,0,11,197,2
en,dagaari-southern,5188,33,33,True,True,False,62,19,7,14,12,18,1,11,163,2
en,dagara,116416,33,33,True,True,False,62,19,7,14,12,18,1,11,163,2
en,dagbanli,184814,37,37,True,True,False,67,21,10,15,14,18,1,11,159,2
en,dan,5462,37,37,True,True,False,67,21,10,15,14,18,1,11,159,2
en,dangali-tharu,185063,33,33,True,True,False,62,19,7,14,12,18,1,11,163,2
en,dangi,22682,33,33,True,True,False,62,19,7,14,12,18,1,11,163,2
en,danish,4454,40,40,True,True,False,113,12,15,13,19,18,2,11,154,2
en,dani-western,16447,33,33,True,True,False,62,19,7,14,12,18,1,11,163,2
en,dano,139511,33,33,True,True,False,63,19,7,14,12,18,1,11,163,2
en,darchuleli,111588,33,33,True,True,False,62,19,7,14,12,18,1,11,163,2
en,dargin,20644,33,33,True,True,False,63,19,7,14,12,18,1,11,163,2
en,dari,53400,72,72,True,True,True,207,49,17,28,23,25,3,11,121,2
en,datooga,14081,33,33,True,True,False,62,19,7,14,12,18,1,11,163,2
en,daur,3786,33,33,True,True,False,62,19,7,14,12,18,1,11,163,2
en,davik-kui,185003,33,33,True,True,False,62,19,7,14,12,18,1,11,163,2
en,dawro,4633,33,33,True,True,False,62,19,7,14,12,18,1,11,163,2
en,dayak-ngaju,172218,33,33,True,True,False,62,19,7,14,12,18,1,11,163,2
en,daza,3299,33,33,True,True,False,62,19,7,14,12,18,1,11,163,2
en,deccani,22685,33,33,True,True,False,64,19,7,14,12,18,1,11,163,2
en,deg,144593,37,37,True,True,False,67,21,10,15,14,18,1,11,159,2
en,dei,140356,33,33,True,True,False,62,19,7,14,12,18,1,11,163,2
en,dendi-djougou,53326,33,33,True,True,False,62,19,7,14,12,18,1,11,163,2
en,dendi-malanville,1344,33,33,True,True,False,62,19,7,14,12,18,1,11,163,2
en,dene,97745,33,33,True,True,False,62,19,7,14,12,18,1,11,163,2
en,deori,140367,33,33,True,True,False,62,19,7,14,12,18,1,11,163,2
en,dera,19822,33,33,True,True,False,62,19,7,14,12,18,1,11,163,2
en,dersim-zazaki,22684,33,33,True,True,False,62,19,7,14,12,18,1,11,163,2
en,desia,20863,33,33,True,True,False,62,19,7,14,12,18,1,11,163,2
en,dhatki,10529,53,53,True,True,True,116,35,9,23,18,23,1,11,143,2
en,dhimal,140205,33,33,True,True,False,62,19,7,14,12,18,1,11,163,2
en,dhivehi,53287,61,61,True,True,True,121,33,20,22,20,27,3,11,132,2
en,dhodia,6548,34,34,True,True,False,63,19,7,14,13,19,1,11,162,2
en,dhopadhola,20521,33,33,True,True,False,62,19,7,14,12,18,1,11,163,2
en,dhundari,24343,53,53,True,True,True,121,35,9,23,18,23,1,11,143,2
en,dibali,184541,33,33,True,True,False,62,19,7,14,12,18,1,11,163,2
en,dida-yocoboue,16052,33,33,True,True,False,64,19,7,14,12,18,1,11,163,2
en,didinga,13644,33,33,True,True,False,62,19,7,14,12,18,1,11,163,2
en,digaro-mishmi,144716,33,33,True,True,False,62,19,7,14,12,18,1,11,163,2
en,digo,7176,33,33,True,True,False,62,19,7,14,12,18,1,11,163,2
en,dijim-cham,53395,33,33,True,True,False,62,19,7,14,12,18,1,11,163,2
en,dimasa,19652,33,33,True,True,False,62,19,7,14,12,18,1,11,163,2
en,dime,140225,33,33,True,True,False,62,19,7,14,12,18,1,11,163,2
en,dinka-agar-bor,139058,42,42,True,True,False,84,23,12,16,16,19,3,11,151,2
en,dinka-northeastern-padang,24267,42,42,True,True,False,84,23,12,16,16,19,3,11,151,2
en,dinka-rek,24273,33,33,True,True,False,62,19,7,14,12,18,1,11,163,2
en,dirasha,4694,33,33,True,True,False,62,19,7,14,12,18,1,11,163,2
en,ditammari,1318,33,33,True,True,False,62,19,7,14,12,18,1,11,163,2
en,djola-bayote,53409,33,33,True,True,False,62,19,7,14,12,18,1,11,163,2
en,dogon-jamsay,140535,33,33,True,True,False,62,19,7,14,12,18,1,11,163,2
en,dogon-mombo,140549,33,33,True,True,False,64,19,7,14,12,18,1,11,163,2
en,dogon-togo-kan,185246,33,33,True,True,False,62,19,7,14,12,18,1,11,163,2
en,dogon-tommo-so,140443,33,33,True,True,False,62,19,7,14,12,18,1,11,163,2
en,dogon-tomo-kan,26248,33,33,True,True,False,62,19,7,14,12,18,1,11,163,2
en,dogon-toro-so,27145,53,53,True,True,True,118,35,9,23,18,23,1,11,143,2
en,dogose,139072,33,33,True,True,False,62,19,7,14,12,18,1,11,163,2
en,dogri,20651,33,33,True,True,False,62,19,7,14,12,18,1,11,163,2
en,dolpo,140409,33,33,True,True,False,63,19,7,14,12,18,1,11,163,2
en,dom,175683,33,33,True,True,False,62,19,7,14,12,18,1,11,163,2
en,dongissa,164768,33,33,True,True,False,62,19,7,14,12,18,1,11,163,2
en,dong-northern,3787,33,33,True,True,False,63,19,7,14,12,18,1,11,163,2
en,dongnu,3717,33,33,True,True,False,62,19,7,14,12,18,1,11,163,2
en,dongo,140398,33,33,True,True,False,62,19,7,14,12,18,1,11,163,2
en,dong-southern,3803,37,37,True,True,False,72,22,9,15,13,19,1,11,159,2
en,dongxiang,3933,33,33,True,True,False,63,19,7,14,12,18,1,11,163,2
en,doondo,98033,33,33,True,True,False,62,19,7,14,12,18,1,11,163,2
en,doromu-koki,141569,33,33,True,True,False,62,19,7,14,12,18,1,11,163,2
en,doti-doteli,185061,33,33,True,True,False,62,19,7,14,12,18,1,11,163,2
en,duala,2854,33,33,True,True,False,62,19,7,14,12,18,1,11,163,2
en,dubli,23342,33,33,True,True,False,62,19,7,14,12,18,1,11,163,2
en,dulangan-manobo,173673,33,33,True,True,False,62,19,7,14,12,18,1,11,163,2
en,duna,140449,33,33,True,True,False,63,19,7,14,12,18,1,11,163,2
en,dungan,17820,33,33,True,True,False,62,19,7,14,12,18,1,11,163,2
en,dungra-bhil,23258,33,33,True,True,False,62,19,7,14,12,18,1,11,163,2
en,duri,17601,33,33,True,True,False,62,19,7,14,12,18,1,11,163,2
en,duruma,7166,33,33,True,True,False,62,19,7,14,12,18,1,11,163,2
en,duruwa,5967,33,33,True,True,False,62,19,7,14,12,18,1,11,163,2
en,dusun,20654,34,34,True,True,False,76,20,7,14,12,18,1,11,162,2
en,dutch,1269,106,106,True,True,True,304,53,26,42,43,43,3,11,87,2
en,duya,141739,33,33,True,True,False,62,19,7,14,12,18,1,11,163,2
en,dzongkha,1375,42,42,True,True,False,87,23,12,16,16,19,3,11,151,2
en,eastern-garame,179189,33,33,True,True,False,62,19,7,14,12,18,1,11,163,2
en,eastern-poqomchi,153550,54,54,True,True,True,130,36,9,23,18,23,1,11,142,2
en,ebira,9789,33,33,True,True,False,62,19,7,14,12,18,1,11,163,2
en,ebrie,16074,33,33,True,True,False,62,19,7,14,12,18,1,11,163,2
en,eda,180999,33,33,True,True,False,62,19,7,14,12,18,1,11,163,2
en,ede-cabe,140033,57,57,True,True,True,121,37,12,24,20,23,1,11,139,2
en,ede-ica,26816,33,33,True,True,False,62,19,7,14,12,18,1,11,163,2
en,edo,10255,33,33,True,True,False,62,19,7,14,12,18,1,11,163,2
en,efik,2728,33,33,True,True,False,62,19,7,14,12,18,1,11,163,2
en,eggon,10252,33,33,True,True,False,62,19,7,14,12,18,1,11,163,2
en,ehugbo,139157,33,33,True,True,False,62,19,7,14,12,18,1,11,163,2
en,ejagham-western,21205,33,33,True,True,False,62,19,7,14,12,18,1,11,163,2
en,ekajuk,10248,33,33,True,True,False,62,19,7,14,12,18,1,11,163,2
en,ekpari,10241,33,33,True,True,False,64,19,7,14,12,18,1,11,163,2
en,ellomwe,184513,33,33,True,True,False,62,19,7,14,12,18,1,11,163,2
en,embera-catio,4246,33,33,True,True,False,62,19,7,14,12,18,1,11,163,2
en,embera-northern,98137,54,54,True,True,True,130,36,9,23,18,23,1,11,142,2
en,embu,7164,33,33,True,True,False,62,19,7,14,12,18,1,11,163,2
en,ende,19669,33,33,True,True,False,62,19,7,14,12,18,1,11,163,2
en,enga,12200,33,33,True,True,False,62,19,7,14,12,18,1,11,163,2
en,enggano,140421,33,33,True,True,False,63,19,7,14,12,18,1,11,163,2
en,english,529,191,191,True,True,True,1013,94,45,65,68,81,4,11,0,2
en,english-african,185221,12,12,True,False,False,14,9,2,6,6,3,0,11,185,2
en,english-british,185021,12,12,True,False,False,14,9,2,6,6,3,0,11,185,2
en,english-north-american-indigenous,23156,33,33,True,True,False,62,19,7,14,12,18,1,11,163,2
en,enlhet-2,141755,33,33,True,True,False,62,19,7,14,12,18,1,11,163,2
en,enrekang,154090,33,33,True,True,False,62,19,7,14,12,18,1,11,163,2
en,enuani,148878,33,33,True,True,False,62,19,7,14,12,18,1,11,163,2
en,enwan,140424,33,33,True,True,False,62,19,7,14,12,18,1,11,163,2
en,enxet,181477,33,33,True,True,False,62,19,7,14,12,18,1,11,163,2
en,erei,108591,33,33,True,True,False,62,19,7,14,12,18,1,11,163,2
en,erzya,18483,33,33,True,True,False,62,19,7,14,12,18,1,11,163,2
en,ese,144299,33,33,True,True,False,63,19,7,14,12,18,1,11,163,2
en,ese-ejja,140434,33,33,True,True,False,63,19,7,14,12,18,1,11,163,2
en,eshira-2,143382,33,33,True,True,False,62,19,7,14,12,18,1,11,163,2
en,estonian,4601,63,63,True,True,True,155,40,14,25,22,24,3,11,129,2
en,etsako-iyekhe,10124,33,33,True,True,False,62,19,7,14,12,18,1,11,163,2
en,etulo,142293,33,33,True,True,False,62,19,7,14,12,18,1,11,163,2
en,ewage-notu,144182,33,33,True,True,False,62,19,7,14,12,18,1,11,163,2
en,ewe,5331,57,57,True,True,True,121,37,12,24,20,23,1,11,139,2
en,ewondo,2713,37,37,True,True,False,67,21,10,15,14,18,1,11,159,2
en,ezaa,9692,33,33,True,True,False,62,19,7,14,12,18,1,11,163,2
en,fa-dambu,27147,33,33,True,True,False,62,19,7,14,12,18,1,11,163,2
en,fakai,10157,33,33,True,True,False,62,19,7,14,12,18,1,11,163,2
en,fali-north,184844,33,33,True,True,False,64,19,7,14,12,18,1,11,163,2
en,fali-south,184843,33,33,True,True,False,64,19,7,14,12,18,1,11,163,2
en,fanakalo,20662,33,33,True,True,False,62,19,7,14,12,18,1,11,163,2
en,fanamaket,139741,33,33,True,True,False,62,19,7,14,12,18,1,11,163,2
en,fang-equatorial-guinea,24018,33,33,True,True,False,62,19,7,14,12,18,1,11,163,2
en,fang-gabon,24019,33,33,True,True,False,62,19,7,14,12,18,1,11,163,2
en,fante,5288,33,33,True,True,False,62,19,7,14,12,18,1,11,163,2
en,faroese,4455,34,34,True,True,False,76,20,7,14,12,18,1,11,162,2
en,farsi-western,6788,140,140,True,True,True,430,78,35,47,51,56,3,11,53,2
en,fataleka,140614,33,33,True,True,False,63,19,7,14,12,18,1,11,163,2
en,fernando-po-creole-english,26270,33,33,True,True,False,62,19,7,14,12,18,1,11,163,2
en,fijian,20665,43,43,True,True,False,98,24,12,16,16,19,3,11,150,2
en,fiji-hindi,53300,34,34,True,True,False,78,20,7,14,12,18,1,11,162,2
en,finallig,160575,33,33,True,True,False,62,19,7,14,12,18,1,11,163,2
en,finnish,4820,56,56,True,True,True,130,21,16,22,27,21,2,11,138,2
en,flemish,21578,54,54,True,True,True,131,36,9,23,18,23,1,11,142,2
en,folopa,144064,33,33,True,True,False,63,19,7,14,12,18,1,11,163,2
en,fon-gbe,1304,66,66,True,True,True,143,41,17,26,24,24,3,11,127,2
en,foochow,23033,33,33,True,True,False,62,19,7,14,12,18,1,11,163,2
en,fordata,16956,33,33,True,True,False,62,19,7,14,12,18,1,11,163,2
en,fore,140640,33,33,True,True,False,62,19,7,14,12,18,1,11,163,2
en,french,496,163,163,True,True,True,701,86,39,57,58,65,3,11,29,2
en,french-african,53424,28,28,True,False,False,35,22,10,10,9,5,0,11,169,2
en,fulacunda,5050,33,33,True,True,False,62,19,7,14,12,18,1,11,163,2
en,fulfulde-adamawa,24014,57,57,True,True,True,121,37,12,24,20,23,1,11,139,2
en,fulfulde-bagirmi,3667,33,33,True,True,False,62,19,7,14,12,18,1,11,163,2
en,fulfulde-benin-togo,1299,33,33,True,True,False,62,19,7,14,12,18,1,11,163,2
en,fulfulde-caka-nigeria,24038,54,54,True,True,True,130,36,9,23,18,23,1,11,142,2
en,fulfulde-jelgoore,2116,33,33,True,True,False,62,19,7,14,12,18,1,11,163,2
en,fulfulde-maasina,5183,42,42,True,True,False,84,23,12,16,16,19,3,11,151,2
en,fulfulde-pulaar,5048,55,55,True,True,True,158,37,9,23,18,24,1,11,141,2
en,fulfulde-western-niger,23920,33,33,True,True,False,64,19,7,14,12,18,1,11,163,2
en,fur,53418,65,65,True,True,True,185,43,14,27,23,24,1,11,131,2
en,furu,140551,33,33,True,True,False,64,19,7,14,12,18,1,11,163,2
en,fuuta-jalon,5459,37,37,True,True,False,70,22,9,15,13,19,1,11,159,2
en,fwe,140555,33,33,True,True,False,64,19,7,14,12,18,1,11,163,2
en,ga,27152,33,33,True,True,False,62,19,7,14,12,18,1,11,163,2
en,gaanda,98407,33,33,True,True,False,62,19,7,14,12,18,1,11,163,2
en,gadaba-mudhili,140569,33,33,True,True,False,62,19,7,14,12,18,1,11,163,2
en,gaddang,140558,33,33,True,True,False,64,19,7,14,12,18,1,11,163,2
en,gaddi,6535,33,33,True,True,False,62,19,7,14,12,18,1,11,163,2
en,gadsup,19685,33,33,True,True,False,63,19,7,14,12,18,1,11,163,2
en,gaelic-irish,6884,34,34,True,True,False,76,20,7,14,12,18,1,11,162,2
en,gaelic-scots,14818,33,33,True,True,False,62,19,7,14,12,18,1,11,163,2
en,gagauz,1935,34,34,True,True,False,77,20,7,14,12,18,1,11,162,2
en,gagu,98306,33,33,True,True,False,64,19,7,14,12,18,1,11,163,2
en,gaita-koitor,184451,33,33,True,True,False,62,19,7,14,12,18,1,11,163,2
en,galela,16954,33,33,True,True,False,62,19,7,14,12,18,1,11,163,2
en,galician,19705,43,43,True,True,False,98,24,12,16,16,19,3,11,150,2
en,galo,24409,33,33,True,True,False,62,19,7,14,12,18,1,11,163,2
en,gamai,10365,33,33,True,True,False,62,19,7,14,12,18,1,11,163,2
en,gamit,6533,33,33,True,True,False,62,19,7,14,12,18,1,11,163,2
en,gamo,4635,53,53,True,True,True,116,35,9,23,18,23,1,11,143,2
en,gangam,117883,33,33,True,True,False,62,19,7,14,12,18,1,11,163,2
en,gao,140672,33,33,True,True,False,63,19,7,14,12,18,1,11,163,2
en,garasia-adiwasi,24340,33,33,True,True,False,62,19,7,14,12,18,1,11,163,2
en,garasia-rajput,24341,33,33,True,True,False,62,19,7,14,12,18,1,11,163,2
en,garhwali,6532,34,34,True,True,False,76,20,7,14,12,18,1,11,162,2
en,garifuna,1277,33,33,True,True,False,64,19,7,14,12,18,1,11,163,2
en,garo,1204,33,33,True,True,False,62,19,7,14,12,18,1,11,163,2
en,gata,140566,33,33,True,True,False,62,19,7,14,12,18,1,11,163,2
en,gaviao-do-jiparana,1569,33,33,True,True,False,62,19,7,14,12,18,1,11,163,2
en,gavva,184801,33,33,True,True,False,64,19,7,14,12,18,1,11,163,2
en,gawri,98458,33,33,True,True,False,62,19,7,14,12,18,1,11,163,2
en,gayil,98476,33,33,True,True,False,62,19,7,14,12,18,1,11,163,2
en,gayo,17807,33,33,True,True,False,62,19,7,14,12,18,1,11,163,2
en,gbagyi,10085,37,37,True,True,False,67,21,10,15,14,18,1,11,159,2
en,gbanu,19689,33,33,True,True,False,62,19,7,14,12,18,1,11,163,2
en,gbari,10076,33,33,True,True,False,62,19,7,14,12,18,1,11,163,2
en,gbaya-kresh-south-sudan,99152,53,53,True,True,True,116,35,9,23,18,23,1,11,143,2
en,gbaya-northwest,2745,33,33,True,True,False,62,19,7,14,12,18,1,11,163,2
en,gbaya-southwest,2518,33,33,True,True,False,62,19,7,14,12,18,1,11,163,2
en,gbe-saxwe,100227,33,33,True,True,False,62,19,7,14,12,18,1,11,163,2
en,gbe-tofin,142348,33,33,True,True,False,62,19,7,14,12,18,1,11,163,2
en,gbe-weme,142827,33,33,True,True,False,62,19,7,14,12,18,1,11,163,2
en,gbeya,22651,37,37,True,True,False,67,21,10,15,14,18,1,11,159,2
en,gbii,7658,33,33,True,True,False,64,19,7,14,12,18,1,11,163,2
en,ge,22819,33,33,True,True,False,62,19,7,14,12,18,1,11,163,2
en,gedeo,4704,33,33,True,True,False,62,19,7,14,12,18,1,11,163,2
en,gela,143904,33,33,True,True,False,63,19,7,14,12,18,1,11,163,2
en,gen-gbe,1342,33,33,True,True,False,62,19,7,14,12,18,1,11,163,2
en,georgian,5112,71,71,True,True,True,171,45,17,28,25,27,3,11,122,2
en,gepo,142505,33,33,True,True,False,63,19,7,14,12,18,1,11,163,2
en,german-pennsylvania,2993,33,33,True,True,False,62,19,7,14,12,18,1,11,163,2
en,german-standard,1106,148,148,True,True,True,435,83,35,50,54,58,3,11,44,2
en,ghari,140790,33,33,True,True,False,62,19,7,14,12,18,1,11,163,2
en,ghomala,2908,33,33,True,True,False,62,19,7,14,12,18,1,11,163,2
en,ghotuo,139226,33,33,True,True,False,62,19,7,14,12,18,1,11,163,2
en,giangan,12840,33,33,True,True,False,62,19,7,14,12,18,1,11,163,2
en,gibaio,149219,33,33,True,True,False,62,19,7,14,12,18,1,11,163,2
en,gichuka,140297,53,53,True,True,True,115,35,9,23,18,23,1,11,143,2
en,gikyode,5166,33,33,True,True,False,62,19,7,14,12,18,1,11,163,2
en,gilaki,6707,32,32,True,True,False,61,18,7,14,12,17,1,11,164,2
en,gilaki-rashti,185210,54,54,True,True,True,131,36,9,23,18,23,1,11,142,2
en,giryama,20117,33,33,True,True,False,62,19,7,14,12,18,1,11,163,2
en,gisir,185234,33,33,True,True,False,62,19,7,14,12,18,1,11,163,2
en,gitonga,20983,33,33,True,True,False,62,19,7,14,12,18,1,11,163,2
en,giziga-south,2754,33,33,True,True,False,62,19,7,14,12,18,1,11,163,2
en,glavda,140740,33,33,True,True,False,64,19,7,14,12,18,1,11,163,2
en,goan-konkani,184479,54,54,True,True,True,132,36,9,23,18,23,1,11,142,2
en,godie,184596,33,33,True,True,False,62,19,7,14,12,18,1,11,163,2
en,gofa,4634,33,33,True,True,False,62,19,7,14,12,18,1,11,163,2
en,gogo,14206,33,33,True,True,False,62,19,7,14,12,18,1,11,163,2
en,goji,121129,33,33,True,True,False,62,19,7,14,12,18,1,11,163,2
en,gojri,43229,33,33,True,True,False,62,19,7,14,12,18,1,11,163,2
en,gokana,10143,33,33,True,True,False,62,19,7,14,12,18,1,11,163,2
en,gola,7617,37,37,True,True,False,67,21,10,15,14,18,1,11,159,2
en,golin,19725,33,33,True,True,False,62,19,7,14,12,18,1,11,163,2
en,gondi-aheri,147829,33,33,True,True,False,62,19,7,14,12,18,1,11,163,2
en,gondi-northern,6511,33,33,True,True,False,63,19,7,14,12,18,1,11,163,2
en,gonja,5187,37,37,True,True,False,67,21,10,15,14,18,1,11,159,2
en,gorontalo,19716,33,33,True,True,False,62,19,7,14,12,18,1,11,163,2
en,gourmanchema,1296,33,33,True,True,False,62,19,7,14,12,18,1,11,163,2
en,gowlan,140770,33,33,True,True,False,63,19,7,14,12,18,1,11,163,2
en,gowli,140771,33,33,True,True,False,62,19,7,14,12,18,1,11,163,2
en,grebo-northern,23926,37,37,True,True,False,67,21,10,15,14,18,1,11,159,2
en,greek,483,74,74,True,True,True,168,40,17,28,28,27,3,11,118,2
en,guahibo,19720,33,33,True,True,False,63,19,7,14,12,18,1,11,163,2
en,guajajara,1582,33,33,True,True,False,62,19,7,14,12,18,1,11,163,2
en,guambiano,4230,33,33,True,True,False,63,19,7,14,12,18,1,11,163,2
en,guarani-bolivian-eastern,20631,33,33,True,True,False,62,19,7,14,12,18,1,11,163,2
en,guarani-mbya,623,33,33,True,True,False,62,19,7,14,12,18,1,11,163,2
en,guarani-paraguayan,12327,43,43,True,True,False,98,24,12,16,16,19,3,11,150,2
en,guarani-western-bolivian,184828,33,33,True,True,False,63,19,7,14,12,18,1,11,163,2
en,guaymi,10597,33,33,True,True,False,62,19,7,14,12,18,1,11,163,2
en,guere-central,16048,33,33,True,True,False,62,19,7,14,12,18,1,11,163,2
en,guina-ang-kalinga,149408,33,33,True,True,False,62,19,7,14,12,18,1,11,163,2
en,gujarati,6600,110,110,True,True,True,297,60,25,43,44,45,1,11,86,2
en,guji,4699,33,33,True,True,False,62,19,7,14,12,18,1,11,163,2
en,gun-gbe,1297,33,33,True,True,False,62,19,7,14,12,18,1,11,163,2
en,gungu,14710,33,33,True,True,False,62,19,7,14,12,18,1,11,163,2
en,gurage-sodo,4684,33,33,True,True,False,62,19,7,14,12,18,1,11,163,2
en,gurage-west,4676,53,53,True,True,True,116,35,9,23,18,23,1,11,143,2
en,gurenne,2062,37,37,True,True,False,67,21,10,15,14,18,1,11,159,2
en,gurgula,140675,53,53,True,True,True,115,35,9,23,18,23,1,11,143,2
en,guro,16064,57,57,True,True,True,121,37,12,24,20,23,1,11,139,2
en,gurung,6485,33,33,True,True,False,62,19,7,14,12,18,1,11,163,2
en,gusii,7326,33,33,True,True,False,62,19,7,14,12,18,1,11,163,2
en,gutob-gadaba,184548,33,33,True,True,False,62,19,7,14,12,18,1,11,163,2
en,guyanese-creole,20693,33,33,True,True,False,62,19,7,14,12,18,1,11,163,2
en,gwere,14692,33,33,True,True,False,62,19,7,14,12,18,1,11,163,2
en,gyaazi,139090,33,33,True,True,False,62,19,7,14,12,18,1,11,163,2
en,hadiyya,4667,33,33,True,True,False,62,19,7,14,12,18,1,11,163,2
en,hadothi,20696,33,33,True,True,False,64,19,7,14,12,18,1,11,163,2
en,hadza,140867,33,33,True,True,False,62,19,7,14,12,18,1,11,163,2
en,hainanese,13192,42,42,True,True,False,86,23,12,16,16,19,3,11,151,2
en,haitian-creole,4473,56,56,True,True,True,134,37,9,23,19,25,1,11,140,2
en,hajong,1193,33,33,True,True,False,62,19,7,14,12,18,1,11,163,2
en,hakhun,139179,33,33,True,True,False,62,19,7,14,12,18,1,11,163,2
en,hakka,20611,33,33,True,True,False,62,19,7,14,12,18,1,11,163,2
en,halang,140932,33,33,True,True,False,62,19,7,14,12,18,1,11,163,2
en,halbi,19739,33,33,True,True,False,62,19,7,14,12,18,1,11,163,2
en,halia,12065,33,33,True,True,False,62,19,7,14,12,18,1,11,163,2
en,hamer-banna,4792,33,33,True,True,False,62,19,7,14,12,18,1,11,163,2
en,hamgyongdo,7350,33,33,True,True,False,62,19,7,14,12,18,1,11,163,2
en,hanga,5319,33,33,True,True,False,62,19,7,14,12,18,1,11,163,2
en,hani-haya,184506,33,33,True,True,False,62,19,7,14,12,18,1,11,163,2
en,haniq-beeqhongq,3976,33,33,True,True,False,62,19,7,14,12,18,1,11,163,2
en,hano,141734,33,33,True,True,False,63,19,7,14,12,18,1,11,163,2
en,hanunoo,140994,33,33,True,True,False,62,19,7,14,12,18,1,11,163,2
en,harari,140937,33,33,True,True,False,62,19,7,14,12,18,1,11,163,2
en,haryanvi,5709,37,37,True,True,False,70,22,9,15,13,19,1,11,159,2
en,hatam,140927,33,33,True,True,False,62,19,7,14,12,18,1,11,163,2
en,hausa,1341,101,101,True,True,True,294,52,26,38,41,43,3,11,92,2
en,havu,15559,33,33,True,True,False,62,19,7,14,12,18,1,11,163,2
en,hawaiian-nihau,184517,33,33,True,True,False,63,19,7,14,12,18,1,11,163,2
en,hawaii-pidgin,140893,33,33,True,True,False,63,19,7,14,12,18,1,11,163,2
en,haya,14201,33,33,True,True,False,62,19,7,14,12,18,1,11,163,2
en,hazaragi,450,33,33,True,True,False,62,19,7,14,12,18,1,11,163,2
en,hdi,143340,33,33,True,True,False,62,19,7,14,12,18,1,11,163,2
en,hebrew,6930,82,82,True,True,True,235,36,23,31,35,39,3,11,111,2
en,hehe,14192,33,33,True,True,False,62,19,7,14,12,18,1,11,163,2
en,heiban,140943,33,33,True,True,False,62,19,7,14,12,18,1,11,163,2
en,heiyi-zhuang-minz,185329,33,33,True,True,False,63,19,7,14,12,18,1,11,163,2
en,hema,15256,33,33,True,True,False,62,19,7,14,12,18,1,11,163,2
en,hemba,15557,33,33,True,True,False,62,19,7,14,12,18,1,11,163,2
en,herero,1454,33,33,True,True,False,62,19,7,14,12,18,1,11,163,2
en,higgi,22645,33,33,True,True,False,62,19,7,14,12,18,1,11,163,2
en,hiligaynon,19738,33,33,True,True,False,62,19,7,14,12,18,1,11,163,2
en,hindi,6464,142,142,True,True,True,428,78,34,48,54,57,3,11,51,2
en,hindi-caribbean,5511,34,34,True,True,False,63,20,8,14,12,18,1,11,162,2
en,hindko-northern,10450,33,33,True,True,False,62,19,7,14,12,18,1,11,163,2
en,hindko-southern,10455,33,33,True,True,False,62,19,7,14,12,18,1,11,163,2
en,hiri-motu,21120,33,33,True,True,False,62,19,7,14,12,18,1,11,163,2
en,hixkaryana,1566,33,33,True,True,False,62,19,7,14,12,18,1,11,163,2
en,hlai-has,184504,33,33,True,True,False,62,19,7,14,12,18,1,11,163,2
en,hmar,6465,33,33,True,True,False,62,19,7,14,12,18,1,11,163,2
en,hmong-daw,4012,35,35,True,True,False,64,20,7,15,13,19,1,11,161,2
en,hmong-shuad,22826,33,33,True,True,False,62,19,7,14,12,18,1,11,163,2
en,ho,1189,37,37,True,True,False,70,22,9,15,13,19,1,11,159,2
en,hona,119277,33,33,True,True,False,62,19,7,14,12,18,1,11,163,2
en,horned-miao,23017,33,33,True,True,False,63,19,7,14,12,18,1,11,163,2
en,hote,12057,33,33,True,True,False,62,19,7,14,12,18,1,11,163,2
en,hrangkhol,140853,33,33,True,True,False,62,19,7,14,12,18,1,11,163,2
en,hre,19747,33,33,True,True,False,62,19,7,14,12,18,1,11,163,2
en,huasteco-san-luis-potosi,8265,33,33,True,True,False,62,19,7,14,12,18,1,11,163,2
en,huasteco-veracruz,8272,33,33,True,True,False,62,19,7,14,12,18,1,11,163,2
en,huave-san-mateo-del-mar,8266,33,33,True,True,False,62,19,7,14,12,18,1,11,163,2
en,huba,9597,33,33,True,True,False,62,19,7,14,12,18,1,11,163,2
en,hui,21211,33,33,True,True,False,62,19,7,14,12,18,1,11,163,2
en,huichol,8277,33,33,True,True,False,62,19,7,14,12,18,1,11,163,2
en,huitoto-murui,140882,33,33,True,True,False,63,19,7,14,12,18,1,11,163,2
en,huli,12053,33,33,True,True,False,62,19,7,14,12,18,1,11,163,2
en,hunde,15551,33,33,True,True,False,62,19,7,14,12,18,1,11,163,2
en,hungana,15548,37,37,True,True,False,67,21,10,15,14,18,1,11,159,2
en,hungarian,1107,95,95,True,True,True,257,48,24,36,38,42,3,11,98,2
en,hunsrik,98682,33,33,True,True,False,62,19,7,14,12,18,1,11,163,2
en,hyam,98630,33,33,True,True,False,62,19,7,14,12,18,1,11,163,2
en,ibaas-icen,184842,33,33,True,True,False,64,19,7,14,12,18,1,11,163,2
en,ibaloi,12747,33,33,True,True,False,62,19,7,14,12,18,1,11,163,2
en,iban,1924,34,34,True,True,False,76,20,7,14,12,18,1,11,162,2
en,ibanag,12750,33,33,True,True,False,62,19,7,14,12,18,1,11,163,2
en,ibibio,9811,33,33,True,True,False,62,19,7,14,12,18,1,11,163,2
en,icelandic,5563,48,48,True,True,True,91,33,12,20,19,11,2,11,146,2
en,ichen,177626,33,33,True,True,False,62,19,7,14,12,18,1,11,163,2
en,icheve,145530,33,33,True,True,False,62,19,7,14,12,18,1,11,163,2
en,idaasha,184549,33,33,True,True,False,62,19,7,14,12,18,1,11,163,2
en,idioma-wanca,184547,53,53,True,True,True,115,35,9,23,18,23,1,11,143,2
en,idoma,9793,33,33,True,True,False,62,19,7,14,12,18,1,11,163,2
en,ife,1338,33,33,True,True,False,62,19,7,14,12,18,1,11,163,2
en,ifugao-amganad,12743,33,33,True,True,False,62,19,7,14,12,18,1,11,163,2
en,ifugao-mayoyao,141009,33,33,True,True,False,64,19,7,14,12,18,1,11,163,2
en,igala,9779,33,33,True,True,False,62,19,7,14,12,18,1,11,163,2
en,igbo,9774,76,76,True,True,True,196,31,24,28,34,36,3,11,117,2
en,igede,9784,33,33,True,True,False,62,19,7,14,12,18,1,11,163,2
en,igiha,19733,33,33,True,True,False,62,19,7,14,12,18,1,11,163,2
en,ika,9728,37,37,True,True,False,69,21,10,15,14,18,1,11,159,2
en,ikhin,185251,33,33,True,True,False,62,19,7,14,12,18,1,11,163,2
en,ikizu,14188,33,33,True,True,False,62,19,7,14,12,18,1,11,163,2
en,ikoma,154395,33,33,True,True,False,64,19,7,14,12,18,1,11,163,2
en,ikota,141371,33,33,True,True,False,62,19,7,14,12,18,1,11,163,2
en,ikpeshi,141025,33,33,True,True,False,62,19,7,14,12,18,1,11,163,2
en,ikwo,9691,33,33,True,True,False,62,19,7,14,12,18,1,11,163,2
en,ila,19759,33,33,True,True,False,64,19,7,14,12,18,1,11,163,2
en,ilchamus,184500,54,54,True,True,True,132,36,9,23,18,23,1,11,142,2
en,ile-ape,141031,33,33,True,True,False,62,19,7,14,12,18,1,11,163,2
en,ilocano,12723,43,43,True,True,False,98,24,12,16,16,19,3,11,150,2
en,imbongu,12040,33,33,True,True,False,63,19,7,14,12,18,1,11,163,2
en,indonesian-isa,184566,63,63,True,True,True,209,44,12,27,19,25,1,11,133,2
en,indonesian-yesus,16639,114,114,True,True,True,332,60,29,37,44,50,3,11,79,2
en,ingush,18555,33,33,True,True,False,62,19,7,14,12,18,1,11,163,2
en,inner-mongolian,22293,34,34,True,True,False,65,20,8,14,12,18,1,11,162,2
en,innu,127397,33,33,True,True,False,62,19,7,14,12,18,1,11,163,2
en,inonhan,12657,33,33,True,True,False,64,19,7,14,12,18,1,11,163,2
en,inor,26184,33,33,True,True,False,62,19,7,14,12,18,1,11,163,2
en,inuktitut-eastern-canadian,3076,33,33,True,True,False,62,19,7,14,12,18,1,11,163,2
en,ipili,98663,33,33,True,True,False,62,19,7,14,12,18,1,11,163,2
en,ipunu,4310,33,33,True,True,False,62,19,7,14,12,18,1,11,163,2
en,iranun,98588,33,33,True,True,False,62,19,7,14,12,18,1,11,163,2
en,iranun-eastern,185198,33,33,True,True,False,62,19,7,14,12,18,1,11,163,2
en,iranun-western,185197,33,33,True,True,False,62,19,7,14,12,18,1,11,163,2
en,iraqw,14187,33,33,True,True,False,62,19,7,14,12,18,1,11,163,2
en,iraya,141085,33,33,True,True,False,62,19,7,14,12,18,1,11,163,2
en,irula,6440,33,33,True,True,False,63,19,7,14,12,18,1,11,163,2
en,isan,20967,33,33,True,True,False,64,19,7,14,12,18,1,11,163,2
en,isangu,142887,33,33,True,True,False,62,19,7,14,12,18,1,11,163,2
en,ishinyiha,37411,33,33,True,True,False,62,19,7,14,12,18,1,11,163,2
en,isnag,12714,33,33,True,True,False,62,19,7,14,12,18,1,11,163,2
en,isoko,9699,33,33,True,True,False,62,19,7,14,12,18,1,11,163,2
en,italian,4415,134,134,True,True,True,447,70,32,46,55,54,3,11,58,2
en,itawis,20717,33,33,True,True,False,62,19,7,14,12,18,1,11,163,2
en,iten,184485,33,33,True,True,False,64,19,7,14,12,18,1,11,163,2
en,itsekiri,21740,33,33,True,True,False,62,19,7,14,12,18,1,11,163,2
en,ivatan,141113,33,33,True,True,False,62,19,7,14,12,18,1,11,163,2
en,ixil-nebaj,5420,33,33,True,True,False,62,19,7,14,12,18,1,11,163,2
en,iyaa,98626,33,33,True,True,False,62,19,7,14,12,18,1,11,163,2
en,iyansi,24095,33,33,True,True,False,62,19,7,14,12,18,1,11,163,2
en,izere,10106,33,33,True,True,False,62,19,7,14,12,18,1,11,163,2
en,izii,9694,33,33,True,True,False,62,19,7,14,12,18,1,11,163,2
en,jacalteco-western,5415,33,33,True,True,False,62,19,7,14,12,18,1,11,163,2
en,jadgali,10559,33,33,True,True,False,62,19,7,14,12,18,1,11,163,2
en,jakun,141128,33,33,True,True,False,62,19,7,14,12,18,1,11,163,2
en,jamaican-patwa,184701,54,54,True,True,True,132,36,9,23,18,23,1,11,142,2
en,jama-mapun,24218,33,33,True,True,False,62,19,7,14,12,18,1,11,163,2
en,jaminawa,142312,33,33,True,True,False,62,19,7,14,12,18,1,11,163,2
en,japanese,7083,129,129,True,True,True,380,71,30,44,49,56,3,11,64,2
en,japanese-sign-language,7090,1,1,False,False,False,1,1,0,0,0,0,0,11,196,2
en,jar,119071,33,33,True,True,False,62,19,7,14,12,18,1,11,163,2
en,jaruara,1552,33,33,True,True,False,62,19,7,14,12,18,1,11,163,2
en,jaunsari,6428,33,33,True,True,False,62,19,7,14,12,18,1,11,163,2
en,javanese,13195,44,44,True,True,True,89,24,12,16,17,20,3,11,149,2
en,javanese-banten,19767,33,33,True,True,False,62,19,7,14,12,18,1,11,163,2
en,javanese-banyumasan,184911,33,33,True,True,False,62,19,7,14,12,18,1,11,163,2
en,javanese-caribbean,4940,33,33,True,True,False,62,19,7,14,12,18,1,11,163,2
en,jeh,141153,33,33,True,True,False,64,19,7,14,12,18,1,11,163,2
en,jenjo,32807,33,33,True,True,False,62,19,7,14,12,18,1,11,163,2
en,jere,141158,33,33,True,True,False,62,19,7,14,12,18,1,11,163,2
en,jiamao,141173,33,33,True,True,False,62,19,7,14,12,18,1,11,163,2
en,jibu,9669,33,33,True,True,False,62,19,7,14,12,18,1,11,163,2
en,jingpho,4088,33,33,True,True,False,62,19,7,14,12,18,1,11,163,2
en,jita,14182,33,33,True,True,False,62,19,7,14,12,18,1,11,163,2
en,jju,9639,33,33,True,True,False,62,19,7,14,12,18,1,11,163,2
en,jola-felupe,53394,33,33,True,True,False,62,19,7,14,12,18,1,11,163,2
en,jola-fogny,5069,33,33,True,True,False,62,19,7,14,12,18,1,11,163,2
en,jola-kasa,13070,33,33,True,True,False,62,19,7,14,12,18,1,11,163,2
en,jorai,22499,33,33,True,True,False,62,19,7,14,12,18,1,11,163,2
en,jordanian-sign-language,7138,1,1,False,False,False,1,1,0,0,0,0,0,11,196,2
en,juang,6426,33,33,True,True,False,62,19,7,14,12,18,1,11,163,2
en,jukun,22205,33,33,True,True,False,62,19,7,14,12,18,1,11,163,2
en,jula,2104,66,66,True,True,True,183,41,17,26,24,24,3,11,127,2
en,juni-kuin,158997,33,33,True,True,False,63,19,7,14,12,18,1,11,163,2
en,juray,6425,33,33,True,True,False,62,19,7,14,12,18,1,11,163,2
en,jur-beli,114921,53,53,True,True,True,116,35,9,23,18,23,1,11,143,2
en,jur-modo,13745,33,33,True,True,False,62,19,7,14,12,18,1,11,163,2
en,kaakye,184818,37,37,True,True,False,67,21,10,15,14,18,1,11,159,2
en,kaba,3191,37,37,True,True,False,67,21,10,15,14,18,1,11,159,2
en,kaba-naa-sara,141528,33,33,True,True,False,62,19,7,14,12,18,1,11,163,2
en,kabardian,14632,33,33,True,True,False,62,19,7,14,12,18,1,11,163,2
en,kabeverdiane-barlavente,139094,33,33,True,True,False,64,19,7,14,12,18,1,11,163,2
en,kabiye,1336,57,57,True,True,True,121,37,12,24,20,23,1,11,139,2
en,kabuverdianu-sotaventu,53431,33,33,True,True,False,64,19,7,14,12,18,1,11,163,2
en,kabwa,14274,33,33,True,True,False,62,19,7,14,12,18,1,11,163,2
en,kabyle,494,67,67,True,True,True,219,42,17,26,24,24,3,11,126,2
en,kachchhi,21661,33,33,True,True,False,62,19,7,14,12,18,1,11,163,2
en,kachhi-gujerati,177210,28,28,True,False,False,54,20,5,13,11,8,0,11,169,2
en,kadiweu,1538,33,33,True,True,False,62,19,7,14,12,18,1,11,163,2
en,kaduo,99188,33,33,True,True,False,63,19,7,14,12,18,1,11,163,2
en,kafa,22439,33,33,True,True,False,62,19,7,14,12,18,1,11,163,2
en,kagulu,14157,33,33,True,True,False,62,19,7,14,12,18,1,11,163,2
en,kaili-daa,17509,33,33,True,True,False,62,19,7,14,12,18,1,11,163,2
en,kaiwa,622,33,33,True,True,False,62,19,7,14,12,18,1,11,163,2
en,kakataibo,184585,33,33,True,True,False,63,19,7,14,12,18,1,11,163,2
en,kako,2639,33,33,True,True,False,62,19,7,14,12,18,1,11,163,2
en,kakwa,13692,33,33,True,True,False,62,19,7,14,12,18,1,11,163,2
en,kalaallisut-greenlandic,21199,42,42,True,True,False,84,23,12,16,16,19,3,11,151,2
en,kalabari,9733,33,33,True,True,False,62,19,7,14,12,18,1,11,163,2
en,kalagan-eastern,24359,33,33,True,True,False,62,19,7,14,12,18,1,11,163,2
en,kalagan-tagakaulu,12693,33,33,True,True,False,62,19,7,14,12,18,1,11,163,2
en,kalagen-western,24360,33,33,True,True,False,62,19,7,14,12,18,1,11,163,2
en,kalanga,1510,33,33,True,True,False,62,19,7,14,12,18,1,11,163,2
en,kalanguya,163423,33,33,True,True,False,62,19,7,14,12,18,1,11,163,2
en,kalenjin-kipsigis,7321,37,37,True,True,False,67,21,10,15,14,18,1,11,159,2
en,kalmyk-oirat,3832,33,33,True,True,False,63,19,7,14,12,18,1,11,163,2
en,kalo-5,149174,33,33,True,True,False,62,19,7,14,12,18,1,11,163,2
en,kamano,12019,33,33,True,True,False,62,19,7,14,12,18,1,11,163,2
en,kamasau,141455,33,33,True,True,False,63,19,7,14,12,18,1,11,163,2
en,kamayo,99364,33,33,True,True,False,64,19,7,14,12,18,1,11,163,2
en,kambaata,4655,33,33,True,True,False,62,19,7,14,12,18,1,11,163,2
en,kambera,20944,33,33,True,True,False,62,19,7,14,12,18,1,11,163,2
en,kamo,9618,33,33,True,True,False,62,19,7,14,12,18,1,11,163,2
en,kamuku,9637,33,33,True,True,False,62,19,7,14,12,18,1,11,163,2
en,kanauji,6631,33,33,True,True,False,64,19,7,14,12,18,1,11,163,2
en,kandas,141586,33,33,True,True,False,62,19,7,14,12,18,1,11,163,2
en,kandawo,12151,33,33,True,True,False,62,19,7,14,12,18,1,11,163,2
en,kandoozi,184586,33,33,True,True,False,63,19,7,14,12,18,1,11,163,2
en,kanembu,3645,33,33,True,True,False,62,19,7,14,12,18,1,11,163,2
en,kangri,5625,37,37,True,True,False,70,22,9,15,13,19,1,11,159,2
en,kanjari,6362,33,33,True,True,False,62,19,7,14,12,18,1,11,163,2
en,kankanaey,12682,33,33,True,True,False,62,19,7,14,12,18,1,11,163,2
en,kankanay-northern,12696,33,33,True,True,False,62,19,7,14,12,18,1,11,163,2
en,kannada,6318,103,103,True,True,True,252,56,22,38,40,47,1,11,93,2
en,kanuri-yerwa,2614,34,34,True,True,False,76,20,7,14,12,18,1,11,162,2
en,kanyok,15653,33,33,True,True,False,62,19,7,14,12,18,1,11,163,2
en,kaonde,15642,33,33,True,True,False,64,19,7,14,12,18,1,11,163,2
en,kapampangan,20871,33,33,True,True,False,62,19,7,14,12,18,1,11,163,2
en,karai-karai,20738,33,33,True,True,False,62,19,7,14,12,18,1,11,163,2
en,karakalpak,448,55,55,True,True,True,144,37,9,24,19,23,1,11,141,2
en,karang,19877,33,33,True,True,False,62,19,7,14,12,18,1,11,163,2
en,karanga,20211,33,33,True,True,False,62,19,7,14,12,18,1,11,163,2
en,karbi,23563,33,33,True,True,False,62,19,7,14,12,18,1,11,163,2
en,karelian,4835,33,33,True,True,False,62,19,7,14,12,18,1,11,163,2
en,karen-pwo,8714,37,37,True,True,False,70,22,9,15,13,19,1,11,159,2
en,karen-pwo-eastern,14295,33,33,True,True,False,62,19,7,14,12,18,1,11,163,2
en,karen-pwo-omkoi,14358,33,33,True,True,False,62,19,7,14,12,18,1,11,163,2
en,karen-sgaw,8631,37,37,True,True,False,71,22,9,15,13,19,1,11,159,2
en,karina,158935,33,33,True,True,False,63,19,7,14,12,18,1,11,163,2
en,karnali,53298,33,33,True,True,False,62,19,7,14,12,18,1,11,163,2
en,karo,141536,33,33,True,True,False,62,19,7,14,12,18,1,11,163,2
en,karon,141602,33,33,True,True,False,64,19,7,14,12,18,1,11,163,2
en,karunsie,150352,33,33,True,True,False,62,19,7,14,12,18,1,11,163,2
en,kasem-burkina-faso,22909,33,33,True,True,False,62,19,7,14,12,18,1,11,163,2
en,kasem-ghana,22910,37,37,True,True,False,67,21,10,15,14,18,1,11,159,2
en,kashmiri,6298,54,54,True,True,True,130,36,9,23,18,23,1,11,142,2
en,kashubian,12869,33,33,True,True,False,62,19,7,14,12,18,1,11,163,2
en,katab,9626,33,33,True,True,False,62,19,7,14,12,18,1,11,163,2
en,katang,7506,33,33,True,True,False,62,19,7,14,12,18,1,11,163,2
en,katcha-kadugli-miri,13719,33,33,True,True,False,64,19,7,14,12,18,1,11,163,2
en,kathiyawadi,6596,33,33,True,True,False,62,19,7,14,12,18,1,11,163,2
en,katu-eastern,141637,33,33,True,True,False,62,19,7,14,12,18,1,11,163,2
en,kau-bru,175097,33,33,True,True,False,62,19,7,14,12,18,1,11,163,2
en,kaur,17757,33,33,True,True,False,63,19,7,14,12,18,1,11,163,2
en,kayabi,1624,33,33,True,True,False,62,19,7,14,12,18,1,11,163,2
en,kayah-li-western,23549,33,33,True,True,False,62,19,7,14,12,18,1,11,163,2
en,kayan,21773,33,33,True,True,False,62,19,7,14,12,18,1,11,163,2
en,kayapo,1676,33,33,True,True,False,62,19,7,14,12,18,1,11,163,2
en,kazakh,371,79,79,True,True,True,188,54,19,29,25,28,3,11,114,2
en,keakalo,139193,33,33,True,True,False,63,19,7,14,12,18,1,11,163,2
en,keapara,99042,33,33,True,True,False,63,19,7,14,12,18,1,11,163,2
en,kechwa-san-martin,184501,33,33,True,True,False,63,19,7,14,12,18,1,11,163,2
en,kedang,141620,33,33,True,True,False,63,19,7,14,12,18,1,11,163,2
en,kekchi,1276,54,54,True,True,True,132,36,9,23,18,23,1,11,142,2
en,kele,19803,33,33,True,True,False,62,19,7,14,12,18,1,11,163,2
en,keliko,98838,33,33,True,True,False,62,19,7,14,12,18,1,11,163,2
en,kendayan-kanayatn,22679,33,33,True,True,False,62,19,7,14,12,18,1,11,163,2
en,kenyah,141870,33,33,True,True,False,62,19,7,14,12,18,1,11,163,2
en,kenyah-badeng,185228,33,33,True,True,False,62,19,7,14,12,18,1,11,163,2
en,kerewe,141325,33,33,True,True,False,62,19,7,14,12,18,1,11,163,2
en,kerinci,17739,33,33,True,True,False,62,19,7,14,12,18,1,11,163,2
en,kermanshahi,111677,54,54,True,True,True,132,36,9,23,18,23,1,11,142,2
en,ketengban,142141,33,33,True,True,False,62,19,7,14,12,18,1,11,163,2
en,khakas,3816,33,33,True,True,False,63,19,7,14,12,18,1,11,163,2
en,khampa-eastern,23225,33,33,True,True,False,62,19,7,14,12,18,1,11,163,2
en,khandeshi-bhili,164337,37,37,True,True,False,70,22,9,15,13,19,1,11,159,2
en,khandesi,19800,33,33,True,True,False,62,19,7,14,12,18,1,11,163,2
en,kharia,6326,33,33,True,True,False,62,19,7,14,12,18,1,11,163,2
en,khasi,1197,34,34,True,True,False,76,20,7,14,12,18,1,11,162,2
en,khiamniungan,163806,33,33,True,True,False,62,19,7,14,12,18,1,11,163,2
en,khmer-central-m,24024,33,33,True,True,False,62,19,7,14,12,18,1,11,163,2
en,khmer-northern,14384,33,33,True,True,False,62,19,7,14,12,18,1,11,163,2
en,khmer-standard,178043,89,89,True,True,True,196,45,18,37,30,36,3,11,104,2
en,khmu,3817,33,33,True,True,False,62,19,7,14,12,18,1,11,163,2
en,khoekhoegowab,53327,33,33,True,True,False,62,19,7,14,12,18,1,11,163,2
en,khowar,10558,33,33,True,True,False,62,19,7,14,12,18,1,11,163,2
en,kiche-cunen,139116,33,33,True,True,False,62,19,7,14,12,18,1,11,163,2
en,kifuliiru,50087,33,33,True,True,False,62,19,7,14,12,18,1,11,163,2
en,kikamba,20730,37,37,True,True,False,67,21,10,15,14,18,1,11,159,2
en,kikongo,20754,65,65,True,True,True,142,41,17,26,23,24,3,11,128,2
en,kikuro,139071,33,33,True,True,False,62,19,7,14,12,18,1,11,163,2
en,kikuyu,20679,37,37,True,True,False,71,21,10,15,14,18,1,11,159,2
en,kilaangi,164996,37,37,True,True,False,67,21,10,15,14,18,1,11,159,2
en,kilega,22652,33,33,True,True,False,62,19,7,14,12,18,1,11,163,2
en,kiluba,20791,33,33,True,True,False,62,19,7,14,12,18,1,11,163,2
en,kim,141333,33,33,True,True,False,62,19,7,14,12,18,1,11,163,2
en,kimbundu,569,42,42,True,True,False,84,23,12,16,16,19,3,11,151,2
en,kimeru,20824,33,33,True,True,False,62,19,7,14,12,18,1,11,163,2
en,kimpokomu,184901,33,33,True,True,False,62,19,7,14,12,18,1,11,163,2
en,kinandi,20849,33,33,True,True,False,62,19,7,14,12,18,1,11,163,2
en,kinaray-a,12672,33,33,True,True,False,62,19,7,14,12,18,1,11,163,2
en,kinga,14159,33,33,True,True,False,62,19,7,14,12,18,1,11,163,2
en,kinnauri,6383,33,33,True,True,False,62,19,7,14,12,18,1,11,163,2
en,kinnauri-pahari,141363,33,33,True,True,False,62,19,7,14,12,18,1,11,163,2
en,kintandu,22379,37,37,True,True,False,67,21,10,15,14,18,1,11,159,2
en,kinyakyusa-tanzania,53401,33,33,True,True,False,62,19,7,14,12,18,1,11,163,2
en,kinyamulenge,185227,33,33,True,True,False,62,19,7,14,12,18,1,11,163,2
en,kinyarwanda,20900,67,67,True,True,True,157,42,17,26,24,24,3,11,126,2
en,kirho,10262,33,33,True,True,False,62,19,7,14,12,18,1,11,163,2
en,kiribati,4812,42,42,True,True,False,84,23,12,16,16,19,3,11,151,2
en,kirundi,20896,63,63,True,True,True,152,40,14,25,22,24,3,11,130,2
en,kisan,184496,33,33,True,True,False,62,19,7,14,12,18,1,11,163,2
en,kisanga,22196,33,33,True,True,False,62,19,7,14,12,18,1,11,163,2
en,kisi,98914,33,33,True,True,False,62,19,7,14,12,18,1,11,163,2
en,kisi-southern,7587,37,37,True,True,False,67,21,10,15,14,18,1,11,159,2
en,kissi-northern,5481,33,33,True,True,False,62,19,7,14,12,18,1,11,163,2
en,kituba,15639,33,33,True,True,False,62,19,7,14,12,18,1,11,163,2
en,kiviila,141073,33,33,True,True,False,62,19,7,14,12,18,1,11,163,2
en,kiwilwana,143494,33,33,True,True,False,62,19,7,14,12,18,1,11,163,2
en,kiyombe,22195,37,37,True,True,False,67,21,10,15,14,18,1,11,159,2
en,koalib,141334,53,53,True,True,True,116,35,9,23,18,23,1,11,143,2
en,kobo,184990,33,33,True,True,False,62,19,7,14,12,18,1,11,163,2
en,kohistani-indus,10526,33,33,True,True,False,62,19,7,14,12,18,1,11,163,2
en,kohli-parkari,10536,53,53,True,True,True,116,35,9,23,18,23,1,11,143,2
en,koho,19241,53,53,True,True,True,116,35,9,23,18,23,1,11,143,2
en,koita-ga,141574,33,33,True,True,False,62,19,7,14,12,18,1,11,163,2
en,kok-borok,1231,34,34,True,True,False,76,20,7,14,12,18,1,11,162,2
en,kok-borok-bangladesh,184464,33,33,True,True,False,62,19,7,14,12,18,1,11,163,2
en,kokoda-k-ainake,184462,33,33,True,True,False,63,19,7,14,12,18,1,11,163,2
en,kokola,7793,33,33,True,True,False,62,19,7,14,12,18,1,11,163,2
en,kolami,163136,33,33,True,True,False,62,19,7,14,12,18,1,11,163,2
en,koli-wadiyara,10535,53,53,True,True,True,116,35,9,23,18,23,1,11,143,2
en,kolokuma-izon,53432,33,33,True,True,False,62,19,7,14,12,18,1,11,163,2
en,kom,19558,33,33,True,True,False,62,19,7,14,12,18,1,11,163,2
en,komering,17752,33,33,True,True,False,62,19,7,14,12,18,1,11,163,2
en,komi-permyak,18528,33,33,True,True,False,62,19,7,14,12,18,1,11,163,2
en,komi-zyrian,18521,54,54,True,True,True,132,36,9,23,18,23,1,11,142,2
en,konda-dora,141204,33,33,True,True,False,62,19,7,14,12,18,1,11,163,2
en,kongo-san-salvador,545,33,33,True,True,False,62,19,7,14,12,18,1,11,163,2
en,konjo-highland,17518,33,33,True,True,False,62,19,7,14,12,18,1,11,163,2
en,konkomba,5302,37,37,True,True,False,67,21,10,15,14,18,1,11,159,2
en,konni,5303,33,33,True,True,False,62,19,7,14,12,18,1,11,163,2
en,konongo-2,14165,33,33,True,True,False,62,19,7,14,12,18,1,11,163,2
en,kono-sierra-leone,23520,33,33,True,True,False,62,19,7,14,12,18,1,11,163,2
en,konso,20753,33,33,True,True,False,62,19,7,14,12,18,1,11,163,2
en,konta,147285,33,33,True,True,False,62,19,7,14,12,18,1,11,163,2
en,koorete,4656,33,33,True,True,False,62,19,7,14,12,18,1,11,163,2
en,kope,149217,33,33,True,True,False,62,19,7,14,12,18,1,11,163,2
en,koraku,6282,33,33,True,True,False,62,19,7,14,12,18,1,11,163,2
en,korean,3804,122,122,True,True,True,322,62,29,43,46,53,3,11,71,2
en,korean-north,24000,71,71,True,True,True,172,29,21,27,31,36,3,11,122,2
en,korean-sign-language,7355,1,1,False,False,False,1,1,0,0,0,0,0,11,196,2
en,koreguaje,4250,33,33,True,True,False,63,19,7,14,12,18,1,11,163,2
en,korku,6370,33,33,True,True,False,67,19,7,14,12,18,1,11,163,2
en,koromfe,2046,33,33,True,True,False,62,19,7,14,12,18,1,11,163,2
en,kortha,183121,33,33,True,True,False,62,19,7,14,12,18,1,11,163,2
en,korwa,6372,33,33,True,True,False,62,19,7,14,12,18,1,11,163,2
en,koti,8434,33,33,True,True,False,62,19,7,14,12,18,1,11,163,2
en,kouya,99359,33,33,True,True,False,62,19,7,14,12,18,1,11,163,2
en,koya,6400,33,33,True,True,False,62,19,7,14,12,18,1,11,163,2
en,kpelle-guinea,5456,34,34,True,True,False,76,20,7,14,12,18,1,11,162,2
en,kpelle-liberia,7609,46,46,True,True,True,91,25,15,17,18,19,3,11,147,2
en,kreol-mauricean,21197,34,34,True,True,False,76,20,7,14,12,18,1,11,162,2
en,krio,4547,67,67,True,True,True,157,42,17,26,24,24,3,11,126,2
en,krongo,141227,33,33,True,True,False,62,19,7,14,12,18,1,11,163,2
en,kroumen-plapo,99184,33,33,True,True,False,62,19,7,14,12,18,1,11,163,2
en,kroumen-pye,144313,33,33,True,True,False,62,19,7,14,12,18,1,11,163,2
en,kroumen-tepo,100677,33,33,True,True,False,62,19,7,14,12,18,1,11,163,2
en,kru,20750,37,37,True,True,False,67,21,10,15,14,18,1,11,159,2
en,kuanua,11816,33,33,True,True,False,62,19,7,14,12,18,1,11,163,2
en,kui,6278,33,33,True,True,False,62,19,7,14,12,18,1,11,163,2
en,kukele,9604,33,33,True,True,False,62,19,7,14,12,18,1,11,163,2
en,kuki,23569,33,33,True,True,False,62,19,7,14,12,18,1,11,163,2
en,kukna,6414,33,33,True,True,False,62,19,7,14,12,18,1,11,163,2
en,kulango-bondoukou,5257,33,33,True,True,False,62,19,7,14,12,18,1,11,163,2
en,kulango-bouna,5224,33,33,True,True,False,62,19,7,14,12,18,1,11,163,2
en,kulung,139643,33,33,True,True,False,62,19,7,14,12,18,1,11,163,2
en,kulvi,23692,33,33,True,True,False,62,19,7,14,12,18,1,11,163,2
en,kumam,14677,33,33,True,True,False,62,19,7,14,12,18,1,11,163,2
en,kuman,19854,42,42,True,True,False,84,23,12,16,16,19,3,11,151,2
en,kumauni,6353,33,33,True,True,False,62,19,7,14,12,18,1,11,163,2
en,kumyk,14629,33,33,True,True,False,63,19,7,14,12,18,1,11,163,2
en,kuna,53430,54,54,True,True,True,130,36,9,23,18,23,1,11,142,2
en,kunama,4585,33,33,True,True,False,64,19,7,14,12,18,1,11,163,2
en,kuni-boazi,141667,33,33,True,True,False,62,19,7,14,12,18,1,11,163,2
en,kunimaipa,11789,33,33,True,True,False,63,19,7,14,12,18,1,11,163,2
en,kuo,2641,33,33,True,True,False,62,19,7,14,12,18,1,11,163,2
en,kupia,141202,33,33,True,True,False,62,19,7,14,12,18,1,11,163,2
en,kupsapiiny,141566,33,33,True,True,False,62,19,7,14,12,18,1,11,163,2
en,kuranko,5485,33,33,True,True,False,62,19,7,14,12,18,1,11,163,2
en,kurdi-behdini,53333,63,63,True,True,True,152,40,14,25,22,24,3,11,130,2
en,kurdi-hawrami,139169,33,33,True,True,False,62,19,7,14,12,18,1,11,163,2
en,kurdish-afrini,184484,42,42,True,True,False,84,23,12,16,16,19,3,11,151,2
en,kurdi-sorani,139114,72,72,True,True,True,196,40,13,30,29,33,1,11,124,2
en,kurdi-sorani-eastern,139115,32,32,True,True,False,61,18,7,14,12,17,1,11,164,2
en,kuria,7186,33,33,True,True,False,62,19,7,14,12,18,1,11,163,2
en,kurmanji-cis,21096,33,33,True,True,False,62,19,7,14,12,18,1,11,163,2
en,kurmanji-standard,20770,62,62,True,True,True,140,43,12,25,19,25,1,11,134,2
en,kurumba-jennu,142214,33,33,True,True,False,62,19,7,14,12,18,1,11,163,2
en,kurumba-kannada,98730,53,53,True,True,True,116,35,9,23,18,23,1,11,143,2
en,kurux,1194,33,33,True,True,False,62,19,7,14,12,18,1,11,163,2
en,kusaal,141653,4,4,False,False,False,5,2,3,1,2,0,0,11,193,2
en,kusaal-eastern,5261,33,33,True,True,False,62,19,7,14,12,18,1,11,163,2
en,kusaal-western,2045,33,33,True,True,False,62,19,7,14,12,18,1,11,163,2
en,kuteb,2590,33,33,True,True,False,62,19,7,14,12,18,1,11,163,2
en,kutia,185002,33,33,True,True,False,62,19,7,14,12,18,1,11,163,2
en,kutu,141310,33,33,True,True,False,62,19,7,14,12,18,1,11,163,2
en,kuvale,184573,33,33,True,True,False,62,19,7,14,12,18,1,11,163,2
en,kuvi,6275,33,33,True,True,False,62,19,7,14,12,18,1,11,163,2
en,kuvi-odisha,184467,33,33,True,True,False,62,19,7,14,12,18,1,11,163,2
en,kuy,2173,33,33,True,True,False,62,19,7,14,12,18,1,11,163,2
en,kwaio,141513,33,33,True,True,False,63,19,7,14,12,18,1,11,163,2
en,kwamashi,184452,33,33,True,True,False,64,19,7,14,12,18,1,11,163,2
en,kwamba,171395,33,33,True,True,False,62,19,7,14,12,18,1,11,163,2
en,kwangali,547,33,33,True,True,False,62,19,7,14,12,18,1,11,163,2
en,kwangwa,184511,33,33,True,True,False,64,19,7,14,12,18,1,11,163,2
en,kwanyama,548,46,46,True,True,True,89,25,15,17,18,19,3,11,147,2
en,kwaraae,141515,33,33,True,True,False,63,19,7,14,12,18,1,11,163,2
en,kwasio,144002,9,9,True,False,False,10,8,3,1,3,2,0,11,188,2
en,kwatay,13063,33,33,True,True,False,62,19,7,14,12,18,1,11,163,2
en,kwaya,14132,33,33,True,True,False,62,19,7,14,12,18,1,11,163,2
en,kwere,14273,33,33,True,True,False,62,19,7,14,12,18,1,11,163,2
en,kwese,15633,33,33,True,True,False,62,19,7,14,12,18,1,11,163,2
en,kyrgyz,53299,73,73,True,True,True,177,49,17,28,24,26,3,11,120,2
en,laadi,4350,33,33,True,True,False,62,19,7,14,12,18,1,11,163,2
en,laarim,99460,53,53,True,True,True,116,35,9,23,18,23,1,11,143,2
en,label,141691,33,33,True,True,False,62,19,7,14,12,18,1,11,163,2
en,ladakhi,6271,33,33,True,True,False,62,19,7,14,12,18,1,11,163,2
en,lahu,3794,33,33,True,True,False,62,19,7,14,12,18,1,11,163,2
en,lak,18509,33,33,True,True,False,63,19,7,14,12,18,1,11,163,2
en,lala,106963,33,33,True,True,False,61,19,7,15,12,18,0,11,164,2
en,lama,1333,33,33,True,True,False,62,19,7,14,12,18,1,11,163,2
en,lamaholot,17239,33,33,True,True,False,62,19,7,14,12,18,1,11,163,2
en,lamalera,143732,33,33,True,True,False,63,19,7,14,12,18,1,11,163,2
en,lamatuka,143731,33,33,True,True,False,62,19,7,14,12,18,1,11,163,2
en,lamba,15631,33,33,True,True,False,64,19,7,14,12,18,1,11,163,2
en,lambadi,20777,33,33,True,True,False,62,19,7,14,12,18,1,11,163,2
en,lambya,7792,33,33,True,True,False,62,19,7,14,12,18,1,11,163,2
en,lamnso,2331,33,33,True,True,False,62,19,7,14,12,18,1,11,163,2
en,lampung-api,141801,33,33,True,True,False,62,19,7,14,12,18,1,11,163,2
en,lampung-nyo,139250,33,33,True,True,False,62,19,7,14,12,18,1,11,163,2
en,langilan-manobo,185340,33,33,True,True,False,62,19,7,14,12,18,1,11,163,2
en,lango-south-sudan,143747,33,33,True,True,False,62,19,7,14,12,18,1,11,163,2
en,lango-uganda,19884,33,33,True,True,False,62,19,7,14,12,18,1,11,163,2
en,lao,7411,65,65,True,True,True,157,41,14,26,24,25,3,11,128,2
en,laro,143834,33,33,True,True,False,64,19,7,14,12,18,1,11,163,2
en,lashi,4045,33,33,True,True,False,62,19,7,14,12,18,1,11,163,2
en,latvian,7519,35,35,True,True,False,79,21,8,14,12,18,1,11,160,2
en,lawangan,16805,33,33,True,True,False,62,19,7,14,12,18,1,11,163,2
en,lebanese-sign-language,139080,1,1,False,False,False,2,1,0,0,1,0,0,11,196,2
en,lebanese-syrian-arabic,156811,10,10,True,False,False,11,9,3,1,3,3,0,11,187,2
en,ledo-ija,17492,33,33,True,True,False,62,19,7,14,12,18,1,11,163,2
en,ledo-taa,185194,33,33,True,True,False,62,19,7,14,12,18,1,11,163,2
en,legbo,9291,33,33,True,True,False,62,19,7,14,12,18,1,11,163,2
en,lelemi,5251,33,33,True,True,False,62,19,7,14,12,18,1,11,163,2
en,lendu,15615,33,33,True,True,False,62,19,7,14,12,18,1,11,163,2
en,lenje,19898,33,33,True,True,False,64,19,7,14,12,18,1,11,163,2
en,lepcha,1352,33,33,True,True,False,62,19,7,14,12,18,1,11,163,2
en,lepki,143827,33,33,True,True,False,62,19,7,14,12,18,1,11,163,2
en,lesser-antillean-creole-french,4472,33,33,True,True,False,62,19,7,14,12,18,1,11,163,2
en,letuama-tanimuca,41117,1,1,False,False,False,1,1,0,0,0,0,0,11,196,2
en,levantine-turkmen,53345,33,33,True,True,False,64,19,7,14,12,18,1,11,163,2
en,levuka,144034,33,33,True,True,False,63,19,7,14,12,18,1,11,163,2
en,lewo,144042,33,33,True,True,False,63,19,7,14,12,18,1,11,163,2
en,lewo-eleng,144036,33,33,True,True,False,63,19,7,14,12,18,1,11,163,2
en,lezgi,1127,33,33,True,True,False,65,19,7,14,12,18,1,11,163,2
en,lhao-vo,23044,33,33,True,True,False,62,19,7,14,12,18,1,11,163,2
en,lhasa-tibetan,21795,38,38,True,True,False,84,23,9,15,13,19,1,11,158,2
en,li-bendi,23019,33,33,True,True,False,62,19,7,14,12,18,1,11,163,2
en,lihir,141789,33,33,True,True,False,62,19,7,14,12,18,1,11,163,2
en,lik,184626,33,33,True,True,False,62,19,7,14,12,18,1,11,163,2
en,lika,15395,33,33,True,True,False,62,19,7,14,12,18,1,11,163,2
en,likoonl,108321,33,33,True,True,False,62,19,7,14,12,18,1,11,163,2
en,limba-tonko-sella,184933,37,37,True,True,False,69,21,10,15,14,18,1,11,159,2
en,limba-west-central,13110,0,0,False,False,False,0,0,0,0,0,0,0,11,197,2
en,limbu,6259,33,33,True,True,False,62,19,7,14,12,18,1,11,163,2
en,limbum,2565,33,33,True,True,False,62,19,7,14,12,18,1,11,163,2
en,lingala,4344,95,95,True,True,True,236,47,26,37,39,41,3,11,98,2
en,lingao,3964,34,34,True,True,False,78,20,7,14,12,18,1,11,162,2
en,lio,24211,33,33,True,True,False,62,19,7,14,12,18,1,11,163,2
en,lipo-eastern,22839,33,33,True,True,False,64,19,7,14,12,18,1,11,163,2
en,lipovan,185230,33,33,True,True,False,62,19,7,14,12,18,1,11,163,2
en,li-qi,22838,33,33,True,True,False,62,19,7,14,12,18,1,11,163,2
en,lis-ma-ron,53423,33,33,True,True,False,62,19,7,14,12,18,1,11,163,2
en,lisu,19908,33,33,True,True,False,65,19,7,14,12,18,1,11,163,2
en,lithuanian,7698,74,74,True,True,True,190,47,15,28,25,28,3,11,118,2
en,lobala,4343,33,33,True,True,False,62,19,7,14,12,18,1,11,163,2
en,lobi,143751,33,33,True,True,False,62,19,7,14,12,18,1,11,163,2
en,logo,15383,33,33,True,True,False,62,19,7,14,12,18,1,11,163,2
en,lokaa,23154,33,33,True,True,False,62,19,7,14,12,18,1,11,163,2
en,loko,19922,37,37,True,True,False,67,21,10,15,14,18,1,11,159,2
en,lokpa,176838,58,58,True,True,True,135,38,12,24,20,23,1,11,138,2
en,lolo,27261,33,33,True,True,False,62,19,7,14,12,18,1,11,163,2
en,loloda,16906,33,33,True,True,False,62,19,7,14,12,18,1,11,163,2
en,loma,7584,33,33,True,True,False,62,19,7,14,12,18,1,11,163,2
en,lomwe,7790,33,33,True,True,False,62,19,7,14,12,18,1,11,163,2
en,longuda,9506,33,33,True,True,False,62,19,7,14,12,18,1,11,163,2
en,lopit,13664,53,53,True,True,True,115,35,9,23,18,23,1,11,143,2
en,lorung-northern,99260,33,33,True,True,False,62,19,7,14,12,18,1,11,163,2
en,lote,11092,33,33,True,True,False,62,19,7,14,12,18,1,11,163,2
en,lower-daga,146764,33,33,True,True,False,62,19,7,14,12,18,1,11,163,2
en,lozi,8799,37,37,True,True,False,69,21,10,15,14,18,1,11,159,2
en,lubu,17732,33,33,True,True,False,62,19,7,14,12,18,1,11,163,2
en,lubwisi,22203,33,33,True,True,False,62,19,7,14,12,18,1,11,163,2
en,luchazi,555,33,33,True,True,False,64,19,7,14,12,18,1,11,163,2
en,luganda,20675,105,105,True,True,True,260,56,29,38,42,43,3,11,88,2
en,lugbara,23981,37,37,True,True,False,67,21,10,15,14,18,1,11,159,2
en,lughuru,132358,33,33,True,True,False,62,19,7,14,12,18,1,11,163,2
en,lukabaras,99311,33,33,True,True,False,62,19,7,14,12,18,1,11,163,2
en,lukpa,1305,33,33,True,True,False,62,19,7,14,12,18,1,11,163,2
en,lumasaba,20815,33,33,True,True,False,62,19,7,14,12,18,1,11,163,2
en,lumun,141728,33,33,True,True,False,64,19,7,14,12,18,1,11,163,2
en,lunda,573,33,33,True,True,False,64,19,7,14,12,18,1,11,163,2
en,lundayeh,1918,33,33,True,True,False,62,19,7,14,12,18,1,11,163,2
en,lungga,141767,33,33,True,True,False,63,19,7,14,12,18,1,11,163,2
en,luo,19936,37,37,True,True,False,67,21,10,15,14,18,1,11,159,2
en,luragoli,20785,33,33,True,True,False,62,19,7,14,12,18,1,11,163,2
en,luri-luristan-province-iran,23743,32,32,True,True,False,61,18,7,14,12,17,1,11,164,2
en,lusoga,20926,37,37,True,True,False,67,21,10,15,14,18,1,11,159,2
en,lutos,143542,33,33,True,True,False,62,19,7,14,12,18,1,11,163,2
en,luvale,554,33,33,True,True,False,64,19,7,14,12,18,1,11,163,2
en,luwo,13915,33,33,True,True,False,62,19,7,14,12,18,1,11,163,2
en,luwu-tae,144740,33,33,True,True,False,62,19,7,14,12,18,1,11,163,2
en,lyele,2035,33,33,True,True,False,62,19,7,14,12,18,1,11,163,2
en,maanyan,16781,33,33,True,True,False,62,19,7,14,12,18,1,11,163,2
en,maasai,7309,57,57,True,True,True,121,37,12,24,20,23,1,11,139,2
en,maay,13376,53,53,True,True,True,116,35,9,23,18,23,1,11,143,2
en,macedonian,20796,63,63,True,True,True,152,40,14,25,22,24,3,11,130,2
en,mada,19951,33,33,True,True,False,62,19,7,14,12,18,1,11,163,2
en,madi,13893,33,33,True,True,False,62,19,7,14,12,18,1,11,163,2
en,madi-okollo,139183,33,33,True,True,False,62,19,7,14,12,18,1,11,163,2
en,madura,13183,33,33,True,True,False,62,19,7,14,12,18,1,11,163,2
en,mafa,2556,33,33,True,True,False,62,19,7,14,12,18,1,11,163,2
en,magahi,6186,33,33,True,True,False,62,19,7,14,12,18,1,11,163,2
en,magar-eastern,1371,33,33,True,True,False,62,19,7,14,12,18,1,11,163,2
en,magar-western,9030,33,33,True,True,False,62,19,7,14,12,18,1,11,163,2
en,magindanaon,12635,53,53,True,True,True,116,35,9,23,18,23,1,11,143,2
en,mahasu-pahari,184487,37,37,True,True,False,70,22,9,15,13,19,1,11,159,2
en,mai-brat,16176,33,33,True,True,False,62,19,7,14,12,18,1,11,163,2
en,mailu,144630,33,33,True,True,False,63,19,7,14,12,18,1,11,163,2
en,maithili,6199,34,34,True,True,False,78,20,7,14,12,18,1,11,162,2
en,maithili-nepal,184939,33,33,True,True,False,62,19,7,14,12,18,1,11,163,2
en,maiwa,20324,33,33,True,True,False,62,19,7,14,12,18,1,11,163,2
en,majang,143881,33,33,True,True,False,62,19,7,14,12,18,1,11,163,2
en,majhi,143400,33,33,True,True,False,62,19,7,14,12,18,1,11,163,2
en,makaa,2530,37,37,True,True,False,67,21,10,15,14,18,1,11,159,2
en,makasar,21248,33,33,True,True,False,62,19,7,14,12,18,1,11,163,2
en,makhau-tanzania,184505,33,33,True,True,False,62,19,7,14,12,18,1,11,163,2
en,makhuwa,142483,37,37,True,True,False,67,21,10,15,14,18,1,11,159,2
en,makoma,151261,33,33,True,True,False,64,19,7,14,12,18,1,11,163,2
en,makonde-mozambique,8433,33,33,True,True,False,62,19,7,14,12,18,1,11,163,2
en,makonde-tanzania,184494,33,33,True,True,False,62,19,7,14,12,18,1,11,163,2
en,malagasy,7761,68,68,True,True,True,161,42,17,26,25,25,3,11,125,2
en,malagasy-antankarana,7750,33,33,True,True,False,62,19,7,14,12,18,1,11,163,2
en,malagasy-antesaka,139117,33,33,True,True,False,63,19,7,14,12,18,1,11,163,2
en,malagasy-northern-betsimisaraka,26664,33,33,True,True,False,64,19,7,14,12,18,1,11,163,2
en,malagasy-southern-betsimisaraka,27226,33,33,True,True,False,62,19,7,14,12,18,1,11,163,2
en,malagasy-tanosy,26972,33,33,True,True,False,64,19,7,14,12,18,1,11,163,2
en,malango-teha,143497,33,33,True,True,False,62,19,7,14,12,18,1,11,163,2
en,malay,1927,93,93,True,True,True,252,48,26,32,35,40,3,11,100,2
en,malayalam,19985,104,104,True,True,True,288,57,22,38,40,47,1,11,92,2
en,malay-ambonese,16891,33,33,True,True,False,64,19,7,14,12,18,1,11,163,2
en,malay-bukit,16883,33,33,True,True,False,62,19,7,14,12,18,1,11,163,2
en,malayic-dayak,143339,33,33,True,True,False,62,19,7,14,12,18,1,11,163,2
en,malay-jambi,17753,33,33,True,True,False,62,19,7,14,12,18,1,11,163,2
en,malay-kota-bangun-kutai,16777,33,33,True,True,False,62,19,7,14,12,18,1,11,163,2
en,malay-north-moluccan,16900,33,33,True,True,False,62,19,7,14,12,18,1,11,163,2
en,malay-papuan,100882,33,33,True,True,False,62,19,7,14,12,18,1,11,163,2
en,malay-pattani,14386,33,33,True,True,False,64,19,7,14,12,18,1,11,163,2
en,malay-tenggarong-kutai,16695,33,33,True,True,False,62,19,7,14,12,18,1,11,163,2
en,male,4768,33,33,True,True,False,62,19,7,14,12,18,1,11,163,2
en,malila,14260,33,33,True,True,False,62,19,7,14,12,18,1,11,163,2
en,malinke-kenieba,184646,33,33,True,True,False,62,19,7,14,12,18,1,11,163,2
en,malinke-kita,184647,33,33,True,True,False,62,19,7,14,12,18,1,11,163,2
en,malkangiri-koya,148910,33,33,True,True,False,62,19,7,14,12,18,1,11,163,2
en,malo,4767,33,33,True,True,False,62,19,7,14,12,18,1,11,163,2
en,mal-paharia,6210,33,33,True,True,False,62,19,7,14,12,18,1,11,163,2
en,maltese,7885,63,63,True,True,True,152,40,14,25,22,24,3,11,130,2
en,malvi,6171,36,36,True,True,False,69,21,8,15,13,19,1,11,160,2
en,mamainde,99766,33,33,True,True,False,62,19,7,14,12,18,1,11,163,2
en,mamasa,17616,33,33,True,True,False,62,19,7,14,12,18,1,11,163,2
en,mambilla,175157,33,33,True,True,False,62,19,7,14,12,18,1,11,163,2
en,mambwe-lungu,14259,33,33,True,True,False,64,19,7,14,12,18,1,11,163,2
en,mam-central,5408,33,33,True,True,False,62,19,7,14,12,18,1,11,163,2
en,mam-northern,5427,42,42,True,True,False,84,23,12,16,16,19,3,11,151,2
en,mampruli,5240,33,33,True,True,False,62,19,7,14,12,18,1,11,163,2
en,mam-tajumulco,5410,33,33,True,True,False,62,19,7,14,12,18,1,11,163,2
en,mamuju,20025,33,33,True,True,False,62,19,7,14,12,18,1,11,163,2
en,mamusi,141311,33,33,True,True,False,62,19,7,14,12,18,1,11,163,2
en,manado,24314,33,33,True,True,False,62,19,7,14,12,18,1,11,163,2
en,manambu,143488,33,33,True,True,False,62,19,7,14,12,18,1,11,163,2
en,manda,101919,33,33,True,True,False,62,19,7,14,12,18,1,11,163,2
en,mandar,17471,33,33,True,True,False,62,19,7,14,12,18,1,11,163,2
en,mandara,11230,33,33,True,True,False,62,19,7,14,12,18,1,11,163,2
en,mandara-cameroon,144476,37,37,True,True,False,67,21,10,15,14,18,1,11,159,2
en,mandarin-china,20615,152,152,True,True,True,564,86,36,51,53,61,3,11,41,2
en,mandarin-taiwan,23221,64,64,True,True,True,147,41,12,26,22,27,1,11,132,2
en,mandeali,6242,33,33,True,True,False,62,19,7,14,12,18,1,11,163,2
en,mandinka,5040,33,33,True,True,False,62,19,7,14,12,18,1,11,163,2
en,mandja,3171,37,37,True,True,False,67,21,10,15,14,18,1,11,159,2
en,manga,42106,53,53,True,True,True,116,35,9,23,18,23,1,11,143,2
en,mangalorean-konkani,164216,33,33,True,True,False,62,19,7,14,12,18,1,11,163,2
en,mangbetu,14749,33,33,True,True,False,62,19,7,14,12,18,1,11,163,2
en,manggarai,17282,33,33,True,True,False,62,19,7,14,12,18,1,11,163,2
en,mangghuer-wuge,139111,33,33,True,True,False,64,19,7,14,12,18,1,11,163,2
en,mango,26152,33,33,True,True,False,64,19,7,14,12,18,1,11,163,2
en,maninka,5450,46,46,True,True,True,93,26,14,17,17,20,3,11,147,2
en,maninka-konyanka,24413,33,33,True,True,False,62,19,7,14,12,18,1,11,163,2
en,manjaku,23979,33,33,True,True,False,62,19,7,14,12,18,1,11,163,2
en,mankanya,5042,33,33,True,True,False,62,19,7,14,12,18,1,11,163,2
en,mano,5472,37,37,True,True,False,67,21,10,15,14,18,1,11,159,2
en,manobo-ata,12850,33,33,True,True,False,62,19,7,14,12,18,1,11,163,2
en,manobo-dibabawon,144211,33,33,True,True,False,62,19,7,14,12,18,1,11,163,2
en,manobo-ilianen,144214,33,33,True,True,False,62,19,7,14,12,18,1,11,163,2
en,manobo-matigsalug,12640,53,53,True,True,True,115,35,9,23,18,23,1,11,143,2
en,manobo-sarangani,99564,33,33,True,True,False,64,19,7,14,12,18,1,11,163,2
en,manobo-tagabawa,12839,33,33,True,True,False,62,19,7,14,12,18,1,11,163,2
en,manobo-western-bukidnon,144210,33,33,True,True,False,62,19,7,14,12,18,1,11,163,2
en,mansoanka,5038,33,33,True,True,False,62,19,7,14,12,18,1,11,163,2
en,manyika,8456,33,33,True,True,False,62,19,7,14,12,18,1,11,163,2
en,maonan,4031,33,33,True,True,False,62,19,7,14,12,18,1,11,163,2
en,maori,9198,33,33,True,True,False,62,19,7,14,12,18,1,11,163,2
en,mapudungun,644,42,42,True,True,False,84,23,12,16,16,19,3,11,151,2
en,maquiritari,144295,33,33,True,True,False,63,19,7,14,12,18,1,11,163,2
en,marakwet,24410,53,53,True,True,True,116,35,9,23,18,23,1,11,143,2
en,maram-naga,184815,33,33,True,True,False,64,19,7,14,12,18,1,11,163,2
en,maranao,12624,33,33,True,True,False,62,19,7,14,12,18,1,11,163,2
en,marathi,6174,103,103,True,True,True,294,58,23,39,41,45,1,11,93,2
en,marba,3534,33,33,True,True,False,62,19,7,14,12,18,1,11,163,2
en,mardini,23800,42,42,True,True,False,84,23,12,16,16,19,3,11,151,2
en,marghi-central,9495,33,33,True,True,False,62,19,7,14,12,18,1,11,163,2
en,margi-south,139128,33,33,True,True,False,62,19,7,14,12,18,1,11,163,2
en,maria,6178,33,33,True,True,False,62,19,7,14,12,18,1,11,163,2
en,maria-dandami,6558,33,33,True,True,False,62,19,7,14,12,18,1,11,163,2
en,mari-low,18489,33,33,True,True,False,62,19,7,14,12,18,1,11,163,2
en,markweeta,140520,33,33,True,True,False,62,19,7,14,12,18,1,11,163,2
en,marma,101788,33,33,True,True,False,62,19,7,14,12,18,1,11,163,2
en,maro,99303,33,33,True,True,False,62,19,7,14,12,18,1,11,163,2
en,marshallese,7889,42,42,True,True,False,84,23,12,16,16,19,3,11,151,2
en,marwari,6209,34,34,True,True,False,76,20,7,14,12,18,1,11,162,2
en,marwari-northern,10527,32,32,True,True,False,61,18,7,14,12,17,1,11,164,2
en,marwari-southern,10528,53,53,True,True,True,116,35,9,23,18,23,1,11,143,2
en,masalit,3531,33,33,True,True,False,62,19,7,14,12,18,1,11,163,2
en,masana,2538,37,37,True,True,False,67,21,10,15,14,18,1,11,159,2
en,masbatenyo,12622,33,33,True,True,False,62,19,7,14,12,18,1,11,163,2
en,mashami-chagga,24142,33,33,True,True,False,62,19,7,14,12,18,1,11,163,2
en,mashi,20919,33,33,True,True,False,62,19,7,14,12,18,1,11,163,2
en,masikoro,23196,33,33,True,True,False,64,19,7,14,12,18,1,11,163,2
en,maskelynes,141436,33,33,True,True,False,63,19,7,14,12,18,1,11,163,2
en,matal,101827,33,33,True,True,False,62,19,7,14,12,18,1,11,163,2
en,matengo,14255,33,33,True,True,False,62,19,7,14,12,18,1,11,163,2
en,mato,144465,33,33,True,True,False,62,19,7,14,12,18,1,11,163,2
en,matses,1604,33,33,True,True,False,63,19,7,14,12,18,1,11,163,2
en,matsigenka,173888,33,33,True,True,False,63,19,7,14,12,18,1,11,163,2
en,matumbi,14254,33,33,True,True,False,64,19,7,14,12,18,1,11,163,2
en,mawae,152300,33,33,True,True,False,63,19,7,14,12,18,1,11,163,2
en,mawchi,19988,33,33,True,True,False,62,19,7,14,12,18,1,11,163,2
en,maxakali,1608,33,33,True,True,False,62,19,7,14,12,18,1,11,163,2
en,mayan,21012,54,54,True,True,True,130,36,9,23,18,23,1,11,142,2
en,mayangna,142395,33,33,True,True,False,63,19,7,14,12,18,1,11,163,2
en,mayogo,15329,33,33,True,True,False,62,19,7,14,12,18,1,11,163,2
en,mazagway-hidi,176144,33,33,True,True,False,62,19,7,14,12,18,1,11,163,2
en,mazahua,8241,33,33,True,True,False,62,19,7,14,12,18,1,11,163,2
en,mazanderani,6793,28,28,True,False,False,54,20,5,13,11,8,0,11,169,2
en,mazateco-huautla-de-jimenez,8245,33,33,True,True,False,62,19,7,14,12,18,1,11,163,2
en,mba,144472,33,33,True,True,False,62,19,7,14,12,18,1,11,163,2
en,mbala,19953,33,33,True,True,False,62,19,7,14,12,18,1,11,163,2
en,mbandja,143356,33,33,True,True,False,64,19,7,14,12,18,1,11,163,2
en,mbe,101833,33,33,True,True,False,64,19,7,14,12,18,1,11,163,2
en,mbelime,100953,33,33,True,True,False,62,19,7,14,12,18,1,11,163,2
en,mbembe-cross-river,9473,33,33,True,True,False,62,19,7,14,12,18,1,11,163,2
en,mbembe-tigon,2329,33,33,True,True,False,64,19,7,14,12,18,1,11,163,2
en,mbosi,4336,33,33,True,True,False,62,19,7,14,12,18,1,11,163,2
en,mbugwe,144632,33,33,True,True,False,62,19,7,14,12,18,1,11,163,2
en,mbuko,100947,33,33,True,True,False,62,19,7,14,12,18,1,11,163,2
en,mbukushu,570,33,33,True,True,False,62,19,7,14,12,18,1,11,163,2
en,mbula,9490,33,33,True,True,False,64,19,7,14,12,18,1,11,163,2
en,medlpa,11668,33,33,True,True,False,62,19,7,14,12,18,1,11,163,2
en,medumba,2871,33,33,True,True,False,62,19,7,14,12,18,1,11,163,2
en,meen,144517,33,33,True,True,False,62,19,7,14,12,18,1,11,163,2
en,meitei,143789,55,55,True,True,True,131,37,10,23,18,23,1,11,141,2
en,mekeo,144461,33,33,True,True,False,63,19,7,14,12,18,1,11,163,2
en,mele-fila,144425,33,33,True,True,False,63,19,7,14,12,18,1,11,163,2
en,melpa,101718,33,33,True,True,False,63,19,7,14,12,18,1,11,163,2
en,mende,7577,47,47,True,True,True,103,26,15,17,18,19,3,11,146,2
en,mentawai,17797,33,33,True,True,False,62,19,7,14,12,18,1,11,163,2
en,mephaa,20977,33,33,True,True,False,62,19,7,14,12,18,1,11,163,2
en,mephaa-de-acatapec,184853,33,33,True,True,False,62,19,7,14,12,18,1,11,163,2
en,mephaa-de-huitzapula,184831,33,33,True,True,False,62,19,7,14,12,18,1,11,163,2
en,meqa,101396,33,33,True,True,False,62,19,7,14,12,18,1,11,163,2
en,merey,101729,33,33,True,True,False,62,19,7,14,12,18,1,11,163,2
en,merwari,99886,33,33,True,True,False,62,19,7,14,12,18,1,11,163,2
en,mewari,20814,33,33,True,True,False,62,19,7,14,12,18,1,11,163,2
en,mexican-sign-language,8230,1,1,False,False,False,1,1,0,0,0,0,0,11,196,2
en,meyah,144460,33,33,True,True,False,62,19,7,14,12,18,1,11,163,2
en,mgbolizhia,53313,33,33,True,True,False,62,19,7,14,12,18,1,11,163,2
en,miao-central-mashan,140982,33,33,True,True,False,62,19,7,14,12,18,1,11,163,2
en,miao-chuanqiandian-cluster,140246,33,33,True,True,False,62,19,7,14,12,18,1,11,163,2
en,miao-eastern-qiandong,144869,33,33,True,True,False,63,19,7,14,12,18,1,11,163,2
en,miao-huishui-northern,22842,33,33,True,True,False,63,19,7,14,12,18,1,11,163,2
en,miao-northern-qiandong,140948,33,33,True,True,False,63,19,7,14,12,18,1,11,163,2
en,miao-small-flowery,142333,33,33,True,True,False,63,19,7,14,12,18,1,11,163,2
en,miao-southern-qiandong,140985,33,33,True,True,False,62,19,7,14,12,18,1,11,163,2
en,migili,32122,33,33,True,True,False,64,19,7,14,12,18,1,11,163,2
en,miju-mishmi,144427,33,33,True,True,False,62,19,7,14,12,18,1,11,163,2
en,minangkabau,17695,33,33,True,True,False,62,19,7,14,12,18,1,11,163,2
en,mingrelian,5076,33,33,True,True,False,62,19,7,14,12,18,1,11,163,2
en,minianka,20917,33,33,True,True,False,62,19,7,14,12,18,1,11,163,2
en,mirgan,5935,33,33,True,True,False,62,19,7,14,12,18,1,11,163,2
en,mising,24177,33,33,True,True,False,62,19,7,14,12,18,1,11,163,2
en,miskito,5527,33,33,True,True,False,62,19,7,14,12,18,1,11,163,2
en,mixe-coatlan,8235,33,33,True,True,False,62,19,7,14,12,18,1,11,163,2
en,mixe-del-istmo,8295,33,33,True,True,False,62,19,7,14,12,18,1,11,163,2
en,mixtec-amoltepec,144228,33,33,True,True,False,62,19,7,14,12,18,1,11,163,2
en,mixtec-ayutla,26162,33,33,True,True,False,62,19,7,14,12,18,1,11,163,2
en,mixtec-magdalena-penasco,142146,33,33,True,True,False,63,19,7,14,12,18,1,11,163,2
en,mixteco-alacatlatzala,8299,33,33,True,True,False,62,19,7,14,12,18,1,11,163,2
en,mixteco-central-juxtlahuaca,8038,33,33,True,True,False,62,19,7,14,12,18,1,11,163,2
en,mixteco-cuquila-ocotepec,184833,33,33,True,True,False,62,19,7,14,12,18,1,11,163,2
en,mixteco-diuxi-tilantongo,8294,33,33,True,True,False,62,19,7,14,12,18,1,11,163,2
en,mixteco-eastern,8303,33,33,True,True,False,62,19,7,14,12,18,1,11,163,2
en,mixteco-metlatonoc,8193,33,33,True,True,False,62,19,7,14,12,18,1,11,163,2
en,mixteco-monte-verde,23992,33,33,True,True,False,62,19,7,14,12,18,1,11,163,2
en,mixteco-northwest-oaxaca,8202,33,33,True,True,False,62,19,7,14,12,18,1,11,163,2
en,mixteco-potoichan,184832,33,33,True,True,False,62,19,7,14,12,18,1,11,163,2
en,mixteco-santa-maria-apasco,8296,33,33,True,True,False,62,19,7,14,12,18,1,11,163,2
en,mixteco-silacayoapan,8287,33,33,True,True,False,62,19,7,14,12,18,1,11,163,2
en,mixteco-southern-puebla,8293,33,33,True,True,False,62,19,7,14,12,18,1,11,163,2
en,mixteco-terroro-venado,24007,33,33,True,True,False,62,19,7,14,12,18,1,11,163,2
en,miya,9461,33,33,True,True,False,62,19,7,14,12,18,1,11,163,2
en,mizo-lushai,23578,33,33,True,True,False,62,19,7,14,12,18,1,11,163,2
en,mmen,139817,33,33,True,True,False,64,19,7,14,12,18,1,11,163,2
en,mnong-central,2159,33,33,True,True,False,63,19,7,14,12,18,1,11,163,2
en,mnong-rlam,19200,33,33,True,True,False,62,19,7,14,12,18,1,11,163,2
en,moba,2029,57,57,True,True,True,121,37,12,24,20,23,1,11,139,2
en,mochi,144705,33,33,True,True,False,62,19,7,14,12,18,1,11,163,2
en,modole,17075,33,33,True,True,False,62,19,7,14,12,18,1,11,163,2
en,mofu-gudur,23922,33,33,True,True,False,62,19,7,14,12,18,1,11,163,2
en,moken,101562,33,33,True,True,False,62,19,7,14,12,18,1,11,163,2
en,moksha,18487,33,33,True,True,False,62,19,7,14,12,18,1,11,163,2
en,molbog,12603,33,33,True,True,False,62,19,7,14,12,18,1,11,163,2
en,moma,101665,33,33,True,True,False,62,19,7,14,12,18,1,11,163,2
en,mon,20010,33,33,True,True,False,62,19,7,14,12,18,1,11,163,2
en,mongolian-halh,18259,76,76,True,True,True,230,51,18,26,26,28,3,11,117,2
en,mongondow,17467,33,33,True,True,False,62,19,7,14,12,18,1,11,163,2
en,mongo-nkundu,15300,33,33,True,True,False,62,19,7,14,12,18,1,11,163,2
en,mono,20007,33,33,True,True,False,62,19,7,14,12,18,1,11,163,2
en,moore,2028,66,66,True,True,True,143,41,17,26,24,24,3,11,127,2
en,moro,13889,33,33,True,True,False,62,19,7,14,12,18,1,11,163,2
en,moru,13901,33,33,True,True,False,62,19,7,14,12,18,1,11,163,2
en,mosiye,140404,33,33,True,True,False,62,19,7,14,12,18,1,11,163,2
en,mouwase,141066,33,33,True,True,False,62,19,7,14,12,18,1,11,163,2
en,mpoto,7791,33,33,True,True,False,62,19,7,14,12,18,1,11,163,2
en,mpyemo,3207,33,33,True,True,False,62,19,7,14,12,18,1,11,163,2
en,mro,53346,33,33,True,True,False,62,19,7,14,12,18,1,11,163,2
en,mru,1251,33,33,True,True,False,62,19,7,14,12,18,1,11,163,2
en,mualang,144156,33,33,True,True,False,62,19,7,14,12,18,1,11,163,2
en,mumuye,2441,33,33,True,True,False,62,19,7,14,12,18,1,11,163,2
en,muna,17462,33,33,True,True,False,62,19,7,14,12,18,1,11,163,2
en,munda,100408,33,33,True,True,False,62,19,7,14,12,18,1,11,163,2
en,mundang,2453,33,33,True,True,False,62,19,7,14,12,18,1,11,163,2
en,mundani,2440,33,33,True,True,False,62,19,7,14,12,18,1,11,163,2
en,mundari,1250,33,33,True,True,False,62,19,7,14,12,18,1,11,163,2
en,mundari-south-sudan,127670,33,33,True,True,False,62,19,7,14,12,18,1,11,163,2
en,mundu,184502,33,33,True,True,False,62,19,7,14,12,18,1,11,163,2
en,munduruku,1821,33,33,True,True,False,62,19,7,14,12,18,1,11,163,2
en,mungaka,2485,33,33,True,True,False,62,19,7,14,12,18,1,11,163,2
en,munukutuba,4334,42,42,True,True,False,84,23,12,16,16,19,3,11,151,2
en,muong,19191,53,53,True,True,True,116,35,9,23,18,23,1,11,143,2
en,mupun,155934,33,33,True,True,False,62,19,7,14,12,18,1,11,163,2
en,muria-eastern,98139,33,33,True,True,False,62,19,7,14,12,18,1,11,163,2
en,muria-western,101474,33,33,True,True,False,62,19,7,14,12,18,1,11,163,2
en,murle,4764,33,33,True,True,False,62,19,7,14,12,18,1,11,163,2
en,musgu,2449,33,33,True,True,False,62,19,7,14,12,18,1,11,163,2
en,muyang,2430,33,33,True,True,False,62,19,7,14,12,18,1,11,163,2
en,mwaghavul,10021,37,37,True,True,False,67,21,10,15,14,18,1,11,159,2
en,mwan,143863,33,33,True,True,False,62,19,7,14,12,18,1,11,163,2
en,mwani,8486,33,33,True,True,False,62,19,7,14,12,18,1,11,163,2
en,mwera,14124,33,33,True,True,False,62,19,7,14,12,18,1,11,163,2
en,mwimbi-igoji-muthambi,7300,33,33,True,True,False,62,19,7,14,12,18,1,11,163,2
en,naasioi,20061,33,33,True,True,False,62,19,7,14,12,18,1,11,163,2
en,nafaanra,5228,33,33,True,True,False,62,19,7,14,12,18,1,11,163,2
en,naga-angami,6071,33,33,True,True,False,62,19,7,14,12,18,1,11,163,2
en,naga-chang,101847,33,33,True,True,False,62,19,7,14,12,18,1,11,163,2
en,naga-chokri,101310,33,33,True,True,False,62,19,7,14,12,18,1,11,163,2
en,naga-khezha,143890,33,33,True,True,False,62,19,7,14,12,18,1,11,163,2
en,naga-konyak,6144,33,33,True,True,False,62,19,7,14,12,18,1,11,163,2
en,naga-liangmai,143810,33,33,True,True,False,62,19,7,14,12,18,1,11,163,2
en,naga-lotha,6079,33,33,True,True,False,62,19,7,14,12,18,1,11,163,2
en,naga-mao,6110,33,33,True,True,False,62,19,7,14,12,18,1,11,163,2
en,nagamese,20842,34,34,True,True,False,64,20,8,14,12,18,1,11,162,2
en,naga-rongmei,6108,33,33,True,True,False,62,19,7,14,12,18,1,11,163,2
en,naga-sangtam,101316,33,33,True,True,False,62,19,7,14,12,18,1,11,163,2
en,naga-sumi,144286,33,33,True,True,False,62,19,7,14,12,18,1,11,163,2
en,naga-tangkhul,6044,33,33,True,True,False,62,19,7,14,12,18,1,11,163,2
en,naga-yimchungru,100453,33,33,True,True,False,62,19,7,14,12,18,1,11,163,2
en,naga-zeme,101677,33,33,True,True,False,62,19,7,14,12,18,1,11,163,2
en,nage,17269,33,33,True,True,False,62,19,7,14,12,18,1,11,163,2
en,nago,1327,33,33,True,True,False,62,19,7,14,12,18,1,11,163,2
en,nahuatl-central-huasteca,26419,53,53,True,True,True,116,35,9,23,18,23,1,11,143,2
en,nahuatl-eastern-huasteca,8188,53,53,True,True,True,116,35,9,23,18,23,1,11,143,2
en,nahuatl-isthmus-pajapan,143712,33,33,True,True,False,62,19,7,14,12,18,1,11,163,2
en,nahuatl-michoacan,144766,33,33,True,True,False,62,19,7,14,12,18,1,11,163,2
en,nahuatl-northern-puebla,144765,33,33,True,True,False,62,19,7,14,12,18,1,11,163,2
en,nahuatl-orizaba,8164,54,54,True,True,True,130,36,9,23,18,23,1,11,142,2
en,nahuatl-sierra-de-puebla,8336,33,33,True,True,False,62,19,7,14,12,18,1,11,163,2
en,nahuatl-southeast-puebla,8173,33,33,True,True,False,62,19,7,14,12,18,1,11,163,2
en,nahuatl-western-huasteca,8170,53,53,True,True,True,116,35,9,23,18,23,1,11,143,2
en,nahuatl-zacatlan-ahuacatlan-tepetzintla,143707,33,33,True,True,False,62,19,7,14,12,18,1,11,163,2
en,nakanai,11536,33,33,True,True,False,63,19,7,14,12,18,1,11,163,2
en,nalca,16214,33,33,True,True,False,62,19,7,14,12,18,1,11,163,2
en,nama,144017,33,33,True,True,False,62,19,7,14,12,18,1,11,163,2
en,nambikuara-southern,1816,33,33,True,True,False,62,19,7,14,12,18,1,11,163,2
en,nambya,15865,33,33,True,True,False,62,19,7,14,12,18,1,11,163,2
en,namiae,144455,33,33,True,True,False,62,19,7,14,12,18,1,11,163,2
en,namwanga,53095,33,33,True,True,False,64,19,7,14,12,18,1,11,163,2
en,nandeva,169287,33,33,True,True,False,63,19,7,14,12,18,1,11,163,2
en,nandi,102324,33,33,True,True,False,62,19,7,14,12,18,1,11,163,2
en,nangjere,37552,33,33,True,True,False,62,19,7,14,12,18,1,11,163,2
en,napu,101301,33,33,True,True,False,62,19,7,14,12,18,1,11,163,2
en,nasu-eastern,22847,54,54,True,True,True,130,36,9,23,18,23,1,11,142,2
en,nauruan,8818,42,42,True,True,False,84,23,12,16,16,19,3,11,151,2
en,navaho,19097,33,33,True,True,False,62,19,7,14,12,18,1,11,163,2
en,nawary,427,33,33,True,True,False,62,19,7,14,12,18,1,11,163,2
en,nawdm,5220,33,33,True,True,False,62,19,7,14,12,18,1,11,163,2
en,naxi,3974,37,37,True,True,False,72,22,9,15,13,19,1,11,159,2
en,ndali,20070,33,33,True,True,False,62,19,7,14,12,18,1,11,163,2
en,ndamba,14117,33,33,True,True,False,62,19,7,14,12,18,1,11,163,2
en,ndau,8441,33,33,True,True,False,62,19,7,14,12,18,1,11,163,2
en,ndebele-northern,20851,66,66,True,True,True,143,41,17,26,24,24,3,11,127,2
en,ndebele-southern,20852,33,33,True,True,False,62,19,7,14,12,18,1,11,163,2
en,ndendeule,14271,33,33,True,True,False,62,19,7,14,12,18,1,11,163,2
en,ndogo,13876,33,33,True,True,False,62,19,7,14,12,18,1,11,163,2
en,ndokwa-ukwuani,142180,33,33,True,True,False,62,19,7,14,12,18,1,11,163,2
en,ndola,176097,33,33,True,True,False,62,19,7,14,12,18,1,11,163,2
en,ndrulo,139155,33,33,True,True,False,62,19,7,14,12,18,1,11,163,2
en,ndruna,24295,33,33,True,True,False,62,19,7,14,12,18,1,11,163,2
en,ndut,143453,33,33,True,True,False,64,19,7,14,12,18,1,11,163,2
en,nembe,9731,33,33,True,True,False,62,19,7,14,12,18,1,11,163,2
en,nepali,1370,94,94,True,True,True,255,52,24,37,35,39,3,11,99,2
en,nethakani,139167,33,33,True,True,False,63,19,7,14,12,18,1,11,163,2
en,newari,6093,33,33,True,True,False,62,19,7,14,12,18,1,11,163,2
en,new-zealand-sign-language,9194,1,1,False,False,False,1,1,0,0,0,0,0,11,196,2
en,ngada,144528,33,33,True,True,False,62,19,7,14,12,18,1,11,163,2
en,ngakarimojong,20736,37,37,True,True,False,67,21,10,15,14,18,1,11,159,2
en,ngambay,2303,33,33,True,True,False,62,19,7,14,12,18,1,11,163,2
en,ngamo,9410,33,33,True,True,False,62,19,7,14,12,18,1,11,163,2
en,ngas,22193,33,33,True,True,False,62,19,7,14,12,18,1,11,163,2
en,ngbaka,4327,33,33,True,True,False,62,19,7,14,12,18,1,11,163,2
en,ngbandi,15269,33,33,True,True,False,62,19,7,14,12,18,1,11,163,2
en,ngbandi-ngiri,26416,33,33,True,True,False,62,19,7,14,12,18,1,11,163,2
en,ngbugu,53433,37,37,True,True,False,67,21,10,15,14,18,1,11,159,2
en,nghlawa,184630,33,33,True,True,False,62,19,7,14,12,18,1,11,163,2
en,ngiemboon,2348,33,33,True,True,False,62,19,7,14,12,18,1,11,163,2
en,ngindo,14108,33,33,True,True,False,62,19,7,14,12,18,1,11,163,2
en,ngizim,9396,33,33,True,True,False,62,19,7,14,12,18,1,11,163,2
en,ngomba,2344,33,33,True,True,False,62,19,7,14,12,18,1,11,163,2
en,ngombale,2357,33,33,True,True,False,62,19,7,14,12,18,1,11,163,2
en,ngombe,20077,33,33,True,True,False,62,19,7,14,12,18,1,11,163,2
en,ngombe-north,184944,33,33,True,True,False,63,19,7,14,12,18,1,11,163,2
en,ngombe-south,184943,33,33,True,True,False,63,19,7,14,12,18,1,11,163,2
en,ngonde,184510,33,33,True,True,False,62,19,7,14,12,18,1,11,163,2
en,ngulu,14115,33,33,True,True,False,62,19,7,14,12,18,1,11,163,2
en,nguna,149957,33,33,True,True,False,63,19,7,14,12,18,1,11,163,2
en,ngungwel,143643,33,33,True,True,False,62,19,7,14,12,18,1,11,163,2
en,nias,20089,33,33,True,True,False,62,19,7,14,12,18,1,11,163,2
en,nigerian-pidgin-english,22176,37,37,True,True,False,67,21,10,15,14,18,1,11,159,2
en,nimadi,6029,37,37,True,True,False,70,22,9,15,13,19,1,11,159,2
en,ninzo,27269,33,33,True,True,False,62,19,7,14,12,18,1,11,163,2
en,nisu-northern,142610,33,33,True,True,False,63,19,7,14,12,18,1,11,163,2
en,nivacle,140010,33,33,True,True,False,62,19,7,14,12,18,1,11,163,2
en,njebi,4312,33,33,True,True,False,62,19,7,14,12,18,1,11,163,2
en,nkim-nkum,184584,33,33,True,True,False,64,19,7,14,12,18,1,11,163,2
en,nkoya,15739,33,33,True,True,False,64,19,7,14,12,18,1,11,163,2
en,nogai,18634,33,33,True,True,False,63,19,7,14,12,18,1,11,163,2
en,noiri,101184,33,33,True,True,False,62,19,7,14,12,18,1,11,163,2
en,nomane,144116,33,33,True,True,False,62,19,7,14,12,18,1,11,163,2
en,noon,142878,33,33,True,True,False,64,19,7,14,12,18,1,11,163,2
en,noone,2364,33,33,True,True,False,62,19,7,14,12,18,1,11,163,2
en,north-gumuz,184659,33,33,True,True,False,62,19,7,14,12,18,1,11,163,2
en,norwegian-bokmal,10393,43,43,True,True,False,109,17,11,17,21,20,0,11,154,2
en,nosu-shengzha,3732,33,33,True,True,False,62,19,7,14,12,18,1,11,163,2
en,nosu-tianba,22928,33,33,True,True,False,63,19,7,14,12,18,1,11,163,2
en,nosu-yinuo,22929,33,33,True,True,False,63,19,7,14,12,18,1,11,163,2
en,notsi,144763,33,33,True,True,False,62,19,7,14,12,18,1,11,163,2
en,nsenga,8464,33,33,True,True,False,62,19,7,14,12,18,1,11,163,2
en,nta,152629,33,33,True,True,False,62,19,7,14,12,18,1,11,163,2
en,ntcham,5171,57,57,True,True,True,121,37,12,24,20,23,1,11,139,2
en,nuer,4752,42,42,True,True,False,84,23,12,16,16,19,3,11,151,2
en,numanggang,11479,33,33,True,True,False,62,19,7,14,12,18,1,11,163,2
en,nung,7481,33,33,True,True,False,62,19,7,14,12,18,1,11,163,2
en,nuni-southern,2021,33,33,True,True,False,63,19,7,14,12,18,1,11,163,2
en,nupe,9384,37,37,True,True,False,67,21,10,15,14,18,1,11,159,2
en,nusa-penida,185193,33,33,True,True,False,62,19,7,14,12,18,1,11,163,2
en,nyala,100971,33,33,True,True,False,62,19,7,14,12,18,1,11,163,2
en,nyamboa,184629,33,33,True,True,False,62,19,7,14,12,18,1,11,163,2
en,nyamwezi,14089,33,33,True,True,False,62,19,7,14,12,18,1,11,163,2
en,nyaneka,588,33,33,True,True,False,62,19,7,14,12,18,1,11,163,2
en,nyanga,15224,33,33,True,True,False,62,19,7,14,12,18,1,11,163,2
en,nyangatom,144101,33,33,True,True,False,62,19,7,14,12,18,1,11,163,2
en,nyaturu,14248,33,33,True,True,False,62,19,7,14,12,18,1,11,163,2
en,nyiramba,24140,33,33,True,True,False,62,19,7,14,12,18,1,11,163,2
en,nyishi,22564,33,33,True,True,False,62,19,7,14,12,18,1,11,163,2
en,nyole,14731,33,33,True,True,False,62,19,7,14,12,18,1,11,163,2
en,nyungwe,8523,33,33,True,True,False,62,19,7,14,12,18,1,11,163,2
en,nzakara,3161,33,33,True,True,False,62,19,7,14,12,18,1,11,163,2
en,nzanyi,2363,33,33,True,True,False,62,19,7,14,12,18,1,11,163,2
en,nzema,5213,33,33,True,True,False,62,19,7,14,12,18,1,11,163,2
en,oadki,184811,53,53,True,True,True,116,35,9,23,18,23,1,11,143,2
en,obamba,185226,33,33,True,True,False,62,19,7,14,12,18,1,11,163,2
en,obe-nrung-ene,184632,33,33,True,True,False,64,19,7,14,12,18,1,11,163,2
en,obolo,10364,33,33,True,True,False,62,19,7,14,12,18,1,11,163,2
en,obo-manobo,53403,33,33,True,True,False,62,19,7,14,12,18,1,11,163,2
en,odiya,184528,83,83,True,True,True,237,42,18,34,33,40,1,11,113,2
en,od-rajput,184537,33,33,True,True,False,62,19,7,14,12,18,1,11,163,2
en,ogan,17785,33,33,True,True,False,62,19,7,14,12,18,1,11,163,2
en,ogea,12186,33,33,True,True,False,62,19,7,14,12,18,1,11,163,2
en,ogoni,21236,33,33,True,True,False,62,19,7,14,12,18,1,11,163,2
en,ojibwa-western,3001,33,33,True,True,False,62,19,7,14,12,18,1,11,163,2
en,okiek,7266,33,33,True,True,False,62,19,7,14,12,18,1,11,163,2
en,okinawan-central,7103,33,33,True,True,False,62,19,7,14,12,18,1,11,163,2
en,okpe,144693,33,33,True,True,False,62,19,7,14,12,18,1,11,163,2
en,okpella,181696,33,33,True,True,False,62,19,7,14,12,18,1,11,163,2
en,okrika,9346,33,33,True,True,False,62,19,7,14,12,18,1,11,163,2
en,oku,144701,33,33,True,True,False,62,19,7,14,12,18,1,11,163,2
en,olukwumi,142183,33,33,True,True,False,62,19,7,14,12,18,1,11,163,2
en,olulumo-ikom,141024,33,33,True,True,False,62,19,7,14,12,18,1,11,163,2
en,olunyole,144539,33,33,True,True,False,62,19,7,14,12,18,1,11,163,2
en,olutachoni,99504,33,33,True,True,False,62,19,7,14,12,18,1,11,163,2
en,omi,15220,33,33,True,True,False,62,19,7,14,12,18,1,11,163,2
en,omwunra-toqura,155279,33,33,True,True,False,63,19,7,14,12,18,1,11,163,2
en,oniyan,139945,33,33,True,True,False,64,19,7,14,12,18,1,11,163,2
en,ono,144792,33,33,True,True,False,63,19,7,14,12,18,1,11,163,2
en,orang-seletar,143459,33,33,True,True,False,62,19,7,14,12,18,1,11,163,2
en,oriya-adivasi,143460,33,33,True,True,False,62,19,7,14,12,18,1,11,163,2
en,orokaiva,144702,33,33,True,True,False,63,19,7,14,12,18,1,11,163,2
en,oroko,97247,33,33,True,True,False,64,19,7,14,12,18,1,11,163,2
en,oromo-borana-arsi-guji,4700,33,33,True,True,False,62,19,7,14,12,18,1,11,163,2
en,oromo-eastern,140928,37,37,True,True,False,67,21,10,15,14,18,1,11,159,2
en,oromo-west-central,4695,59,59,True,True,True,136,39,12,24,20,23,1,11,137,2
en,oro-wari-2,171627,33,33,True,True,False,62,19,7,14,12,18,1,11,163,2
en,osetin,5089,33,33,True,True,False,62,19,7,14,12,18,1,11,163,2
en,osing,16640,33,33,True,True,False,62,19,7,14,12,18,1,11,163,2
en,ososo,143465,33,33,True,True,False,62,19,7,14,12,18,1,11,163,2
en,ot-danum,143469,33,33,True,True,False,62,19,7,14,12,18,1,11,163,2
en,otetela,20965,33,33,True,True,False,62,19,7,14,12,18,1,11,163,2
en,otomi-eastern,8156,33,33,True,True,False,62,19,7,14,12,18,1,11,163,2
en,otomi-mezquital,8158,33,33,True,True,False,62,19,7,14,12,18,1,11,163,2
en,otomi-western,8154,33,33,True,True,False,62,19,7,14,12,18,1,11,163,2
en,otoro,143475,33,33,True,True,False,62,19,7,14,12,18,1,11,163,2
en,otuho-lotuko,53422,32,32,True,True,False,61,18,7,14,12,17,1,11,164,2
en,owa,143295,33,33,True,True,False,63,19,7,14,12,18,1,11,163,2
en,oyda,143568,33,33,True,True,False,62,19,7,14,12,18,1,11,163,2
en,paama,143851,33,33,True,True,False,63,19,7,14,12,18,1,11,163,2
en,padoe,143600,33,33,True,True,False,62,19,7,14,12,18,1,11,163,2
en,paez,4181,33,33,True,True,False,62,19,7,14,12,18,1,11,163,2
en,pagabete,143573,33,33,True,True,False,62,19,7,14,12,18,1,11,163,2
en,pagoe,20138,33,33,True,True,False,62,19,7,14,12,18,1,11,163,2
en,pak-pak-dairi,21637,33,33,True,True,False,62,19,7,14,12,18,1,11,163,2
en,palamua,184571,33,33,True,True,False,62,19,7,14,12,18,1,11,163,2
en,palauan,10589,42,42,True,True,False,86,23,12,16,16,19,3,11,151,2
en,palaung-pale,3957,33,33,True,True,False,62,19,7,14,12,18,1,11,163,2
en,palaung-rumai,3936,33,33,True,True,False,62,19,7,14,12,18,1,11,163,2
en,palembang,17774,33,33,True,True,False,62,19,7,14,12,18,1,11,163,2
en,palikur,143846,33,33,True,True,False,62,19,7,14,12,18,1,11,163,2
en,pame-central,8145,33,33,True,True,False,62,19,7,14,12,18,1,11,163,2
en,pamona,19521,33,33,True,True,False,62,19,7,14,12,18,1,11,163,2
en,panare,15088,33,33,True,True,False,62,19,7,14,12,18,1,11,163,2
en,panchpargania,23403,33,33,True,True,False,62,19,7,14,12,18,1,11,163,2
en,pangasinan,12606,33,33,True,True,False,62,19,7,14,12,18,1,11,163,2
en,pangwa,14084,33,33,True,True,False,62,19,7,14,12,18,1,11,163,2
en,pangwali,143668,33,33,True,True,False,63,19,7,14,12,18,1,11,163,2
en,paniya,5969,33,33,True,True,False,62,19,7,14,12,18,1,11,163,2
en,panjabi-western,5949,33,33,True,True,False,62,19,7,14,12,18,1,11,163,2
en,pao,21662,33,33,True,True,False,62,19,7,14,12,18,1,11,163,2
en,papel,5446,33,33,True,True,False,62,19,7,14,12,18,1,11,163,2
en,papiamentu,9131,42,42,True,True,False,84,23,12,16,16,19,3,11,151,2
en,parakana,184475,33,33,True,True,False,62,19,7,14,12,18,1,11,163,2
en,paranan,12518,33,33,True,True,False,62,19,7,14,12,18,1,11,163,2
en,pardhan,5968,33,33,True,True,False,63,19,7,14,12,18,1,11,163,2
en,pardhi,5960,33,33,True,True,False,64,19,7,14,12,18,1,11,163,2
en,parecis,1794,33,33,True,True,False,62,19,7,14,12,18,1,11,163,2
en,pasaale,5209,33,33,True,True,False,62,19,7,14,12,18,1,11,163,2
en,pasemah,17773,33,33,True,True,False,62,19,7,14,12,18,1,11,163,2
en,pashto-eastern-afghan,184820,63,63,True,True,True,126,44,12,25,19,25,1,11,133,2
en,pashto-southern,10519,53,53,True,True,True,116,35,9,23,18,23,1,11,143,2
en,pashto-yusufzai,374,62,62,True,True,True,197,39,14,25,22,24,3,11,131,2
en,pattae,153568,33,33,True,True,False,62,19,7,14,12,18,1,11,163,2
en,pattapu,139166,33,33,True,True,False,62,19,7,14,12,18,1,11,163,2
en,penang-hokkien,184819,33,33,True,True,False,62,19,7,14,12,18,1,11,163,2
en,pengo,5956,33,33,True,True,False,62,19,7,14,12,18,1,11,163,2
en,persian-sign-language,144134,1,1,False,False,False,1,1,0,0,0,0,0,11,196,2
en,peve,2561,33,33,True,True,False,62,19,7,14,12,18,1,11,163,2
en,phende,15213,37,37,True,True,False,67,21,10,15,14,18,1,11,159,2
en,phom,176708,33,33,True,True,False,62,19,7,14,12,18,1,11,163,2
en,piapoco,143762,33,33,True,True,False,63,19,7,14,12,18,1,11,163,2
en,piaroa,4178,33,33,True,True,False,62,19,7,14,12,18,1,11,163,2
en,pidgin-cameroon,2261,46,46,True,True,True,89,25,15,17,18,19,3,11,147,2
en,pidgin-liberian,7586,57,57,True,True,True,123,37,12,24,20,23,1,11,139,2
en,pijin,13316,63,63,True,True,True,152,40,14,25,22,24,3,11,130,2
en,pimbwe,143768,33,33,True,True,False,62,19,7,14,12,18,1,11,163,2
en,pinyin,143962,33,33,True,True,False,64,19,7,14,12,18,1,11,163,2
en,pipero,51689,33,33,True,True,False,62,19,7,14,12,18,1,11,163,2
en,plang,114936,33,33,True,True,False,62,19,7,14,12,18,1,11,163,2
en,plautdietsch,1278,33,33,True,True,False,62,19,7,14,12,18,1,11,163,2
en,pnar,5973,33,33,True,True,False,62,19,7,14,12,18,1,11,163,2
en,pogoro,127283,33,33,True,True,False,62,19,7,14,12,18,1,11,163,2
en,pohnpeian,20880,42,42,True,True,False,84,23,12,16,16,19,3,11,151,2
en,poke,15210,33,33,True,True,False,62,19,7,14,12,18,1,11,163,2
en,pokomo-lower,7248,33,33,True,True,False,62,19,7,14,12,18,1,11,163,2
en,pokoot,7251,37,37,True,True,False,67,21,10,15,14,18,1,11,159,2
en,polish,4451,119,119,True,True,True,344,64,29,46,48,45,3,11,73,2
en,pomeranian-brazilian,184588,33,33,True,True,False,62,19,7,14,12,18,1,11,163,2
en,pontianak-hakka,162168,33,33,True,True,False,62,19,7,14,12,18,1,11,163,2
en,popoloca-san-felipe-otlaltepec,8130,33,33,True,True,False,62,19,7,14,12,18,1,11,163,2
en,popoloca-san-juan-atzingo,8134,33,33,True,True,False,62,19,7,14,12,18,1,11,163,2
en,popoloca-san-luis-temalacayuca,101096,33,33,True,True,False,62,19,7,14,12,18,1,11,163,2
en,popoluca-sierra,8133,33,33,True,True,False,62,19,7,14,12,18,1,11,163,2
en,portuguese-brazil,584,154,154,True,True,True,533,85,37,52,54,62,3,11,39,2
en,portuguese-mozambique,139136,14,14,True,False,False,28,7,9,3,6,1,2,11,180,2
en,portuguese-portugal,21064,78,78,True,True,True,195,52,18,28,24,28,3,11,114,2
en,pougouli,173946,33,33,True,True,False,62,19,7,14,12,18,1,11,163,2
en,poumai-naga,184557,33,33,True,True,False,62,19,7,14,12,18,1,11,163,2
en,powari,101328,33,33,True,True,False,62,19,7,14,12,18,1,11,163,2
en,provencal,154958,33,33,True,True,False,62,19,7,14,12,18,1,11,163,2
en,puinave,144251,33,33,True,True,False,63,19,7,14,12,18,1,11,163,2
en,pulangiyen,154060,33,33,True,True,False,62,19,7,14,12,18,1,11,163,2
en,punan-tubu,144252,33,33,True,True,False,62,19,7,14,12,18,1,11,163,2
en,punjabi,46771,78,78,True,True,True,204,52,14,30,27,28,1,11,118,2
en,purepecha,8075,42,42,True,True,False,72,27,10,15,15,20,1,11,154,2
en,pyam,178026,33,33,True,True,False,62,19,7,14,12,18,1,11,163,2
en,qanjobal,141355,33,33,True,True,False,62,19,7,14,12,18,1,11,163,2
en,qashqai,184529,33,33,True,True,False,63,19,7,14,12,18,1,11,163,2
en,qena,156595,33,33,True,True,False,62,19,7,14,12,18,1,11,163,2
en,qiang-southern,27157,33,33,True,True,False,63,19,7,14,12,18,1,11,163,2
en,quechua-ambo-pasco,144393,33,33,True,True,False,64,19,7,14,12,18,1,11,163,2
en,quechua-ancash-conchucos-northern,12449,33,33,True,True,False,62,19,7,14,12,18,1,11,163,2
en,quechua-ancash-conchucos-southern,12445,33,33,True,True,False,62,19,7,14,12,18,1,11,163,2
en,quechua-ancash-huaylas,12461,33,33,True,True,False,62,19,7,14,12,18,1,11,163,2
en,quechua-ayacucho,12402,62,62,True,True,True,139,39,14,25,22,24,3,11,131,2
en,quechua-cuzco,12399,62,62,True,True,True,137,39,14,25,22,24,3,11,131,2
en,quechua-eastern-apurimac,27039,33,33,True,True,False,64,19,7,14,12,18,1,11,163,2
en,quechua-huanuco-huallaga,12422,33,33,True,True,False,62,19,7,14,12,18,1,11,163,2
en,quechua-huanuco-huamalies-northern-dos-de-mayo,12441,33,33,True,True,False,62,19,7,14,12,18,1,11,163,2
en,quechua-lambayeque,12421,33,33,True,True,False,62,19,7,14,12,18,1,11,163,2
en,quechua-margos-yarowilca-lauricocha,26302,33,33,True,True,False,62,19,7,14,12,18,1,11,163,2
en,quechua-north-bolivian,1428,33,33,True,True,False,62,19,7,14,12,18,1,11,163,2
en,quechua-north-junin,12428,33,33,True,True,False,62,19,7,14,12,18,1,11,163,2
en,quechua-panao-huanuco,144408,33,33,True,True,False,62,19,7,14,12,18,1,11,163,2
en,quechua-south-bolivian,633,63,63,True,True,True,152,40,14,25,22,24,3,11,130,2
en,quechua-southern-pastaza,144330,33,33,True,True,False,63,19,7,14,12,18,1,11,163,2
en,quiche-central,5399,42,42,True,True,False,84,23,12,16,16,19,3,11,151,2
en,quiche-joyabaj,5398,54,54,True,True,True,132,36,9,23,18,23,1,11,142,2
en,quiche-west-central,5425,33,33,True,True,False,62,19,7,14,12,18,1,11,163,2
en,quichua-canar-highland,144413,33,33,True,True,False,62,19,7,14,12,18,1,11,163,2
en,quichua-highland-chimborazo,4481,33,33,True,True,False,62,19,7,14,12,18,1,11,163,2
en,quichua-imbabura-highland,144395,33,33,True,True,False,62,19,7,14,12,18,1,11,163,2
en,quichua-pastaza,174473,33,33,True,True,False,62,19,7,14,12,18,1,11,163,2
en,quichua-salasaca-highland,144409,33,33,True,True,False,63,19,7,14,12,18,1,11,163,2
en,quichua-tena-lowland,144390,33,33,True,True,False,63,19,7,14,12,18,1,11,163,2
en,rabha,5934,33,33,True,True,False,62,19,7,14,12,18,1,11,163,2
en,rade,144481,33,33,True,True,False,62,19,7,14,12,18,1,11,163,2
en,rai-bantawa,24043,33,33,True,True,False,62,19,7,14,12,18,1,11,163,2
en,rajbangsi-india,23226,33,33,True,True,False,62,19,7,14,12,18,1,11,163,2
en,rajbanshi-nepal,23548,33,33,True,True,False,62,19,7,14,12,18,1,11,163,2
en,rakhine,101630,37,37,True,True,False,70,22,9,15,13,19,1,11,159,2
en,ralte,101511,0,0,False,False,False,0,0,0,0,0,0,0,11,197,2
en,rampi,19912,33,33,True,True,False,62,19,7,14,12,18,1,11,163,2
en,rana-tharu,8972,33,33,True,True,False,64,19,7,14,12,18,1,11,163,2
en,rangpuria-bangla,101632,33,33,True,True,False,62,19,7,14,12,18,1,11,163,2
en,rao,144489,33,33,True,True,False,63,19,7,14,12,18,1,11,163,2
en,rathawi,23313,33,33,True,True,False,62,19,7,14,12,18,1,11,163,2
en,ravula,142491,33,33,True,True,False,62,19,7,14,12,18,1,11,163,2
en,rawa,11329,33,33,True,True,False,63,19,7,14,12,18,1,11,163,2
en,rawang,5930,33,33,True,True,False,62,19,7,14,12,18,1,11,163,2
en,rejang,17769,33,33,True,True,False,62,19,7,14,12,18,1,11,163,2
en,rendille,7238,54,54,True,True,True,130,36,9,23,18,23,1,11,142,2
en,reshe,10048,33,33,True,True,False,62,19,7,14,12,18,1,11,163,2
en,reunion-creole-french,12923,33,33,True,True,False,62,19,7,14,12,18,1,11,163,2
en,ribeirinho,185334,33,33,True,True,False,62,19,7,14,12,18,1,11,163,2
en,rigwe,44748,33,33,True,True,False,62,19,7,14,12,18,1,11,163,2
en,rikbaktsa,1869,33,33,True,True,False,62,19,7,14,12,18,1,11,163,2
en,rinconada-bikol,158787,33,33,True,True,False,62,19,7,14,12,18,1,11,163,2
en,roglai-northern,19317,33,33,True,True,False,62,19,7,14,12,18,1,11,163,2
en,rohingya,24263,33,33,True,True,False,63,19,7,14,12,18,1,11,163,2
en,romanian,5546,117,117,True,True,True,336,61,30,43,48,46,3,11,76,2
en,romanian-sign-language,12961,1,1,False,False,False,1,1,0,0,0,0,0,11,196,2
en,romani-balkan,1953,34,34,True,True,False,88,20,7,14,12,18,1,11,162,2
en,romani-balkan-romania,184455,53,53,True,True,True,116,35,9,23,18,23,1,11,143,2
en,romani-caldarasi,22334,34,34,True,True,False,76,20,7,14,12,18,1,11,162,2
en,romani-carpathian,4450,33,33,True,True,False,62,19,7,14,12,18,1,11,163,2
en,romani-kalderash-western,21027,33,33,True,True,False,62,19,7,14,12,18,1,11,163,2
en,romani-sinte,1113,33,33,True,True,False,62,19,7,14,12,18,1,11,163,2
en,romblomanon,12602,33,33,True,True,False,62,19,7,14,12,18,1,11,163,2
en,ronga,8520,33,33,True,True,False,62,19,7,14,12,18,1,11,163,2
en,roviana,143435,33,33,True,True,False,63,19,7,14,12,18,1,11,163,2
en,rufumbira,106188,33,33,True,True,False,62,19,7,14,12,18,1,11,163,2
en,rukuba,46969,33,33,True,True,False,62,19,7,14,12,18,1,11,163,2
en,rumu,11956,33,33,True,True,False,62,19,7,14,12,18,1,11,163,2
en,runyankole,20859,37,37,True,True,False,67,21,10,15,14,18,1,11,159,2
en,runyoro,20861,37,37,True,True,False,67,21,10,15,14,18,1,11,159,2
en,ruruuli-runyala,139185,33,33,True,True,False,62,19,7,14,12,18,1,11,163,2
en,russian,3934,151,151,True,True,True,527,77,36,56,55,60,3,11,41,2
en,russian-sign-language,1944,1,1,False,False,False,1,1,0,0,0,0,0,11,196,2
en,ruund,583,33,33,True,True,False,62,19,7,14,12,18,1,11,163,2
en,ruwila,185129,33,33,True,True,False,62,19,7,14,12,18,1,11,163,2
en,saa,97071,33,33,True,True,False,63,19,7,14,12,18,1,11,163,2
en,saafi-saafi,143610,33,33,True,True,False,62,19,7,14,12,18,1,11,163,2
en,sabaot,7227,33,33,True,True,False,62,19,7,14,12,18,1,11,163,2
en,sabu,17346,33,33,True,True,False,62,19,7,14,12,18,1,11,163,2
en,sadani,20902,33,33,True,True,False,62,19,7,14,12,18,1,11,163,2
en,sadri-oraon,23797,33,33,True,True,False,62,19,7,14,12,18,1,11,163,2
en,safwa,14236,33,33,True,True,False,62,19,7,14,12,18,1,11,163,2
en,saho-eritrea,184521,33,33,True,True,False,63,19,7,14,12,18,1,11,163,2
en,sahu,17040,33,33,True,True,False,62,19,7,14,12,18,1,11,163,2
en,sakalava-analalava,24120,33,33,True,True,False,64,19,7,14,12,18,1,11,163,2
en,sakalava-besalampy,24121,33,33,True,True,False,64,19,7,14,12,18,1,11,163,2
en,sakata,20196,33,33,True,True,False,62,19,7,14,12,18,1,11,163,2
en,salar,3924,0,0,False,False,False,1,0,0,0,0,0,0,11,197,2
en,saluan,144834,33,33,True,True,False,62,19,7,14,12,18,1,11,163,2
en,sama-bangingi,24235,33,33,True,True,False,62,19,7,14,12,18,1,11,163,2
en,sama-central,12588,33,33,True,True,False,64,19,7,14,12,18,1,11,163,2
en,sama-mum,184509,33,33,True,True,False,62,19,7,14,12,18,1,11,163,2
en,samarkand-tajik,24156,54,54,True,True,True,130,36,9,23,18,23,1,11,142,2
en,sama-southern,12595,53,53,True,True,True,116,35,9,23,18,23,1,11,143,2
en,sambal,20905,33,33,True,True,False,64,19,7,14,12,18,1,11,163,2
en,sambalpuri,138284,54,54,True,True,True,142,36,9,23,18,23,1,11,142,2
en,samburu,7237,37,37,True,True,False,67,21,10,15,14,18,1,11,159,2
en,samia,7235,33,33,True,True,False,62,19,7,14,12,18,1,11,163,2
en,samo,2018,33,33,True,True,False,62,19,7,14,12,18,1,11,163,2
en,samoan,530,42,42,True,True,False,84,23,12,16,16,19,3,11,151,2
en,san-andres-islander-creole,184519,33,33,True,True,False,62,19,7,14,12,18,1,11,163,2
en,san-chi,143419,33,33,True,True,False,62,19,7,14,12,18,1,11,163,2
en,sanga,142134,33,33,True,True,False,62,19,7,14,12,18,1,11,163,2
en,sanggau,143690,33,33,True,True,False,62,19,7,14,12,18,1,11,163,2
en,sangihe,20908,33,33,True,True,False,62,19,7,14,12,18,1,11,163,2
en,sangil,12585,33,33,True,True,False,62,19,7,14,12,18,1,11,163,2
en,sango,3156,46,46,True,True,True,89,25,15,17,18,19,3,11,147,2
en,sangu,20199,33,33,True,True,False,62,19,7,14,12,18,1,11,163,2
en,sani-3,142869,33,33,True,True,False,62,19,7,14,12,18,1,11,163,2
en,sansi,10545,33,33,True,True,False,62,19,7,14,12,18,1,11,163,2
en,santali-india,24249,34,34,True,True,False,78,20,7,14,12,18,1,11,162,2
en,santhali-nepal,184924,33,33,True,True,False,62,19,7,14,12,18,1,11,163,2
en,sanuma,1720,33,33,True,True,False,62,19,7,14,12,18,1,11,163,2
en,sapo,141597,33,33,True,True,False,62,19,7,14,12,18,1,11,163,2
en,saptari,184902,33,33,True,True,False,64,19,7,14,12,18,1,11,163,2
en,sara,22640,33,33,True,True,False,62,19,7,14,12,18,1,11,163,2
en,saraiki,5907,33,33,True,True,False,62,19,7,14,12,18,1,11,163,2
en,saraiki-megwhal,185257,53,53,True,True,True,115,35,9,23,18,23,1,11,143,2
en,saramaccan,18715,33,33,True,True,False,62,19,7,14,12,18,1,11,163,2
en,sardinian-logudorese,6975,53,53,True,True,True,116,35,9,23,18,23,1,11,143,2
en,sarlahi-tharu,151150,33,33,True,True,False,62,19,7,14,12,18,1,11,163,2
en,sasak,17249,33,33,True,True,False,62,19,7,14,12,18,1,11,163,2
en,satere-mawe,184849,33,33,True,True,False,62,19,7,14,12,18,1,11,163,2
en,saurashtra,5920,53,53,True,True,True,116,35,9,23,18,23,1,11,143,2
en,sauria-paharia,6222,33,33,True,True,False,62,19,7,14,12,18,1,11,163,2
en,saya,10040,33,33,True,True,False,62,19,7,14,12,18,1,11,163,2
en,sedoa,100107,33,33,True,True,False,62,19,7,14,12,18,1,11,163,2
en,sehwi,5210,33,33,True,True,False,64,19,7,14,12,18,1,11,163,2
en,seko-padang,142642,33,33,True,True,False,62,19,7,14,12,18,1,11,163,2
en,selaru,142753,33,33,True,True,False,62,19,7,14,12,18,1,11,163,2
en,selayar,17556,33,33,True,True,False,62,19,7,14,12,18,1,11,163,2
en,semelai,141912,33,33,True,True,False,62,19,7,14,12,18,1,11,163,2
en,sena,8513,33,33,True,True,False,62,19,7,14,12,18,1,11,163,2
en,sena-malawi,7788,33,33,True,True,False,64,19,7,14,12,18,1,11,163,2
en,sengele,15471,33,33,True,True,False,62,19,7,14,12,18,1,11,163,2
en,sengwer,185249,33,33,True,True,False,62,19,7,14,12,18,1,11,163,2
en,senoufo-cebaara,15990,33,33,True,True,False,62,19,7,14,12,18,1,11,163,2
en,senoufo-djimini,16084,33,33,True,True,False,62,19,7,14,12,18,1,11,163,2
en,senoufo-nyarafolo,102234,33,33,True,True,False,62,19,7,14,12,18,1,11,163,2
en,senoufo-supyire,7811,33,33,True,True,False,63,19,7,14,12,18,1,11,163,2
en,senoufo-tagbana,53417,33,33,True,True,False,62,19,7,14,12,18,1,11,163,2
en,serawai,17760,33,33,True,True,False,62,19,7,14,12,18,1,11,163,2
en,serbian,5541,96,96,True,True,True,263,46,23,36,39,45,3,11,97,2
en,serere-sine,5058,33,33,True,True,False,62,19,7,14,12,18,1,11,163,2
en,seselwa-creole,13079,42,42,True,True,False,84,23,12,16,16,19,3,11,151,2
en,shambala,14154,33,33,True,True,False,62,19,7,14,12,18,1,11,163,2
en,shan,8684,38,38,True,True,False,71,23,10,15,13,19,1,11,158,2
en,shanghainese,20623,33,33,True,True,False,64,19,7,14,12,18,1,11,163,2
en,shanjo,151817,33,33,True,True,False,64,19,7,14,12,18,1,11,163,2
en,sharchogpa,23047,42,42,True,True,False,86,23,12,16,16,19,3,11,151,2
en,shawi-chayahuita,159000,53,53,True,True,True,116,35,9,23,18,23,1,11,143,2
en,shekhawati,24416,53,53,True,True,True,116,35,9,23,18,23,1,11,143,2
en,shekkacho,143877,33,33,True,True,False,62,19,7,14,12,18,1,11,163,2
en,sheko,142418,33,33,True,True,False,62,19,7,14,12,18,1,11,163,2
en,sherbro,13084,33,33,True,True,False,62,19,7,14,12,18,1,11,163,2
en,sherpa,3929,33,33,True,True,False,62,19,7,14,12,18,1,11,163,2
en,shilluk,13848,33,33,True,True,False,62,19,7,14,12,18,1,11,163,2
en,shimaore,7752,42,42,True,True,False,84,23,12,16,16,19,3,11,151,2
en,shina,5918,33,33,True,True,False,62,19,7,14,12,18,1,11,163,2
en,shina-kohistani,10500,33,33,True,True,False,62,19,7,14,12,18,1,11,163,2
en,shipibo-conibo,12392,33,33,True,True,False,62,19,7,14,12,18,1,11,163,2
en,shona,8506,68,68,True,True,True,158,42,17,26,25,25,3,11,125,2
en,shuar,4499,42,42,True,True,False,84,23,12,16,16,19,3,11,151,2
en,shughni,20208,37,37,True,True,False,68,23,9,15,12,18,1,11,159,2
en,shui,22094,33,33,True,True,False,62,19,7,14,12,18,1,11,163,2
en,siang,20248,33,33,True,True,False,62,19,7,14,12,18,1,11,163,2
en,siar-lak,142536,33,33,True,True,False,62,19,7,14,12,18,1,11,163,2
en,sidaama,131700,54,54,True,True,True,117,36,10,23,18,23,1,11,142,2
en,sidamo,4644,1,1,False,False,False,1,1,1,0,0,0,0,11,196,2
en,siddi,185207,33,33,True,True,False,62,19,7,14,12,18,1,11,163,2
en,sihanaka-2,153384,33,33,True,True,False,62,19,7,14,12,18,1,11,163,2
en,sika,142631,33,33,True,True,False,62,19,7,14,12,18,1,11,163,2
en,sikkiligar,142647,33,33,True,True,False,62,19,7,14,12,18,1,11,163,2
en,silte,143300,33,33,True,True,False,62,19,7,14,12,18,1,11,163,2
en,sinasina,11259,33,33,True,True,False,62,19,7,14,12,18,1,11,163,2
en,sinaugoro,11303,33,33,True,True,False,63,19,7,14,12,18,1,11,163,2
en,sindhi,389,63,63,True,True,True,139,39,14,25,23,25,3,11,130,2
en,sindhi-bhil,10488,53,53,True,True,True,115,35,9,23,18,23,1,11,143,2
en,sindhi-sansi,185328,53,53,True,True,True,115,35,9,23,18,23,1,11,143,2
en,sinhala,13172,67,67,True,True,True,175,43,14,25,23,26,3,11,126,2
en,sirmauri,26359,33,33,True,True,False,62,19,7,14,12,18,1,11,163,2
en,sisaala-tumulung,5206,37,37,True,True,False,67,21,10,15,14,18,1,11,159,2
en,sissala,142646,33,33,True,True,False,63,19,7,14,12,18,1,11,163,2
en,siswati,20947,47,47,True,True,True,103,26,15,17,18,19,3,11,146,2
en,slavey,20223,33,33,True,True,False,62,19,7,14,12,18,1,11,163,2
en,slovak,5545,103,103,True,True,True,259,55,28,37,41,43,3,11,90,2
en,slovenian,1112,44,44,True,True,True,99,25,13,16,16,19,3,11,149,2
en,soli,15796,33,33,True,True,False,64,19,7,14,12,18,1,11,163,2
en,somali,4466,69,69,True,True,True,199,43,17,26,25,26,3,11,124,2
en,somba-siawari,139791,33,33,True,True,False,62,19,7,14,12,18,1,11,163,2
en,songai-timbuktu,24012,33,33,True,True,False,62,19,7,14,12,18,1,11,163,2
en,songe,15480,33,33,True,True,False,62,19,7,14,12,18,1,11,163,2
en,songhay-gao,53370,46,46,True,True,True,94,26,14,17,17,20,3,11,147,2
en,soninke,2005,33,33,True,True,False,64,19,7,14,12,18,1,11,163,2
en,sora,5879,33,33,True,True,False,62,19,7,14,12,18,1,11,163,2
en,sotho-northern,13465,43,43,True,True,False,98,24,12,16,16,19,3,11,150,2
en,sotho-southern,7546,48,48,True,True,True,104,26,15,17,19,20,3,11,145,2
en,sougb,143861,33,33,True,True,False,62,19,7,14,12,18,1,11,163,2
en,southern-gondi-adilabad,180517,33,33,True,True,False,62,19,7,14,12,18,1,11,163,2
en,southern-nisu,24433,33,33,True,True,False,62,19,7,14,12,18,1,11,163,2
en,south-gumuz,184660,33,33,True,True,False,62,19,7,14,12,18,1,11,163,2
en,spanish-castilian,21046,79,79,True,True,True,247,52,18,29,28,28,3,11,114,2
en,spanish-latin-american,21028,158,158,True,True,True,626,84,38,54,54,65,3,11,34,2
en,sranan-tongo,21231,63,63,True,True,True,154,40,14,25,22,24,3,11,130,2
en,suau,143387,33,33,True,True,False,63,19,7,14,12,18,1,11,163,2
en,suba,7222,53,53,True,True,True,116,35,9,23,18,23,1,11,143,2
en,subanen-eastern,142332,33,33,True,True,False,64,19,7,14,12,18,1,11,163,2
en,subanen-northern,12572,53,53,True,True,True,116,35,9,23,18,23,1,11,143,2
en,subanon-western,12568,33,33,True,True,False,62,19,7,14,12,18,1,11,163,2
en,suba-simbiti,101456,33,33,True,True,False,62,19,7,14,12,18,1,11,163,2
en,suena,143302,33,33,True,True,False,63,19,7,14,12,18,1,11,163,2
en,suku,15476,30,30,True,True,False,55,16,7,12,12,17,1,11,166,2
en,sukuma,14226,57,57,True,True,True,121,37,12,24,20,23,1,11,139,2
en,sukur,10022,33,33,True,True,False,64,19,7,14,12,18,1,11,163,2
en,sula,17035,33,33,True,True,False,62,19,7,14,12,18,1,11,163,2
en,sumbawa,17226,33,33,True,True,False,62,19,7,14,12,18,1,11,163,2
en,sunda,16618,33,33,True,True,False,62,19,7,14,12,18,1,11,163,2
en,sunda-alus,185190,33,33,True,True,False,62,19,7,14,12,18,1,11,163,2
en,sundanese-banten,185191,33,33,True,True,False,62,19,7,14,12,18,1,11,163,2
en,sunuwar,24068,33,33,True,True,False,62,19,7,14,12,18,1,11,163,2
en,suodi,22863,33,33,True,True,False,64,19,7,14,12,18,1,11,163,2
en,surgujia,142339,33,33,True,True,False,62,19,7,14,12,18,1,11,163,2
en,suri-tirmaga-chai,4739,33,33,True,True,False,62,19,7,14,12,18,1,11,163,2
en,surjapuri,23316,33,33,True,True,False,62,19,7,14,12,18,1,11,163,2
en,surui,143124,33,33,True,True,False,62,19,7,14,12,18,1,11,163,2
en,suryoyo,24145,33,33,True,True,False,62,19,7,14,12,18,1,11,163,2
en,susu,5470,46,46,True,True,True,92,26,14,17,17,20,3,11,147,2
en,swahili-congo,23388,66,66,True,True,True,143,41,17,26,24,24,3,11,127,2
en,swahili-kenya,23179,37,37,True,True,False,66,22,7,14,13,20,1,11,159,2
en,swahili-tanzania,23178,103,103,True,True,True,284,54,24,40,42,44,1,11,93,2
en,swedish,4823,96,96,True,True,True,244,46,23,39,39,41,3,11,97,2
en,sylheti,144882,33,33,True,True,False,63,19,7,14,12,18,1,11,163,2
en,sylhetti,1236,33,33,True,True,False,64,19,7,14,12,18,1,11,163,2
en,syriac,53438,53,53,True,True,True,116,35,9,23,18,23,1,11,143,2
en,taa,153397,33,33,True,True,False,62,19,7,14,12,18,1,11,163,2
en,tabaru,17028,33,33,True,True,False,62,19,7,14,12,18,1,11,163,2
en,tabassaran,18617,33,33,True,True,False,62,19,7,14,12,18,1,11,163,2
en,tacawit,139091,62,62,True,True,True,138,39,14,25,22,24,3,11,131,2
en,tachelhit,507,64,64,True,True,True,193,41,14,25,22,24,3,11,129,2
en,tado,164090,33,33,True,True,False,62,19,7,14,12,18,1,11,163,2
en,tagalog,12551,117,117,True,True,True,322,64,29,43,45,46,3,11,76,2
en,tagbanwa-calamian,142016,33,33,True,True,False,62,19,7,14,12,18,1,11,163,2
en,tahitian,4950,42,42,True,True,False,84,23,12,16,16,19,3,11,151,2
en,tai-dam,7516,33,33,True,True,False,62,19,7,14,12,18,1,11,163,2
en,tai-don,7428,33,33,True,True,False,62,19,7,14,12,18,1,11,163,2
en,tai-lue,20789,33,33,True,True,False,62,19,7,14,12,18,1,11,163,2
en,tai-nua,3910,33,33,True,True,False,63,19,7,14,12,18,1,11,163,2
en,tairora,150415,33,33,True,True,False,62,19,7,14,12,18,1,11,163,2
en,taita,7334,33,33,True,True,False,62,19,7,14,12,18,1,11,163,2
en,tajik,24309,75,75,True,True,True,178,51,17,28,24,27,3,11,118,2
en,tajpuriya,185078,33,33,True,True,False,62,19,7,14,12,18,1,11,163,2
en,takia,142010,33,33,True,True,False,63,19,7,14,12,18,1,11,163,2
en,takuu-nakumanu,53392,33,33,True,True,False,62,19,7,14,12,18,1,11,163,2
en,takwane,26862,33,33,True,True,False,62,19,7,14,12,18,1,11,163,2
en,tal,100301,33,33,True,True,False,62,19,7,14,12,18,1,11,163,2
en,talaandig-manobo,185337,33,33,True,True,False,62,19,7,14,12,18,1,11,163,2
en,talaud,17547,33,33,True,True,False,62,19,7,14,12,18,1,11,163,2
en,tali-2,181020,33,33,True,True,False,62,19,7,14,12,18,1,11,163,2
en,talysh,1124,53,53,True,True,True,119,35,9,23,18,23,1,11,143,2
en,tamajeq-tahoua,7807,33,33,True,True,False,62,19,7,14,12,18,1,11,163,2
en,tamang-eastern,5872,33,33,True,True,False,62,19,7,14,12,18,1,11,163,2
en,tamang-western,8989,33,33,True,True,False,62,19,7,14,12,18,1,11,163,2
en,tamasheq-kidal,2000,42,42,True,True,False,84,23,12,16,16,19,3,11,151,2
en,tamazight-central-atlas,512,63,63,True,True,True,214,40,14,25,22,24,3,11,130,2
en,tambee,154906,33,33,True,True,False,62,19,7,14,12,18,1,11,163,2
en,tamil,5871,117,117,True,True,True,311,64,28,43,45,47,3,11,76,2
en,tampulma,5291,33,33,True,True,False,62,19,7,14,12,18,1,11,163,2
en,tangale,10014,33,33,True,True,False,62,19,7,14,12,18,1,11,163,2
en,tangoa,142360,33,33,True,True,False,62,19,7,14,12,18,1,11,163,2
en,tangsa-kimsing,184546,33,33,True,True,False,64,19,7,14,12,18,1,11,163,2
en,tangshang-shecyu-cyamcyang,6007,33,33,True,True,False,64,19,7,14,12,18,1,11,163,2
en,tanjijili,142172,33,33,True,True,False,62,19,7,14,12,18,1,11,163,2
en,tanna-north,14970,33,33,True,True,False,62,19,7,14,12,18,1,11,163,2
en,tanna-southwest,15013,33,33,True,True,False,62,19,7,14,12,18,1,11,163,2
en,tarahumara-baja,8109,33,33,True,True,False,62,19,7,14,12,18,1,11,163,2
en,tarahumara-central,8108,33,33,True,True,False,62,19,7,14,12,18,1,11,163,2
en,tarifit,101621,54,54,True,True,True,119,36,9,23,18,23,1,11,142,2
en,tarifit-arabic-based-script,184497,1,1,False,False,False,1,1,0,0,1,0,0,11,196,2
en,tarifit-latin-based-script,184498,1,1,False,False,False,1,1,0,0,1,0,0,11,196,2
en,tarok,9930,33,33,True,True,False,62,19,7,14,12,18,1,11,163,2
en,tasahlit,139137,53,53,True,True,True,116,35,9,23,18,23,1,11,143,2
en,tatar,411,54,54,True,True,True,145,36,9,23,18,23,1,11,142,2
en,tat-azeri,143311,33,33,True,True,False,62,19,7,14,12,18,1,11,163,2
en,tat-juhuri,1126,33,33,True,True,False,62,19,7,14,12,18,1,11,163,2
en,tausug,12535,53,53,True,True,True,116,35,9,23,18,23,1,11,143,2
en,taveta,141934,33,33,True,True,False,64,19,7,14,12,18,1,11,163,2
en,tawala,142078,33,33,True,True,False,63,19,7,14,12,18,1,11,163,2
en,tawbuid-eastern,139803,33,33,True,True,False,62,19,7,14,12,18,1,11,163,2
en,tboli,12557,33,33,True,True,False,62,19,7,14,12,18,1,11,163,2
en,tchien-krahn,22194,33,33,True,True,False,62,19,7,14,12,18,1,11,163,2
en,tchumbuli,139904,33,33,True,True,False,62,19,7,14,12,18,1,11,163,2
en,tehit,141560,33,33,True,True,False,62,19,7,14,12,18,1,11,163,2
en,tehl,184512,33,33,True,True,False,62,19,7,14,12,18,1,11,163,2
en,teke-central,4309,33,33,True,True,False,62,19,7,14,12,18,1,11,163,2
en,teke-eboo,140487,33,33,True,True,False,62,19,7,14,12,18,1,11,163,2
en,teke-tege,26378,33,33,True,True,False,62,19,7,14,12,18,1,11,163,2
en,telugu,5848,87,87,True,True,True,233,58,18,30,30,32,3,11,106,2
en,tem,1335,57,57,True,True,True,121,37,12,24,20,23,1,11,139,2
en,tembarissa,149770,33,33,True,True,False,62,19,7,14,12,18,1,11,163,2
en,temi,143000,33,33,True,True,False,62,19,7,14,12,18,1,11,163,2
en,tengger,16628,33,33,True,True,False,62,19,7,14,12,18,1,11,163,2
en,tennet,100574,33,33,True,True,False,62,19,7,14,12,18,1,11,163,2
en,teochew,23075,33,33,True,True,False,62,19,7,14,12,18,1,11,163,2
en,tepehuan-northern,144370,33,33,True,True,False,63,19,7,14,12,18,1,11,163,2
en,tera,10007,33,33,True,True,False,62,19,7,14,12,18,1,11,163,2
en,ternate,17110,33,33,True,True,False,62,19,7,14,12,18,1,11,163,2
en,teso-kenyan,20964,33,33,True,True,False,62,19,7,14,12,18,1,11,163,2
en,tetun-belu,53297,42,42,True,True,False,84,23,12,16,16,19,3,11,151,2
en,tetun-dili,17224,33,33,True,True,False,62,19,7,14,12,18,1,11,163,2
en,thai,13169,132,132,True,True,True,364,75,33,47,48,51,3,11,61,2
en,thai-northern,21118,58,58,True,True,True,128,39,12,24,19,24,1,11,138,2
en,thai-southern,20969,34,34,True,True,False,64,20,8,14,12,18,1,11,162,2
en,thami,8982,33,33,True,True,False,62,19,7,14,12,18,1,11,163,2
en,tharaka,20269,33,33,True,True,False,62,19,7,14,12,18,1,11,163,2
en,tharu-dangaura,23714,33,33,True,True,False,64,19,7,14,12,18,1,11,163,2
en,tharu-kathariya,142653,33,33,True,True,False,62,19,7,14,12,18,1,11,163,2
en,themne,13098,38,38,True,True,False,81,22,10,15,14,18,1,11,158,2
en,thradhri-kohli,184810,53,53,True,True,True,116,35,9,23,18,23,1,11,143,2
en,thur,139156,33,33,True,True,False,62,19,7,14,12,18,1,11,163,2
en,ticuna,1699,33,33,True,True,False,62,19,7,14,12,18,1,11,163,2
en,tidung-southern,184691,33,33,True,True,False,62,19,7,14,12,18,1,11,163,2
en,tigak,142353,33,33,True,True,False,62,19,7,14,12,18,1,11,163,2
en,tigre,4575,33,33,True,True,False,62,19,7,14,12,18,1,11,163,2
en,tigrinya-eritrea,23526,38,38,True,True,False,68,22,10,15,14,18,1,11,158,2
en,tigrinya-ethiopia,4576,54,54,True,True,True,130,36,9,23,18,23,1,11,142,2
en,tigwahanon-manobo,185335,33,33,True,True,False,61,19,7,15,12,18,0,11,164,2
en,tinonanon-manobo,185338,33,33,True,True,False,62,19,7,14,12,18,1,11,163,2
en,tira,13812,32,32,True,True,False,61,18,7,14,12,17,1,11,164,2
en,tiriki,105534,33,33,True,True,False,62,19,7,14,12,18,1,11,163,2
en,tiruray,12537,33,33,True,True,False,65,19,7,14,12,18,1,11,163,2
en,tiv,2285,37,37,True,True,False,67,21,10,15,14,18,1,11,159,2
en,tiwa-northern,19002,33,33,True,True,False,62,19,7,14,12,18,1,11,163,2
en,tiyaa,179655,33,33,True,True,False,62,19,7,14,12,18,1,11,163,2
en,tlapaneco-de-tlacoapa,169301,33,33,True,True,False,62,19,7,14,12,18,1,11,163,2
en,tlicho,139104,33,33,True,True,False,62,19,7,14,12,18,1,11,163,2
en,toabaita,143501,33,33,True,True,False,62,19,7,14,12,18,1,11,163,2
en,toba-maskoy,142777,33,33,True,True,False,63,19,7,14,12,18,1,11,163,2
en,tobelo,100859,33,33,True,True,False,62,19,7,14,12,18,1,11,163,2
en,tojolabal,8093,33,33,True,True,False,62,19,7,14,12,18,1,11,163,2
en,tok-pisin,23528,43,43,True,True,False,100,24,12,16,16,19,3,11,150,2
en,tolaki,17501,33,33,True,True,False,62,19,7,14,12,18,1,11,163,2
en,toli-gbe-2,161504,33,33,True,True,False,62,19,7,14,12,18,1,11,163,2
en,toma,20285,34,34,True,True,False,76,20,7,14,12,18,1,11,162,2
en,tombulu,17431,33,33,True,True,False,62,19,7,14,12,18,1,11,163,2
en,tomini,17424,33,33,True,True,False,62,19,7,14,12,18,1,11,163,2
en,tondano,20259,33,33,True,True,False,62,19,7,14,12,18,1,11,163,2
en,tonga,142905,45,45,True,True,True,89,25,15,17,17,19,3,11,148,2
en,tonga-malawi,21094,33,33,True,True,False,64,19,7,14,12,18,1,11,163,2
en,tongan,14509,43,43,True,True,False,99,24,12,16,16,19,3,11,150,2
en,tonga-zambezi,20984,1,1,False,False,False,2,0,0,0,1,0,0,11,196,2
en,tonsawang,17432,33,33,True,True,False,62,19,7,14,12,18,1,11,163,2
en,tonsea,17423,33,33,True,True,False,62,19,7,14,12,18,1,11,163,2
en,tontemboan,17436,33,33,True,True,False,62,19,7,14,12,18,1,11,163,2
en,tontemboan-makelai,185195,33,33,True,True,False,62,19,7,14,12,18,1,11,163,2
en,toposa,13805,53,53,True,True,True,116,35,9,23,18,23,1,11,143,2
en,toraja,21247,33,33,True,True,False,62,19,7,14,12,18,1,11,163,2
en,torwali,10474,33,33,True,True,False,62,19,7,14,12,18,1,11,163,2
en,totonaca-sierra,8089,33,33,True,True,False,62,19,7,14,12,18,1,11,163,2
en,totonac-coyutla,142900,33,33,True,True,False,62,19,7,14,12,18,1,11,163,2
en,totonac-papantla,142907,33,33,True,True,False,62,19,7,14,12,18,1,11,163,2
en,toura,102103,33,33,True,True,False,62,19,7,14,12,18,1,11,163,2
en,traditional-japanese,185332,33,33,True,True,False,62,19,7,14,12,18,1,11,163,2
en,trinitario,143039,33,33,True,True,False,63,19,7,14,12,18,1,11,163,2
en,trique-san-juan-copala,8079,33,33,True,True,False,62,19,7,14,12,18,1,11,163,2
en,trukese,20637,33,33,True,True,False,62,19,7,14,12,18,1,11,163,2
en,tsamakko,176424,33,33,True,True,False,62,19,7,14,12,18,1,11,163,2
en,tshiluba,20790,57,57,True,True,True,121,37,12,24,20,23,1,11,139,2
en,tsikimba,9616,33,33,True,True,False,62,19,7,14,12,18,1,11,163,2
en,tsimane,140021,33,33,True,True,False,63,19,7,14,12,18,1,11,163,2
en,tsimanex,184827,33,33,True,True,False,62,19,7,14,12,18,1,11,163,2
en,tsimihety,20805,33,33,True,True,False,64,19,7,14,12,18,1,11,163,2
en,tsishingini,20989,33,33,True,True,False,62,19,7,14,12,18,1,11,163,2
en,tsogo,5019,53,53,True,True,True,116,35,9,23,18,23,1,11,143,2
en,tsonga,8494,42,42,True,True,False,86,23,12,16,16,19,3,11,151,2
en,tsuvadi,24161,33,33,True,True,False,62,19,7,14,12,18,1,11,163,2
en,tswa,20293,33,33,True,True,False,62,19,7,14,12,18,1,11,163,2
en,tswana,1479,47,47,True,True,True,103,26,15,17,18,19,3,11,146,2
en,tugen,141927,33,33,True,True,False,62,19,7,14,12,18,1,11,163,2
en,tu-huzhu,139089,33,33,True,True,False,62,19,7,14,12,18,1,11,163,2
en,tula,9999,33,33,True,True,False,62,19,7,14,12,18,1,11,163,2
en,tulu,5829,33,33,True,True,False,62,19,7,14,12,18,1,11,163,2
en,tumbuka,7786,33,33,True,True,False,64,19,7,14,12,18,1,11,163,2
en,tunia,143322,33,33,True,True,False,62,19,7,14,12,18,1,11,163,2
en,tunjung,20270,33,33,True,True,False,62,19,7,14,12,18,1,11,163,2
en,tupuri,2281,33,33,True,True,False,62,19,7,14,12,18,1,11,163,2
en,turka,141928,33,33,True,True,False,62,19,7,14,12,18,1,11,163,2
en,turkana,7285,37,37,True,True,False,67,21,10,15,14,18,1,11,159,2
en,turkish,1942,139,139,True,True,True,383,81,33,49,50,54,3,11,54,2
en,turkmen,420,72,72,True,True,True,175,49,17,28,23,25,3,11,121,2
en,tuvin,3892,54,54,True,True,True,132,36,9,23,18,23,1,11,142,2
en,tuyuca,143321,33,33,True,True,False,63,19,7,14,12,18,1,11,163,2
en,tyap,98853,33,33,True,True,False,62,19,7,14,12,18,1,11,163,2
en,tzeltal-bachajon,8072,33,33,True,True,False,62,19,7,14,12,18,1,11,163,2
en,tzeltal-oxchuc,23936,33,33,True,True,False,62,19,7,14,12,18,1,11,163,2
en,tzeltal-tenango,23135,33,33,True,True,False,62,19,7,14,12,18,1,11,163,2
en,tzeltal-tenejapa,184662,54,54,True,True,True,130,36,9,23,18,23,1,11,142,2
en,tzotzil-chamula,8069,33,33,True,True,False,62,19,7,14,12,18,1,11,163,2
en,tzutujil-eastern,5433,33,33,True,True,False,62,19,7,14,12,18,1,11,163,2
en,tzutujil-western,150571,33,33,True,True,False,62,19,7,14,12,18,1,11,163,2
en,uare,141610,33,33,True,True,False,62,19,7,14,12,18,1,11,163,2
en,udmurt,18606,54,54,True,True,True,142,36,9,23,18,23,1,11,142,2
en,uduk,142121,33,33,True,True,False,62,19,7,14,12,18,1,11,163,2
en,ukaan,141292,33,33,True,True,False,62,19,7,14,12,18,1,11,163,2
en,ukrainian,12876,103,103,True,True,True,276,51,24,41,41,42,3,11,89,2
en,ukrainian-sign-language,14783,1,1,False,False,False,1,1,0,0,0,0,0,11,196,2
en,ukue,142179,33,33,True,True,False,62,19,7,14,12,18,1,11,163,2
en,umajamnon-manobo,185339,33,33,True,True,False,61,19,7,15,12,18,0,11,164,2
en,umbundu,564,42,42,True,True,False,84,23,12,16,16,19,3,11,151,2
en,uneme-north,142202,33,33,True,True,False,62,19,7,14,12,18,1,11,163,2
en,uneme-south,185254,33,33,True,True,False,62,19,7,14,12,18,1,11,163,2
en,urat,11105,33,33,True,True,False,63,19,7,14,12,18,1,11,163,2
en,urdu,407,117,117,True,True,True,385,66,28,43,45,47,3,11,76,2
en,urdu-indian,22563,1,1,False,False,False,1,1,0,0,0,0,0,11,196,2
en,urhobo,9976,33,33,True,True,False,62,19,7,14,12,18,1,11,163,2
en,urim,11108,33,33,True,True,False,62,19,7,14,12,18,1,11,163,2
en,uripiv-wala-rano-atchin,142266,33,33,True,True,False,63,19,7,14,12,18,1,11,163,2
en,urubu-kaapor,1669,33,33,True,True,False,62,19,7,14,12,18,1,11,163,2
en,usarufa,142286,33,33,True,True,False,63,19,7,14,12,18,1,11,163,2
en,ushoi,125402,33,33,True,True,False,62,19,7,14,12,18,1,11,163,2
en,uspanteco,5431,33,33,True,True,False,62,19,7,14,12,18,1,11,163,2
en,ut-hun,160430,33,33,True,True,False,62,19,7,14,12,18,1,11,163,2
en,utukwang,179212,33,33,True,True,False,64,19,7,14,12,18,1,11,163,2
en,uud-danum,171233,33,33,True,True,False,62,19,7,14,12,18,1,11,163,2
en,uyghur,410,41,41,True,True,False,73,27,10,16,12,19,1,11,155,2
en,uyghur-central-asia,185211,1,1,False,False,False,1,0,1,0,1,0,0,11,196,2
en,uzbek-northern,3888,75,75,True,True,True,178,51,18,27,23,27,3,11,118,2
en,uzbek-southern,406,33,33,True,True,False,62,19,7,14,12,18,1,11,163,2
en,vagla,5279,33,33,True,True,False,62,19,7,14,12,18,1,11,163,2
en,vai,7564,37,37,True,True,False,67,21,10,15,14,18,1,11,159,2
en,vaiphei,142378,33,33,True,True,False,62,19,7,14,12,18,1,11,163,2
en,vajjika,153840,33,33,True,True,False,62,19,7,14,12,18,1,11,163,2
en,vale,142372,33,33,True,True,False,62,19,7,14,12,18,1,11,163,2
en,vanuma,142380,33,33,True,True,False,62,19,7,14,12,18,1,11,163,2
en,varhadi-nagpuri,100506,33,33,True,True,False,62,19,7,14,12,18,1,11,163,2
en,varli,5771,33,33,True,True,False,62,19,7,14,12,18,1,11,163,2
en,vasavi,5772,33,33,True,True,False,64,19,7,14,12,18,1,11,163,2
en,vasavi-kolche,181949,33,33,True,True,False,62,19,7,14,12,18,1,11,163,2
en,vasui,11150,33,33,True,True,False,62,19,7,14,12,18,1,11,163,2
en,venda,13414,34,34,True,True,False,76,20,7,14,12,18,1,11,162,2
en,verre,125753,33,33,True,True,False,62,19,7,14,12,18,1,11,163,2
en,vidunda,142394,33,33,True,True,False,62,19,7,14,12,18,1,11,163,2
en,vietnamese,3887,142,142,True,True,True,381,79,35,51,53,54,3,11,51,2
en,vietnamese-northern,22500,56,56,True,True,True,134,37,10,23,19,24,1,11,140,2
en,vili,4295,33,33,True,True,False,62,19,7,14,12,18,1,11,163,2
en,visualvernacular,185345,3,3,False,False,False,5,3,2,0,0,0,0,11,194,2
en,vitu,11052,33,33,True,True,False,62,19,7,14,12,18,1,11,163,2
en,vunjo-chagga,24141,33,33,True,True,False,62,19,7,14,12,18,1,11,163,2
en,vwanji,20318,33,33,True,True,False,62,19,7,14,12,18,1,11,163,2
en,waama,1313,33,33,True,True,False,62,19,7,14,12,18,1,11,163,2
en,waata,143207,33,33,True,True,False,62,19,7,14,12,18,1,11,163,2
en,waddar,5767,33,33,True,True,False,62,19,7,14,12,18,1,11,163,2
en,wagdi,5766,33,33,True,True,False,62,19,7,14,12,18,1,11,163,2
en,waghiri,142303,33,33,True,True,False,62,19,7,14,12,18,1,11,163,2
en,waja,9959,33,33,True,True,False,62,19,7,14,12,18,1,11,163,2
en,wakatobi,157752,33,33,True,True,False,62,19,7,14,12,18,1,11,163,2
en,wala,141771,33,33,True,True,False,63,19,7,14,12,18,1,11,163,2
en,wali,5276,33,33,True,True,False,62,19,7,14,12,18,1,11,163,2
en,wambon,142964,33,33,True,True,False,62,19,7,14,12,18,1,11,163,2
en,wamey,140083,33,33,True,True,False,64,19,7,14,12,18,1,11,163,2
en,wampis,184483,33,33,True,True,False,63,19,7,14,12,18,1,11,163,2
en,wana-taa,185330,33,33,True,True,False,62,19,7,14,12,18,1,11,163,2
en,waneci,10461,33,33,True,True,False,62,19,7,14,12,18,1,11,163,2
en,wanga-luhya,20794,33,33,True,True,False,62,19,7,14,12,18,1,11,163,2
en,waorani,139202,33,33,True,True,False,62,19,7,14,12,18,1,11,163,2
en,warao,5500,33,33,True,True,False,63,19,7,14,12,18,1,11,163,2
en,waray-waray,12533,33,33,True,True,False,62,19,7,14,12,18,1,11,163,2
en,warji,9955,33,33,True,True,False,62,19,7,14,12,18,1,11,163,2
en,waropen,143147,33,33,True,True,False,62,19,7,14,12,18,1,11,163,2
en,wasa,20332,33,33,True,True,False,62,19,7,14,12,18,1,11,163,2
en,waskia,143157,33,33,True,True,False,63,19,7,14,12,18,1,11,163,2
en,watakataui,11033,33,33,True,True,False,62,19,7,14,12,18,1,11,163,2
en,waumeo,4187,33,33,True,True,False,62,19,7,14,12,18,1,11,163,2
en,waura,100773,33,33,True,True,False,62,19,7,14,12,18,1,11,163,2
en,wa-vo,144886,33,33,True,True,False,62,19,7,14,12,18,1,11,163,2
en,wayampi-amapari,1795,33,33,True,True,False,62,19,7,14,12,18,1,11,163,2
en,wayampi-oiapoque,1796,1,1,False,False,False,1,1,0,0,0,0,0,11,196,2
en,wayuu,4232,34,34,True,True,False,76,20,7,14,12,18,1,11,162,2
en,welsh,14815,33,33,True,True,False,62,19,7,14,12,18,1,11,163,2
en,we-northern,143058,33,33,True,True,False,62,19,7,14,12,18,1,11,163,2
en,weri-2,142830,33,33,True,True,False,62,19,7,14,12,18,1,11,163,2
en,western-carib,49145,33,33,True,True,False,62,19,7,14,12,18,1,11,163,2
en,western-garame,179190,33,33,True,True,False,62,19,7,14,12,18,1,11,163,2
en,western-lipo,153360,33,33,True,True,False,63,19,7,14,12,18,1,11,163,2
en,western-poqomchi,153551,34,34,True,True,False,63,20,8,14,12,18,1,11,162,2
en,wewewa,21002,33,33,True,True,False,62,19,7,14,12,18,1,11,163,2
en,wichi-lhamtes-guisnay,144584,33,33,True,True,False,62,19,7,14,12,18,1,11,163,2
en,winye,141618,33,33,True,True,False,63,19,7,14,12,18,1,11,163,2
en,wolane,142947,33,33,True,True,False,62,19,7,14,12,18,1,11,163,2
en,wolaytta,4734,53,53,True,True,True,116,35,9,23,18,23,1,11,143,2
en,wolio,17408,33,33,True,True,False,62,19,7,14,12,18,1,11,163,2
en,wolof,7897,62,62,True,True,True,147,39,14,25,22,24,3,11,131,2
en,wondama,142589,33,33,True,True,False,62,19,7,14,12,18,1,11,163,2
en,worodougou,141238,33,33,True,True,False,62,19,7,14,12,18,1,11,163,2
en,wumvu,143169,33,33,True,True,False,62,19,7,14,12,18,1,11,163,2
en,xaasongaxango,141265,53,53,True,True,True,116,35,9,23,18,23,1,11,143,2
en,xamtanga,4724,33,33,True,True,False,62,19,7,14,12,18,1,11,163,2
en,xavante,1759,33,33,True,True,False,62,19,7,14,12,18,1,11,163,2
en,xhosa,13408,68,68,True,True,True,158,42,17,26,25,25,3,11,125,2
en,xiang,20627,33,33,True,True,False,62,19,7,14,12,18,1,11,163,2
en,xinulajgsipij,169603,33,33,True,True,False,62,19,7,14,12,18,1,11,163,2
en,xun,581,33,33,True,True,False,62,19,7,14,12,18,1,11,163,2
en,yabem,141124,33,33,True,True,False,63,19,7,14,12,18,1,11,163,2
en,yaka,19495,33,33,True,True,False,62,19,7,14,12,18,1,11,163,2
en,yaka-central-african-republic,139124,33,33,True,True,False,62,19,7,14,12,18,1,11,163,2
en,yaka-d-r-c,139126,37,37,True,True,False,67,21,10,15,14,18,1,11,159,2
en,yaka-drcongo,580,33,33,True,True,False,62,19,7,14,12,18,1,11,163,2
en,yakan,12529,33,33,True,True,False,62,19,7,14,12,18,1,11,163,2
en,yakha,100282,33,33,True,True,False,62,19,7,14,12,18,1,11,163,2
en,yakoma,3144,33,33,True,True,False,62,19,7,14,12,18,1,11,163,2
en,yakpa,109459,0,0,False,False,False,0,0,0,0,0,0,0,11,197,2
en,yakpa-1,3122,33,33,True,True,False,62,19,7,14,12,18,1,11,163,2
en,yakut,18379,33,33,True,True,False,62,19,7,14,12,18,1,11,163,2
en,yala,9940,33,33,True,True,False,62,19,7,14,12,18,1,11,163,2
en,yalunka,5468,33,33,True,True,False,62,19,7,14,12,18,1,11,163,2
en,yamba,2249,33,33,True,True,False,64,19,7,14,12,18,1,11,163,2
en,yamdena,141060,33,33,True,True,False,62,19,7,14,12,18,1,11,163,2
en,yandang,168775,33,33,True,True,False,62,19,7,14,12,18,1,11,163,2
en,yanesha,139411,33,33,True,True,False,63,19,7,14,12,18,1,11,163,2
en,yanomami-ninam,102259,33,33,True,True,False,62,19,7,14,12,18,1,11,163,2
en,yanomamo,1573,33,33,True,True,False,62,19,7,14,12,18,1,11,163,2
en,yao,7773,54,54,True,True,True,130,36,9,23,18,23,1,11,142,2
en,yao-baiku-naogelao,185359,33,33,True,True,False,62,19,7,14,12,18,1,11,163,2
en,yao-iu-mien,22098,33,33,True,True,False,62,19,7,14,12,18,1,11,163,2
en,yao-tanzania,184489,33,33,True,True,False,62,19,7,14,12,18,1,11,163,2
en,yapese,8381,33,33,True,True,False,64,19,7,14,12,18,1,11,163,2
en,yaqui,8026,33,33,True,True,False,62,19,7,14,12,18,1,11,163,2
en,yareba,142858,33,33,True,True,False,62,19,7,14,12,18,1,11,163,2
en,yawa,142986,33,33,True,True,False,62,19,7,14,12,18,1,11,163,2
en,yemba,19504,33,33,True,True,False,62,19,7,14,12,18,1,11,163,2
en,yemsa,4665,33,33,True,True,False,62,19,7,14,12,18,1,11,163,2
en,yerukula,23326,33,33,True,True,False,62,19,7,14,12,18,1,11,163,2
en,yiddish,5130,1,1,False,False,False,1,1,0,0,0,0,0,11,196,2
en,yine,143753,33,33,True,True,False,63,19,7,14,12,18,1,11,163,2
en,yinzebi,175252,33,33,True,True,False,62,19,7,14,12,18,1,11,163,2
en,yom,26497,33,33,True,True,False,62,19,7,14,12,18,1,11,163,2
en,yonggom,10981,33,33,True,True,False,62,19,7,14,12,18,1,11,163,2
en,yoruba,1308,73,73,True,True,True,184,33,20,26,32,35,3,11,120,2
en,yucuna,4148,33,33,True,True,False,62,19,7,14,12,18,1,11,163,2
en,yukpa,142979,33,33,True,True,False,63,19,7,14,12,18,1,11,163,2
en,yungur,9905,33,33,True,True,False,62,19,7,14,12,18,1,11,163,2
en,yuracare,142985,33,33,True,True,False,63,19,7,14,12,18,1,11,163,2
en,ywom,53312,33,33,True,True,False,62,19,7,14,12,18,1,11,163,2
en,zabana,141359,33,33,True,True,False,63,19,7,14,12,18,1,11,163,2
en,zaiwa,3710,33,33,True,True,False,62,19,7,14,12,18,1,11,163,2
en,zanaki,14064,33,33,True,True,False,62,19,7,14,12,18,1,11,163,2
en,zande-drc,23524,33,33,True,True,False,62,19,7,14,12,18,1,11,163,2
en,zande-south-sudan,23525,33,33,True,True,False,62,19,7,14,12,18,1,11,163,2
en,zapoteco-de-san-juan-comaltepec,143368,33,33,True,True,False,62,19,7,14,12,18,1,11,163,2
en,zapoteco-isthmus,8014,33,33,True,True,False,62,19,7,14,12,18,1,11,163,2
en,zapoteco-mitla,8000,33,33,True,True,False,62,19,7,14,12,18,1,11,163,2
en,zapoteco-san-juan-guelavia,8021,33,33,True,True,False,62,19,7,14,12,18,1,11,163,2
en,zapoteco-sierra-de-juarez,8023,33,33,True,True,False,62,19,7,14,12,18,1,11,163,2
en,zapoteco-southern-rincon,7954,33,33,True,True,False,62,19,7,14,12,18,1,11,163,2
en,zapoteco-western-pochutla,7946,33,33,True,True,False,62,19,7,14,12,18,1,11,163,2
en,zapoteco-yalalag,7960,33,33,True,True,False,62,19,7,14,12,18,1,11,163,2
en,zapotec-san-pedro-quiatoni,26934,33,33,True,True,False,62,19,7,14,12,18,1,11,163,2
en,zapotec-tabaa,100807,33,33,True,True,False,62,19,7,14,12,18,1,11,163,2
en,zaramo,143175,33,33,True,True,False,62,19,7,14,12,18,1,11,163,2
en,zarma,1343,42,42,True,True,False,84,23,12,16,16,19,3,11,151,2
en,zayse,152162,33,33,True,True,False,62,19,7,14,12,18,1,11,163,2
en,zhuang-central-hongshuihe,139188,33,33,True,True,False,62,19,7,14,12,18,1,11,163,2
en,zhuang-dejing,185333,33,33,True,True,False,63,19,7,14,12,18,1,11,163,2
en,zhuang-guibian,99582,33,33,True,True,False,62,19,7,14,12,18,1,11,163,2
en,zhuang-liujiang,4101,33,33,True,True,False,62,19,7,14,12,18,1,11,163,2
en,zhuang-minz,99581,0,0,False,False,False,0,0,0,0,0,0,0,11,197,2
en,zhuang-nong,143265,33,33,True,True,False,62,19,7,14,12,18,1,11,163,2
en,zhuang-northern-hongshuihe,23181,33,33,True,True,False,64,19,7,14,12,18,1,11,163,2
en,zhuang-northern-yongbei,23180,33,33,True,True,False,64,19,7,14,12,18,1,11,163,2
en,zhuang-qiubei,99804,33,33,True,True,False,63,19,7,14,12,18,1,11,163,2
en,zhuang-yongnan,141995,33,33,True,True,False,63,19,7,14,12,18,1,11,163,2
en,zhuang-youjiang,99910,33,33,True,True,False,62,19,7,14,12,18,1,11,163,2
en,zhuang-zuojiang,141998,33,33,True,True,False,62,19,7,14,12,18,1,11,163,2
en,zia,143268,33,33,True,True,False,63,19,7,14,12,18,1,11,163,2
en,zigula,14060,33,33,True,True,False,62,19,7,14,12,18,1,11,163,2
en,zimba,15538,33,33,True,True,False,64,19,7,14,12,18,1,11,163,2
en,zing,24216,33,33,True,True,False,62,19,7,14,12,18,1,11,163,2
en,zinza,14183,33,33,True,True,False,64,19,7,14,12,18,1,11,163,2
en,zo,99703,33,33,True,True,False,62,19,7,14,12,18,1,11,163,2
en,zokam-tedim,159905,33,33,True,True,False,62,19,7,14,12,18,1,11,163,2
en,zoque-francisco-leon,7988,33,33,True,True,False,62,19,7,14,12,18,1,11,163,2
en,zul,53402,33,33,True,True,False,62,19,7,14,12,18,1,11,163,2
en,zulu,7547,97,97,True,True,True,247,48,26,37,40,42,3,11,96,2
en,zuni,18922,33,33,True,True,False,62,19,7,14,12,18,1,11,163,2
