locale,audioLanguageSlug,coreLanguageId,htmlLang,publicHomepageLanguage,startUnique,unionUnique,atLeast6,atLeast30,atLeast44,eligibleVideoIdsUpperBound,pool:meaning-and-purpose,pool:hope-and-perseverance,pool:love-and-belonging,pool:forgiveness-and-new-beginnings,pool:exploring-jesus,rejected:editorial_review_pending,rejected:watch_unavailable,rejected:locale_unpublished,rejected:exact_audio_unavailable,rejected:artwork_unavailable,rejected:canonical_duplicate,rejected:video_unresolved
en,a-hmao,22812,en,true,53,53,true,true,true,118,23,23,18,9,35,11,2,0,143,0,1,0
en,aari,4797,en,true,33,33,true,true,false,62,18,14,12,7,19,11,2,0,163,0,1,0
en,abanglekuo,184631,en,true,33,33,true,true,false,64,18,14,12,7,19,11,2,0,163,0,1,0
en,abanyom,139251,en,true,33,33,true,true,false,62,18,14,12,7,19,11,2,0,163,0,1,0
en,abau,12296,en,true,33,33,true,true,false,62,18,14,12,7,19,11,2,0,163,0,1,0
en,abidji,15909,en,true,33,33,true,true,false,62,18,14,12,7,19,11,2,0,163,0,1,0
en,abkhaz,5074,en,true,34,34,true,true,false,76,18,14,12,7,20,11,2,0,162,0,1,0
en,abure,16117,en,true,33,33,true,true,false,62,18,14,12,7,19,11,2,0,163,0,1,0
en,abureni,144623,en,true,33,33,true,true,false,62,18,14,12,7,19,11,2,0,163,0,1,0
en,acateco,5428,en,true,33,33,true,true,false,62,18,14,12,7,19,11,2,0,163,0,1,0
ne,acchami,111586,npi,true,0,0,false,false,false,0,0,0,0,0,0,11,2,197,180,0,0,0
en,aceh,17688,en,true,33,33,true,true,false,62,18,14,12,7,19,11,2,0,163,0,1,0
en,achang,3697,en,true,33,33,true,true,false,63,18,14,12,7,19,11,2,0,163,0,1,0
en,ache,100378,en,true,33,33,true,true,false,63,18,14,12,7,19,11,2,0,163,0,1,0
en,ache-2,184846,en,true,33,33,true,true,false,62,18,14,12,7,19,11,2,0,163,0,1,0
en,achi-rabinal,5441,en,true,33,33,true,true,false,62,18,14,12,7,19,11,2,0,163,0,1,0
en,acholi,13555,en,true,37,37,true,true,false,107,18,15,14,10,21,11,2,0,159,0,1,0
en,achuar-shiwiar,139273,en,true,33,33,true,true,false,63,18,14,12,7,19,11,2,0,163,0,1,0
en,adangme,50836,en,true,33,33,true,true,false,62,18,14,12,7,19,11,2,0,163,0,1,0
en,adele,5338,en,true,33,33,true,true,false,62,18,14,12,7,19,11,2,0,163,0,1,0
en,adi,24173,en,true,33,33,true,true,false,62,18,14,12,7,19,11,2,0,163,0,1,0
en,adioukrou,16116,en,true,33,33,true,true,false,62,18,14,12,7,19,11,2,0,163,0,1,0
en,adonara,96802,en,true,33,33,true,true,false,62,18,14,12,7,19,11,2,0,163,0,1,0
ady,adygey,20522,ady,true,0,0,false,false,false,0,0,0,0,0,0,11,2,197,180,0,0,0
en,adzera,96809,en,true,33,33,true,true,false,62,18,14,12,7,19,11,2,0,163,0,1,0
en,afar,4468,en,true,53,53,true,true,true,116,23,23,18,9,35,11,2,0,143,0,1,0
af,afrikaans,1444,af,true,0,0,false,false,false,0,0,0,0,0,0,11,2,197,83,0,0,0
en,agabag,143624,en,true,33,33,true,true,false,62,18,14,12,7,19,11,2,0,163,0,1,0
en,agarabi,96835,en,true,33,33,true,true,false,62,18,14,12,7,19,11,2,0,163,0,1,0
en,agatu,9290,en,true,33,33,true,true,false,62,18,14,12,7,19,11,2,0,163,0,1,0
en,aghem,139321,en,true,33,33,true,true,false,62,18,14,12,7,19,11,2,0,163,0,1,0
en,aguna,139205,en,true,30,30,true,true,false,55,17,12,12,7,16,11,2,0,166,0,1,0
en,agusan-surigao-manobo,184668,en,true,33,33,true,true,false,64,18,14,12,7,19,11,2,0,163,0,1,0
en,ahanta,5170,en,true,33,33,true,true,false,62,18,14,12,7,19,11,2,0,163,0,1,0
en,ahirani,6330,en,true,33,33,true,true,false,62,18,14,12,7,19,11,2,0,163,0,1,0
en,aikana,184550,en,true,33,33,true,true,false,62,18,14,12,7,19,11,2,0,163,0,1,0
en,aja-gbe,1280,en,true,53,53,true,true,true,116,23,23,18,9,35,11,2,0,143,0,1,0
en,ajiya,141189,en,true,33,33,true,true,false,62,18,14,12,7,19,11,2,0,163,0,1,0
en,akebu,141199,en,true,33,33,true,true,false,62,18,14,12,7,19,11,2,0,163,0,1,0
en,akeu,96819,en,true,33,33,true,true,false,62,18,14,12,7,19,11,2,0,163,0,1,0
en,akha,3712,en,true,34,34,true,true,false,76,18,14,12,7,20,11,2,0,162,0,1,0
en,aklanon,12853,en,true,33,33,true,true,false,62,18,14,12,7,19,11,2,0,163,0,1,0
en,akoose,2894,en,true,33,33,true,true,false,64,18,14,12,7,19,11,2,0,163,0,1,0
en,akposo,5296,en,true,33,33,true,true,false,62,18,14,12,7,19,11,2,0,163,0,1,0
en,akuku,139598,en,true,33,33,true,true,false,62,18,14,12,7,19,11,2,0,163,0,1,0
en,alaba,4793,en,true,33,33,true,true,false,62,18,14,12,7,19,11,2,0,163,0,1,0
en,alagwa,142694,en,true,33,33,true,true,false,62,18,14,12,7,19,11,2,0,163,0,1,0
en,alangan,139397,en,true,33,33,true,true,false,62,18,14,12,7,19,11,2,0,163,0,1,0
sq,albanian,20526,sq,true,0,0,false,false,false,0,0,0,0,0,0,11,2,197,127,0,0,0
sq,albanian-kosovar,20528,sq-aln,true,0,0,false,false,false,0,0,0,0,0,0,11,2,197,167,0,0,0
en,ale-gawwada,98459,en,true,33,33,true,true,false,62,18,14,12,7,19,11,2,0,163,0,1,0
en,alis-i-ron,134882,en,true,33,33,true,true,false,62,18,14,12,7,19,11,2,0,163,0,1,0
en,altai,21554,en,true,33,33,true,true,false,65,18,14,12,7,19,11,2,0,163,0,1,0
en,alur,14694,en,true,33,33,true,true,false,62,18,14,12,7,19,11,2,0,163,0,1,0
en,ama,20118,en,true,33,33,true,true,false,62,18,14,12,7,19,11,2,0,163,0,1,0
en,amam,184583,en,true,33,33,true,true,false,63,18,14,12,7,19,11,2,0,163,0,1,0
en,amanab,10685,en,true,33,33,true,true,false,62,18,14,12,7,19,11,2,0,163,0,1,0
en,ambae-east,144776,en,true,33,33,true,true,false,63,18,14,12,7,19,11,2,0,163,0,1,0
en,ambai,139414,en,true,33,33,true,true,false,62,18,14,12,7,19,11,2,0,163,0,1,0
en,ambrym-southeast,141931,en,true,33,33,true,true,false,63,18,14,12,7,19,11,2,0,163,0,1,0
en,amdo-tibetan,23089,en,true,33,33,true,true,false,64,18,14,12,7,19,11,2,0,163,0,1,0
en,american-sign-language,19171,en,true,2,2,false,false,false,2,0,1,0,0,2,11,2,0,195,0,0,0
am,amharic,4791,am,true,0,0,false,false,false,0,0,0,0,0,0,11,2,197,116,0,0,0
en,amuzgo-guerrero,8351,en,true,33,33,true,true,false,62,18,14,12,7,19,11,2,0,163,0,1,0
en,amuzgo-oaxaca,8338,en,true,33,33,true,true,false,62,18,14,12,7,19,11,2,0,163,0,1,0
en,anaang,9317,en,true,33,33,true,true,false,62,18,14,12,7,19,11,2,0,163,0,1,0
en,andaandi,140196,en,true,33,33,true,true,false,62,18,14,12,7,19,11,2,0,163,0,1,0
en,andio,140162,en,true,33,33,true,true,false,62,18,14,12,7,19,11,2,0,163,0,1,0
en,angaataha,139319,en,true,33,33,true,true,false,63,18,14,12,7,19,11,2,0,163,0,1,0
en,angal-heneng,139376,en,true,33,33,true,true,false,63,18,14,12,7,19,11,2,0,163,0,1,0
en,angika,23330,en,true,33,33,true,true,false,62,18,14,12,7,19,11,2,0,163,0,1,0
en,anjam,10810,en,true,33,33,true,true,false,62,18,14,12,7,19,11,2,0,163,0,1,0
en,ansus,139429,en,true,33,33,true,true,false,62,18,14,12,7,19,11,2,0,163,0,1,0
mg,antandroy,23192,mg-tdx,true,0,0,false,false,false,0,0,0,0,0,0,11,2,197,180,0,0,0
en,antesaka,139153,en,true,0,0,false,false,false,2,0,0,0,0,0,11,2,0,197,0,0,0
en,anuak,4790,en,true,33,33,true,true,false,62,18,14,12,7,19,11,2,0,163,0,1,0
en,anufo,1345,en,true,37,37,true,true,false,67,18,15,14,10,21,11,2,0,159,0,1,0
en,anyin,5333,en,true,33,33,true,true,false,62,18,14,12,7,19,11,2,0,163,0,1,0
en,ao,176313,en,true,33,33,true,true,false,62,18,14,12,7,19,11,2,0,163,0,1,0
en,aokha,142264,en,true,33,33,true,true,false,62,18,14,12,7,19,11,2,0,163,0,1,0
en,apalai,139476,en,true,33,33,true,true,false,62,18,14,12,7,19,11,2,0,163,0,1,0
en,apinaye,1890,en,true,33,33,true,true,false,62,18,14,12,7,19,11,2,0,163,0,1,0
en,apurina,1889,en,true,33,33,true,true,false,62,18,14,12,7,19,11,2,0,163,0,1,0
ar,arabic-algerian-spoken,525,ar-arq,true,63,63,true,true,true,152,24,25,22,14,40,11,2,0,130,0,3,0
en,arabic-bedouin,184531,en,true,33,33,true,true,false,62,18,14,12,7,19,11,2,0,163,0,1,0
ar,arabic-chadian-spoken,20531,ar-shu,true,42,42,true,true,false,84,19,16,16,12,23,11,2,0,151,0,3,0
ar,arabic-egyptian-colloquial,20533,ar-arz,true,78,78,true,true,true,236,26,30,28,17,50,11,2,0,115,0,3,0
ar,arabic-gulf,139181,ar-afb,true,54,54,true,true,true,117,23,23,18,9,36,11,2,0,142,0,1,0
mey-Latn,arabic-hassaniya,7839,mey-Latn,true,0,0,false,false,false,0,0,0,0,0,0,11,2,197,168,0,0,0
en,arabic-hijazi,184592,en,true,34,34,true,true,false,63,18,14,12,7,20,11,2,0,162,0,1,0
ar,arabic-iraqi-baghdadi,21061,ar-acm,true,42,42,true,true,false,84,19,16,16,12,23,11,2,0,151,0,3,0
en,arabic-juba,38242,en,true,33,33,true,true,false,62,18,14,12,7,19,11,2,0,163,0,1,0
en,arabic-khuzestani,185355,en,true,33,33,true,true,false,62,18,14,12,7,19,11,2,0,163,0,1,0
ar,arabic-libyan,184848,ar-ayl,true,33,33,true,true,false,64,18,14,12,7,19,11,2,0,163,0,1,0
ar,arabic-modern-standard,22658,ar,true,154,154,true,true,true,602,61,56,55,38,79,11,2,0,39,0,3,0
ar,arabic-modern-standard-egyptian,53441,ar-arb-EG,true,57,57,true,true,true,134,24,23,18,10,39,11,2,0,139,0,1,0
ar,arabic-modern-standard-sharif,184495,ar-arb,true,33,33,true,true,false,64,18,14,12,7,19,11,2,0,163,0,1,0
ar,arabic-moroccan-spoken,8418,ar-ary,true,65,65,true,true,true,195,24,26,23,14,42,11,2,0,128,0,3,0
en,arabic-najdi,184591,en,true,5,5,false,false,false,9,1,1,1,2,4,11,2,0,192,0,0,0
ar,arabic-north-african,20538,ar-aao,true,1,1,false,false,false,1,0,0,0,0,1,11,2,0,196,0,0,0
ar,arabic-palestinian,53347,ar-ajp,true,63,63,true,true,true,152,24,25,22,14,40,11,2,0,130,0,3,0
ar,arabic-saidi-spoken,4532,ar-aec,true,54,54,true,true,true,132,23,23,18,9,36,11,2,0,142,0,1,0
en,arabic-sanaani,15161,en,true,34,34,true,true,false,63,18,14,12,7,20,11,2,0,162,0,1,0
ar,arabic-sudanese-spoken,13562,ar-apd,true,64,64,true,true,true,153,25,25,23,14,40,11,2,0,129,0,3,0
ar,arabic-taizzi-yemeni,184627,ar-acq,true,53,53,true,true,true,116,23,23,18,9,35,11,2,0,143,0,1,0
ar,arabic-tunisian,20547,ar-aeb,true,62,62,true,true,true,259,24,25,22,14,39,11,2,0,131,0,3,0
en,aralle,145459,en,true,33,33,true,true,false,62,18,14,12,7,19,11,2,0,163,0,1,0
en,aramba,11251,en,true,33,33,true,true,false,62,18,14,12,7,19,11,2,0,163,0,1,0
en,arbore,139498,en,true,33,33,true,true,false,62,18,14,12,7,19,11,2,0,163,0,1,0
en,are,144351,en,true,33,33,true,true,false,63,18,14,12,7,19,11,2,0,163,0,1,0
en,arhe,139524,en,true,33,33,true,true,false,62,18,14,12,7,19,11,2,0,163,0,1,0
en,arifama-miniafia,10616,en,true,33,33,true,true,false,62,18,14,12,7,19,11,2,0,163,0,1,0
en,aringa,99508,en,true,33,33,true,true,false,62,18,14,12,7,19,11,2,0,163,0,1,0
hy,armenian,646,hy,true,0,0,false,false,false,0,0,0,0,0,0,11,2,197,128,0,0,0
hy,armenian-western,20550,hy-arevmda,true,0,0,false,false,false,0,0,0,0,0,0,11,2,197,141,0,0,0
en,arosi,139342,en,true,33,33,true,true,false,62,18,14,12,7,19,11,2,0,163,0,1,0
en,arumanian,176089,en,true,53,53,true,true,true,118,23,23,18,9,35,11,2,0,143,0,1,0
en,asante-twi,185199,en,true,58,58,true,true,true,137,23,24,20,12,38,11,2,0,138,0,1,0
en,ashaninka,140060,en,true,53,53,true,true,true,115,23,23,18,9,35,11,2,0,143,0,1,0
en,asheninca-pichis,23941,en,true,33,33,true,true,false,63,18,14,12,7,19,11,2,0,163,0,1,0
as,assamese,1171,as,true,0,0,false,false,false,0,0,0,0,0,0,11,2,197,140,0,0,0
en,assamese-muslim,185219,en,true,33,33,true,true,false,62,18,14,12,7,19,11,2,0,163,0,1,0
en,assyrian,20551,en,true,53,53,true,true,true,116,23,23,18,9,35,11,2,0,143,0,1,0
en,ateso,20963,en,true,37,37,true,true,false,67,18,15,14,10,21,11,2,0,159,0,1,0
en,athpariya,97073,en,true,33,33,true,true,false,62,18,14,12,7,19,11,2,0,163,0,1,0
en,atitlan-mixe,20830,en,true,33,33,true,true,false,62,18,14,12,7,19,11,2,0,163,0,1,0
en,auhelawa,141644,en,true,33,33,true,true,false,63,18,14,12,7,19,11,2,0,163,0,1,0
en,aukaans,18698,en,true,33,33,true,true,false,62,18,14,12,7,19,11,2,0,163,0,1,0
av,avar,15882,av,true,0,0,false,false,false,0,0,0,0,0,0,11,2,197,180,0,0,0
en,avikam,16111,en,true,33,33,true,true,false,62,18,14,12,7,19,11,2,0,163,0,1,0
en,avokaya,13567,en,true,33,33,true,true,false,62,18,14,12,7,19,11,2,0,163,0,1,0
en,awa,100703,en,true,33,33,true,true,false,63,18,14,12,7,19,11,2,0,163,0,1,0
en,awa-8,139568,en,true,33,33,true,true,false,62,18,14,12,7,19,11,2,0,163,0,1,0
en,awa-cuaiquer,141518,en,true,33,33,true,true,false,62,18,14,12,7,19,11,2,0,163,0,1,0
en,awad-bing,139661,en,true,33,33,true,true,false,63,18,14,12,7,19,11,2,0,163,0,1,0
en,awadhi,5603,en,true,54,54,true,true,true,135,23,23,18,9,36,11,2,0,142,0,1,0
en,awadhi-nepal,184922,en,true,33,33,true,true,false,62,18,14,12,7,19,11,2,0,163,0,1,0
en,awajun,139322,en,true,33,33,true,true,false,62,18,14,12,7,19,11,2,0,163,0,1,0
en,awak,10231,en,true,33,33,true,true,false,62,18,14,12,7,19,11,2,0,163,0,1,0
en,awgni,53389,en,true,33,33,true,true,false,62,18,14,12,7,19,11,2,0,163,0,1,0
en,awing,139611,en,true,33,33,true,true,false,64,18,14,12,7,19,11,2,0,163,0,1,0
en,awutu,19468,en,true,37,37,true,true,false,67,18,15,14,10,21,11,2,0,159,0,1,0
en,ayizo-2,157289,en,true,30,30,true,true,false,55,17,12,12,7,16,11,2,0,166,0,1,0
en,ayizo-tori,145621,en,true,1,1,false,false,false,1,0,0,0,0,1,11,2,0,196,0,0,0
en,aymara-central,616,en,true,63,63,true,true,true,152,24,25,22,14,40,11,2,0,130,0,3,0
en,ayoreo,139601,en,true,33,33,true,true,false,63,18,14,12,7,19,11,2,0,163,0,1,0
en,ayta-abellen,96911,en,true,33,33,true,true,false,62,18,14,12,7,19,11,2,0,163,0,1,0
en,ayta-ambala,139244,en,true,33,33,true,true,false,64,18,14,12,7,19,11,2,0,163,0,1,0
en,ayta-mag-antsi,12596,en,true,33,33,true,true,false,62,18,14,12,7,19,11,2,0,163,0,1,0
en,ayta-mag-indi,139772,en,true,33,33,true,true,false,62,18,14,12,7,19,11,2,0,163,0,1,0
en,azerbaijani-iran,355,en,true,43,43,true,true,false,87,19,17,17,12,24,11,2,0,150,0,3,0
en,azerbaijani-north,689,en,true,72,72,true,true,true,164,26,27,23,17,48,11,2,0,121,0,3,0
en,azha,97274,en,true,33,33,true,true,false,62,18,14,12,7,19,11,2,0,163,0,1,0
en,aztec-nahuatl-guerrero,20843,en,true,33,33,true,true,false,62,18,14,12,7,19,11,2,0,163,0,1,0
en,babanki,139635,en,true,33,33,true,true,false,64,18,14,12,7,19,11,2,0,163,0,1,0
en,bacama-bwatiye,53330,en,true,33,33,true,true,false,62,18,14,12,7,19,11,2,0,163,0,1,0
en,bada,19547,en,true,33,33,true,true,false,62,18,14,12,7,19,11,2,0,163,0,1,0
en,badaga,5613,en,true,53,53,true,true,true,115,23,23,18,9,35,11,2,0,143,0,1,0
en,bade,10221,en,true,33,33,true,true,false,62,18,14,12,7,19,11,2,0,163,0,1,0
en,bado-parja,184499,en,true,33,33,true,true,false,62,18,14,12,7,19,11,2,0,163,0,1,0
en,baeggu,139997,en,true,33,33,true,true,false,63,18,14,12,7,19,11,2,0,163,0,1,0
en,baelelea,139996,en,true,33,33,true,true,false,63,18,14,12,7,19,11,2,0,163,0,1,0
en,bafut,2819,en,true,33,33,true,true,false,62,18,14,12,7,19,11,2,0,163,0,1,0
en,bagheli,6648,en,true,33,33,true,true,false,64,18,14,12,7,19,11,2,0,163,0,1,0
en,bagri,5699,en,true,53,53,true,true,true,121,23,23,18,9,35,11,2,0,143,0,1,0
en,bahasa-melayu-2,170534,en,true,1,1,false,false,false,2,0,0,0,0,1,11,2,0,196,0,0,0
en,bahnar,19391,en,true,33,33,true,true,false,62,18,14,12,7,19,11,2,0,163,0,1,0
en,bai,3948,en,true,33,33,true,true,false,64,18,14,12,7,19,11,2,0,163,0,1,0
en,bai-lama,184480,en,true,33,33,true,true,false,63,18,14,12,7,19,11,2,0,163,0,1,0
en,bai-southern,25916,en,true,37,37,true,true,false,70,19,15,13,9,22,11,2,0,159,0,1,0
en,baiso,139961,en,true,33,33,true,true,false,62,18,14,12,7,19,11,2,0,163,0,1,0
ne,baitadeli,111587,npi,true,0,0,false,false,false,0,0,0,0,0,0,11,2,197,180,0,0,0
en,bajau-indonesian,17655,en,true,33,33,true,true,false,62,18,14,12,7,19,11,2,0,163,0,1,0
ne,bajhangi,111589,npi,true,0,0,false,false,false,0,0,0,0,0,0,11,2,197,180,0,0,0
ne,bajureli,184907,npi,true,0,0,false,false,false,0,0,0,0,0,0,11,2,197,180,0,0,0
en,baka,97237,en,true,33,33,true,true,false,62,18,14,12,7,19,11,2,0,163,0,1,0
en,bakairi,1884,en,true,33,33,true,true,false,62,18,14,12,7,19,11,2,0,163,0,1,0
en,bakhtiari,6800,en,true,33,33,true,true,false,62,18,14,12,7,19,11,2,0,163,0,1,0
en,bakumpai,19560,en,true,33,33,true,true,false,62,18,14,12,7,19,11,2,0,163,0,1,0
en,bakwe,184847,en,true,33,33,true,true,false,64,18,14,12,7,19,11,2,0,163,0,1,0
en,balangao,12808,en,true,33,33,true,true,false,64,18,14,12,7,19,11,2,0,163,0,1,0
en,balangin-indo,184936,en,true,33,33,true,true,false,62,18,14,12,7,19,11,2,0,163,0,1,0
en,balanta,13002,en,true,33,33,true,true,false,62,18,14,12,7,19,11,2,0,163,0,1,0
bjt,balanta-ganja,23511,bjt,true,0,0,false,false,false,0,0,0,0,0,0,11,2,197,180,0,0,0
en,balanta-naga,53321,en,true,33,33,true,true,false,62,18,14,12,7,19,11,2,0,163,0,1,0
en,balantak,97403,en,true,33,33,true,true,false,62,18,14,12,7,19,11,2,0,163,0,1,0
en,bali,145699,en,true,33,33,true,true,false,62,18,14,12,7,19,11,2,0,163,0,1,0
en,bali-madya,19617,en,true,33,33,true,true,false,62,18,14,12,7,19,11,2,0,163,0,1,0
krc,balkar,18518,krc,true,0,0,false,false,false,0,0,0,0,0,0,11,2,197,180,0,0,0
en,balochi-eastern,5700,en,true,33,33,true,true,false,62,18,14,12,7,19,11,2,0,163,0,1,0
en,balochi-southern,6679,en,true,33,33,true,true,false,62,18,14,12,7,19,11,2,0,163,0,1,0
en,balochi-western,353,en,true,32,32,true,true,false,61,17,14,12,7,18,11,2,0,164,0,1,0
en,balti,6654,en,true,33,33,true,true,false,62,18,14,12,7,19,11,2,0,163,0,1,0
en,bambam,20163,en,true,33,33,true,true,false,62,18,14,12,7,19,11,2,0,163,0,1,0
en,bambara,2075,en,true,67,67,true,true,true,157,24,26,24,17,42,11,2,0,126,0,3,0
en,bamu,97185,en,true,33,33,true,true,false,62,18,14,12,7,19,11,2,0,163,0,1,0
en,bamun,2912,en,true,33,33,true,true,false,62,18,14,12,7,19,11,2,0,163,0,1,0
en,bana,139663,en,true,33,33,true,true,false,62,18,14,12,7,19,11,2,0,163,0,1,0
en,banda-linda,53434,en,true,37,37,true,true,false,67,18,15,14,10,21,11,2,0,159,0,1,0
en,bandi,7655,en,true,37,37,true,true,false,67,18,15,14,10,21,11,2,0,159,0,1,0
en,bandial,139909,en,true,33,33,true,true,false,64,18,14,12,7,19,11,2,0,163,0,1,0
en,banggai,17365,en,true,33,33,true,true,false,62,18,14,12,7,19,11,2,0,163,0,1,0
en,bangi,4360,en,true,33,33,true,true,false,62,18,14,12,7,19,11,2,0,163,0,1,0
en,bangjinge,28054,en,true,33,33,true,true,false,62,18,14,12,7,19,11,2,0,163,0,1,0
en,bangka,144471,en,true,33,33,true,true,false,62,18,14,12,7,19,11,2,0,163,0,1,0
bn,bangla-2,176243,bn,true,112,112,true,true,true,326,47,44,44,26,57,11,2,1,82,0,2,0
bn,bangla-muslim,139082,bn-BD,true,82,82,true,true,true,228,28,32,25,19,56,11,2,1,112,0,2,0
en,banjar,16827,en,true,33,33,true,true,false,65,18,14,12,7,19,11,2,0,163,0,1,0
en,bankagooma,139862,en,true,33,33,true,true,false,62,18,14,12,7,19,11,2,0,163,0,1,0
en,bantoanon,12801,en,true,33,33,true,true,false,62,18,14,12,7,19,11,2,0,163,0,1,0
en,bara,7735,en,true,33,33,true,true,false,64,18,14,12,7,19,11,2,0,163,0,1,0
en,bara-tharu,184903,en,true,33,33,true,true,false,62,18,14,12,7,19,11,2,0,163,0,1,0
en,barai,10726,en,true,33,33,true,true,false,62,18,14,12,7,19,11,2,0,163,0,1,0
en,bareli-pawri,184486,en,true,33,33,true,true,false,62,18,14,12,7,19,11,2,0,163,0,1,0
en,bareli-rathwi,25919,en,true,53,53,true,true,true,121,23,23,18,9,35,11,2,0,143,0,1,0
en,bari,13586,en,true,42,42,true,true,false,124,19,16,16,12,23,11,2,0,151,0,3,0
en,bariai,10715,en,true,33,33,true,true,false,62,18,14,12,7,19,11,2,0,163,0,1,0
en,bariba,1294,en,true,57,57,true,true,true,121,23,24,20,12,37,11,2,0,139,0,1,0
en,barka,145881,en,true,33,33,true,true,false,62,18,14,12,7,19,11,2,0,163,0,1,0
en,basa,24010,en,true,33,33,true,true,false,62,18,14,12,7,19,11,2,0,163,0,1,0
en,basaa,2923,en,true,33,33,true,true,false,62,18,14,12,7,19,11,2,0,163,0,1,0
en,basang,146749,en,true,33,33,true,true,false,62,18,14,12,7,19,11,2,0,163,0,1,0
ba,bashkir,18450,ba,true,0,0,false,false,false,0,0,0,0,0,0,11,2,197,142,0,0,0
en,basketto,4779,en,true,33,33,true,true,false,62,18,14,12,7,19,11,2,0,163,0,1,0
eu,basque,23514,eu,true,0,0,false,false,false,0,0,0,0,0,0,11,2,197,170,0,0,0
en,bassa,19508,en,true,37,37,true,true,false,69,18,15,14,10,21,11,2,0,159,0,1,0
en,batak-alas,146378,en,true,33,33,true,true,false,62,18,14,12,7,19,11,2,0,163,0,1,0
en,batak-angkola,17689,en,true,33,33,true,true,false,62,18,14,12,7,19,11,2,0,163,0,1,0
en,batak-karo,17813,en,true,33,33,true,true,false,62,18,14,12,7,19,11,2,0,163,0,1,0
en,batak-kluet,146379,en,true,33,33,true,true,false,62,18,14,12,7,19,11,2,0,163,0,1,0
en,batak-mandailing,17815,en,true,33,33,true,true,false,62,18,14,12,7,19,11,2,0,163,0,1,0
en,batak-simalungun,17814,en,true,33,33,true,true,false,62,18,14,12,7,19,11,2,0,163,0,1,0
en,batak-toba,17818,en,true,33,33,true,true,false,62,18,14,12,7,19,11,2,0,163,0,1,0
en,bateq,139973,en,true,33,33,true,true,false,62,18,14,12,7,19,11,2,0,163,0,1,0
en,batui,143190,en,true,33,33,true,true,false,62,18,14,12,7,19,11,2,0,163,0,1,0
en,baule,16107,en,true,53,53,true,true,true,116,23,23,18,9,35,11,2,0,143,0,1,0
en,bauria,5703,en,true,33,33,true,true,false,62,18,14,12,7,19,11,2,0,163,0,1,0
en,bawean,153673,en,true,33,33,true,true,false,62,18,14,12,7,19,11,2,0,163,0,1,0
en,bazigar,5612,en,true,33,33,true,true,false,62,18,14,12,7,19,11,2,0,163,0,1,0
en,bedamuni,21577,en,true,33,33,true,true,false,62,18,14,12,7,19,11,2,0,163,0,1,0
en,beembe,4276,en,true,33,33,true,true,false,62,18,14,12,7,19,11,2,0,163,0,1,0
en,behoa,97214,en,true,33,33,true,true,false,62,18,14,12,7,19,11,2,0,163,0,1,0
en,beja-bidhaawyeet,184917,en,true,33,33,true,true,false,63,18,14,12,7,19,11,2,0,163,0,1,0
en,bekwarra,10208,en,true,33,33,true,true,false,62,18,14,12,7,19,11,2,0,163,0,1,0
en,bekwel,139761,en,true,33,33,true,true,false,62,18,14,12,7,19,11,2,0,163,0,1,0
en,bel,161859,en,true,33,33,true,true,false,63,18,14,12,7,19,11,2,0,163,0,1,0
en,belanda-viri,140001,en,true,33,33,true,true,false,62,18,14,12,7,19,11,2,0,163,0,1,0
en,belleh,158085,en,true,33,33,true,true,false,62,18,14,12,7,19,11,2,0,163,0,1,0
be,belorussian,1259,be,true,0,0,false,false,false,0,0,0,0,0,0,11,2,197,158,0,0,0
en,bemba,14278,en,true,67,67,true,true,true,159,24,26,24,17,42,11,2,0,126,0,3,0
en,bembe,19571,en,true,33,33,true,true,false,62,18,14,12,7,19,11,2,0,163,0,1,0
en,bena,14277,en,true,33,33,true,true,false,62,18,14,12,7,19,11,2,0,163,0,1,0
en,benabena,139554,en,true,33,33,true,true,false,62,18,14,12,7,19,11,2,0,163,0,1,0
en,bench,19518,en,true,33,33,true,true,false,62,18,14,12,7,19,11,2,0,163,0,1,0
en,bende-tongwe,139543,en,true,33,33,true,true,false,62,18,14,12,7,19,11,2,0,163,0,1,0
bn,bengali-indian,139081,bn,true,117,117,true,true,true,333,47,44,46,27,62,11,2,1,76,0,2,0
en,benyadu,97609,en,true,33,33,true,true,false,62,18,14,12,7,19,11,2,0,163,0,1,0
en,berom,10185,en,true,37,37,true,true,false,69,18,15,14,10,21,11,2,0,159,0,1,0
en,betawi,16652,en,true,33,33,true,true,false,62,18,14,12,7,19,11,2,0,163,0,1,0
en,bete-daloa,16103,en,true,33,33,true,true,false,62,18,14,12,7,19,11,2,0,163,0,1,0
en,bete-gagnoa,16098,en,true,33,33,true,true,false,62,18,14,12,7,19,11,2,0,163,0,1,0
en,bete-guiberoua,16106,en,true,33,33,true,true,false,62,18,14,12,7,19,11,2,0,163,0,1,0
en,bette,28132,en,true,33,33,true,true,false,62,18,14,12,7,19,11,2,0,163,0,1,0
en,bhadrawahi,5671,en,true,33,33,true,true,false,62,18,14,12,7,19,11,2,0,163,0,1,0
en,bharia,5696,en,true,33,33,true,true,false,63,18,14,12,7,19,11,2,0,163,0,1,0
en,bhatri,5697,en,true,33,33,true,true,false,62,18,14,12,7,19,11,2,0,163,0,1,0
en,bhattiyali,6642,en,true,33,33,true,true,false,62,18,14,12,7,19,11,2,0,163,0,1,0
en,bhele,139693,en,true,33,33,true,true,false,62,18,14,12,7,19,11,2,0,163,0,1,0
en,bhilali,139684,en,true,33,33,true,true,false,62,18,14,12,7,19,11,2,0,163,0,1,0
en,bhili,5695,en,true,33,33,true,true,false,62,18,14,12,7,19,11,2,0,163,0,1,0
en,bhogoto,53435,en,true,37,37,true,true,false,67,18,15,14,10,21,11,2,0,159,0,1,0
en,bhojpuri,5667,en,true,58,58,true,true,true,145,24,24,19,11,39,11,2,0,138,0,1,0
en,bhojpuri-nepal,145845,en,true,33,33,true,true,false,62,18,14,12,7,19,11,2,0,163,0,1,0
en,biafada,16120,en,true,33,33,true,true,false,62,18,14,12,7,19,11,2,0,163,0,1,0
en,biak,16488,en,true,33,33,true,true,false,62,18,14,12,7,19,11,2,0,163,0,1,0
en,bicolano,22100,en,true,33,33,true,true,false,64,18,14,12,7,19,11,2,0,163,0,1,0
en,bidayuh-jagoi,151767,en,true,33,33,true,true,false,62,18,14,12,7,19,11,2,0,163,0,1,0
en,bijago,21963,en,true,33,33,true,true,false,62,18,14,12,7,19,11,2,0,163,0,1,0
en,bikol-buhinon,100255,en,true,33,33,true,true,false,64,18,14,12,7,19,11,2,0,163,0,1,0
en,bilaspuri,6363,en,true,33,33,true,true,false,62,18,14,12,7,19,11,2,0,163,0,1,0
en,bilua,139762,en,true,33,33,true,true,false,63,18,14,12,7,19,11,2,0,163,0,1,0
en,bima,19537,en,true,33,33,true,true,false,62,18,14,12,7,19,11,2,0,163,0,1,0
en,bimin,12286,en,true,33,33,true,true,false,62,18,14,12,7,19,11,2,0,163,0,1,0
en,bimoba,5174,en,true,33,33,true,true,false,62,18,14,12,7,19,11,2,0,163,0,1,0
en,binandere,139683,en,true,33,33,true,true,false,62,18,14,12,7,19,11,2,0,163,0,1,0
en,bine,11446,en,true,33,33,true,true,false,62,18,14,12,7,19,11,2,0,163,0,1,0
en,binukid,12854,en,true,33,33,true,true,false,62,18,14,12,7,19,11,2,0,163,0,1,0
en,birifor,139154,en,true,33,33,true,true,false,62,18,14,12,7,19,11,2,0,163,0,1,0
en,birifor-southern,5173,en,true,33,33,true,true,false,62,18,14,12,7,19,11,2,0,163,0,1,0
en,bishnupriya,23250,en,true,33,33,true,true,false,62,18,14,12,7,19,11,2,0,163,0,1,0
bi,bislama,9181,bi,true,0,0,false,false,false,0,0,0,0,0,0,11,2,197,158,0,0,0
en,bisu,140169,en,true,57,57,true,true,true,123,24,24,19,11,38,11,2,0,139,0,1,0
en,blaan-koronadal,12816,en,true,33,33,true,true,false,62,18,14,12,7,19,11,2,0,163,0,1,0
en,blaan-sarangani,12815,en,true,33,33,true,true,false,62,18,14,12,7,19,11,2,0,163,0,1,0
en,blackfoot,3105,en,true,33,33,true,true,false,62,18,14,12,7,19,11,2,0,163,0,1,0
en,blin,4593,en,true,33,33,true,true,false,64,18,14,12,7,19,11,2,0,163,0,1,0
en,blowo,147081,en,true,33,33,true,true,false,62,18,14,12,7,19,11,2,0,163,0,1,0
en,bobe,115239,en,true,42,42,true,true,false,84,19,16,16,12,23,11,2,0,151,0,3,0
en,bobo-madare-southern,2073,en,true,33,33,true,true,false,62,18,14,12,7,19,11,2,0,163,0,1,0
en,bodo,19594,en,true,53,53,true,true,true,116,23,23,18,9,35,11,2,0,143,0,1,0
en,bogghom,158871,en,true,33,33,true,true,false,62,18,14,12,7,19,11,2,0,163,0,1,0
en,bokyi,2788,en,true,33,33,true,true,false,62,18,14,12,7,19,11,2,0,163,0,1,0
en,bola,10813,en,true,33,33,true,true,false,62,18,14,12,7,19,11,2,0,163,0,1,0
en,bolewa,19581,en,true,33,33,true,true,false,62,18,14,12,7,19,11,2,0,163,0,1,0
en,bolinao,12589,en,true,33,33,true,true,false,62,18,14,12,7,19,11,2,0,163,0,1,0
en,bomu,2081,en,true,33,33,true,true,false,62,18,14,12,7,19,11,2,0,163,0,1,0
en,bongo,97457,en,true,33,33,true,true,false,62,18,14,12,7,19,11,2,0,163,0,1,0
en,bora,139707,en,true,33,33,true,true,false,63,18,14,12,7,19,11,2,0,163,0,1,0
en,borna-shinasha,97524,en,true,33,33,true,true,false,62,18,14,12,7,19,11,2,0,163,0,1,0
en,bororo,1873,en,true,33,33,true,true,false,62,18,14,12,7,19,11,2,0,163,0,1,0
bs,bosnian,20581,bs,true,0,0,false,false,false,0,0,0,0,0,0,11,2,197,168,0,0,0
en,bouyei,3960,en,true,33,33,true,true,false,62,18,14,12,7,19,11,2,0,163,0,1,0
en,bouyei-anshun,139132,en,true,33,33,true,true,false,64,18,14,12,7,19,11,2,0,163,0,1,0
en,bouyei-qianxi,185354,en,true,33,33,true,true,false,62,18,14,12,7,19,11,2,0,163,0,1,0
en,bozo-jenaama,140166,en,true,33,33,true,true,false,62,18,14,12,7,19,11,2,0,163,0,1,0
en,bozo-tigemaxo,139885,en,true,33,33,true,true,false,62,18,14,12,7,19,11,2,0,163,0,1,0
en,brahui,351,en,true,33,33,true,true,false,62,18,14,12,7,19,11,2,0,163,0,1,0
en,braj-bhasha,5611,en,true,33,33,true,true,false,62,18,14,12,7,19,11,2,0,163,0,1,0
en,brazilian-sign-language,1872,en,true,1,1,false,false,false,1,0,0,0,0,1,11,2,0,196,0,0,0
en,brezhoneg,158608,en,true,33,33,true,true,false,62,18,14,12,7,19,11,2,0,163,0,1,0
en,bru-eastern,7371,en,true,33,33,true,true,false,62,18,14,12,7,19,11,2,0,163,0,1,0
en,bru-van-kieu,185256,en,true,33,33,true,true,false,62,18,14,12,7,19,11,2,0,163,0,1,0
en,budu-koya,24092,en,true,33,33,true,true,false,62,18,14,12,7,19,11,2,0,163,0,1,0
en,budu-nita,24091,en,true,33,33,true,true,false,62,18,14,12,7,19,11,2,0,163,0,1,0
en,budza,15667,en,true,33,33,true,true,false,64,18,14,12,7,19,11,2,0,163,0,1,0
en,bugis,17645,en,true,33,33,true,true,false,62,18,14,12,7,19,11,2,0,163,0,1,0
en,bugis-soppeng,185058,en,true,33,33,true,true,false,62,18,14,12,7,19,11,2,0,163,0,1,0
en,bugkalot,184845,en,true,33,33,true,true,false,64,18,14,12,7,19,11,2,0,163,0,1,0
en,buglere,10601,en,true,33,33,true,true,false,62,18,14,12,7,19,11,2,0,163,0,1,0
en,bukharian,6934,en,true,33,33,true,true,false,62,18,14,12,7,19,11,2,0,163,0,1,0
en,buksa,23325,en,true,33,33,true,true,false,62,18,14,12,7,19,11,2,0,163,0,1,0
en,bukusu,19606,en,true,33,33,true,true,false,62,18,14,12,7,19,11,2,0,163,0,1,0
bg,bulgarian,1964,bg,true,0,0,false,false,false,0,0,0,0,0,0,11,2,197,120,0,0,0
en,buli,19610,en,true,33,33,true,true,false,62,18,14,12,7,19,11,2,0,163,0,1,0
en,bulu,2884,en,true,33,33,true,true,false,62,18,14,12,7,19,11,2,0,163,0,1,0
en,bulusu,139916,en,true,33,33,true,true,false,62,18,14,12,7,19,11,2,0,163,0,1,0
en,bum,139792,en,true,33,33,true,true,false,64,18,14,12,7,19,11,2,0,163,0,1,0
en,bundel-khandi,20587,en,true,33,33,true,true,false,67,18,14,12,7,19,11,2,0,163,0,1,0
en,bungu,99933,en,true,33,33,true,true,false,62,18,14,12,7,19,11,2,0,163,0,1,0
en,buol,17373,en,true,33,33,true,true,false,62,18,14,12,7,19,11,2,0,163,0,1,0
en,bura-pabir,10343,en,true,33,33,true,true,false,62,18,14,12,7,19,11,2,0,163,0,1,0
en,buriat-russia,18321,en,true,55,55,true,true,true,131,23,23,18,10,37,11,2,0,141,0,1,0
my,burmese,1254,my,true,0,0,false,false,false,0,0,0,0,0,0,11,2,197,163,0,0,0
en,burmese-common,184855,en,true,34,34,true,true,false,63,18,15,13,7,20,11,2,0,162,0,1,0
my,burmese-musselmani,24293,my,true,0,0,false,false,false,0,0,0,0,0,0,11,2,197,180,0,0,0
en,burmese-standard,184854,en,true,64,64,true,true,true,157,24,26,22,14,41,11,2,0,129,0,3,0
en,burun,139538,en,true,33,33,true,true,false,64,18,14,12,7,19,11,2,0,163,0,1,0
en,burunge,139544,en,true,33,33,true,true,false,62,18,14,12,7,19,11,2,0,163,0,1,0
en,burushaski,10570,en,true,33,33,true,true,false,62,18,14,12,7,19,11,2,0,163,0,1,0
en,buurak,49141,en,true,33,33,true,true,false,62,18,14,12,7,19,11,2,0,163,0,1,0
en,bwamu-laa-laa,2074,en,true,33,33,true,true,false,62,18,14,12,7,19,11,2,0,163,0,1,0
en,bwazza,9491,en,true,33,33,true,true,false,62,18,14,12,7,19,11,2,0,163,0,1,0
en,cabecar,140126,en,true,33,33,true,true,false,62,18,14,12,7,19,11,2,0,163,0,1,0
cak,cakchiquel-central,5439,cak,true,0,0,false,false,false,0,0,0,0,0,0,11,2,197,168,0,0,0
cak,cakchiquel-eastern,5397,cak,true,0,0,false,false,false,0,0,0,0,0,0,11,2,197,180,0,0,0
cak,cakchiquel-south-central,5437,cak,true,0,0,false,false,false,0,0,0,0,0,0,11,2,197,180,0,0,0
cak,cakchiquel-western,5392,cak,true,0,0,false,false,false,0,0,0,0,0,0,11,2,197,142,0,0,0
en,canela,101512,en,true,33,33,true,true,false,62,18,14,12,7,19,11,2,0,163,0,1,0
yue,cantonese,20601,yue,true,0,0,false,false,false,0,0,0,0,0,0,11,2,197,84,0,0,0
en,capanahua,141267,en,true,33,33,true,true,false,63,18,14,12,7,19,11,2,0,163,0,1,0
en,carib-eastern,53421,en,true,33,33,true,true,false,62,18,14,12,7,19,11,2,0,163,0,1,0
ca,catalan-valencian-balear,531,ca,true,0,0,false,false,false,0,0,0,0,0,0,11,2,197,141,0,0,0
ceb,cebuano,12784,ceb,true,0,0,false,false,false,0,0,0,0,0,0,11,2,197,154,0,0,0
ru,central-asian-russian,20899,ru-143,true,74,74,true,true,true,166,25,28,23,18,51,11,2,0,119,0,3,0
en,central-buang,159546,en,true,33,33,true,true,false,62,18,14,12,7,19,11,2,0,163,0,1,0
en,cerma,2067,en,true,37,37,true,true,false,67,18,15,14,10,21,11,2,0,159,0,1,0
en,chachi,4501,en,true,33,33,true,true,false,62,18,14,12,7,19,11,2,0,163,0,1,0
en,chakfem,159392,en,true,33,33,true,true,false,62,18,14,12,7,19,11,2,0,163,0,1,0
en,chakma,1253,en,true,33,33,true,true,false,62,18,14,12,7,19,11,2,0,163,0,1,0
en,chaldean,20592,en,true,53,53,true,true,true,116,23,23,18,9,35,11,2,0,143,0,1,0
en,cham-eastern,19372,en,true,33,33,true,true,false,62,18,14,12,7,19,11,2,0,163,0,1,0
en,cham-western,2145,en,true,33,33,true,true,false,62,18,14,12,7,19,11,2,0,163,0,1,0
en,chamacoco,140087,en,true,33,33,true,true,false,62,18,14,12,7,19,11,2,0,163,0,1,0
en,chamari,97720,en,true,33,33,true,true,false,62,18,14,12,7,19,11,2,0,163,0,1,0
en,chamba-daka,159038,en,true,33,33,true,true,false,62,18,14,12,7,19,11,2,0,163,0,1,0
en,chambeali,5652,en,true,33,33,true,true,false,62,18,14,12,7,19,11,2,0,163,0,1,0
en,chamling,50165,en,true,33,33,true,true,false,62,18,14,12,7,19,11,2,0,163,0,1,0
ch,chamorro,5379,ch,true,0,0,false,false,false,0,0,0,0,0,0,11,2,197,168,0,0,0
en,chara,140248,en,true,33,33,true,true,false,62,18,14,12,7,19,11,2,0,163,0,1,0
en,chasu-pare,24223,en,true,33,33,true,true,false,62,18,14,12,7,19,11,2,0,163,0,1,0
en,chatgaya-chittagonian-hindu,139131,en,true,54,54,true,true,true,129,23,23,18,9,36,11,2,0,142,0,1,0
en,chatgaya-chittagonian-muslim,21674,en,true,53,53,true,true,true,128,23,23,18,9,35,11,2,0,143,0,1,0
en,chatino-nopala,8282,en,true,33,33,true,true,false,62,18,14,12,7,19,11,2,0,163,0,1,0
en,chatino-zenzontepec,8281,en,true,33,33,true,true,false,62,18,14,12,7,19,11,2,0,163,0,1,0
en,chavacano,12791,en,true,33,33,true,true,false,62,18,14,12,7,19,11,2,0,163,0,1,0
ce,chechen,7139,ce,true,0,0,false,false,false,0,0,0,0,0,0,11,2,197,180,0,0,0
en,cheke-holo,144083,en,true,33,33,true,true,false,63,18,14,12,7,19,11,2,0,163,0,1,0
en,cherepon,25991,en,true,33,33,true,true,false,62,18,14,12,7,19,11,2,0,163,0,1,0
en,chhattisgarhi,6463,en,true,54,54,true,true,true,135,23,23,18,9,36,11,2,0,142,0,1,0
en,chibi-setentrional,139134,en,true,33,33,true,true,false,64,18,14,12,7,19,11,2,0,163,0,1,0
ny,chichewa,20857,ny,true,0,0,false,false,false,0,0,0,0,0,0,11,2,197,96,0,0,0
en,chikunda,163660,en,true,33,33,true,true,false,64,18,14,12,7,19,11,2,0,163,0,1,0
en,chilcotin,3099,en,true,33,33,true,true,false,62,18,14,12,7,19,11,2,0,163,0,1,0
en,chin-asho,1181,en,true,33,33,true,true,false,62,18,14,12,7,19,11,2,0,163,0,1,0
en,chin-falam,1192,en,true,33,33,true,true,false,62,18,14,12,7,19,11,2,0,163,0,1,0
en,chin-khumi,1252,en,true,33,33,true,true,false,62,18,14,12,7,19,11,2,0,163,0,1,0
en,chin-mun,8746,en,true,33,33,true,true,false,62,18,14,12,7,19,11,2,0,163,0,1,0
en,chin-paite,5961,en,true,33,33,true,true,false,62,18,14,12,7,19,11,2,0,163,0,1,0
en,chinantec-usila,97686,en,true,33,33,true,true,false,62,18,14,12,7,19,11,2,0,163,0,1,0
en,chinanteco-quiotepec,8343,en,true,33,33,true,true,false,62,18,14,12,7,19,11,2,0,163,0,1,0
en,chinanteco-tepetotutla,7922,en,true,33,33,true,true,false,62,18,14,12,7,19,11,2,0,163,0,1,0
en,chinanteco-tlacoatzintepec,7926,en,true,33,33,true,true,false,62,18,14,12,7,19,11,2,0,163,0,1,0
zh,chinese-guiliu,53352,zh,true,0,0,false,false,false,0,0,0,0,0,0,11,2,197,180,0,0,0
en,chinese-hokkien-amoy,184515,en,true,54,54,true,true,true,118,23,24,19,9,36,11,2,0,142,0,1,0
en,chinese-qinghai,24096,en,true,33,33,true,true,false,64,18,14,12,7,19,11,2,0,163,0,1,0
zh,chinese-sichuan,23062,zh-CN-51,true,0,0,false,false,false,0,0,0,0,0,0,11,2,197,180,0,0,0
zh-Hans,chinese-simplified,21754,zh-Hans,true,0,0,false,false,false,0,0,0,0,0,0,11,2,197,146,0,0,0
zh-Hant,chinese-traditional,21753,zh-Hant,true,0,0,false,false,false,0,0,0,0,0,0,11,2,197,166,0,0,0
zh,chinese-yunnan-kunming,23061,zh,true,0,0,false,false,false,0,0,0,0,0,0,11,2,197,170,0,0,0
en,chingoni,20084,en,true,33,33,true,true,false,62,18,14,12,7,19,11,2,0,163,0,1,0
en,chitembo,47429,en,true,33,33,true,true,false,62,18,14,12,7,19,11,2,0,163,0,1,0
en,chitwan-tharu,167552,en,true,33,33,true,true,false,62,18,14,12,7,19,11,2,0,163,0,1,0
en,chodri,5648,en,true,33,33,true,true,false,62,18,14,12,7,19,11,2,0,163,0,1,0
en,chokwe-angola,23492,en,true,33,33,true,true,false,62,18,14,12,7,19,11,2,0,163,0,1,0
en,chokwe-congo,23491,en,true,33,33,true,true,false,62,18,14,12,7,19,11,2,0,163,0,1,0
en,chol-tumbala,8315,en,true,33,33,true,true,false,62,18,14,12,7,19,11,2,0,163,0,1,0
en,chonyi,7343,en,true,37,37,true,true,false,67,18,15,14,10,21,11,2,0,159,0,1,0
en,chopi,8420,en,true,33,33,true,true,false,62,18,14,12,7,19,11,2,0,163,0,1,0
en,chumburung,5232,en,true,33,33,true,true,false,62,18,14,12,7,19,11,2,0,163,0,1,0
en,churahi,5647,en,true,33,33,true,true,false,62,18,14,12,7,19,11,2,0,163,0,1,0
en,chuukese,139129,en,true,33,33,true,true,false,62,18,14,12,7,19,11,2,0,163,0,1,0
en,chuvash,18574,en,true,33,33,true,true,false,63,18,14,12,7,19,11,2,0,163,0,1,0
en,chwabo,8426,en,true,33,33,true,true,false,62,18,14,12,7,19,11,2,0,163,0,1,0
en,cia-cia,17626,en,true,33,33,true,true,false,62,18,14,12,7,19,11,2,0,163,0,1,0
en,cirebon,19766,en,true,33,33,true,true,false,62,18,14,12,7,19,11,2,0,163,0,1,0
en,cishingini,9316,en,true,33,33,true,true,false,62,18,14,12,7,19,11,2,0,163,0,1,0
en,clela,23874,en,true,33,33,true,true,false,62,18,14,12,7,19,11,2,0,163,0,1,0
en,cofan,184472,en,true,33,33,true,true,false,62,18,14,12,7,19,11,2,0,163,0,1,0
en,cogui,23924,en,true,33,33,true,true,false,62,18,14,12,7,19,11,2,0,163,0,1,0
en,col,141796,en,true,33,33,true,true,false,62,18,14,12,7,19,11,2,0,163,0,1,0
en,colombian-sign-language,4247,en,true,1,1,false,false,false,1,0,0,0,0,1,11,2,0,196,0,0,0
en,comorian-shingazidja,15903,en,true,33,33,true,true,false,62,18,14,12,7,19,11,2,0,163,0,1,0
en,cook-islands-maori,176906,en,true,33,33,true,true,false,64,18,14,12,7,19,11,2,0,163,0,1,0
en,cora,8323,en,true,33,33,true,true,false,62,18,14,12,7,19,11,2,0,163,0,1,0
en,costa-rican-sign-language,4394,en,true,1,1,false,false,false,1,0,0,0,0,1,11,2,0,196,0,0,0
crk,cree-western,3087,crk,true,0,0,false,false,false,0,0,0,0,0,0,11,2,197,180,0,0,0
en,crimean-tatar,22335,en,true,33,33,true,true,false,63,18,14,12,7,19,11,2,0,163,0,1,0
en,crioulo-upper-guinea,5059,en,true,55,55,true,true,true,99,21,18,21,18,33,11,2,0,138,0,3,0
hr,croatian,1109,hr,true,0,0,false,false,false,0,0,0,0,0,0,11,2,197,98,0,0,0
hu,csango,108102,hu,true,0,0,false,false,false,0,0,0,0,0,0,11,2,197,170,0,0,0
en,cubeo,1592,en,true,33,33,true,true,false,62,18,14,12,7,19,11,2,0,163,0,1,0
en,cuicateco-tepeuxila,8284,en,true,33,33,true,true,false,62,18,14,12,7,19,11,2,0,163,0,1,0
en,cun,3792,en,true,33,33,true,true,false,62,18,14,12,7,19,11,2,0,163,0,1,0
en,curripaco,141382,en,true,33,33,true,true,false,63,18,14,12,7,19,11,2,0,163,0,1,0
en,cuyonon,12773,en,true,33,33,true,true,false,64,18,14,12,7,19,11,2,0,163,0,1,0
cs,czech,4432,cs,true,0,0,false,false,false,0,0,0,0,0,0,11,2,197,82,0,0,0
en,daani,185232,en,true,33,33,true,true,false,62,18,14,12,7,19,11,2,0,163,0,1,0
en,daasanach,97941,en,true,33,33,true,true,false,64,18,14,12,7,19,11,2,0,163,0,1,0
en,daba,2865,en,true,33,33,true,true,false,62,18,14,12,7,19,11,2,0,163,0,1,0
en,dadeldhureli,53355,en,true,33,33,true,true,false,62,18,14,12,7,19,11,2,0,163,0,1,0
en,dadiya,10292,en,true,33,33,true,true,false,62,18,14,12,7,19,11,2,0,163,0,1,0
en,dagaari-northern,22197,en,true,0,0,false,false,false,0,0,0,0,0,0,11,2,0,197,0,0,0
en,dagaari-southern,5188,en,true,33,33,true,true,false,62,18,14,12,7,19,11,2,0,163,0,1,0
en,dagara,116416,en,true,33,33,true,true,false,62,18,14,12,7,19,11,2,0,163,0,1,0
en,dagbanli,184814,en,true,37,37,true,true,false,67,18,15,14,10,21,11,2,0,159,0,1,0
en,dan,5462,en,true,37,37,true,true,false,67,18,15,14,10,21,11,2,0,159,0,1,0
en,dangali-tharu,185063,en,true,33,33,true,true,false,62,18,14,12,7,19,11,2,0,163,0,1,0
en,dangi,22682,en,true,33,33,true,true,false,62,18,14,12,7,19,11,2,0,163,0,1,0
en,dani-western,16447,en,true,33,33,true,true,false,62,18,14,12,7,19,11,2,0,163,0,1,0
da,danish,4454,da,true,0,0,false,false,false,0,0,0,0,0,0,11,2,197,154,0,0,0
en,dano,139511,en,true,33,33,true,true,false,63,18,14,12,7,19,11,2,0,163,0,1,0
ne,darchuleli,111588,npi,true,0,0,false,false,false,0,0,0,0,0,0,11,2,197,180,0,0,0
en,dargin,20644,en,true,33,33,true,true,false,63,18,14,12,7,19,11,2,0,163,0,1,0
en,dari,53400,en,true,72,72,true,true,true,207,25,28,23,17,49,11,2,0,121,0,3,0
en,datooga,14081,en,true,33,33,true,true,false,62,18,14,12,7,19,11,2,0,163,0,1,0
en,daur,3786,en,true,33,33,true,true,false,62,18,14,12,7,19,11,2,0,163,0,1,0
en,davik-kui,185003,en,true,33,33,true,true,false,62,18,14,12,7,19,11,2,0,163,0,1,0
en,dawro,4633,en,true,33,33,true,true,false,62,18,14,12,7,19,11,2,0,163,0,1,0
en,dayak-ngaju,172218,en,true,33,33,true,true,false,62,18,14,12,7,19,11,2,0,163,0,1,0
en,daza,3299,en,true,33,33,true,true,false,62,18,14,12,7,19,11,2,0,163,0,1,0
en,deccani,22685,en,true,33,33,true,true,false,64,18,14,12,7,19,11,2,0,163,0,1,0
en,deg,144593,en,true,37,37,true,true,false,67,18,15,14,10,21,11,2,0,159,0,1,0
en,dei,140356,en,true,33,33,true,true,false,62,18,14,12,7,19,11,2,0,163,0,1,0
en,dendi-djougou,53326,en,true,33,33,true,true,false,62,18,14,12,7,19,11,2,0,163,0,1,0
en,dendi-malanville,1344,en,true,33,33,true,true,false,62,18,14,12,7,19,11,2,0,163,0,1,0
chp,dene,97745,chp,true,0,0,false,false,false,0,0,0,0,0,0,11,2,197,180,0,0,0
en,deori,140367,en,true,33,33,true,true,false,62,18,14,12,7,19,11,2,0,163,0,1,0
en,dera,19822,en,true,33,33,true,true,false,62,18,14,12,7,19,11,2,0,163,0,1,0
en,dersim-zazaki,22684,en,true,33,33,true,true,false,62,18,14,12,7,19,11,2,0,163,0,1,0
en,desia,20863,en,true,33,33,true,true,false,62,18,14,12,7,19,11,2,0,163,0,1,0
en,dhatki,10529,en,true,53,53,true,true,true,116,23,23,18,9,35,11,2,0,143,0,1,0
en,dhimal,140205,en,true,33,33,true,true,false,62,18,14,12,7,19,11,2,0,163,0,1,0
dv,dhivehi,53287,dv,true,0,0,false,false,false,0,0,0,0,0,0,11,2,197,149,0,0,0
en,dhodia,6548,en,true,34,34,true,true,false,63,19,14,13,7,19,11,2,0,162,0,1,0
en,dhopadhola,20521,en,true,33,33,true,true,false,62,18,14,12,7,19,11,2,0,163,0,1,0
en,dhundari,24343,en,true,53,53,true,true,true,121,23,23,18,9,35,11,2,0,143,0,1,0
en,dibali,184541,en,true,33,33,true,true,false,62,18,14,12,7,19,11,2,0,163,0,1,0
en,dida-yocoboue,16052,en,true,33,33,true,true,false,64,18,14,12,7,19,11,2,0,163,0,1,0
en,didinga,13644,en,true,33,33,true,true,false,62,18,14,12,7,19,11,2,0,163,0,1,0
en,digaro-mishmi,144716,en,true,33,33,true,true,false,62,18,14,12,7,19,11,2,0,163,0,1,0
en,digo,7176,en,true,33,33,true,true,false,62,18,14,12,7,19,11,2,0,163,0,1,0
en,dijim-cham,53395,en,true,33,33,true,true,false,62,18,14,12,7,19,11,2,0,163,0,1,0
en,dimasa,19652,en,true,33,33,true,true,false,62,18,14,12,7,19,11,2,0,163,0,1,0
en,dime,140225,en,true,33,33,true,true,false,62,18,14,12,7,19,11,2,0,163,0,1,0
en,dinka-agar-bor,139058,en,true,42,42,true,true,false,84,19,16,16,12,23,11,2,0,151,0,3,0
en,dinka-northeastern-padang,24267,en,true,42,42,true,true,false,84,19,16,16,12,23,11,2,0,151,0,3,0
en,dinka-rek,24273,en,true,33,33,true,true,false,62,18,14,12,7,19,11,2,0,163,0,1,0
en,dirasha,4694,en,true,33,33,true,true,false,62,18,14,12,7,19,11,2,0,163,0,1,0
en,ditammari,1318,en,true,33,33,true,true,false,62,18,14,12,7,19,11,2,0,163,0,1,0
en,djola-bayote,53409,en,true,33,33,true,true,false,62,18,14,12,7,19,11,2,0,163,0,1,0
en,dogon-jamsay,140535,en,true,33,33,true,true,false,62,18,14,12,7,19,11,2,0,163,0,1,0
en,dogon-mombo,140549,en,true,33,33,true,true,false,64,18,14,12,7,19,11,2,0,163,0,1,0
en,dogon-togo-kan,185246,en,true,33,33,true,true,false,62,18,14,12,7,19,11,2,0,163,0,1,0
en,dogon-tommo-so,140443,en,true,33,33,true,true,false,62,18,14,12,7,19,11,2,0,163,0,1,0
en,dogon-tomo-kan,26248,en,true,33,33,true,true,false,62,18,14,12,7,19,11,2,0,163,0,1,0
en,dogon-toro-so,27145,en,true,53,53,true,true,true,118,23,23,18,9,35,11,2,0,143,0,1,0
en,dogose,139072,en,true,33,33,true,true,false,62,18,14,12,7,19,11,2,0,163,0,1,0
en,dogri,20651,en,true,33,33,true,true,false,62,18,14,12,7,19,11,2,0,163,0,1,0
en,dolpo,140409,en,true,33,33,true,true,false,63,18,14,12,7,19,11,2,0,163,0,1,0
en,dom,175683,en,true,33,33,true,true,false,62,18,14,12,7,19,11,2,0,163,0,1,0
en,dong-northern,3787,en,true,33,33,true,true,false,63,18,14,12,7,19,11,2,0,163,0,1,0
en,dong-southern,3803,en,true,37,37,true,true,false,72,19,15,13,9,22,11,2,0,159,0,1,0
en,dongissa,164768,en,true,33,33,true,true,false,62,18,14,12,7,19,11,2,0,163,0,1,0
en,dongnu,3717,en,true,33,33,true,true,false,62,18,14,12,7,19,11,2,0,163,0,1,0
en,dongo,140398,en,true,33,33,true,true,false,62,18,14,12,7,19,11,2,0,163,0,1,0
en,dongxiang,3933,en,true,33,33,true,true,false,63,18,14,12,7,19,11,2,0,163,0,1,0
en,doondo,98033,en,true,33,33,true,true,false,62,18,14,12,7,19,11,2,0,163,0,1,0
en,doromu-koki,141569,en,true,33,33,true,true,false,62,18,14,12,7,19,11,2,0,163,0,1,0
en,doti-doteli,185061,en,true,33,33,true,true,false,62,18,14,12,7,19,11,2,0,163,0,1,0
en,duala,2854,en,true,33,33,true,true,false,62,18,14,12,7,19,11,2,0,163,0,1,0
en,dubli,23342,en,true,33,33,true,true,false,62,18,14,12,7,19,11,2,0,163,0,1,0
en,dulangan-manobo,173673,en,true,33,33,true,true,false,62,18,14,12,7,19,11,2,0,163,0,1,0
en,duna,140449,en,true,33,33,true,true,false,63,18,14,12,7,19,11,2,0,163,0,1,0
en,dungan,17820,en,true,33,33,true,true,false,62,18,14,12,7,19,11,2,0,163,0,1,0
en,dungra-bhil,23258,en,true,33,33,true,true,false,62,18,14,12,7,19,11,2,0,163,0,1,0
en,duri,17601,en,true,33,33,true,true,false,62,18,14,12,7,19,11,2,0,163,0,1,0
en,duruma,7166,en,true,33,33,true,true,false,62,18,14,12,7,19,11,2,0,163,0,1,0
en,duruwa,5967,en,true,33,33,true,true,false,62,18,14,12,7,19,11,2,0,163,0,1,0
en,dusun,20654,en,true,34,34,true,true,false,76,18,14,12,7,20,11,2,0,162,0,1,0
nl,dutch,1269,nl,true,0,0,false,false,false,0,0,0,0,0,0,11,2,197,87,0,0,0
en,duya,141739,en,true,33,33,true,true,false,62,18,14,12,7,19,11,2,0,163,0,1,0
dz,dzongkha,1375,dz,true,0,0,false,false,false,0,0,0,0,0,0,11,2,197,168,0,0,0
en,eastern-garame,179189,en,true,33,33,true,true,false,62,18,14,12,7,19,11,2,0,163,0,1,0
en,eastern-poqomchi,153550,en,true,54,54,true,true,true,130,23,23,18,9,36,11,2,0,142,0,1,0
en,ebira,9789,en,true,33,33,true,true,false,62,18,14,12,7,19,11,2,0,163,0,1,0
en,ebrie,16074,en,true,33,33,true,true,false,62,18,14,12,7,19,11,2,0,163,0,1,0
en,eda,180999,en,true,33,33,true,true,false,62,18,14,12,7,19,11,2,0,163,0,1,0
en,ede-cabe,140033,en,true,57,57,true,true,true,121,23,24,20,12,37,11,2,0,139,0,1,0
en,ede-ica,26816,en,true,33,33,true,true,false,62,18,14,12,7,19,11,2,0,163,0,1,0
en,edo,10255,en,true,33,33,true,true,false,62,18,14,12,7,19,11,2,0,163,0,1,0
en,efik,2728,en,true,33,33,true,true,false,62,18,14,12,7,19,11,2,0,163,0,1,0
en,eggon,10252,en,true,33,33,true,true,false,62,18,14,12,7,19,11,2,0,163,0,1,0
en,ehugbo,139157,en,true,33,33,true,true,false,62,18,14,12,7,19,11,2,0,163,0,1,0
en,ejagham-western,21205,en,true,33,33,true,true,false,62,18,14,12,7,19,11,2,0,163,0,1,0
en,ekajuk,10248,en,true,33,33,true,true,false,62,18,14,12,7,19,11,2,0,163,0,1,0
en,ekpari,10241,en,true,33,33,true,true,false,64,18,14,12,7,19,11,2,0,163,0,1,0
en,ellomwe,184513,en,true,33,33,true,true,false,62,18,14,12,7,19,11,2,0,163,0,1,0
en,embera-catio,4246,en,true,33,33,true,true,false,62,18,14,12,7,19,11,2,0,163,0,1,0
en,embera-northern,98137,en,true,54,54,true,true,true,130,23,23,18,9,36,11,2,0,142,0,1,0
en,embu,7164,en,true,33,33,true,true,false,62,18,14,12,7,19,11,2,0,163,0,1,0
en,ende,19669,en,true,33,33,true,true,false,62,18,14,12,7,19,11,2,0,163,0,1,0
en,enga,12200,en,true,33,33,true,true,false,62,18,14,12,7,19,11,2,0,163,0,1,0
en,enggano,140421,en,true,33,33,true,true,false,63,18,14,12,7,19,11,2,0,163,0,1,0
en,english,529,en,true,191,191,true,true,true,1013,81,65,68,45,94,11,2,0,0,0,4,0
en,english-african,185221,eng,true,12,12,true,false,false,14,3,6,6,2,9,11,2,0,185,0,0,0
en,english-british,185021,en-GB,true,12,12,true,false,false,14,3,6,6,2,9,11,2,0,185,0,0,0
en,english-north-american-indigenous,23156,en-nai,true,33,33,true,true,false,62,18,14,12,7,19,11,2,0,163,0,1,0
en,enlhet-2,141755,en,true,33,33,true,true,false,62,18,14,12,7,19,11,2,0,163,0,1,0
en,enrekang,154090,en,true,33,33,true,true,false,62,18,14,12,7,19,11,2,0,163,0,1,0
en,enuani,148878,en,true,33,33,true,true,false,62,18,14,12,7,19,11,2,0,163,0,1,0
en,enwan,140424,en,true,33,33,true,true,false,62,18,14,12,7,19,11,2,0,163,0,1,0
en,enxet,181477,en,true,33,33,true,true,false,62,18,14,12,7,19,11,2,0,163,0,1,0
en,erei,108591,en,true,33,33,true,true,false,62,18,14,12,7,19,11,2,0,163,0,1,0
myv,erzya,18483,myv,true,0,0,false,false,false,0,0,0,0,0,0,11,2,197,180,0,0,0
en,ese,144299,en,true,33,33,true,true,false,63,18,14,12,7,19,11,2,0,163,0,1,0
en,ese-ejja,140434,en,true,33,33,true,true,false,63,18,14,12,7,19,11,2,0,163,0,1,0
en,eshira-2,143382,en,true,33,33,true,true,false,62,18,14,12,7,19,11,2,0,163,0,1,0
et,estonian,4601,et,true,0,0,false,false,false,0,0,0,0,0,0,11,2,197,129,0,0,0
en,etsako-iyekhe,10124,en,true,33,33,true,true,false,62,18,14,12,7,19,11,2,0,163,0,1,0
en,etulo,142293,en,true,33,33,true,true,false,62,18,14,12,7,19,11,2,0,163,0,1,0
en,ewage-notu,144182,en,true,33,33,true,true,false,62,18,14,12,7,19,11,2,0,163,0,1,0
ee,ewe,5331,ee,true,0,0,false,false,false,0,0,0,0,0,0,11,2,197,150,0,0,0
en,ewondo,2713,en,true,37,37,true,true,false,67,18,15,14,10,21,11,2,0,159,0,1,0
en,ezaa,9692,en,true,33,33,true,true,false,62,18,14,12,7,19,11,2,0,163,0,1,0
en,fa-dambu,27147,en,true,33,33,true,true,false,62,18,14,12,7,19,11,2,0,163,0,1,0
en,fakai,10157,en,true,33,33,true,true,false,62,18,14,12,7,19,11,2,0,163,0,1,0
en,fali-north,184844,en,true,33,33,true,true,false,64,18,14,12,7,19,11,2,0,163,0,1,0
en,fali-south,184843,en,true,33,33,true,true,false,64,18,14,12,7,19,11,2,0,163,0,1,0
en,fanakalo,20662,en,true,33,33,true,true,false,62,18,14,12,7,19,11,2,0,163,0,1,0
en,fanamaket,139741,en,true,33,33,true,true,false,62,18,14,12,7,19,11,2,0,163,0,1,0
en,fang-equatorial-guinea,24018,en,true,33,33,true,true,false,62,18,14,12,7,19,11,2,0,163,0,1,0
en,fang-gabon,24019,en,true,33,33,true,true,false,62,18,14,12,7,19,11,2,0,163,0,1,0
en,fante,5288,en,true,33,33,true,true,false,62,18,14,12,7,19,11,2,0,163,0,1,0
fo,faroese,4455,fo,true,0,0,false,false,false,0,0,0,0,0,0,11,2,197,170,0,0,0
fa,farsi-western,6788,fa,true,139,139,true,true,true,429,56,46,51,35,77,11,2,1,53,0,3,0
en,fataleka,140614,en,true,33,33,true,true,false,63,18,14,12,7,19,11,2,0,163,0,1,0
en,fernando-po-creole-english,26270,en,true,33,33,true,true,false,62,18,14,12,7,19,11,2,0,163,0,1,0
hif,fiji-hindi,53300,hif,true,0,0,false,false,false,0,0,0,0,0,0,11,2,197,170,0,0,0
fj,fijian,20665,fj,true,0,0,false,false,false,0,0,0,0,0,0,11,2,197,158,0,0,0
en,finallig,160575,en,true,33,33,true,true,false,62,18,14,12,7,19,11,2,0,163,0,1,0
fi,finnish,4820,fi,true,0,0,false,false,false,0,0,0,0,0,0,11,2,197,149,0,0,0
en,flemish,21578,en,true,54,54,true,true,true,131,23,23,18,9,36,11,2,0,142,0,1,0
en,folopa,144064,en,true,33,33,true,true,false,63,18,14,12,7,19,11,2,0,163,0,1,0
en,fon-gbe,1304,en,true,66,66,true,true,true,143,24,26,24,17,41,11,2,0,127,0,3,0
en,foochow,23033,en,true,33,33,true,true,false,62,18,14,12,7,19,11,2,0,163,0,1,0
en,fordata,16956,en,true,33,33,true,true,false,62,18,14,12,7,19,11,2,0,163,0,1,0
en,fore,140640,en,true,33,33,true,true,false,62,18,14,12,7,19,11,2,0,163,0,1,0
fr,french,496,fr,true,164,164,true,true,true,689,65,58,58,39,87,11,2,0,29,0,2,0
fr,french-african,53424,fra,true,28,28,true,false,false,35,5,10,9,10,22,11,2,0,169,0,0,0
en,fulacunda,5050,en,true,33,33,true,true,false,62,18,14,12,7,19,11,2,0,163,0,1,0
en,fulfulde-adamawa,24014,en,true,57,57,true,true,true,121,23,24,20,12,37,11,2,0,139,0,1,0
en,fulfulde-bagirmi,3667,en,true,33,33,true,true,false,62,18,14,12,7,19,11,2,0,163,0,1,0
en,fulfulde-benin-togo,1299,en,true,33,33,true,true,false,62,18,14,12,7,19,11,2,0,163,0,1,0
en,fulfulde-caka-nigeria,24038,en,true,54,54,true,true,true,130,23,23,18,9,36,11,2,0,142,0,1,0
en,fulfulde-jelgoore,2116,en,true,33,33,true,true,false,62,18,14,12,7,19,11,2,0,163,0,1,0
en,fulfulde-maasina,5183,en,true,42,42,true,true,false,84,19,16,16,12,23,11,2,0,151,0,3,0
en,fulfulde-pulaar,5048,en,true,55,55,true,true,true,158,24,23,18,9,37,11,2,0,141,0,1,0
en,fulfulde-western-niger,23920,en,true,33,33,true,true,false,64,18,14,12,7,19,11,2,0,163,0,1,0
en,fur,53418,en,true,65,65,true,true,true,185,24,27,23,14,43,11,2,0,131,0,1,0
en,furu,140551,en,true,33,33,true,true,false,64,18,14,12,7,19,11,2,0,163,0,1,0
en,fuuta-jalon,5459,en,true,37,37,true,true,false,70,19,15,13,9,22,11,2,0,159,0,1,0
en,fwe,140555,en,true,33,33,true,true,false,64,18,14,12,7,19,11,2,0,163,0,1,0
ga,ga,27152,ga,true,0,0,false,false,false,0,0,0,0,0,0,11,2,197,180,0,0,0
en,gaanda,98407,en,true,33,33,true,true,false,62,18,14,12,7,19,11,2,0,163,0,1,0
en,gadaba-mudhili,140569,en,true,33,33,true,true,false,62,18,14,12,7,19,11,2,0,163,0,1,0
en,gaddang,140558,en,true,33,33,true,true,false,64,18,14,12,7,19,11,2,0,163,0,1,0
en,gaddi,6535,en,true,33,33,true,true,false,62,18,14,12,7,19,11,2,0,163,0,1,0
en,gadsup,19685,en,true,33,33,true,true,false,63,18,14,12,7,19,11,2,0,163,0,1,0
ga,gaelic-irish,6884,ga,true,0,0,false,false,false,0,0,0,0,0,0,11,2,197,170,0,0,0
gd,gaelic-scots,14818,gd,true,0,0,false,false,false,0,0,0,0,0,0,11,2,197,180,0,0,0
en,gagauz,1935,en,true,34,34,true,true,false,77,18,14,12,7,20,11,2,0,162,0,1,0
en,gagu,98306,en,true,33,33,true,true,false,64,18,14,12,7,19,11,2,0,163,0,1,0
en,gaita-koitor,184451,en,true,33,33,true,true,false,62,18,14,12,7,19,11,2,0,163,0,1,0
en,galela,16954,en,true,33,33,true,true,false,62,18,14,12,7,19,11,2,0,163,0,1,0
gl,galician,19705,gl,true,0,0,false,false,false,0,0,0,0,0,0,11,2,197,158,0,0,0
en,galo,24409,en,true,33,33,true,true,false,62,18,14,12,7,19,11,2,0,163,0,1,0
en,gamai,10365,en,true,33,33,true,true,false,62,18,14,12,7,19,11,2,0,163,0,1,0
en,gamit,6533,en,true,33,33,true,true,false,62,18,14,12,7,19,11,2,0,163,0,1,0
en,gamo,4635,en,true,53,53,true,true,true,116,23,23,18,9,35,11,2,0,143,0,1,0
en,gangam,117883,en,true,33,33,true,true,false,62,18,14,12,7,19,11,2,0,163,0,1,0
en,gao,140672,en,true,33,33,true,true,false,63,18,14,12,7,19,11,2,0,163,0,1,0
en,garasia-adiwasi,24340,en,true,33,33,true,true,false,62,18,14,12,7,19,11,2,0,163,0,1,0
en,garasia-rajput,24341,en,true,33,33,true,true,false,62,18,14,12,7,19,11,2,0,163,0,1,0
en,garhwali,6532,en,true,34,34,true,true,false,76,18,14,12,7,20,11,2,0,162,0,1,0
en,garifuna,1277,en,true,33,33,true,true,false,64,18,14,12,7,19,11,2,0,163,0,1,0
en,garo,1204,en,true,33,33,true,true,false,62,18,14,12,7,19,11,2,0,163,0,1,0
en,gata,140566,en,true,33,33,true,true,false,62,18,14,12,7,19,11,2,0,163,0,1,0
en,gaviao-do-jiparana,1569,en,true,33,33,true,true,false,62,18,14,12,7,19,11,2,0,163,0,1,0
en,gavva,184801,en,true,33,33,true,true,false,64,18,14,12,7,19,11,2,0,163,0,1,0
en,gawri,98458,en,true,33,33,true,true,false,62,18,14,12,7,19,11,2,0,163,0,1,0
en,gayil,98476,en,true,33,33,true,true,false,62,18,14,12,7,19,11,2,0,163,0,1,0
en,gayo,17807,en,true,33,33,true,true,false,62,18,14,12,7,19,11,2,0,163,0,1,0
en,gbagyi,10085,en,true,37,37,true,true,false,67,18,15,14,10,21,11,2,0,159,0,1,0
en,gbanu,19689,en,true,33,33,true,true,false,62,18,14,12,7,19,11,2,0,163,0,1,0
en,gbari,10076,en,true,33,33,true,true,false,62,18,14,12,7,19,11,2,0,163,0,1,0
en,gbaya-kresh-south-sudan,99152,en,true,53,53,true,true,true,116,23,23,18,9,35,11,2,0,143,0,1,0
en,gbaya-northwest,2745,en,true,33,33,true,true,false,62,18,14,12,7,19,11,2,0,163,0,1,0
en,gbaya-southwest,2518,en,true,33,33,true,true,false,62,18,14,12,7,19,11,2,0,163,0,1,0
en,gbe-saxwe,100227,en,true,33,33,true,true,false,62,18,14,12,7,19,11,2,0,163,0,1,0
en,gbe-tofin,142348,en,true,33,33,true,true,false,62,18,14,12,7,19,11,2,0,163,0,1,0
en,gbe-weme,142827,en,true,33,33,true,true,false,62,18,14,12,7,19,11,2,0,163,0,1,0
en,gbeya,22651,en,true,37,37,true,true,false,67,18,15,14,10,21,11,2,0,159,0,1,0
en,gbii,7658,en,true,33,33,true,true,false,64,18,14,12,7,19,11,2,0,163,0,1,0
en,ge,22819,en,true,33,33,true,true,false,62,18,14,12,7,19,11,2,0,163,0,1,0
en,gedeo,4704,en,true,33,33,true,true,false,62,18,14,12,7,19,11,2,0,163,0,1,0
en,gela,143904,en,true,33,33,true,true,false,63,18,14,12,7,19,11,2,0,163,0,1,0
en,gen-gbe,1342,en,true,33,33,true,true,false,62,18,14,12,7,19,11,2,0,163,0,1,0
ka,georgian,5112,ka,true,0,0,false,false,false,0,0,0,0,0,0,11,2,197,122,0,0,0
en,gepo,142505,en,true,33,33,true,true,false,63,18,14,12,7,19,11,2,0,163,0,1,0
en,german-pennsylvania,2993,en,true,33,33,true,true,false,62,18,14,12,7,19,11,2,0,163,0,1,0
de,german-standard,1106,de,true,148,148,true,true,true,435,57,49,55,35,84,11,2,0,44,0,3,0
en,ghari,140790,en,true,33,33,true,true,false,62,18,14,12,7,19,11,2,0,163,0,1,0
en,ghomala,2908,en,true,33,33,true,true,false,62,18,14,12,7,19,11,2,0,163,0,1,0
en,ghotuo,139226,en,true,33,33,true,true,false,62,18,14,12,7,19,11,2,0,163,0,1,0
en,giangan,12840,en,true,33,33,true,true,false,62,18,14,12,7,19,11,2,0,163,0,1,0
en,gibaio,149219,en,true,33,33,true,true,false,62,18,14,12,7,19,11,2,0,163,0,1,0
en,gichuka,140297,en,true,53,53,true,true,true,115,23,23,18,9,35,11,2,0,143,0,1,0
en,gikyode,5166,en,true,33,33,true,true,false,62,18,14,12,7,19,11,2,0,163,0,1,0
en,gilaki,6707,en,true,32,32,true,true,false,61,17,14,12,7,18,11,2,0,164,0,1,0
en,gilaki-rashti,185210,en,true,54,54,true,true,true,131,23,23,18,9,36,11,2,0,142,0,1,0
en,giryama,20117,en,true,33,33,true,true,false,62,18,14,12,7,19,11,2,0,163,0,1,0
en,gisir,185234,en,true,33,33,true,true,false,62,18,14,12,7,19,11,2,0,163,0,1,0
en,gitonga,20983,en,true,33,33,true,true,false,62,18,14,12,7,19,11,2,0,163,0,1,0
en,giziga-south,2754,en,true,33,33,true,true,false,62,18,14,12,7,19,11,2,0,163,0,1,0
en,glavda,140740,en,true,33,33,true,true,false,64,18,14,12,7,19,11,2,0,163,0,1,0
en,goan-konkani,184479,en,true,54,54,true,true,true,132,23,23,18,9,36,11,2,0,142,0,1,0
en,godie,184596,en,true,33,33,true,true,false,62,18,14,12,7,19,11,2,0,163,0,1,0
en,gofa,4634,en,true,33,33,true,true,false,62,18,14,12,7,19,11,2,0,163,0,1,0
en,gogo,14206,en,true,33,33,true,true,false,62,18,14,12,7,19,11,2,0,163,0,1,0
en,goji,121129,en,true,33,33,true,true,false,62,18,14,12,7,19,11,2,0,163,0,1,0
en,gojri,43229,en,true,33,33,true,true,false,62,18,14,12,7,19,11,2,0,163,0,1,0
en,gokana,10143,en,true,33,33,true,true,false,62,18,14,12,7,19,11,2,0,163,0,1,0
en,gola,7617,en,true,37,37,true,true,false,67,18,15,14,10,21,11,2,0,159,0,1,0
en,golin,19725,en,true,33,33,true,true,false,62,18,14,12,7,19,11,2,0,163,0,1,0
en,gondi-aheri,147829,en,true,33,33,true,true,false,62,18,14,12,7,19,11,2,0,163,0,1,0
en,gondi-northern,6511,en,true,33,33,true,true,false,63,18,14,12,7,19,11,2,0,163,0,1,0
en,gonja,5187,en,true,37,37,true,true,false,67,18,15,14,10,21,11,2,0,159,0,1,0
en,gorontalo,19716,en,true,33,33,true,true,false,62,18,14,12,7,19,11,2,0,163,0,1,0
en,gourmanchema,1296,en,true,33,33,true,true,false,62,18,14,12,7,19,11,2,0,163,0,1,0
en,gowlan,140770,en,true,33,33,true,true,false,63,18,14,12,7,19,11,2,0,163,0,1,0
en,gowli,140771,en,true,33,33,true,true,false,62,18,14,12,7,19,11,2,0,163,0,1,0
en,grebo-northern,23926,en,true,37,37,true,true,false,67,18,15,14,10,21,11,2,0,159,0,1,0
el,greek,483,el,true,0,0,false,false,false,0,0,0,0,0,0,11,2,197,118,0,0,0
en,guahibo,19720,en,true,33,33,true,true,false,63,18,14,12,7,19,11,2,0,163,0,1,0
en,guajajara,1582,en,true,33,33,true,true,false,62,18,14,12,7,19,11,2,0,163,0,1,0
en,guambiano,4230,en,true,33,33,true,true,false,63,18,14,12,7,19,11,2,0,163,0,1,0
en,guarani-bolivian-eastern,20631,en,true,33,33,true,true,false,62,18,14,12,7,19,11,2,0,163,0,1,0
en,guarani-mbya,623,en,true,33,33,true,true,false,62,18,14,12,7,19,11,2,0,163,0,1,0
en,guarani-paraguayan,12327,en,true,43,43,true,true,false,98,19,16,16,12,24,11,2,0,150,0,3,0
en,guarani-western-bolivian,184828,en,true,33,33,true,true,false,63,18,14,12,7,19,11,2,0,163,0,1,0
en,guaymi,10597,en,true,33,33,true,true,false,62,18,14,12,7,19,11,2,0,163,0,1,0
en,guere-central,16048,en,true,33,33,true,true,false,62,18,14,12,7,19,11,2,0,163,0,1,0
en,guina-ang-kalinga,149408,en,true,33,33,true,true,false,62,18,14,12,7,19,11,2,0,163,0,1,0
gu,gujarati,6600,gu,true,0,0,false,false,false,0,0,0,0,0,0,11,2,197,86,0,0,0
en,guji,4699,en,true,33,33,true,true,false,62,18,14,12,7,19,11,2,0,163,0,1,0
en,gun-gbe,1297,en,true,33,33,true,true,false,62,18,14,12,7,19,11,2,0,163,0,1,0
en,gungu,14710,en,true,33,33,true,true,false,62,18,14,12,7,19,11,2,0,163,0,1,0
en,gurage-sodo,4684,en,true,33,33,true,true,false,62,18,14,12,7,19,11,2,0,163,0,1,0
en,gurage-west,4676,en,true,53,53,true,true,true,116,23,23,18,9,35,11,2,0,143,0,1,0
en,gurenne,2062,en,true,37,37,true,true,false,67,18,15,14,10,21,11,2,0,159,0,1,0
en,gurgula,140675,en,true,53,53,true,true,true,115,23,23,18,9,35,11,2,0,143,0,1,0
en,guro,16064,en,true,57,57,true,true,true,121,23,24,20,12,37,11,2,0,139,0,1,0
en,gurung,6485,en,true,33,33,true,true,false,62,18,14,12,7,19,11,2,0,163,0,1,0
en,gusii,7326,en,true,33,33,true,true,false,62,18,14,12,7,19,11,2,0,163,0,1,0
en,gutob-gadaba,184548,en,true,33,33,true,true,false,62,18,14,12,7,19,11,2,0,163,0,1,0
en,guyanese-creole,20693,en,true,33,33,true,true,false,62,18,14,12,7,19,11,2,0,163,0,1,0
en,gwere,14692,en,true,33,33,true,true,false,62,18,14,12,7,19,11,2,0,163,0,1,0
en,gyaazi,139090,en,true,33,33,true,true,false,62,18,14,12,7,19,11,2,0,163,0,1,0
en,hadiyya,4667,en,true,33,33,true,true,false,62,18,14,12,7,19,11,2,0,163,0,1,0
en,hadothi,20696,en,true,33,33,true,true,false,64,18,14,12,7,19,11,2,0,163,0,1,0
en,hadza,140867,en,true,33,33,true,true,false,62,18,14,12,7,19,11,2,0,163,0,1,0
en,hainanese,13192,en,true,42,42,true,true,false,86,19,16,16,12,23,11,2,0,151,0,3,0
ht,haitian-creole,4473,ht,true,0,0,false,false,false,0,0,0,0,0,0,11,2,197,140,0,0,0
en,hajong,1193,en,true,33,33,true,true,false,62,18,14,12,7,19,11,2,0,163,0,1,0
en,hakhun,139179,en,true,33,33,true,true,false,62,18,14,12,7,19,11,2,0,163,0,1,0
en,hakka,20611,en,true,33,33,true,true,false,62,18,14,12,7,19,11,2,0,163,0,1,0
en,halang,140932,en,true,33,33,true,true,false,62,18,14,12,7,19,11,2,0,163,0,1,0
en,halbi,19739,en,true,33,33,true,true,false,62,18,14,12,7,19,11,2,0,163,0,1,0
en,halia,12065,en,true,33,33,true,true,false,62,18,14,12,7,19,11,2,0,163,0,1,0
en,hamer-banna,4792,en,true,33,33,true,true,false,62,18,14,12,7,19,11,2,0,163,0,1,0
ko,hamgyongdo,7350,ko,true,34,34,true,true,false,62,18,15,12,7,20,11,2,0,163,0,0,0
en,hanga,5319,en,true,33,33,true,true,false,62,18,14,12,7,19,11,2,0,163,0,1,0
en,hani-haya,184506,en,true,33,33,true,true,false,62,18,14,12,7,19,11,2,0,163,0,1,0
en,haniq-beeqhongq,3976,en,true,33,33,true,true,false,62,18,14,12,7,19,11,2,0,163,0,1,0
en,hano,141734,en,true,33,33,true,true,false,63,18,14,12,7,19,11,2,0,163,0,1,0
en,hanunoo,140994,en,true,33,33,true,true,false,62,18,14,12,7,19,11,2,0,163,0,1,0
en,harari,140937,en,true,33,33,true,true,false,62,18,14,12,7,19,11,2,0,163,0,1,0
en,haryanvi,5709,en,true,37,37,true,true,false,70,19,15,13,9,22,11,2,0,159,0,1,0
en,hatam,140927,en,true,33,33,true,true,false,62,18,14,12,7,19,11,2,0,163,0,1,0
en,hausa,1341,en,true,101,101,true,true,true,294,43,38,41,26,52,11,2,0,92,0,3,0
en,havu,15559,en,true,33,33,true,true,false,62,18,14,12,7,19,11,2,0,163,0,1,0
en,hawaii-pidgin,140893,en,true,33,33,true,true,false,63,18,14,12,7,19,11,2,0,163,0,1,0
haw,hawaiian-nihau,184517,haw,true,0,0,false,false,false,0,0,0,0,0,0,11,2,197,180,0,0,0
en,haya,14201,en,true,33,33,true,true,false,62,18,14,12,7,19,11,2,0,163,0,1,0
en,hazaragi,450,en,true,33,33,true,true,false,62,18,14,12,7,19,11,2,0,163,0,1,0
en,hdi,143340,en,true,33,33,true,true,false,62,18,14,12,7,19,11,2,0,163,0,1,0
he,hebrew,6930,he,true,83,83,true,true,true,235,39,32,35,23,37,11,2,0,111,0,2,0
en,hehe,14192,en,true,33,33,true,true,false,62,18,14,12,7,19,11,2,0,163,0,1,0
en,heiban,140943,en,true,33,33,true,true,false,62,18,14,12,7,19,11,2,0,163,0,1,0
en,heiyi-zhuang-minz,185329,en,true,33,33,true,true,false,63,18,14,12,7,19,11,2,0,163,0,1,0
en,hema,15256,en,true,33,33,true,true,false,62,18,14,12,7,19,11,2,0,163,0,1,0
en,hemba,15557,en,true,33,33,true,true,false,62,18,14,12,7,19,11,2,0,163,0,1,0
en,herero,1454,en,true,33,33,true,true,false,62,18,14,12,7,19,11,2,0,163,0,1,0
en,higgi,22645,en,true,33,33,true,true,false,62,18,14,12,7,19,11,2,0,163,0,1,0
hil,hiligaynon,19738,hil,true,0,0,false,false,false,0,0,0,0,0,0,11,2,197,180,0,0,0
hi,hindi,6464,hi,true,141,141,true,true,true,427,57,47,54,34,77,11,2,1,51,0,3,0
en,hindi-caribbean,5511,en,true,34,34,true,true,false,63,18,14,12,8,20,11,2,0,162,0,1,0
en,hindko-northern,10450,en,true,33,33,true,true,false,62,18,14,12,7,19,11,2,0,163,0,1,0
en,hindko-southern,10455,en,true,33,33,true,true,false,62,18,14,12,7,19,11,2,0,163,0,1,0
ho,hiri-motu,21120,ho,true,0,0,false,false,false,0,0,0,0,0,0,11,2,197,180,0,0,0
en,hixkaryana,1566,en,true,33,33,true,true,false,62,18,14,12,7,19,11,2,0,163,0,1,0
en,hlai-has,184504,en,true,33,33,true,true,false,62,18,14,12,7,19,11,2,0,163,0,1,0
en,hmar,6465,en,true,33,33,true,true,false,62,18,14,12,7,19,11,2,0,163,0,1,0
en,hmong-daw,4012,en,true,35,35,true,true,false,64,19,15,13,7,20,11,2,0,161,0,1,0
en,hmong-shuad,22826,en,true,33,33,true,true,false,62,18,14,12,7,19,11,2,0,163,0,1,0
ho,ho,1189,ho,true,0,0,false,false,false,0,0,0,0,0,0,11,2,197,176,0,0,0
en,hona,119277,en,true,33,33,true,true,false,62,18,14,12,7,19,11,2,0,163,0,1,0
en,horned-miao,23017,en,true,33,33,true,true,false,63,18,14,12,7,19,11,2,0,163,0,1,0
en,hote,12057,en,true,33,33,true,true,false,62,18,14,12,7,19,11,2,0,163,0,1,0
en,hrangkhol,140853,en,true,33,33,true,true,false,62,18,14,12,7,19,11,2,0,163,0,1,0
en,hre,19747,en,true,33,33,true,true,false,62,18,14,12,7,19,11,2,0,163,0,1,0
en,huasteco-san-luis-potosi,8265,en,true,33,33,true,true,false,62,18,14,12,7,19,11,2,0,163,0,1,0
en,huasteco-veracruz,8272,en,true,33,33,true,true,false,62,18,14,12,7,19,11,2,0,163,0,1,0
en,huave-san-mateo-del-mar,8266,en,true,33,33,true,true,false,62,18,14,12,7,19,11,2,0,163,0,1,0
en,huba,9597,en,true,33,33,true,true,false,62,18,14,12,7,19,11,2,0,163,0,1,0
en,hui,21211,en,true,33,33,true,true,false,62,18,14,12,7,19,11,2,0,163,0,1,0
en,huichol,8277,en,true,33,33,true,true,false,62,18,14,12,7,19,11,2,0,163,0,1,0
en,huitoto-murui,140882,en,true,33,33,true,true,false,63,18,14,12,7,19,11,2,0,163,0,1,0
en,huli,12053,en,true,33,33,true,true,false,62,18,14,12,7,19,11,2,0,163,0,1,0
en,hunde,15551,en,true,33,33,true,true,false,62,18,14,12,7,19,11,2,0,163,0,1,0
en,hungana,15548,en,true,37,37,true,true,false,67,18,15,14,10,21,11,2,0,159,0,1,0
hu,hungarian,1107,hu,true,0,0,false,false,false,0,0,0,0,0,0,11,2,197,98,0,0,0
en,hunsrik,98682,en,true,33,33,true,true,false,62,18,14,12,7,19,11,2,0,163,0,1,0
en,hyam,98630,en,true,33,33,true,true,false,62,18,14,12,7,19,11,2,0,163,0,1,0
en,ibaas-icen,184842,en,true,33,33,true,true,false,64,18,14,12,7,19,11,2,0,163,0,1,0
en,ibaloi,12747,en,true,33,33,true,true,false,62,18,14,12,7,19,11,2,0,163,0,1,0
en,iban,1924,en,true,34,34,true,true,false,76,18,14,12,7,20,11,2,0,162,0,1,0
en,ibanag,12750,en,true,33,33,true,true,false,62,18,14,12,7,19,11,2,0,163,0,1,0
en,ibibio,9811,en,true,33,33,true,true,false,62,18,14,12,7,19,11,2,0,163,0,1,0
is,icelandic,5563,is,true,0,0,false,false,false,0,0,0,0,0,0,11,2,197,163,0,0,0
en,ichen,177626,en,true,33,33,true,true,false,62,18,14,12,7,19,11,2,0,163,0,1,0
en,icheve,145530,en,true,33,33,true,true,false,62,18,14,12,7,19,11,2,0,163,0,1,0
en,idaasha,184549,en,true,33,33,true,true,false,62,18,14,12,7,19,11,2,0,163,0,1,0
en,idioma-wanca,184547,en,true,53,53,true,true,true,115,23,23,18,9,35,11,2,0,143,0,1,0
en,idoma,9793,en,true,33,33,true,true,false,62,18,14,12,7,19,11,2,0,163,0,1,0
en,ife,1338,en,true,33,33,true,true,false,62,18,14,12,7,19,11,2,0,163,0,1,0
en,ifugao-amganad,12743,en,true,33,33,true,true,false,62,18,14,12,7,19,11,2,0,163,0,1,0
en,ifugao-mayoyao,141009,en,true,33,33,true,true,false,64,18,14,12,7,19,11,2,0,163,0,1,0
en,igala,9779,en,true,33,33,true,true,false,62,18,14,12,7,19,11,2,0,163,0,1,0
en,igbo,9774,en,true,76,76,true,true,true,196,36,28,34,24,31,11,2,0,117,0,3,0
en,igede,9784,en,true,33,33,true,true,false,62,18,14,12,7,19,11,2,0,163,0,1,0
en,igiha,19733,en,true,33,33,true,true,false,62,18,14,12,7,19,11,2,0,163,0,1,0
en,ika,9728,en,true,37,37,true,true,false,69,18,15,14,10,21,11,2,0,159,0,1,0
en,ikhin,185251,en,true,33,33,true,true,false,62,18,14,12,7,19,11,2,0,163,0,1,0
en,ikizu,14188,en,true,33,33,true,true,false,62,18,14,12,7,19,11,2,0,163,0,1,0
en,ikoma,154395,en,true,33,33,true,true,false,64,18,14,12,7,19,11,2,0,163,0,1,0
en,ikota,141371,en,true,33,33,true,true,false,62,18,14,12,7,19,11,2,0,163,0,1,0
en,ikpeshi,141025,en,true,33,33,true,true,false,62,18,14,12,7,19,11,2,0,163,0,1,0
en,ikwo,9691,en,true,33,33,true,true,false,62,18,14,12,7,19,11,2,0,163,0,1,0
en,ila,19759,en,true,33,33,true,true,false,64,18,14,12,7,19,11,2,0,163,0,1,0
en,ilchamus,184500,en,true,54,54,true,true,true,132,23,23,18,9,36,11,2,0,142,0,1,0
en,ile-ape,141031,en,true,33,33,true,true,false,62,18,14,12,7,19,11,2,0,163,0,1,0
ilo,ilocano,12723,ilo,true,0,0,false,false,false,0,0,0,0,0,0,11,2,197,158,0,0,0
en,imbongu,12040,en,true,33,33,true,true,false,63,18,14,12,7,19,11,2,0,163,0,1,0
id,indonesian-isa,184566,id,true,64,64,true,true,true,209,25,28,19,12,45,11,2,0,133,0,0,0
id,indonesian-yesus,16639,id,true,115,115,true,true,true,332,50,38,44,29,61,11,2,0,79,0,2,0
inh,ingush,18555,inh,true,0,0,false,false,false,0,0,0,0,0,0,11,2,197,180,0,0,0
en,inner-mongolian,22293,en,true,34,34,true,true,false,65,18,14,12,8,20,11,2,0,162,0,1,0
en,innu,127397,en,true,33,33,true,true,false,62,18,14,12,7,19,11,2,0,163,0,1,0
en,inonhan,12657,en,true,33,33,true,true,false,64,18,14,12,7,19,11,2,0,163,0,1,0
en,inor,26184,en,true,33,33,true,true,false,62,18,14,12,7,19,11,2,0,163,0,1,0
en,inuktitut-eastern-canadian,3076,en,true,33,33,true,true,false,62,18,14,12,7,19,11,2,0,163,0,1,0
en,ipili,98663,en,true,33,33,true,true,false,62,18,14,12,7,19,11,2,0,163,0,1,0
en,ipunu,4310,en,true,33,33,true,true,false,62,18,14,12,7,19,11,2,0,163,0,1,0
en,iranun,98588,en,true,33,33,true,true,false,62,18,14,12,7,19,11,2,0,163,0,1,0
en,iranun-eastern,185198,en,true,33,33,true,true,false,62,18,14,12,7,19,11,2,0,163,0,1,0
en,iranun-western,185197,en,true,33,33,true,true,false,62,18,14,12,7,19,11,2,0,163,0,1,0
en,iraqw,14187,en,true,33,33,true,true,false,62,18,14,12,7,19,11,2,0,163,0,1,0
en,iraya,141085,en,true,33,33,true,true,false,62,18,14,12,7,19,11,2,0,163,0,1,0
en,irula,6440,en,true,33,33,true,true,false,63,18,14,12,7,19,11,2,0,163,0,1,0
en,isan,20967,en,true,33,33,true,true,false,64,18,14,12,7,19,11,2,0,163,0,1,0
en,isangu,142887,en,true,33,33,true,true,false,62,18,14,12,7,19,11,2,0,163,0,1,0
en,ishinyiha,37411,en,true,33,33,true,true,false,62,18,14,12,7,19,11,2,0,163,0,1,0
en,isnag,12714,en,true,33,33,true,true,false,62,18,14,12,7,19,11,2,0,163,0,1,0
en,isoko,9699,en,true,33,33,true,true,false,62,18,14,12,7,19,11,2,0,163,0,1,0
it,italian,4415,it,true,0,0,false,false,false,0,0,0,0,0,0,11,2,197,58,0,0,0
en,itawis,20717,en,true,33,33,true,true,false,62,18,14,12,7,19,11,2,0,163,0,1,0
en,iten,184485,en,true,33,33,true,true,false,64,18,14,12,7,19,11,2,0,163,0,1,0
en,itsekiri,21740,en,true,33,33,true,true,false,62,18,14,12,7,19,11,2,0,163,0,1,0
en,ivatan,141113,en,true,33,33,true,true,false,62,18,14,12,7,19,11,2,0,163,0,1,0
ixl,ixil-nebaj,5420,ixl,true,0,0,false,false,false,0,0,0,0,0,0,11,2,197,180,0,0,0
en,iyaa,98626,en,true,33,33,true,true,false,62,18,14,12,7,19,11,2,0,163,0,1,0
en,iyansi,24095,en,true,33,33,true,true,false,62,18,14,12,7,19,11,2,0,163,0,1,0
en,izere,10106,en,true,33,33,true,true,false,62,18,14,12,7,19,11,2,0,163,0,1,0
en,izii,9694,en,true,33,33,true,true,false,62,18,14,12,7,19,11,2,0,163,0,1,0
en,jacalteco-western,5415,en,true,33,33,true,true,false,62,18,14,12,7,19,11,2,0,163,0,1,0
en,jadgali,10559,en,true,33,33,true,true,false,62,18,14,12,7,19,11,2,0,163,0,1,0
en,jakun,141128,en,true,33,33,true,true,false,62,18,14,12,7,19,11,2,0,163,0,1,0
en,jama-mapun,24218,en,true,33,33,true,true,false,62,18,14,12,7,19,11,2,0,163,0,1,0
en,jamaican-patwa,184701,en,true,54,54,true,true,true,132,23,23,18,9,36,11,2,0,142,0,1,0
en,jaminawa,142312,en,true,33,33,true,true,false,62,18,14,12,7,19,11,2,0,163,0,1,0
ja,japanese,7083,ja,true,129,129,true,true,true,380,55,44,49,30,72,11,2,0,64,0,3,0
en,japanese-sign-language,7090,en,true,1,1,false,false,false,1,0,0,0,0,1,11,2,0,196,0,0,0
en,jar,119071,en,true,33,33,true,true,false,62,18,14,12,7,19,11,2,0,163,0,1,0
en,jaruara,1552,en,true,33,33,true,true,false,62,18,14,12,7,19,11,2,0,163,0,1,0
en,jaunsari,6428,en,true,33,33,true,true,false,62,18,14,12,7,19,11,2,0,163,0,1,0
en,javanese,13195,en,true,44,44,true,true,true,89,20,16,17,12,24,11,2,0,149,0,3,0
en,javanese-banten,19767,en,true,33,33,true,true,false,62,18,14,12,7,19,11,2,0,163,0,1,0
en,javanese-banyumasan,184911,en,true,33,33,true,true,false,62,18,14,12,7,19,11,2,0,163,0,1,0
en,javanese-caribbean,4940,en,true,33,33,true,true,false,62,18,14,12,7,19,11,2,0,163,0,1,0
en,jeh,141153,en,true,33,33,true,true,false,64,18,14,12,7,19,11,2,0,163,0,1,0
en,jenjo,32807,en,true,33,33,true,true,false,62,18,14,12,7,19,11,2,0,163,0,1,0
en,jere,141158,en,true,33,33,true,true,false,62,18,14,12,7,19,11,2,0,163,0,1,0
en,jiamao,141173,en,true,33,33,true,true,false,62,18,14,12,7,19,11,2,0,163,0,1,0
en,jibu,9669,en,true,33,33,true,true,false,62,18,14,12,7,19,11,2,0,163,0,1,0
en,jingpho,4088,en,true,33,33,true,true,false,62,18,14,12,7,19,11,2,0,163,0,1,0
en,jita,14182,en,true,33,33,true,true,false,62,18,14,12,7,19,11,2,0,163,0,1,0
en,jju,9639,en,true,33,33,true,true,false,62,18,14,12,7,19,11,2,0,163,0,1,0
en,jola-felupe,53394,en,true,33,33,true,true,false,62,18,14,12,7,19,11,2,0,163,0,1,0
dyo,jola-fogny,5069,dyo,true,0,0,false,false,false,0,0,0,0,0,0,11,2,197,180,0,0,0
en,jola-kasa,13070,en,true,33,33,true,true,false,62,18,14,12,7,19,11,2,0,163,0,1,0
en,jorai,22499,en,true,33,33,true,true,false,62,18,14,12,7,19,11,2,0,163,0,1,0
en,jordanian-sign-language,7138,en,true,1,1,false,false,false,1,0,0,0,0,1,11,2,0,196,0,0,0
en,juang,6426,en,true,33,33,true,true,false,62,18,14,12,7,19,11,2,0,163,0,1,0
en,jukun,22205,en,true,33,33,true,true,false,62,18,14,12,7,19,11,2,0,163,0,1,0
en,jula,2104,en,true,66,66,true,true,true,183,24,26,24,17,41,11,2,0,127,0,3,0
en,juni-kuin,158997,en,true,33,33,true,true,false,63,18,14,12,7,19,11,2,0,163,0,1,0
en,jur-beli,114921,en,true,53,53,true,true,true,116,23,23,18,9,35,11,2,0,143,0,1,0
en,jur-modo,13745,en,true,33,33,true,true,false,62,18,14,12,7,19,11,2,0,163,0,1,0
en,juray,6425,en,true,33,33,true,true,false,62,18,14,12,7,19,11,2,0,163,0,1,0
en,kaakye,184818,en,true,37,37,true,true,false,67,18,15,14,10,21,11,2,0,159,0,1,0
en,kaba,3191,en,true,37,37,true,true,false,67,18,15,14,10,21,11,2,0,159,0,1,0
en,kaba-naa-sara,141528,en,true,33,33,true,true,false,62,18,14,12,7,19,11,2,0,163,0,1,0
kbd,kabardian,14632,kbd,true,0,0,false,false,false,0,0,0,0,0,0,11,2,197,180,0,0,0
en,kabeverdiane-barlavente,139094,en,true,33,33,true,true,false,64,18,14,12,7,19,11,2,0,163,0,1,0
en,kabiye,1336,en,true,57,57,true,true,true,121,23,24,20,12,37,11,2,0,139,0,1,0
en,kabuverdianu-sotaventu,53431,en,true,33,33,true,true,false,64,18,14,12,7,19,11,2,0,163,0,1,0
en,kabwa,14274,en,true,33,33,true,true,false,62,18,14,12,7,19,11,2,0,163,0,1,0
en,kabyle,494,en,true,67,67,true,true,true,219,24,26,24,17,42,11,2,0,126,0,3,0
en,kachchhi,21661,en,true,33,33,true,true,false,62,18,14,12,7,19,11,2,0,163,0,1,0
en,kachhi-gujerati,177210,en,true,28,28,true,false,false,54,8,13,11,5,20,11,2,0,169,0,0,0
en,kadiweu,1538,en,true,33,33,true,true,false,62,18,14,12,7,19,11,2,0,163,0,1,0
en,kaduo,99188,en,true,33,33,true,true,false,63,18,14,12,7,19,11,2,0,163,0,1,0
en,kafa,22439,en,true,33,33,true,true,false,62,18,14,12,7,19,11,2,0,163,0,1,0
en,kagulu,14157,en,true,33,33,true,true,false,62,18,14,12,7,19,11,2,0,163,0,1,0
en,kaili-daa,17509,en,true,33,33,true,true,false,62,18,14,12,7,19,11,2,0,163,0,1,0
en,kaiwa,622,en,true,33,33,true,true,false,62,18,14,12,7,19,11,2,0,163,0,1,0
en,kakataibo,184585,en,true,33,33,true,true,false,63,18,14,12,7,19,11,2,0,163,0,1,0
en,kako,2639,en,true,33,33,true,true,false,62,18,14,12,7,19,11,2,0,163,0,1,0
en,kakwa,13692,en,true,33,33,true,true,false,62,18,14,12,7,19,11,2,0,163,0,1,0
kl,kalaallisut-greenlandic,21199,kl,true,0,0,false,false,false,0,0,0,0,0,0,11,2,197,168,0,0,0
en,kalabari,9733,en,true,33,33,true,true,false,62,18,14,12,7,19,11,2,0,163,0,1,0
en,kalagan-eastern,24359,en,true,33,33,true,true,false,62,18,14,12,7,19,11,2,0,163,0,1,0
en,kalagan-tagakaulu,12693,en,true,33,33,true,true,false,62,18,14,12,7,19,11,2,0,163,0,1,0
en,kalagen-western,24360,en,true,33,33,true,true,false,62,18,14,12,7,19,11,2,0,163,0,1,0
en,kalanga,1510,en,true,33,33,true,true,false,62,18,14,12,7,19,11,2,0,163,0,1,0
en,kalanguya,163423,en,true,33,33,true,true,false,62,18,14,12,7,19,11,2,0,163,0,1,0
en,kalenjin-kipsigis,7321,en,true,37,37,true,true,false,67,18,15,14,10,21,11,2,0,159,0,1,0
en,kalmyk-oirat,3832,en,true,33,33,true,true,false,63,18,14,12,7,19,11,2,0,163,0,1,0
en,kalo-5,149174,en,true,33,33,true,true,false,62,18,14,12,7,19,11,2,0,163,0,1,0
en,kamano,12019,en,true,33,33,true,true,false,62,18,14,12,7,19,11,2,0,163,0,1,0
en,kamasau,141455,en,true,33,33,true,true,false,63,18,14,12,7,19,11,2,0,163,0,1,0
en,kamayo,99364,en,true,33,33,true,true,false,64,18,14,12,7,19,11,2,0,163,0,1,0
en,kambaata,4655,en,true,33,33,true,true,false,62,18,14,12,7,19,11,2,0,163,0,1,0
en,kambera,20944,en,true,33,33,true,true,false,62,18,14,12,7,19,11,2,0,163,0,1,0
en,kamo,9618,en,true,33,33,true,true,false,62,18,14,12,7,19,11,2,0,163,0,1,0
en,kamuku,9637,en,true,33,33,true,true,false,62,18,14,12,7,19,11,2,0,163,0,1,0
en,kanauji,6631,en,true,33,33,true,true,false,64,18,14,12,7,19,11,2,0,163,0,1,0
en,kandas,141586,en,true,33,33,true,true,false,62,18,14,12,7,19,11,2,0,163,0,1,0
en,kandawo,12151,en,true,33,33,true,true,false,62,18,14,12,7,19,11,2,0,163,0,1,0
en,kandoozi,184586,en,true,33,33,true,true,false,63,18,14,12,7,19,11,2,0,163,0,1,0
en,kanembu,3645,en,true,33,33,true,true,false,62,18,14,12,7,19,11,2,0,163,0,1,0
en,kangri,5625,en,true,37,37,true,true,false,70,19,15,13,9,22,11,2,0,159,0,1,0
en,kanjari,6362,en,true,33,33,true,true,false,62,18,14,12,7,19,11,2,0,163,0,1,0
en,kankanaey,12682,en,true,33,33,true,true,false,62,18,14,12,7,19,11,2,0,163,0,1,0
en,kankanay-northern,12696,en,true,33,33,true,true,false,62,18,14,12,7,19,11,2,0,163,0,1,0
kn,kannada,6318,kn,true,0,0,false,false,false,0,0,0,0,0,0,11,2,197,93,0,0,0
en,kanuri-yerwa,2614,en,true,34,34,true,true,false,76,18,14,12,7,20,11,2,0,162,0,1,0
en,kanyok,15653,en,true,33,33,true,true,false,62,18,14,12,7,19,11,2,0,163,0,1,0
en,kaonde,15642,en,true,33,33,true,true,false,64,18,14,12,7,19,11,2,0,163,0,1,0
en,kapampangan,20871,en,true,33,33,true,true,false,62,18,14,12,7,19,11,2,0,163,0,1,0
en,karai-karai,20738,en,true,33,33,true,true,false,62,18,14,12,7,19,11,2,0,163,0,1,0
en,karakalpak,448,en,true,55,55,true,true,true,144,23,24,19,9,37,11,2,0,141,0,1,0
en,karang,19877,en,true,33,33,true,true,false,62,18,14,12,7,19,11,2,0,163,0,1,0
sn,karanga,20211,sn-kth,true,0,0,false,false,false,0,0,0,0,0,0,11,2,197,180,0,0,0
en,karbi,23563,en,true,33,33,true,true,false,62,18,14,12,7,19,11,2,0,163,0,1,0
en,karelian,4835,en,true,33,33,true,true,false,62,18,14,12,7,19,11,2,0,163,0,1,0
en,karen-pwo,8714,en,true,37,37,true,true,false,70,19,15,13,9,22,11,2,0,159,0,1,0
en,karen-pwo-eastern,14295,en,true,33,33,true,true,false,62,18,14,12,7,19,11,2,0,163,0,1,0
en,karen-pwo-omkoi,14358,en,true,33,33,true,true,false,62,18,14,12,7,19,11,2,0,163,0,1,0
en,karen-sgaw,8631,en,true,37,37,true,true,false,71,19,15,13,9,22,11,2,0,159,0,1,0
en,karina,158935,en,true,33,33,true,true,false,63,18,14,12,7,19,11,2,0,163,0,1,0
en,karnali,53298,en,true,33,33,true,true,false,62,18,14,12,7,19,11,2,0,163,0,1,0
en,karo,141536,en,true,33,33,true,true,false,62,18,14,12,7,19,11,2,0,163,0,1,0
en,karon,141602,en,true,33,33,true,true,false,64,18,14,12,7,19,11,2,0,163,0,1,0
en,karunsie,150352,en,true,33,33,true,true,false,62,18,14,12,7,19,11,2,0,163,0,1,0
en,kasem-burkina-faso,22909,en,true,33,33,true,true,false,62,18,14,12,7,19,11,2,0,163,0,1,0
en,kasem-ghana,22910,en,true,37,37,true,true,false,67,18,15,14,10,21,11,2,0,159,0,1,0
ks,kashmiri,6298,ks,true,0,0,false,false,false,0,0,0,0,0,0,11,2,197,142,0,0,0
csb,kashubian,12869,csb,true,0,0,false,false,false,0,0,0,0,0,0,11,2,197,180,0,0,0
en,katab,9626,en,true,33,33,true,true,false,62,18,14,12,7,19,11,2,0,163,0,1,0
en,katang,7506,en,true,33,33,true,true,false,62,18,14,12,7,19,11,2,0,163,0,1,0
en,katcha-kadugli-miri,13719,en,true,33,33,true,true,false,64,18,14,12,7,19,11,2,0,163,0,1,0
gu,kathiyawadi,6596,gu,true,0,0,false,false,false,0,0,0,0,0,0,11,2,197,180,0,0,0
en,katu-eastern,141637,en,true,33,33,true,true,false,62,18,14,12,7,19,11,2,0,163,0,1,0
en,kau-bru,175097,en,true,33,33,true,true,false,62,18,14,12,7,19,11,2,0,163,0,1,0
en,kaur,17757,en,true,33,33,true,true,false,63,18,14,12,7,19,11,2,0,163,0,1,0
en,kayabi,1624,en,true,33,33,true,true,false,62,18,14,12,7,19,11,2,0,163,0,1,0
en,kayah-li-western,23549,en,true,33,33,true,true,false,62,18,14,12,7,19,11,2,0,163,0,1,0
en,kayan,21773,en,true,33,33,true,true,false,62,18,14,12,7,19,11,2,0,163,0,1,0
en,kayapo,1676,en,true,33,33,true,true,false,62,18,14,12,7,19,11,2,0,163,0,1,0
kk,kazakh,371,kk,true,80,80,true,true,true,188,28,30,25,19,55,11,2,1,114,0,2,0
en,keakalo,139193,en,true,33,33,true,true,false,63,18,14,12,7,19,11,2,0,163,0,1,0
en,keapara,99042,en,true,33,33,true,true,false,63,18,14,12,7,19,11,2,0,163,0,1,0
en,kechwa-san-martin,184501,en,true,33,33,true,true,false,63,18,14,12,7,19,11,2,0,163,0,1,0
en,kedang,141620,en,true,33,33,true,true,false,63,18,14,12,7,19,11,2,0,163,0,1,0
en,kekchi,1276,en,true,54,54,true,true,true,132,23,23,18,9,36,11,2,0,142,0,1,0
en,kele,19803,en,true,33,33,true,true,false,62,18,14,12,7,19,11,2,0,163,0,1,0
en,keliko,98838,en,true,33,33,true,true,false,62,18,14,12,7,19,11,2,0,163,0,1,0
en,kendayan-kanayatn,22679,en,true,33,33,true,true,false,62,18,14,12,7,19,11,2,0,163,0,1,0
en,kenyah,141870,en,true,33,33,true,true,false,62,18,14,12,7,19,11,2,0,163,0,1,0
en,kenyah-badeng,185228,en,true,33,33,true,true,false,62,18,14,12,7,19,11,2,0,163,0,1,0
en,kerewe,141325,en,true,33,33,true,true,false,62,18,14,12,7,19,11,2,0,163,0,1,0
en,kerinci,17739,en,true,33,33,true,true,false,62,18,14,12,7,19,11,2,0,163,0,1,0
en,kermanshahi,111677,en,true,54,54,true,true,true,132,23,23,18,9,36,11,2,0,142,0,1,0
en,ketengban,142141,en,true,33,33,true,true,false,62,18,14,12,7,19,11,2,0,163,0,1,0
en,khakas,3816,en,true,33,33,true,true,false,63,18,14,12,7,19,11,2,0,163,0,1,0
en,khampa-eastern,23225,en,true,33,33,true,true,false,62,18,14,12,7,19,11,2,0,163,0,1,0
en,khandeshi-bhili,164337,en,true,37,37,true,true,false,70,19,15,13,9,22,11,2,0,159,0,1,0
en,khandesi,19800,en,true,33,33,true,true,false,62,18,14,12,7,19,11,2,0,163,0,1,0
en,kharia,6326,en,true,33,33,true,true,false,62,18,14,12,7,19,11,2,0,163,0,1,0
kha,khasi,1197,kha,true,0,0,false,false,false,0,0,0,0,0,0,11,2,197,170,0,0,0
en,khiamniungan,163806,en,true,33,33,true,true,false,62,18,14,12,7,19,11,2,0,163,0,1,0
km,khmer-central-m,24024,km-khm,true,0,0,false,false,false,0,0,0,0,0,0,11,2,197,180,0,0,0
km,khmer-northern,14384,km-kxm,true,0,0,false,false,false,0,0,0,0,0,0,11,2,197,180,0,0,0
km,khmer-standard,178043,km,true,0,0,false,false,false,0,0,0,0,0,0,11,2,197,105,0,0,0
en,khmu,3817,en,true,33,33,true,true,false,62,18,14,12,7,19,11,2,0,163,0,1,0
en,khoekhoegowab,53327,en,true,33,33,true,true,false,62,18,14,12,7,19,11,2,0,163,0,1,0
en,khowar,10558,en,true,33,33,true,true,false,62,18,14,12,7,19,11,2,0,163,0,1,0
quc,kiche-cunen,139116,quc,true,0,0,false,false,false,0,0,0,0,0,0,11,2,197,180,0,0,0
en,kifuliiru,50087,en,true,33,33,true,true,false,62,18,14,12,7,19,11,2,0,163,0,1,0
en,kikamba,20730,en,true,37,37,true,true,false,67,18,15,14,10,21,11,2,0,159,0,1,0
en,kikongo,20754,en,true,65,65,true,true,true,142,24,26,23,17,41,11,2,0,128,0,3,0
en,kikuro,139071,en,true,33,33,true,true,false,62,18,14,12,7,19,11,2,0,163,0,1,0
en,kikuyu,20679,en,true,37,37,true,true,false,71,18,15,14,10,21,11,2,0,159,0,1,0
en,kilaangi,164996,en,true,37,37,true,true,false,67,18,15,14,10,21,11,2,0,159,0,1,0
en,kilega,22652,en,true,33,33,true,true,false,62,18,14,12,7,19,11,2,0,163,0,1,0
en,kiluba,20791,en,true,33,33,true,true,false,62,18,14,12,7,19,11,2,0,163,0,1,0
en,kim,141333,en,true,33,33,true,true,false,62,18,14,12,7,19,11,2,0,163,0,1,0
en,kimbundu,569,en,true,42,42,true,true,false,84,19,16,16,12,23,11,2,0,151,0,3,0
en,kimeru,20824,en,true,33,33,true,true,false,62,18,14,12,7,19,11,2,0,163,0,1,0
en,kimpokomu,184901,en,true,33,33,true,true,false,62,18,14,12,7,19,11,2,0,163,0,1,0
en,kinandi,20849,en,true,33,33,true,true,false,62,18,14,12,7,19,11,2,0,163,0,1,0
en,kinaray-a,12672,en,true,33,33,true,true,false,62,18,14,12,7,19,11,2,0,163,0,1,0
en,kinga,14159,en,true,33,33,true,true,false,62,18,14,12,7,19,11,2,0,163,0,1,0
en,kinnauri,6383,en,true,33,33,true,true,false,62,18,14,12,7,19,11,2,0,163,0,1,0
en,kinnauri-pahari,141363,en,true,33,33,true,true,false,62,18,14,12,7,19,11,2,0,163,0,1,0
en,kintandu,22379,en,true,37,37,true,true,false,67,18,15,14,10,21,11,2,0,159,0,1,0
en,kinyakyusa-tanzania,53401,en,true,33,33,true,true,false,62,18,14,12,7,19,11,2,0,163,0,1,0
en,kinyamulenge,185227,en,true,33,33,true,true,false,62,18,14,12,7,19,11,2,0,163,0,1,0
rw,kinyarwanda,20900,rw,true,0,0,false,false,false,0,0,0,0,0,0,11,2,197,126,0,0,0
en,kirho,10262,en,true,33,33,true,true,false,62,18,14,12,7,19,11,2,0,163,0,1,0
gil,kiribati,4812,gil,true,0,0,false,false,false,0,0,0,0,0,0,11,2,197,168,0,0,0
rn,kirundi,20896,rn,true,0,0,false,false,false,0,0,0,0,0,0,11,2,197,130,0,0,0
en,kisan,184496,en,true,33,33,true,true,false,62,18,14,12,7,19,11,2,0,163,0,1,0
en,kisanga,22196,en,true,33,33,true,true,false,62,18,14,12,7,19,11,2,0,163,0,1,0
en,kisi,98914,en,true,33,33,true,true,false,62,18,14,12,7,19,11,2,0,163,0,1,0
en,kisi-southern,7587,en,true,37,37,true,true,false,67,18,15,14,10,21,11,2,0,159,0,1,0
en,kissi-northern,5481,en,true,33,33,true,true,false,62,18,14,12,7,19,11,2,0,163,0,1,0
en,kituba,15639,en,true,33,33,true,true,false,62,18,14,12,7,19,11,2,0,163,0,1,0
en,kiviila,141073,en,true,33,33,true,true,false,62,18,14,12,7,19,11,2,0,163,0,1,0
en,kiwilwana,143494,en,true,33,33,true,true,false,62,18,14,12,7,19,11,2,0,163,0,1,0
en,kiyombe,22195,en,true,37,37,true,true,false,67,18,15,14,10,21,11,2,0,159,0,1,0
en,koalib,141334,en,true,53,53,true,true,true,116,23,23,18,9,35,11,2,0,143,0,1,0
en,kobo,184990,en,true,33,33,true,true,false,62,18,14,12,7,19,11,2,0,163,0,1,0
en,kohistani-indus,10526,en,true,33,33,true,true,false,62,18,14,12,7,19,11,2,0,163,0,1,0
en,kohli-parkari,10536,en,true,53,53,true,true,true,116,23,23,18,9,35,11,2,0,143,0,1,0
en,koho,19241,en,true,53,53,true,true,true,116,23,23,18,9,35,11,2,0,143,0,1,0
en,koita-ga,141574,en,true,33,33,true,true,false,62,18,14,12,7,19,11,2,0,163,0,1,0
en,kok-borok,1231,en,true,34,34,true,true,false,76,18,14,12,7,20,11,2,0,162,0,1,0
en,kok-borok-bangladesh,184464,en,true,33,33,true,true,false,62,18,14,12,7,19,11,2,0,163,0,1,0
en,kokoda-k-ainake,184462,en,true,33,33,true,true,false,63,18,14,12,7,19,11,2,0,163,0,1,0
en,kokola,7793,en,true,33,33,true,true,false,62,18,14,12,7,19,11,2,0,163,0,1,0
en,kolami,163136,en,true,33,33,true,true,false,62,18,14,12,7,19,11,2,0,163,0,1,0
en,koli-wadiyara,10535,en,true,53,53,true,true,true,116,23,23,18,9,35,11,2,0,143,0,1,0
en,kolokuma-izon,53432,en,true,33,33,true,true,false,62,18,14,12,7,19,11,2,0,163,0,1,0
en,kom,19558,en,true,33,33,true,true,false,62,18,14,12,7,19,11,2,0,163,0,1,0
en,komering,17752,en,true,33,33,true,true,false,62,18,14,12,7,19,11,2,0,163,0,1,0
koi,komi-permyak,18528,koi,true,0,0,false,false,false,0,0,0,0,0,0,11,2,197,180,0,0,0
en,komi-zyrian,18521,en,true,54,54,true,true,true,132,23,23,18,9,36,11,2,0,142,0,1,0
en,konda-dora,141204,en,true,33,33,true,true,false,62,18,14,12,7,19,11,2,0,163,0,1,0
en,kongo-san-salvador,545,en,true,33,33,true,true,false,62,18,14,12,7,19,11,2,0,163,0,1,0
en,konjo-highland,17518,en,true,33,33,true,true,false,62,18,14,12,7,19,11,2,0,163,0,1,0
en,konkomba,5302,en,true,37,37,true,true,false,67,18,15,14,10,21,11,2,0,159,0,1,0
en,konni,5303,en,true,33,33,true,true,false,62,18,14,12,7,19,11,2,0,163,0,1,0
en,kono-sierra-leone,23520,en,true,33,33,true,true,false,62,18,14,12,7,19,11,2,0,163,0,1,0
en,konongo-2,14165,en,true,33,33,true,true,false,62,18,14,12,7,19,11,2,0,163,0,1,0
en,konso,20753,en,true,33,33,true,true,false,62,18,14,12,7,19,11,2,0,163,0,1,0
en,konta,147285,en,true,33,33,true,true,false,62,18,14,12,7,19,11,2,0,163,0,1,0
en,koorete,4656,en,true,33,33,true,true,false,62,18,14,12,7,19,11,2,0,163,0,1,0
en,kope,149217,en,true,33,33,true,true,false,62,18,14,12,7,19,11,2,0,163,0,1,0
en,koraku,6282,en,true,33,33,true,true,false,62,18,14,12,7,19,11,2,0,163,0,1,0
ko,korean,3804,ko,true,123,123,true,true,true,322,53,44,46,29,63,11,2,0,71,0,2,0
ko,korean-north,24000,ko,true,72,72,true,true,true,172,36,28,31,21,30,11,2,0,122,0,2,0
en,korean-sign-language,7355,en,true,1,1,false,false,false,1,0,0,0,0,1,11,2,0,196,0,0,0
en,koreguaje,4250,en,true,33,33,true,true,false,63,18,14,12,7,19,11,2,0,163,0,1,0
en,korku,6370,en,true,33,33,true,true,false,67,18,14,12,7,19,11,2,0,163,0,1,0
en,koromfe,2046,en,true,33,33,true,true,false,62,18,14,12,7,19,11,2,0,163,0,1,0
mai,kortha,183121,mai,true,0,0,false,false,false,0,0,0,0,0,0,11,2,197,180,0,0,0
en,korwa,6372,en,true,33,33,true,true,false,62,18,14,12,7,19,11,2,0,163,0,1,0
en,koti,8434,en,true,33,33,true,true,false,62,18,14,12,7,19,11,2,0,163,0,1,0
en,kouya,99359,en,true,33,33,true,true,false,62,18,14,12,7,19,11,2,0,163,0,1,0
en,koya,6400,en,true,33,33,true,true,false,62,18,14,12,7,19,11,2,0,163,0,1,0
en,kpelle-guinea,5456,en,true,34,34,true,true,false,76,18,14,12,7,20,11,2,0,162,0,1,0
en,kpelle-liberia,7609,en,true,46,46,true,true,true,91,19,17,18,15,25,11,2,0,147,0,3,0
en,kreol-mauricean,21197,en,true,34,34,true,true,false,76,18,14,12,7,20,11,2,0,162,0,1,0
en,krio,4547,en,true,67,67,true,true,true,157,24,26,24,17,42,11,2,0,126,0,3,0
en,krongo,141227,en,true,33,33,true,true,false,62,18,14,12,7,19,11,2,0,163,0,1,0
en,kroumen-plapo,99184,en,true,33,33,true,true,false,62,18,14,12,7,19,11,2,0,163,0,1,0
en,kroumen-pye,144313,en,true,33,33,true,true,false,62,18,14,12,7,19,11,2,0,163,0,1,0
en,kroumen-tepo,100677,en,true,33,33,true,true,false,62,18,14,12,7,19,11,2,0,163,0,1,0
en,kru,20750,en,true,37,37,true,true,false,67,18,15,14,10,21,11,2,0,159,0,1,0
en,kuanua,11816,en,true,33,33,true,true,false,62,18,14,12,7,19,11,2,0,163,0,1,0
en,kui,6278,en,true,33,33,true,true,false,62,18,14,12,7,19,11,2,0,163,0,1,0
en,kukele,9604,en,true,33,33,true,true,false,62,18,14,12,7,19,11,2,0,163,0,1,0
en,kuki,23569,en,true,33,33,true,true,false,62,18,14,12,7,19,11,2,0,163,0,1,0
en,kukna,6414,en,true,33,33,true,true,false,62,18,14,12,7,19,11,2,0,163,0,1,0
en,kulango-bondoukou,5257,en,true,33,33,true,true,false,62,18,14,12,7,19,11,2,0,163,0,1,0
en,kulango-bouna,5224,en,true,33,33,true,true,false,62,18,14,12,7,19,11,2,0,163,0,1,0
en,kulung,139643,en,true,33,33,true,true,false,62,18,14,12,7,19,11,2,0,163,0,1,0
en,kulvi,23692,en,true,33,33,true,true,false,62,18,14,12,7,19,11,2,0,163,0,1,0
en,kumam,14677,en,true,33,33,true,true,false,62,18,14,12,7,19,11,2,0,163,0,1,0
en,kuman,19854,en,true,42,42,true,true,false,84,19,16,16,12,23,11,2,0,151,0,3,0
en,kumauni,6353,en,true,33,33,true,true,false,62,18,14,12,7,19,11,2,0,163,0,1,0
kum,kumyk,14629,kum,true,0,0,false,false,false,0,0,0,0,0,0,11,2,197,180,0,0,0
en,kuna,53430,en,true,54,54,true,true,true,130,23,23,18,9,36,11,2,0,142,0,1,0
en,kunama,4585,en,true,33,33,true,true,false,64,18,14,12,7,19,11,2,0,163,0,1,0
en,kuni-boazi,141667,en,true,33,33,true,true,false,62,18,14,12,7,19,11,2,0,163,0,1,0
en,kunimaipa,11789,en,true,33,33,true,true,false,63,18,14,12,7,19,11,2,0,163,0,1,0
en,kuo,2641,en,true,33,33,true,true,false,62,18,14,12,7,19,11,2,0,163,0,1,0
en,kupia,141202,en,true,33,33,true,true,false,62,18,14,12,7,19,11,2,0,163,0,1,0
en,kupsapiiny,141566,en,true,33,33,true,true,false,62,18,14,12,7,19,11,2,0,163,0,1,0
en,kuranko,5485,en,true,33,33,true,true,false,62,18,14,12,7,19,11,2,0,163,0,1,0
en,kurdi-behdini,53333,en,true,63,63,true,true,true,152,24,25,22,14,40,11,2,0,130,0,3,0
en,kurdi-hawrami,139169,en,true,33,33,true,true,false,62,18,14,12,7,19,11,2,0,163,0,1,0
ckb,kurdi-sorani,139114,ckb,true,0,0,false,false,false,0,0,0,0,0,0,11,2,197,124,0,0,0
ckb,kurdi-sorani-eastern,139115,ckb,true,0,0,false,false,false,0,0,0,0,0,0,11,2,197,181,0,0,0
en,kurdish-afrini,184484,en,true,42,42,true,true,false,84,19,16,16,12,23,11,2,0,151,0,3,0
en,kuria,7186,en,true,33,33,true,true,false,62,18,14,12,7,19,11,2,0,163,0,1,0
en,kurmanji-cis,21096,en,true,33,33,true,true,false,62,18,14,12,7,19,11,2,0,163,0,1,0
ko,kurmanji-standard,20770,ko-kmr,true,63,63,true,true,true,140,25,26,19,12,44,11,2,0,134,0,0,0
en,kurumba-jennu,142214,en,true,33,33,true,true,false,62,18,14,12,7,19,11,2,0,163,0,1,0
en,kurumba-kannada,98730,en,true,53,53,true,true,true,116,23,23,18,9,35,11,2,0,143,0,1,0
en,kurux,1194,en,true,33,33,true,true,false,62,18,14,12,7,19,11,2,0,163,0,1,0
en,kusaal,141653,en,true,4,4,false,false,false,5,0,1,2,3,2,11,2,0,193,0,0,0
en,kusaal-eastern,5261,en,true,33,33,true,true,false,62,18,14,12,7,19,11,2,0,163,0,1,0
en,kusaal-western,2045,en,true,33,33,true,true,false,62,18,14,12,7,19,11,2,0,163,0,1,0
en,kuteb,2590,en,true,33,33,true,true,false,62,18,14,12,7,19,11,2,0,163,0,1,0
en,kutia,185002,en,true,33,33,true,true,false,62,18,14,12,7,19,11,2,0,163,0,1,0
en,kutu,141310,en,true,33,33,true,true,false,62,18,14,12,7,19,11,2,0,163,0,1,0
en,kuvale,184573,en,true,33,33,true,true,false,62,18,14,12,7,19,11,2,0,163,0,1,0
en,kuvi,6275,en,true,33,33,true,true,false,62,18,14,12,7,19,11,2,0,163,0,1,0
en,kuvi-odisha,184467,en,true,33,33,true,true,false,62,18,14,12,7,19,11,2,0,163,0,1,0
en,kuy,2173,en,true,33,33,true,true,false,62,18,14,12,7,19,11,2,0,163,0,1,0
en,kwaio,141513,en,true,33,33,true,true,false,63,18,14,12,7,19,11,2,0,163,0,1,0
en,kwamashi,184452,en,true,33,33,true,true,false,64,18,14,12,7,19,11,2,0,163,0,1,0
en,kwamba,171395,en,true,33,33,true,true,false,62,18,14,12,7,19,11,2,0,163,0,1,0
en,kwangali,547,en,true,33,33,true,true,false,62,18,14,12,7,19,11,2,0,163,0,1,0
en,kwangwa,184511,en,true,33,33,true,true,false,64,18,14,12,7,19,11,2,0,163,0,1,0
en,kwanyama,548,en,true,46,46,true,true,true,89,19,17,18,15,25,11,2,0,147,0,3,0
en,kwaraae,141515,en,true,33,33,true,true,false,63,18,14,12,7,19,11,2,0,163,0,1,0
en,kwasio,144002,en,true,9,9,true,false,false,10,2,1,3,3,8,11,2,0,188,0,0,0
en,kwatay,13063,en,true,33,33,true,true,false,62,18,14,12,7,19,11,2,0,163,0,1,0
en,kwaya,14132,en,true,33,33,true,true,false,62,18,14,12,7,19,11,2,0,163,0,1,0
en,kwere,14273,en,true,33,33,true,true,false,62,18,14,12,7,19,11,2,0,163,0,1,0
en,kwese,15633,en,true,33,33,true,true,false,62,18,14,12,7,19,11,2,0,163,0,1,0
ky,kyrgyz,53299,ky,true,0,0,false,false,false,0,0,0,0,0,0,11,2,197,120,0,0,0
en,laadi,4350,en,true,33,33,true,true,false,62,18,14,12,7,19,11,2,0,163,0,1,0
en,laarim,99460,en,true,53,53,true,true,true,116,23,23,18,9,35,11,2,0,143,0,1,0
en,label,141691,en,true,33,33,true,true,false,62,18,14,12,7,19,11,2,0,163,0,1,0
en,ladakhi,6271,en,true,33,33,true,true,false,62,18,14,12,7,19,11,2,0,163,0,1,0
en,lahu,3794,en,true,33,33,true,true,false,62,18,14,12,7,19,11,2,0,163,0,1,0
lbe,lak,18509,lbe,true,0,0,false,false,false,0,0,0,0,0,0,11,2,197,180,0,0,0
en,lala,106963,en,true,33,33,true,true,false,61,18,15,12,7,19,11,2,0,164,0,0,0
en,lama,1333,en,true,33,33,true,true,false,62,18,14,12,7,19,11,2,0,163,0,1,0
en,lamaholot,17239,en,true,33,33,true,true,false,62,18,14,12,7,19,11,2,0,163,0,1,0
en,lamalera,143732,en,true,33,33,true,true,false,63,18,14,12,7,19,11,2,0,163,0,1,0
en,lamatuka,143731,en,true,33,33,true,true,false,62,18,14,12,7,19,11,2,0,163,0,1,0
en,lamba,15631,en,true,33,33,true,true,false,64,18,14,12,7,19,11,2,0,163,0,1,0
en,lambadi,20777,en,true,33,33,true,true,false,62,18,14,12,7,19,11,2,0,163,0,1,0
en,lambya,7792,en,true,33,33,true,true,false,62,18,14,12,7,19,11,2,0,163,0,1,0
en,lamnso,2331,en,true,33,33,true,true,false,62,18,14,12,7,19,11,2,0,163,0,1,0
en,lampung-api,141801,en,true,33,33,true,true,false,62,18,14,12,7,19,11,2,0,163,0,1,0
en,lampung-nyo,139250,en,true,33,33,true,true,false,62,18,14,12,7,19,11,2,0,163,0,1,0
en,langilan-manobo,185340,en,true,33,33,true,true,false,62,18,14,12,7,19,11,2,0,163,0,1,0
en,lango-south-sudan,143747,en,true,33,33,true,true,false,62,18,14,12,7,19,11,2,0,163,0,1,0
en,lango-uganda,19884,en,true,33,33,true,true,false,62,18,14,12,7,19,11,2,0,163,0,1,0
lo,lao,7411,lo,true,0,0,false,false,false,0,0,0,0,0,0,11,2,197,128,0,0,0
en,laro,143834,en,true,33,33,true,true,false,64,18,14,12,7,19,11,2,0,163,0,1,0
en,lashi,4045,en,true,33,33,true,true,false,62,18,14,12,7,19,11,2,0,163,0,1,0
lv,latvian,7519,lv,true,0,0,false,false,false,0,0,0,0,0,0,11,2,197,168,0,0,0
en,lawangan,16805,en,true,33,33,true,true,false,62,18,14,12,7,19,11,2,0,163,0,1,0
en,lebanese-sign-language,139080,en,true,1,1,false,false,false,2,0,0,1,0,1,11,2,0,196,0,0,0
en,lebanese-syrian-arabic,156811,en,true,10,10,true,false,false,11,3,1,3,3,9,11,2,0,187,0,0,0
en,ledo-ija,17492,en,true,33,33,true,true,false,62,18,14,12,7,19,11,2,0,163,0,1,0
en,ledo-taa,185194,en,true,33,33,true,true,false,62,18,14,12,7,19,11,2,0,163,0,1,0
en,legbo,9291,en,true,33,33,true,true,false,62,18,14,12,7,19,11,2,0,163,0,1,0
en,lelemi,5251,en,true,33,33,true,true,false,62,18,14,12,7,19,11,2,0,163,0,1,0
en,lendu,15615,en,true,33,33,true,true,false,62,18,14,12,7,19,11,2,0,163,0,1,0
en,lenje,19898,en,true,33,33,true,true,false,64,18,14,12,7,19,11,2,0,163,0,1,0
en,lepcha,1352,en,true,33,33,true,true,false,62,18,14,12,7,19,11,2,0,163,0,1,0
en,lepki,143827,en,true,33,33,true,true,false,62,18,14,12,7,19,11,2,0,163,0,1,0
en,lesser-antillean-creole-french,4472,en,true,33,33,true,true,false,62,18,14,12,7,19,11,2,0,163,0,1,0
en,letuama-tanimuca,41117,en,true,1,1,false,false,false,1,0,0,0,0,1,11,2,0,196,0,0,0
en,levantine-turkmen,53345,en,true,33,33,true,true,false,64,18,14,12,7,19,11,2,0,163,0,1,0
en,levuka,144034,en,true,33,33,true,true,false,63,18,14,12,7,19,11,2,0,163,0,1,0
en,lewo,144042,en,true,33,33,true,true,false,63,18,14,12,7,19,11,2,0,163,0,1,0
en,lewo-eleng,144036,en,true,33,33,true,true,false,63,18,14,12,7,19,11,2,0,163,0,1,0
lez,lezgi,1127,lez,true,0,0,false,false,false,0,0,0,0,0,0,11,2,197,180,0,0,0
en,lhao-vo,23044,en,true,33,33,true,true,false,62,18,14,12,7,19,11,2,0,163,0,1,0
bo,lhasa-tibetan,21795,bo,true,0,0,false,false,false,0,0,0,0,0,0,11,2,197,166,0,0,0
en,li-bendi,23019,en,true,33,33,true,true,false,62,18,14,12,7,19,11,2,0,163,0,1,0
en,li-qi,22838,en,true,33,33,true,true,false,62,18,14,12,7,19,11,2,0,163,0,1,0
en,lihir,141789,en,true,33,33,true,true,false,62,18,14,12,7,19,11,2,0,163,0,1,0
en,lik,184626,en,true,33,33,true,true,false,62,18,14,12,7,19,11,2,0,163,0,1,0
en,lika,15395,en,true,33,33,true,true,false,62,18,14,12,7,19,11,2,0,163,0,1,0
en,likoonl,108321,en,true,33,33,true,true,false,62,18,14,12,7,19,11,2,0,163,0,1,0
en,limba-tonko-sella,184933,en,true,37,37,true,true,false,69,18,15,14,10,21,11,2,0,159,0,1,0
en,limba-west-central,13110,en,true,0,0,false,false,false,0,0,0,0,0,0,11,2,0,197,0,0,0
en,limbu,6259,en,true,33,33,true,true,false,62,18,14,12,7,19,11,2,0,163,0,1,0
en,limbum,2565,en,true,33,33,true,true,false,62,18,14,12,7,19,11,2,0,163,0,1,0
ln,lingala,4344,ln,true,0,0,false,false,false,0,0,0,0,0,0,11,2,197,109,0,0,0
en,lingao,3964,en,true,34,34,true,true,false,78,18,14,12,7,20,11,2,0,162,0,1,0
en,lio,24211,en,true,33,33,true,true,false,62,18,14,12,7,19,11,2,0,163,0,1,0
en,lipo-eastern,22839,en,true,33,33,true,true,false,64,18,14,12,7,19,11,2,0,163,0,1,0
en,lipovan,185230,en,true,33,33,true,true,false,62,18,14,12,7,19,11,2,0,163,0,1,0
en,lis-ma-ron,53423,en,true,33,33,true,true,false,62,18,14,12,7,19,11,2,0,163,0,1,0
en,lisu,19908,en,true,33,33,true,true,false,65,18,14,12,7,19,11,2,0,163,0,1,0
lt,lithuanian,7698,lt,true,0,0,false,false,false,0,0,0,0,0,0,11,2,197,118,0,0,0
en,lobala,4343,en,true,33,33,true,true,false,62,18,14,12,7,19,11,2,0,163,0,1,0
en,lobi,143751,en,true,33,33,true,true,false,62,18,14,12,7,19,11,2,0,163,0,1,0
en,logo,15383,en,true,33,33,true,true,false,62,18,14,12,7,19,11,2,0,163,0,1,0
en,lokaa,23154,en,true,33,33,true,true,false,62,18,14,12,7,19,11,2,0,163,0,1,0
en,loko,19922,en,true,37,37,true,true,false,67,18,15,14,10,21,11,2,0,159,0,1,0
en,lokpa,176838,en,true,58,58,true,true,true,135,23,24,20,12,38,11,2,0,138,0,1,0
en,lolo,27261,en,true,33,33,true,true,false,62,18,14,12,7,19,11,2,0,163,0,1,0
en,loloda,16906,en,true,33,33,true,true,false,62,18,14,12,7,19,11,2,0,163,0,1,0
en,loma,7584,en,true,33,33,true,true,false,62,18,14,12,7,19,11,2,0,163,0,1,0
en,lomwe,7790,en,true,33,33,true,true,false,62,18,14,12,7,19,11,2,0,163,0,1,0
en,longuda,9506,en,true,33,33,true,true,false,62,18,14,12,7,19,11,2,0,163,0,1,0
en,lopit,13664,en,true,53,53,true,true,true,115,23,23,18,9,35,11,2,0,143,0,1,0
en,lorung-northern,99260,en,true,33,33,true,true,false,62,18,14,12,7,19,11,2,0,163,0,1,0
en,lote,11092,en,true,33,33,true,true,false,62,18,14,12,7,19,11,2,0,163,0,1,0
en,lower-daga,146764,en,true,33,33,true,true,false,62,18,14,12,7,19,11,2,0,163,0,1,0
en,lozi,8799,en,true,37,37,true,true,false,69,18,15,14,10,21,11,2,0,159,0,1,0
en,lubu,17732,en,true,33,33,true,true,false,62,18,14,12,7,19,11,2,0,163,0,1,0
en,lubwisi,22203,en,true,33,33,true,true,false,62,18,14,12,7,19,11,2,0,163,0,1,0
en,luchazi,555,en,true,33,33,true,true,false,64,18,14,12,7,19,11,2,0,163,0,1,0
en,luganda,20675,en,true,105,105,true,true,true,260,43,38,42,29,56,11,2,0,88,0,3,0
en,lugbara,23981,en,true,37,37,true,true,false,67,18,15,14,10,21,11,2,0,159,0,1,0
en,lughuru,132358,en,true,33,33,true,true,false,62,18,14,12,7,19,11,2,0,163,0,1,0
en,lukabaras,99311,en,true,33,33,true,true,false,62,18,14,12,7,19,11,2,0,163,0,1,0
en,lukpa,1305,en,true,33,33,true,true,false,62,18,14,12,7,19,11,2,0,163,0,1,0
en,lumasaba,20815,en,true,33,33,true,true,false,62,18,14,12,7,19,11,2,0,163,0,1,0
en,lumun,141728,en,true,33,33,true,true,false,64,18,14,12,7,19,11,2,0,163,0,1,0
en,lunda,573,en,true,33,33,true,true,false,64,18,14,12,7,19,11,2,0,163,0,1,0
en,lundayeh,1918,en,true,33,33,true,true,false,62,18,14,12,7,19,11,2,0,163,0,1,0
en,lungga,141767,en,true,33,33,true,true,false,63,18,14,12,7,19,11,2,0,163,0,1,0
en,luo,19936,en,true,37,37,true,true,false,67,18,15,14,10,21,11,2,0,159,0,1,0
en,luragoli,20785,en,true,33,33,true,true,false,62,18,14,12,7,19,11,2,0,163,0,1,0
en,luri-luristan-province-iran,23743,en,true,32,32,true,true,false,61,17,14,12,7,18,11,2,0,164,0,1,0
en,lusoga,20926,en,true,37,37,true,true,false,67,18,15,14,10,21,11,2,0,159,0,1,0
en,lutos,143542,en,true,33,33,true,true,false,62,18,14,12,7,19,11,2,0,163,0,1,0
en,luvale,554,en,true,33,33,true,true,false,64,18,14,12,7,19,11,2,0,163,0,1,0
en,luwo,13915,en,true,33,33,true,true,false,62,18,14,12,7,19,11,2,0,163,0,1,0
en,luwu-tae,144740,en,true,33,33,true,true,false,62,18,14,12,7,19,11,2,0,163,0,1,0
en,lyele,2035,en,true,33,33,true,true,false,62,18,14,12,7,19,11,2,0,163,0,1,0
en,maanyan,16781,en,true,33,33,true,true,false,62,18,14,12,7,19,11,2,0,163,0,1,0
en,maasai,7309,en,true,57,57,true,true,true,121,23,24,20,12,37,11,2,0,139,0,1,0
en,maay,13376,en,true,53,53,true,true,true,116,23,23,18,9,35,11,2,0,143,0,1,0
mk,macedonian,20796,mk,true,0,0,false,false,false,0,0,0,0,0,0,11,2,197,130,0,0,0
en,mada,19951,en,true,33,33,true,true,false,62,18,14,12,7,19,11,2,0,163,0,1,0
en,madi,13893,en,true,33,33,true,true,false,62,18,14,12,7,19,11,2,0,163,0,1,0
en,madi-okollo,139183,en,true,33,33,true,true,false,62,18,14,12,7,19,11,2,0,163,0,1,0
en,madura,13183,en,true,33,33,true,true,false,62,18,14,12,7,19,11,2,0,163,0,1,0
en,mafa,2556,en,true,33,33,true,true,false,62,18,14,12,7,19,11,2,0,163,0,1,0
en,magahi,6186,en,true,33,33,true,true,false,62,18,14,12,7,19,11,2,0,163,0,1,0
en,magar-eastern,1371,en,true,33,33,true,true,false,62,18,14,12,7,19,11,2,0,163,0,1,0
en,magar-western,9030,en,true,33,33,true,true,false,62,18,14,12,7,19,11,2,0,163,0,1,0
mdh,magindanaon,12635,mdh,true,0,0,false,false,false,0,0,0,0,0,0,11,2,197,154,0,0,0
en,mahasu-pahari,184487,en,true,37,37,true,true,false,70,19,15,13,9,22,11,2,0,159,0,1,0
en,mai-brat,16176,en,true,33,33,true,true,false,62,18,14,12,7,19,11,2,0,163,0,1,0
en,mailu,144630,en,true,33,33,true,true,false,63,18,14,12,7,19,11,2,0,163,0,1,0
mai,maithili,6199,mai,true,0,0,false,false,false,0,0,0,0,0,0,11,2,197,170,0,0,0
mai,maithili-nepal,184939,mai,true,0,0,false,false,false,0,0,0,0,0,0,11,2,197,180,0,0,0
en,maiwa,20324,en,true,33,33,true,true,false,62,18,14,12,7,19,11,2,0,163,0,1,0
en,majang,143881,en,true,33,33,true,true,false,62,18,14,12,7,19,11,2,0,163,0,1,0
en,majhi,143400,en,true,33,33,true,true,false,62,18,14,12,7,19,11,2,0,163,0,1,0
en,makaa,2530,en,true,37,37,true,true,false,67,18,15,14,10,21,11,2,0,159,0,1,0
en,makasar,21248,en,true,33,33,true,true,false,62,18,14,12,7,19,11,2,0,163,0,1,0
en,makhau-tanzania,184505,en,true,33,33,true,true,false,62,18,14,12,7,19,11,2,0,163,0,1,0
en,makhuwa,142483,en,true,37,37,true,true,false,67,18,15,14,10,21,11,2,0,159,0,1,0
en,makoma,151261,en,true,33,33,true,true,false,64,18,14,12,7,19,11,2,0,163,0,1,0
en,makonde-mozambique,8433,en,true,33,33,true,true,false,62,18,14,12,7,19,11,2,0,163,0,1,0
en,makonde-tanzania,184494,en,true,33,33,true,true,false,62,18,14,12,7,19,11,2,0,163,0,1,0
en,mal-paharia,6210,en,true,33,33,true,true,false,62,18,14,12,7,19,11,2,0,163,0,1,0
mg,malagasy,7761,mg,true,0,0,false,false,false,0,0,0,0,0,0,11,2,197,125,0,0,0
mg,malagasy-antankarana,7750,mg-xmv,true,0,0,false,false,false,0,0,0,0,0,0,11,2,197,180,0,0,0
mg,malagasy-antesaka,139117,mg-tkg,true,0,0,false,false,false,0,0,0,0,0,0,11,2,197,180,0,0,0
mg,malagasy-northern-betsimisaraka,26664,mg-bmm,true,0,0,false,false,false,0,0,0,0,0,0,11,2,197,180,0,0,0
mg,malagasy-southern-betsimisaraka,27226,mg-bzc,true,0,0,false,false,false,0,0,0,0,0,0,11,2,197,180,0,0,0
mg,malagasy-tanosy,26972,mg-txy,true,0,0,false,false,false,0,0,0,0,0,0,11,2,197,180,0,0,0
en,malango-teha,143497,en,true,33,33,true,true,false,62,18,14,12,7,19,11,2,0,163,0,1,0
ms,malay,1927,ms,true,0,0,false,false,false,0,0,0,0,0,0,11,2,197,108,0,0,0
ms,malay-ambonese,16891,ms-abs,true,0,0,false,false,false,0,0,0,0,0,0,11,2,197,180,0,0,0
en,malay-bukit,16883,en,true,33,33,true,true,false,62,18,14,12,7,19,11,2,0,163,0,1,0
en,malay-jambi,17753,en,true,33,33,true,true,false,62,18,14,12,7,19,11,2,0,163,0,1,0
en,malay-kota-bangun-kutai,16777,en,true,33,33,true,true,false,62,18,14,12,7,19,11,2,0,163,0,1,0
en,malay-north-moluccan,16900,en,true,33,33,true,true,false,62,18,14,12,7,19,11,2,0,163,0,1,0
ms,malay-papuan,100882,ms-pmy,true,0,0,false,false,false,0,0,0,0,0,0,11,2,197,180,0,0,0
ms,malay-pattani,14386,ms-mfa,true,0,0,false,false,false,0,0,0,0,0,0,11,2,197,180,0,0,0
en,malay-tenggarong-kutai,16695,en,true,33,33,true,true,false,62,18,14,12,7,19,11,2,0,163,0,1,0
ml,malayalam,19985,ml,true,0,0,false,false,false,0,0,0,0,0,0,11,2,197,92,0,0,0
en,malayic-dayak,143339,en,true,33,33,true,true,false,62,18,14,12,7,19,11,2,0,163,0,1,0
en,male,4768,en,true,33,33,true,true,false,62,18,14,12,7,19,11,2,0,163,0,1,0
en,malila,14260,en,true,33,33,true,true,false,62,18,14,12,7,19,11,2,0,163,0,1,0
en,malinke-kenieba,184646,en,true,33,33,true,true,false,62,18,14,12,7,19,11,2,0,163,0,1,0
en,malinke-kita,184647,en,true,33,33,true,true,false,62,18,14,12,7,19,11,2,0,163,0,1,0
en,malkangiri-koya,148910,en,true,33,33,true,true,false,62,18,14,12,7,19,11,2,0,163,0,1,0
en,malo,4767,en,true,33,33,true,true,false,62,18,14,12,7,19,11,2,0,163,0,1,0
mt,maltese,7885,mt,true,0,0,false,false,false,0,0,0,0,0,0,11,2,197,130,0,0,0
en,malvi,6171,en,true,36,36,true,true,false,69,19,15,13,8,21,11,2,0,160,0,1,0
en,mam-central,5408,en,true,33,33,true,true,false,62,18,14,12,7,19,11,2,0,163,0,1,0
en,mam-northern,5427,en,true,42,42,true,true,false,84,19,16,16,12,23,11,2,0,151,0,3,0
en,mam-tajumulco,5410,en,true,33,33,true,true,false,62,18,14,12,7,19,11,2,0,163,0,1,0
en,mamainde,99766,en,true,33,33,true,true,false,62,18,14,12,7,19,11,2,0,163,0,1,0
en,mamasa,17616,en,true,33,33,true,true,false,62,18,14,12,7,19,11,2,0,163,0,1,0
en,mambilla,175157,en,true,33,33,true,true,false,62,18,14,12,7,19,11,2,0,163,0,1,0
en,mambwe-lungu,14259,en,true,33,33,true,true,false,64,18,14,12,7,19,11,2,0,163,0,1,0
en,mampruli,5240,en,true,33,33,true,true,false,62,18,14,12,7,19,11,2,0,163,0,1,0
en,mamuju,20025,en,true,33,33,true,true,false,62,18,14,12,7,19,11,2,0,163,0,1,0
en,mamusi,141311,en,true,33,33,true,true,false,62,18,14,12,7,19,11,2,0,163,0,1,0
en,manado,24314,en,true,33,33,true,true,false,62,18,14,12,7,19,11,2,0,163,0,1,0
en,manambu,143488,en,true,33,33,true,true,false,62,18,14,12,7,19,11,2,0,163,0,1,0
en,manda,101919,en,true,33,33,true,true,false,62,18,14,12,7,19,11,2,0,163,0,1,0
en,mandar,17471,en,true,33,33,true,true,false,62,18,14,12,7,19,11,2,0,163,0,1,0
en,mandara,11230,en,true,33,33,true,true,false,62,18,14,12,7,19,11,2,0,163,0,1,0
en,mandara-cameroon,144476,en,true,37,37,true,true,false,67,18,15,14,10,21,11,2,0,159,0,1,0
zh,mandarin-china,20615,zh,true,0,0,false,false,false,0,0,0,0,0,0,11,2,197,41,0,0,0
zh-Hant,mandarin-taiwan,23221,zh-Hant-TW,true,0,0,false,false,false,0,0,0,0,0,0,11,2,197,132,0,0,0
en,mandeali,6242,en,true,33,33,true,true,false,62,18,14,12,7,19,11,2,0,163,0,1,0
en,mandinka,5040,en,true,33,33,true,true,false,62,18,14,12,7,19,11,2,0,163,0,1,0
en,mandja,3171,en,true,37,37,true,true,false,67,18,15,14,10,21,11,2,0,159,0,1,0
en,manga,42106,en,true,53,53,true,true,true,116,23,23,18,9,35,11,2,0,143,0,1,0
en,mangalorean-konkani,164216,en,true,33,33,true,true,false,62,18,14,12,7,19,11,2,0,163,0,1,0
en,mangbetu,14749,en,true,33,33,true,true,false,62,18,14,12,7,19,11,2,0,163,0,1,0
en,manggarai,17282,en,true,33,33,true,true,false,62,18,14,12,7,19,11,2,0,163,0,1,0
en,mangghuer-wuge,139111,en,true,33,33,true,true,false,64,18,14,12,7,19,11,2,0,163,0,1,0
en,mango,26152,en,true,33,33,true,true,false,64,18,14,12,7,19,11,2,0,163,0,1,0
en,maninka,5450,en,true,46,46,true,true,true,93,20,17,17,14,26,11,2,0,147,0,3,0
en,maninka-konyanka,24413,en,true,33,33,true,true,false,62,18,14,12,7,19,11,2,0,163,0,1,0
mfv,manjaku,23979,mfv,true,0,0,false,false,false,0,0,0,0,0,0,11,2,197,180,0,0,0
knf,mankanya,5042,knf,true,0,0,false,false,false,0,0,0,0,0,0,11,2,197,180,0,0,0
en,mano,5472,en,true,37,37,true,true,false,67,18,15,14,10,21,11,2,0,159,0,1,0
en,manobo-ata,12850,en,true,33,33,true,true,false,62,18,14,12,7,19,11,2,0,163,0,1,0
en,manobo-dibabawon,144211,en,true,33,33,true,true,false,62,18,14,12,7,19,11,2,0,163,0,1,0
en,manobo-ilianen,144214,en,true,33,33,true,true,false,62,18,14,12,7,19,11,2,0,163,0,1,0
en,manobo-matigsalug,12640,en,true,53,53,true,true,true,115,23,23,18,9,35,11,2,0,143,0,1,0
en,manobo-sarangani,99564,en,true,33,33,true,true,false,64,18,14,12,7,19,11,2,0,163,0,1,0
en,manobo-tagabawa,12839,en,true,33,33,true,true,false,62,18,14,12,7,19,11,2,0,163,0,1,0
en,manobo-western-bukidnon,144210,en,true,33,33,true,true,false,62,18,14,12,7,19,11,2,0,163,0,1,0
en,mansoanka,5038,en,true,33,33,true,true,false,62,18,14,12,7,19,11,2,0,163,0,1,0
en,manyika,8456,en,true,33,33,true,true,false,62,18,14,12,7,19,11,2,0,163,0,1,0
en,maonan,4031,en,true,33,33,true,true,false,62,18,14,12,7,19,11,2,0,163,0,1,0
mi,maori,9198,mi,true,0,0,false,false,false,0,0,0,0,0,0,11,2,197,180,0,0,0
en,mapudungun,644,en,true,42,42,true,true,false,84,19,16,16,12,23,11,2,0,151,0,3,0
en,maquiritari,144295,en,true,33,33,true,true,false,63,18,14,12,7,19,11,2,0,163,0,1,0
en,marakwet,24410,en,true,53,53,true,true,true,116,23,23,18,9,35,11,2,0,143,0,1,0
en,maram-naga,184815,en,true,33,33,true,true,false,64,18,14,12,7,19,11,2,0,163,0,1,0
en,maranao,12624,en,true,33,33,true,true,false,62,18,14,12,7,19,11,2,0,163,0,1,0
mr,marathi,6174,mr,true,0,0,false,false,false,0,0,0,0,0,0,11,2,197,93,0,0,0
en,marba,3534,en,true,33,33,true,true,false,62,18,14,12,7,19,11,2,0,163,0,1,0
ar,mardini,23800,ar-ayp,true,42,42,true,true,false,84,19,16,16,12,23,11,2,0,151,0,3,0
en,marghi-central,9495,en,true,33,33,true,true,false,62,18,14,12,7,19,11,2,0,163,0,1,0
en,margi-south,139128,en,true,33,33,true,true,false,62,18,14,12,7,19,11,2,0,163,0,1,0
en,mari-low,18489,en,true,33,33,true,true,false,62,18,14,12,7,19,11,2,0,163,0,1,0
en,maria,6178,en,true,33,33,true,true,false,62,18,14,12,7,19,11,2,0,163,0,1,0
en,maria-dandami,6558,en,true,33,33,true,true,false,62,18,14,12,7,19,11,2,0,163,0,1,0
en,markweeta,140520,en,true,33,33,true,true,false,62,18,14,12,7,19,11,2,0,163,0,1,0
en,marma,101788,en,true,33,33,true,true,false,62,18,14,12,7,19,11,2,0,163,0,1,0
en,maro,99303,en,true,33,33,true,true,false,62,18,14,12,7,19,11,2,0,163,0,1,0
mh,marshallese,7889,mh,true,0,0,false,false,false,0,0,0,0,0,0,11,2,197,168,0,0,0
en,marwari,6209,en,true,34,34,true,true,false,76,18,14,12,7,20,11,2,0,162,0,1,0
en,marwari-northern,10527,en,true,32,32,true,true,false,61,17,14,12,7,18,11,2,0,164,0,1,0
en,marwari-southern,10528,en,true,53,53,true,true,true,116,23,23,18,9,35,11,2,0,143,0,1,0
en,masalit,3531,en,true,33,33,true,true,false,62,18,14,12,7,19,11,2,0,163,0,1,0
en,masana,2538,en,true,37,37,true,true,false,67,18,15,14,10,21,11,2,0,159,0,1,0
en,masbatenyo,12622,en,true,33,33,true,true,false,62,18,14,12,7,19,11,2,0,163,0,1,0
en,mashami-chagga,24142,en,true,33,33,true,true,false,62,18,14,12,7,19,11,2,0,163,0,1,0
en,mashi,20919,en,true,33,33,true,true,false,62,18,14,12,7,19,11,2,0,163,0,1,0
en,masikoro,23196,en,true,33,33,true,true,false,64,18,14,12,7,19,11,2,0,163,0,1,0
en,maskelynes,141436,en,true,33,33,true,true,false,63,18,14,12,7,19,11,2,0,163,0,1,0
en,matal,101827,en,true,33,33,true,true,false,62,18,14,12,7,19,11,2,0,163,0,1,0
en,matengo,14255,en,true,33,33,true,true,false,62,18,14,12,7,19,11,2,0,163,0,1,0
en,mato,144465,en,true,33,33,true,true,false,62,18,14,12,7,19,11,2,0,163,0,1,0
en,matses,1604,en,true,33,33,true,true,false,63,18,14,12,7,19,11,2,0,163,0,1,0
en,matsigenka,173888,en,true,33,33,true,true,false,63,18,14,12,7,19,11,2,0,163,0,1,0
en,matumbi,14254,en,true,33,33,true,true,false,64,18,14,12,7,19,11,2,0,163,0,1,0
en,mawae,152300,en,true,33,33,true,true,false,63,18,14,12,7,19,11,2,0,163,0,1,0
en,mawchi,19988,en,true,33,33,true,true,false,62,18,14,12,7,19,11,2,0,163,0,1,0
en,maxakali,1608,en,true,33,33,true,true,false,62,18,14,12,7,19,11,2,0,163,0,1,0
en,mayan,21012,en,true,54,54,true,true,true,130,23,23,18,9,36,11,2,0,142,0,1,0
en,mayangna,142395,en,true,33,33,true,true,false,63,18,14,12,7,19,11,2,0,163,0,1,0
en,mayogo,15329,en,true,33,33,true,true,false,62,18,14,12,7,19,11,2,0,163,0,1,0
en,mazagway-hidi,176144,en,true,33,33,true,true,false,62,18,14,12,7,19,11,2,0,163,0,1,0
en,mazahua,8241,en,true,33,33,true,true,false,62,18,14,12,7,19,11,2,0,163,0,1,0
en,mazanderani,6793,en,true,28,28,true,false,false,54,8,13,11,5,20,11,2,0,169,0,0,0
en,mazateco-huautla-de-jimenez,8245,en,true,33,33,true,true,false,62,18,14,12,7,19,11,2,0,163,0,1,0
en,mba,144472,en,true,33,33,true,true,false,62,18,14,12,7,19,11,2,0,163,0,1,0
en,mbala,19953,en,true,33,33,true,true,false,62,18,14,12,7,19,11,2,0,163,0,1,0
en,mbandja,143356,en,true,33,33,true,true,false,64,18,14,12,7,19,11,2,0,163,0,1,0
en,mbe,101833,en,true,33,33,true,true,false,64,18,14,12,7,19,11,2,0,163,0,1,0
en,mbelime,100953,en,true,33,33,true,true,false,62,18,14,12,7,19,11,2,0,163,0,1,0
en,mbembe-cross-river,9473,en,true,33,33,true,true,false,62,18,14,12,7,19,11,2,0,163,0,1,0
en,mbembe-tigon,2329,en,true,33,33,true,true,false,64,18,14,12,7,19,11,2,0,163,0,1,0
en,mbosi,4336,en,true,33,33,true,true,false,62,18,14,12,7,19,11,2,0,163,0,1,0
en,mbugwe,144632,en,true,33,33,true,true,false,62,18,14,12,7,19,11,2,0,163,0,1,0
en,mbuko,100947,en,true,33,33,true,true,false,62,18,14,12,7,19,11,2,0,163,0,1,0
en,mbukushu,570,en,true,33,33,true,true,false,62,18,14,12,7,19,11,2,0,163,0,1,0
en,mbula,9490,en,true,33,33,true,true,false,64,18,14,12,7,19,11,2,0,163,0,1,0
en,medlpa,11668,en,true,33,33,true,true,false,62,18,14,12,7,19,11,2,0,163,0,1,0
en,medumba,2871,en,true,33,33,true,true,false,62,18,14,12,7,19,11,2,0,163,0,1,0
en,meen,144517,en,true,33,33,true,true,false,62,18,14,12,7,19,11,2,0,163,0,1,0
en,meitei,143789,en,true,55,55,true,true,true,131,23,23,18,10,37,11,2,0,141,0,1,0
en,mekeo,144461,en,true,33,33,true,true,false,63,18,14,12,7,19,11,2,0,163,0,1,0
en,mele-fila,144425,en,true,33,33,true,true,false,63,18,14,12,7,19,11,2,0,163,0,1,0
en,melpa,101718,en,true,33,33,true,true,false,63,18,14,12,7,19,11,2,0,163,0,1,0
en,mende,7577,en,true,47,47,true,true,true,103,19,17,18,15,26,11,2,0,146,0,3,0
en,mentawai,17797,en,true,33,33,true,true,false,62,18,14,12,7,19,11,2,0,163,0,1,0
en,mephaa,20977,en,true,33,33,true,true,false,62,18,14,12,7,19,11,2,0,163,0,1,0
en,mephaa-de-acatapec,184853,en,true,33,33,true,true,false,62,18,14,12,7,19,11,2,0,163,0,1,0
en,mephaa-de-huitzapula,184831,en,true,33,33,true,true,false,62,18,14,12,7,19,11,2,0,163,0,1,0
en,meqa,101396,en,true,33,33,true,true,false,62,18,14,12,7,19,11,2,0,163,0,1,0
en,merey,101729,en,true,33,33,true,true,false,62,18,14,12,7,19,11,2,0,163,0,1,0
en,merwari,99886,en,true,33,33,true,true,false,62,18,14,12,7,19,11,2,0,163,0,1,0
en,mewari,20814,en,true,33,33,true,true,false,62,18,14,12,7,19,11,2,0,163,0,1,0
en,mexican-sign-language,8230,en,true,1,1,false,false,false,1,0,0,0,0,1,11,2,0,196,0,0,0
en,meyah,144460,en,true,33,33,true,true,false,62,18,14,12,7,19,11,2,0,163,0,1,0
en,mgbolizhia,53313,en,true,33,33,true,true,false,62,18,14,12,7,19,11,2,0,163,0,1,0
en,miao-central-mashan,140982,en,true,33,33,true,true,false,62,18,14,12,7,19,11,2,0,163,0,1,0
en,miao-chuanqiandian-cluster,140246,en,true,33,33,true,true,false,62,18,14,12,7,19,11,2,0,163,0,1,0
en,miao-eastern-qiandong,144869,en,true,33,33,true,true,false,63,18,14,12,7,19,11,2,0,163,0,1,0
en,miao-huishui-northern,22842,en,true,33,33,true,true,false,63,18,14,12,7,19,11,2,0,163,0,1,0
en,miao-northern-qiandong,140948,en,true,33,33,true,true,false,63,18,14,12,7,19,11,2,0,163,0,1,0
en,miao-small-flowery,142333,en,true,33,33,true,true,false,63,18,14,12,7,19,11,2,0,163,0,1,0
en,miao-southern-qiandong,140985,en,true,33,33,true,true,false,62,18,14,12,7,19,11,2,0,163,0,1,0
en,migili,32122,en,true,33,33,true,true,false,64,18,14,12,7,19,11,2,0,163,0,1,0
en,miju-mishmi,144427,en,true,33,33,true,true,false,62,18,14,12,7,19,11,2,0,163,0,1,0
en,minangkabau,17695,en,true,33,33,true,true,false,62,18,14,12,7,19,11,2,0,163,0,1,0
en,mingrelian,5076,en,true,33,33,true,true,false,62,18,14,12,7,19,11,2,0,163,0,1,0
en,minianka,20917,en,true,33,33,true,true,false,62,18,14,12,7,19,11,2,0,163,0,1,0
en,mirgan,5935,en,true,33,33,true,true,false,62,18,14,12,7,19,11,2,0,163,0,1,0
en,mising,24177,en,true,33,33,true,true,false,62,18,14,12,7,19,11,2,0,163,0,1,0
en,miskito,5527,en,true,33,33,true,true,false,62,18,14,12,7,19,11,2,0,163,0,1,0
en,mixe-coatlan,8235,en,true,33,33,true,true,false,62,18,14,12,7,19,11,2,0,163,0,1,0
en,mixe-del-istmo,8295,en,true,33,33,true,true,false,62,18,14,12,7,19,11,2,0,163,0,1,0
en,mixtec-amoltepec,144228,en,true,33,33,true,true,false,62,18,14,12,7,19,11,2,0,163,0,1,0
en,mixtec-ayutla,26162,en,true,33,33,true,true,false,62,18,14,12,7,19,11,2,0,163,0,1,0
en,mixtec-magdalena-penasco,142146,en,true,33,33,true,true,false,63,18,14,12,7,19,11,2,0,163,0,1,0
en,mixteco-alacatlatzala,8299,en,true,33,33,true,true,false,62,18,14,12,7,19,11,2,0,163,0,1,0
en,mixteco-central-juxtlahuaca,8038,en,true,33,33,true,true,false,62,18,14,12,7,19,11,2,0,163,0,1,0
en,mixteco-cuquila-ocotepec,184833,en,true,33,33,true,true,false,62,18,14,12,7,19,11,2,0,163,0,1,0
en,mixteco-diuxi-tilantongo,8294,en,true,33,33,true,true,false,62,18,14,12,7,19,11,2,0,163,0,1,0
en,mixteco-eastern,8303,en,true,33,33,true,true,false,62,18,14,12,7,19,11,2,0,163,0,1,0
en,mixteco-metlatonoc,8193,en,true,33,33,true,true,false,62,18,14,12,7,19,11,2,0,163,0,1,0
en,mixteco-monte-verde,23992,en,true,33,33,true,true,false,62,18,14,12,7,19,11,2,0,163,0,1,0
en,mixteco-northwest-oaxaca,8202,en,true,33,33,true,true,false,62,18,14,12,7,19,11,2,0,163,0,1,0
en,mixteco-potoichan,184832,en,true,33,33,true,true,false,62,18,14,12,7,19,11,2,0,163,0,1,0
en,mixteco-santa-maria-apasco,8296,en,true,33,33,true,true,false,62,18,14,12,7,19,11,2,0,163,0,1,0
en,mixteco-silacayoapan,8287,en,true,33,33,true,true,false,62,18,14,12,7,19,11,2,0,163,0,1,0
en,mixteco-southern-puebla,8293,en,true,33,33,true,true,false,62,18,14,12,7,19,11,2,0,163,0,1,0
en,mixteco-terroro-venado,24007,en,true,33,33,true,true,false,62,18,14,12,7,19,11,2,0,163,0,1,0
en,miya,9461,en,true,33,33,true,true,false,62,18,14,12,7,19,11,2,0,163,0,1,0
en,mizo-lushai,23578,en,true,33,33,true,true,false,62,18,14,12,7,19,11,2,0,163,0,1,0
en,mmen,139817,en,true,33,33,true,true,false,64,18,14,12,7,19,11,2,0,163,0,1,0
en,mnong-central,2159,en,true,33,33,true,true,false,63,18,14,12,7,19,11,2,0,163,0,1,0
en,mnong-rlam,19200,en,true,33,33,true,true,false,62,18,14,12,7,19,11,2,0,163,0,1,0
en,moba,2029,en,true,57,57,true,true,true,121,23,24,20,12,37,11,2,0,139,0,1,0
en,mochi,144705,en,true,33,33,true,true,false,62,18,14,12,7,19,11,2,0,163,0,1,0
en,modole,17075,en,true,33,33,true,true,false,62,18,14,12,7,19,11,2,0,163,0,1,0
en,mofu-gudur,23922,en,true,33,33,true,true,false,62,18,14,12,7,19,11,2,0,163,0,1,0
en,moken,101562,en,true,33,33,true,true,false,62,18,14,12,7,19,11,2,0,163,0,1,0
mdf,moksha,18487,mdf,true,0,0,false,false,false,0,0,0,0,0,0,11,2,197,180,0,0,0
en,molbog,12603,en,true,33,33,true,true,false,62,18,14,12,7,19,11,2,0,163,0,1,0
en,moma,101665,en,true,33,33,true,true,false,62,18,14,12,7,19,11,2,0,163,0,1,0
en,mon,20010,en,true,33,33,true,true,false,62,18,14,12,7,19,11,2,0,163,0,1,0
en,mongo-nkundu,15300,en,true,33,33,true,true,false,62,18,14,12,7,19,11,2,0,163,0,1,0
mn,mongolian-halh,18259,mn,true,77,77,true,true,true,230,28,27,26,18,52,11,2,1,117,0,2,0
en,mongondow,17467,en,true,33,33,true,true,false,62,18,14,12,7,19,11,2,0,163,0,1,0
en,mono,20007,en,true,33,33,true,true,false,62,18,14,12,7,19,11,2,0,163,0,1,0
en,moore,2028,en,true,66,66,true,true,true,143,24,26,24,17,41,11,2,0,127,0,3,0
en,moro,13889,en,true,33,33,true,true,false,62,18,14,12,7,19,11,2,0,163,0,1,0
en,moru,13901,en,true,33,33,true,true,false,62,18,14,12,7,19,11,2,0,163,0,1,0
en,mosiye,140404,en,true,33,33,true,true,false,62,18,14,12,7,19,11,2,0,163,0,1,0
en,mouwase,141066,en,true,33,33,true,true,false,62,18,14,12,7,19,11,2,0,163,0,1,0
en,mpoto,7791,en,true,33,33,true,true,false,62,18,14,12,7,19,11,2,0,163,0,1,0
en,mpyemo,3207,en,true,33,33,true,true,false,62,18,14,12,7,19,11,2,0,163,0,1,0
en,mro,53346,en,true,33,33,true,true,false,62,18,14,12,7,19,11,2,0,163,0,1,0
en,mru,1251,en,true,33,33,true,true,false,62,18,14,12,7,19,11,2,0,163,0,1,0
en,mualang,144156,en,true,33,33,true,true,false,62,18,14,12,7,19,11,2,0,163,0,1,0
en,mumuye,2441,en,true,33,33,true,true,false,62,18,14,12,7,19,11,2,0,163,0,1,0
en,muna,17462,en,true,33,33,true,true,false,62,18,14,12,7,19,11,2,0,163,0,1,0
en,munda,100408,en,true,33,33,true,true,false,62,18,14,12,7,19,11,2,0,163,0,1,0
en,mundang,2453,en,true,33,33,true,true,false,62,18,14,12,7,19,11,2,0,163,0,1,0
en,mundani,2440,en,true,33,33,true,true,false,62,18,14,12,7,19,11,2,0,163,0,1,0
en,mundari,1250,en,true,33,33,true,true,false,62,18,14,12,7,19,11,2,0,163,0,1,0
en,mundari-south-sudan,127670,en,true,33,33,true,true,false,62,18,14,12,7,19,11,2,0,163,0,1,0
en,mundu,184502,en,true,33,33,true,true,false,62,18,14,12,7,19,11,2,0,163,0,1,0
en,munduruku,1821,en,true,33,33,true,true,false,62,18,14,12,7,19,11,2,0,163,0,1,0
en,mungaka,2485,en,true,33,33,true,true,false,62,18,14,12,7,19,11,2,0,163,0,1,0
en,munukutuba,4334,en,true,42,42,true,true,false,84,19,16,16,12,23,11,2,0,151,0,3,0
en,muong,19191,en,true,53,53,true,true,true,116,23,23,18,9,35,11,2,0,143,0,1,0
en,mupun,155934,en,true,33,33,true,true,false,62,18,14,12,7,19,11,2,0,163,0,1,0
en,muria-eastern,98139,en,true,33,33,true,true,false,62,18,14,12,7,19,11,2,0,163,0,1,0
en,muria-western,101474,en,true,33,33,true,true,false,62,18,14,12,7,19,11,2,0,163,0,1,0
en,murle,4764,en,true,33,33,true,true,false,62,18,14,12,7,19,11,2,0,163,0,1,0
en,musgu,2449,en,true,33,33,true,true,false,62,18,14,12,7,19,11,2,0,163,0,1,0
en,muyang,2430,en,true,33,33,true,true,false,62,18,14,12,7,19,11,2,0,163,0,1,0
en,mwaghavul,10021,en,true,37,37,true,true,false,67,18,15,14,10,21,11,2,0,159,0,1,0
en,mwan,143863,en,true,33,33,true,true,false,62,18,14,12,7,19,11,2,0,163,0,1,0
en,mwani,8486,en,true,33,33,true,true,false,62,18,14,12,7,19,11,2,0,163,0,1,0
en,mwera,14124,en,true,33,33,true,true,false,62,18,14,12,7,19,11,2,0,163,0,1,0
en,mwimbi-igoji-muthambi,7300,en,true,33,33,true,true,false,62,18,14,12,7,19,11,2,0,163,0,1,0
en,naasioi,20061,en,true,33,33,true,true,false,62,18,14,12,7,19,11,2,0,163,0,1,0
en,nafaanra,5228,en,true,33,33,true,true,false,62,18,14,12,7,19,11,2,0,163,0,1,0
en,naga-angami,6071,en,true,33,33,true,true,false,62,18,14,12,7,19,11,2,0,163,0,1,0
en,naga-chang,101847,en,true,33,33,true,true,false,62,18,14,12,7,19,11,2,0,163,0,1,0
en,naga-chokri,101310,en,true,33,33,true,true,false,62,18,14,12,7,19,11,2,0,163,0,1,0
en,naga-khezha,143890,en,true,33,33,true,true,false,62,18,14,12,7,19,11,2,0,163,0,1,0
en,naga-konyak,6144,en,true,33,33,true,true,false,62,18,14,12,7,19,11,2,0,163,0,1,0
en,naga-liangmai,143810,en,true,33,33,true,true,false,62,18,14,12,7,19,11,2,0,163,0,1,0
en,naga-lotha,6079,en,true,33,33,true,true,false,62,18,14,12,7,19,11,2,0,163,0,1,0
en,naga-mao,6110,en,true,33,33,true,true,false,62,18,14,12,7,19,11,2,0,163,0,1,0
en,naga-rongmei,6108,en,true,33,33,true,true,false,62,18,14,12,7,19,11,2,0,163,0,1,0
en,naga-sangtam,101316,en,true,33,33,true,true,false,62,18,14,12,7,19,11,2,0,163,0,1,0
en,naga-sumi,144286,en,true,33,33,true,true,false,62,18,14,12,7,19,11,2,0,163,0,1,0
en,naga-tangkhul,6044,en,true,33,33,true,true,false,62,18,14,12,7,19,11,2,0,163,0,1,0
en,naga-yimchungru,100453,en,true,33,33,true,true,false,62,18,14,12,7,19,11,2,0,163,0,1,0
en,naga-zeme,101677,en,true,33,33,true,true,false,62,18,14,12,7,19,11,2,0,163,0,1,0
en,nagamese,20842,en,true,34,34,true,true,false,64,18,14,12,8,20,11,2,0,162,0,1,0
en,nage,17269,en,true,33,33,true,true,false,62,18,14,12,7,19,11,2,0,163,0,1,0
en,nago,1327,en,true,33,33,true,true,false,62,18,14,12,7,19,11,2,0,163,0,1,0
en,nahuatl-central-huasteca,26419,en,true,53,53,true,true,true,116,23,23,18,9,35,11,2,0,143,0,1,0
en,nahuatl-eastern-huasteca,8188,en,true,53,53,true,true,true,116,23,23,18,9,35,11,2,0,143,0,1,0
en,nahuatl-isthmus-pajapan,143712,en,true,33,33,true,true,false,62,18,14,12,7,19,11,2,0,163,0,1,0
en,nahuatl-michoacan,144766,en,true,33,33,true,true,false,62,18,14,12,7,19,11,2,0,163,0,1,0
en,nahuatl-northern-puebla,144765,en,true,33,33,true,true,false,62,18,14,12,7,19,11,2,0,163,0,1,0
en,nahuatl-orizaba,8164,en,true,54,54,true,true,true,130,23,23,18,9,36,11,2,0,142,0,1,0
en,nahuatl-sierra-de-puebla,8336,en,true,33,33,true,true,false,62,18,14,12,7,19,11,2,0,163,0,1,0
en,nahuatl-southeast-puebla,8173,en,true,33,33,true,true,false,62,18,14,12,7,19,11,2,0,163,0,1,0
en,nahuatl-western-huasteca,8170,en,true,53,53,true,true,true,116,23,23,18,9,35,11,2,0,143,0,1,0
en,nahuatl-zacatlan-ahuacatlan-tepetzintla,143707,en,true,33,33,true,true,false,62,18,14,12,7,19,11,2,0,163,0,1,0
en,nakanai,11536,en,true,33,33,true,true,false,63,18,14,12,7,19,11,2,0,163,0,1,0
en,nalca,16214,en,true,33,33,true,true,false,62,18,14,12,7,19,11,2,0,163,0,1,0
en,nama,144017,en,true,33,33,true,true,false,62,18,14,12,7,19,11,2,0,163,0,1,0
en,nambikuara-southern,1816,en,true,33,33,true,true,false,62,18,14,12,7,19,11,2,0,163,0,1,0
en,nambya,15865,en,true,33,33,true,true,false,62,18,14,12,7,19,11,2,0,163,0,1,0
en,namiae,144455,en,true,33,33,true,true,false,62,18,14,12,7,19,11,2,0,163,0,1,0
en,namwanga,53095,en,true,33,33,true,true,false,64,18,14,12,7,19,11,2,0,163,0,1,0
en,nandeva,169287,en,true,33,33,true,true,false,63,18,14,12,7,19,11,2,0,163,0,1,0
en,nandi,102324,en,true,33,33,true,true,false,62,18,14,12,7,19,11,2,0,163,0,1,0
en,nangjere,37552,en,true,33,33,true,true,false,62,18,14,12,7,19,11,2,0,163,0,1,0
en,napu,101301,en,true,33,33,true,true,false,62,18,14,12,7,19,11,2,0,163,0,1,0
en,nasu-eastern,22847,en,true,54,54,true,true,true,130,23,23,18,9,36,11,2,0,142,0,1,0
na,nauruan,8818,na,true,0,0,false,false,false,0,0,0,0,0,0,11,2,197,168,0,0,0
en,navaho,19097,en,true,33,33,true,true,false,62,18,14,12,7,19,11,2,0,163,0,1,0
en,nawary,427,en,true,33,33,true,true,false,62,18,14,12,7,19,11,2,0,163,0,1,0
en,nawdm,5220,en,true,33,33,true,true,false,62,18,14,12,7,19,11,2,0,163,0,1,0
en,naxi,3974,en,true,37,37,true,true,false,72,19,15,13,9,22,11,2,0,159,0,1,0
en,ndali,20070,en,true,33,33,true,true,false,62,18,14,12,7,19,11,2,0,163,0,1,0
en,ndamba,14117,en,true,33,33,true,true,false,62,18,14,12,7,19,11,2,0,163,0,1,0
en,ndau,8441,en,true,33,33,true,true,false,62,18,14,12,7,19,11,2,0,163,0,1,0
nd,ndebele-northern,20851,nd,true,0,0,false,false,false,0,0,0,0,0,0,11,2,197,138,0,0,0
nr,ndebele-southern,20852,nr,true,0,0,false,false,false,0,0,0,0,0,0,11,2,197,180,0,0,0
en,ndendeule,14271,en,true,33,33,true,true,false,62,18,14,12,7,19,11,2,0,163,0,1,0
en,ndogo,13876,en,true,33,33,true,true,false,62,18,14,12,7,19,11,2,0,163,0,1,0
en,ndokwa-ukwuani,142180,en,true,33,33,true,true,false,62,18,14,12,7,19,11,2,0,163,0,1,0
en,ndola,176097,en,true,33,33,true,true,false,62,18,14,12,7,19,11,2,0,163,0,1,0
en,ndrulo,139155,en,true,33,33,true,true,false,62,18,14,12,7,19,11,2,0,163,0,1,0
en,ndruna,24295,en,true,33,33,true,true,false,62,18,14,12,7,19,11,2,0,163,0,1,0
en,ndut,143453,en,true,33,33,true,true,false,64,18,14,12,7,19,11,2,0,163,0,1,0
en,nembe,9731,en,true,33,33,true,true,false,62,18,14,12,7,19,11,2,0,163,0,1,0
ne,nepali,1370,npi,true,0,0,false,false,false,0,0,0,0,0,0,11,2,197,99,0,0,0
te,nethakani,139167,te,true,0,0,false,false,false,0,0,0,0,0,0,11,2,197,180,0,0,0
en,new-zealand-sign-language,9194,en,true,1,1,false,false,false,1,0,0,0,0,1,11,2,0,196,0,0,0
en,newari,6093,en,true,33,33,true,true,false,62,18,14,12,7,19,11,2,0,163,0,1,0
en,ngada,144528,en,true,33,33,true,true,false,62,18,14,12,7,19,11,2,0,163,0,1,0
en,ngakarimojong,20736,en,true,37,37,true,true,false,67,18,15,14,10,21,11,2,0,159,0,1,0
en,ngambay,2303,en,true,33,33,true,true,false,62,18,14,12,7,19,11,2,0,163,0,1,0
en,ngamo,9410,en,true,33,33,true,true,false,62,18,14,12,7,19,11,2,0,163,0,1,0
en,ngas,22193,en,true,33,33,true,true,false,62,18,14,12,7,19,11,2,0,163,0,1,0
en,ngbaka,4327,en,true,33,33,true,true,false,62,18,14,12,7,19,11,2,0,163,0,1,0
en,ngbandi,15269,en,true,33,33,true,true,false,62,18,14,12,7,19,11,2,0,163,0,1,0
en,ngbandi-ngiri,26416,en,true,33,33,true,true,false,62,18,14,12,7,19,11,2,0,163,0,1,0
en,ngbugu,53433,en,true,37,37,true,true,false,67,18,15,14,10,21,11,2,0,159,0,1,0
en,nghlawa,184630,en,true,33,33,true,true,false,62,18,14,12,7,19,11,2,0,163,0,1,0
en,ngiemboon,2348,en,true,33,33,true,true,false,62,18,14,12,7,19,11,2,0,163,0,1,0
en,ngindo,14108,en,true,33,33,true,true,false,62,18,14,12,7,19,11,2,0,163,0,1,0
en,ngizim,9396,en,true,33,33,true,true,false,62,18,14,12,7,19,11,2,0,163,0,1,0
en,ngomba,2344,en,true,33,33,true,true,false,62,18,14,12,7,19,11,2,0,163,0,1,0
en,ngombale,2357,en,true,33,33,true,true,false,62,18,14,12,7,19,11,2,0,163,0,1,0
en,ngombe,20077,en,true,33,33,true,true,false,62,18,14,12,7,19,11,2,0,163,0,1,0
en,ngombe-north,184944,en,true,33,33,true,true,false,63,18,14,12,7,19,11,2,0,163,0,1,0
en,ngombe-south,184943,en,true,33,33,true,true,false,63,18,14,12,7,19,11,2,0,163,0,1,0
en,ngonde,184510,en,true,33,33,true,true,false,62,18,14,12,7,19,11,2,0,163,0,1,0
en,ngulu,14115,en,true,33,33,true,true,false,62,18,14,12,7,19,11,2,0,163,0,1,0
en,nguna,149957,en,true,33,33,true,true,false,63,18,14,12,7,19,11,2,0,163,0,1,0
en,ngungwel,143643,en,true,33,33,true,true,false,62,18,14,12,7,19,11,2,0,163,0,1,0
en,nias,20089,en,true,33,33,true,true,false,62,18,14,12,7,19,11,2,0,163,0,1,0
en,nigerian-pidgin-english,22176,en,true,37,37,true,true,false,67,18,15,14,10,21,11,2,0,159,0,1,0
en,nimadi,6029,en,true,37,37,true,true,false,70,19,15,13,9,22,11,2,0,159,0,1,0
en,ninzo,27269,en,true,33,33,true,true,false,62,18,14,12,7,19,11,2,0,163,0,1,0
en,nisu-northern,142610,en,true,33,33,true,true,false,63,18,14,12,7,19,11,2,0,163,0,1,0
en,nivacle,140010,en,true,33,33,true,true,false,62,18,14,12,7,19,11,2,0,163,0,1,0
en,njebi,4312,en,true,33,33,true,true,false,62,18,14,12,7,19,11,2,0,163,0,1,0
en,nkim-nkum,184584,en,true,33,33,true,true,false,64,18,14,12,7,19,11,2,0,163,0,1,0
en,nkoya,15739,en,true,33,33,true,true,false,64,18,14,12,7,19,11,2,0,163,0,1,0
en,nogai,18634,en,true,33,33,true,true,false,63,18,14,12,7,19,11,2,0,163,0,1,0
en,noiri,101184,en,true,33,33,true,true,false,62,18,14,12,7,19,11,2,0,163,0,1,0
en,nomane,144116,en,true,33,33,true,true,false,62,18,14,12,7,19,11,2,0,163,0,1,0
snf,noon,142878,snf,true,0,0,false,false,false,0,0,0,0,0,0,11,2,197,180,0,0,0
en,noone,2364,en,true,33,33,true,true,false,62,18,14,12,7,19,11,2,0,163,0,1,0
en,north-gumuz,184659,en,true,33,33,true,true,false,62,18,14,12,7,19,11,2,0,163,0,1,0
no,norwegian-bokmal,10393,no,true,0,0,false,false,false,0,0,0,0,0,0,11,2,197,165,0,0,0
en,nosu-shengzha,3732,en,true,33,33,true,true,false,62,18,14,12,7,19,11,2,0,163,0,1,0
en,nosu-tianba,22928,en,true,33,33,true,true,false,63,18,14,12,7,19,11,2,0,163,0,1,0
en,nosu-yinuo,22929,en,true,33,33,true,true,false,63,18,14,12,7,19,11,2,0,163,0,1,0
en,notsi,144763,en,true,33,33,true,true,false,62,18,14,12,7,19,11,2,0,163,0,1,0
en,nsenga,8464,en,true,33,33,true,true,false,62,18,14,12,7,19,11,2,0,163,0,1,0
en,nta,152629,en,true,33,33,true,true,false,62,18,14,12,7,19,11,2,0,163,0,1,0
en,ntcham,5171,en,true,57,57,true,true,true,121,23,24,20,12,37,11,2,0,139,0,1,0
en,nuer,4752,en,true,42,42,true,true,false,84,19,16,16,12,23,11,2,0,151,0,3,0
en,numanggang,11479,en,true,33,33,true,true,false,62,18,14,12,7,19,11,2,0,163,0,1,0
en,nung,7481,en,true,33,33,true,true,false,62,18,14,12,7,19,11,2,0,163,0,1,0
en,nuni-southern,2021,en,true,33,33,true,true,false,63,18,14,12,7,19,11,2,0,163,0,1,0
en,nupe,9384,en,true,37,37,true,true,false,67,18,15,14,10,21,11,2,0,159,0,1,0
en,nusa-penida,185193,en,true,33,33,true,true,false,62,18,14,12,7,19,11,2,0,163,0,1,0
en,nyala,100971,en,true,33,33,true,true,false,62,18,14,12,7,19,11,2,0,163,0,1,0
en,nyamboa,184629,en,true,33,33,true,true,false,62,18,14,12,7,19,11,2,0,163,0,1,0
en,nyamwezi,14089,en,true,33,33,true,true,false,62,18,14,12,7,19,11,2,0,163,0,1,0
en,nyaneka,588,en,true,33,33,true,true,false,62,18,14,12,7,19,11,2,0,163,0,1,0
en,nyanga,15224,en,true,33,33,true,true,false,62,18,14,12,7,19,11,2,0,163,0,1,0
en,nyangatom,144101,en,true,33,33,true,true,false,62,18,14,12,7,19,11,2,0,163,0,1,0
en,nyaturu,14248,en,true,33,33,true,true,false,62,18,14,12,7,19,11,2,0,163,0,1,0
en,nyiramba,24140,en,true,33,33,true,true,false,62,18,14,12,7,19,11,2,0,163,0,1,0
en,nyishi,22564,en,true,33,33,true,true,false,62,18,14,12,7,19,11,2,0,163,0,1,0
en,nyole,14731,en,true,33,33,true,true,false,62,18,14,12,7,19,11,2,0,163,0,1,0
en,nyungwe,8523,en,true,33,33,true,true,false,62,18,14,12,7,19,11,2,0,163,0,1,0
en,nzakara,3161,en,true,33,33,true,true,false,62,18,14,12,7,19,11,2,0,163,0,1,0
en,nzanyi,2363,en,true,33,33,true,true,false,62,18,14,12,7,19,11,2,0,163,0,1,0
en,nzema,5213,en,true,33,33,true,true,false,62,18,14,12,7,19,11,2,0,163,0,1,0
en,oadki,184811,en,true,53,53,true,true,true,116,23,23,18,9,35,11,2,0,143,0,1,0
en,obamba,185226,en,true,33,33,true,true,false,62,18,14,12,7,19,11,2,0,163,0,1,0
en,obe-nrung-ene,184632,en,true,33,33,true,true,false,64,18,14,12,7,19,11,2,0,163,0,1,0
en,obo-manobo,53403,en,true,33,33,true,true,false,62,18,14,12,7,19,11,2,0,163,0,1,0
en,obolo,10364,en,true,33,33,true,true,false,62,18,14,12,7,19,11,2,0,163,0,1,0
en,od-rajput,184537,en,true,33,33,true,true,false,62,18,14,12,7,19,11,2,0,163,0,1,0
en,odiya,184528,en,true,83,83,true,true,true,237,40,34,33,18,42,11,2,0,113,0,1,0
ms,ogan,17785,ms,true,0,0,false,false,false,0,0,0,0,0,0,11,2,197,180,0,0,0
en,ogea,12186,en,true,33,33,true,true,false,62,18,14,12,7,19,11,2,0,163,0,1,0
en,ogoni,21236,en,true,33,33,true,true,false,62,18,14,12,7,19,11,2,0,163,0,1,0
en,ojibwa-western,3001,en,true,33,33,true,true,false,62,18,14,12,7,19,11,2,0,163,0,1,0
en,okiek,7266,en,true,33,33,true,true,false,62,18,14,12,7,19,11,2,0,163,0,1,0
en,okinawan-central,7103,en,true,33,33,true,true,false,62,18,14,12,7,19,11,2,0,163,0,1,0
en,okpe,144693,en,true,33,33,true,true,false,62,18,14,12,7,19,11,2,0,163,0,1,0
en,okpella,181696,en,true,33,33,true,true,false,62,18,14,12,7,19,11,2,0,163,0,1,0
en,okrika,9346,en,true,33,33,true,true,false,62,18,14,12,7,19,11,2,0,163,0,1,0
en,oku,144701,en,true,33,33,true,true,false,62,18,14,12,7,19,11,2,0,163,0,1,0
en,olukwumi,142183,en,true,33,33,true,true,false,62,18,14,12,7,19,11,2,0,163,0,1,0
en,olulumo-ikom,141024,en,true,33,33,true,true,false,62,18,14,12,7,19,11,2,0,163,0,1,0
en,olunyole,144539,en,true,33,33,true,true,false,62,18,14,12,7,19,11,2,0,163,0,1,0
en,olutachoni,99504,en,true,33,33,true,true,false,62,18,14,12,7,19,11,2,0,163,0,1,0
en,omi,15220,en,true,33,33,true,true,false,62,18,14,12,7,19,11,2,0,163,0,1,0
en,omwunra-toqura,155279,en,true,33,33,true,true,false,63,18,14,12,7,19,11,2,0,163,0,1,0
bsc,oniyan,139945,bsc,true,0,0,false,false,false,0,0,0,0,0,0,11,2,197,180,0,0,0
en,ono,144792,en,true,33,33,true,true,false,63,18,14,12,7,19,11,2,0,163,0,1,0
en,orang-seletar,143459,en,true,33,33,true,true,false,62,18,14,12,7,19,11,2,0,163,0,1,0
en,oriya-adivasi,143460,en,true,33,33,true,true,false,62,18,14,12,7,19,11,2,0,163,0,1,0
en,oro-wari-2,171627,en,true,33,33,true,true,false,62,18,14,12,7,19,11,2,0,163,0,1,0
en,orokaiva,144702,en,true,33,33,true,true,false,63,18,14,12,7,19,11,2,0,163,0,1,0
en,oroko,97247,en,true,33,33,true,true,false,64,18,14,12,7,19,11,2,0,163,0,1,0
en,oromo-borana-arsi-guji,4700,en,true,33,33,true,true,false,62,18,14,12,7,19,11,2,0,163,0,1,0
en,oromo-eastern,140928,en,true,37,37,true,true,false,67,18,15,14,10,21,11,2,0,159,0,1,0
en,oromo-west-central,4695,en,true,59,59,true,true,true,136,23,24,20,12,39,11,2,0,137,0,1,0
os,osetin,5089,os,true,0,0,false,false,false,0,0,0,0,0,0,11,2,197,180,0,0,0
en,osing,16640,en,true,33,33,true,true,false,62,18,14,12,7,19,11,2,0,163,0,1,0
en,ososo,143465,en,true,33,33,true,true,false,62,18,14,12,7,19,11,2,0,163,0,1,0
en,ot-danum,143469,en,true,33,33,true,true,false,62,18,14,12,7,19,11,2,0,163,0,1,0
en,otetela,20965,en,true,33,33,true,true,false,62,18,14,12,7,19,11,2,0,163,0,1,0
en,otomi-eastern,8156,en,true,33,33,true,true,false,62,18,14,12,7,19,11,2,0,163,0,1,0
en,otomi-mezquital,8158,en,true,33,33,true,true,false,62,18,14,12,7,19,11,2,0,163,0,1,0
en,otomi-western,8154,en,true,33,33,true,true,false,62,18,14,12,7,19,11,2,0,163,0,1,0
en,otoro,143475,en,true,33,33,true,true,false,62,18,14,12,7,19,11,2,0,163,0,1,0
en,otuho-lotuko,53422,en,true,32,32,true,true,false,61,17,14,12,7,18,11,2,0,164,0,1,0
en,owa,143295,en,true,33,33,true,true,false,63,18,14,12,7,19,11,2,0,163,0,1,0
en,oyda,143568,en,true,33,33,true,true,false,62,18,14,12,7,19,11,2,0,163,0,1,0
en,paama,143851,en,true,33,33,true,true,false,63,18,14,12,7,19,11,2,0,163,0,1,0
en,padoe,143600,en,true,33,33,true,true,false,62,18,14,12,7,19,11,2,0,163,0,1,0
en,paez,4181,en,true,33,33,true,true,false,62,18,14,12,7,19,11,2,0,163,0,1,0
en,pagabete,143573,en,true,33,33,true,true,false,62,18,14,12,7,19,11,2,0,163,0,1,0
en,pagoe,20138,en,true,33,33,true,true,false,62,18,14,12,7,19,11,2,0,163,0,1,0
en,pak-pak-dairi,21637,en,true,33,33,true,true,false,62,18,14,12,7,19,11,2,0,163,0,1,0
en,palamua,184571,en,true,33,33,true,true,false,62,18,14,12,7,19,11,2,0,163,0,1,0
pau,palauan,10589,pau,true,0,0,false,false,false,0,0,0,0,0,0,11,2,197,168,0,0,0
en,palaung-pale,3957,en,true,33,33,true,true,false,62,18,14,12,7,19,11,2,0,163,0,1,0
en,palaung-rumai,3936,en,true,33,33,true,true,false,62,18,14,12,7,19,11,2,0,163,0,1,0
en,palembang,17774,en,true,33,33,true,true,false,62,18,14,12,7,19,11,2,0,163,0,1,0
en,palikur,143846,en,true,33,33,true,true,false,62,18,14,12,7,19,11,2,0,163,0,1,0
en,pame-central,8145,en,true,33,33,true,true,false,62,18,14,12,7,19,11,2,0,163,0,1,0
en,pamona,19521,en,true,33,33,true,true,false,62,18,14,12,7,19,11,2,0,163,0,1,0
en,panare,15088,en,true,33,33,true,true,false,62,18,14,12,7,19,11,2,0,163,0,1,0
en,panchpargania,23403,en,true,33,33,true,true,false,62,18,14,12,7,19,11,2,0,163,0,1,0
pag,pangasinan,12606,pag,true,0,0,false,false,false,0,0,0,0,0,0,11,2,197,180,0,0,0
en,pangwa,14084,en,true,33,33,true,true,false,62,18,14,12,7,19,11,2,0,163,0,1,0
en,pangwali,143668,en,true,33,33,true,true,false,63,18,14,12,7,19,11,2,0,163,0,1,0
en,paniya,5969,en,true,33,33,true,true,false,62,18,14,12,7,19,11,2,0,163,0,1,0
en,panjabi-western,5949,en,true,33,33,true,true,false,62,18,14,12,7,19,11,2,0,163,0,1,0
en,pao,21662,en,true,33,33,true,true,false,62,18,14,12,7,19,11,2,0,163,0,1,0
en,papel,5446,en,true,33,33,true,true,false,62,18,14,12,7,19,11,2,0,163,0,1,0
pap,papiamentu,9131,pap,true,0,0,false,false,false,0,0,0,0,0,0,11,2,197,168,0,0,0
en,parakana,184475,en,true,33,33,true,true,false,62,18,14,12,7,19,11,2,0,163,0,1,0
en,paranan,12518,en,true,33,33,true,true,false,62,18,14,12,7,19,11,2,0,163,0,1,0
en,pardhan,5968,en,true,33,33,true,true,false,63,18,14,12,7,19,11,2,0,163,0,1,0
en,pardhi,5960,en,true,33,33,true,true,false,64,18,14,12,7,19,11,2,0,163,0,1,0
en,parecis,1794,en,true,33,33,true,true,false,62,18,14,12,7,19,11,2,0,163,0,1,0
en,pasaale,5209,en,true,33,33,true,true,false,62,18,14,12,7,19,11,2,0,163,0,1,0
ms,pasemah,17773,ms-pse,true,0,0,false,false,false,0,0,0,0,0,0,11,2,197,180,0,0,0
en,pashto-eastern-afghan,184820,en,true,63,63,true,true,true,126,25,25,19,12,44,11,2,0,133,0,1,0
en,pashto-southern,10519,en,true,53,53,true,true,true,116,23,23,18,9,35,11,2,0,143,0,1,0
en,pashto-yusufzai,374,en,true,62,62,true,true,true,197,24,25,22,14,39,11,2,0,131,0,3,0
en,pattae,153568,en,true,33,33,true,true,false,62,18,14,12,7,19,11,2,0,163,0,1,0
en,pattapu,139166,en,true,33,33,true,true,false,62,18,14,12,7,19,11,2,0,163,0,1,0
en,penang-hokkien,184819,en,true,33,33,true,true,false,62,18,14,12,7,19,11,2,0,163,0,1,0
en,pengo,5956,en,true,33,33,true,true,false,62,18,14,12,7,19,11,2,0,163,0,1,0
en,persian-sign-language,144134,en,true,1,1,false,false,false,1,0,0,0,0,1,11,2,0,196,0,0,0
en,peve,2561,en,true,33,33,true,true,false,62,18,14,12,7,19,11,2,0,163,0,1,0
en,phende,15213,en,true,37,37,true,true,false,67,18,15,14,10,21,11,2,0,159,0,1,0
en,phom,176708,en,true,33,33,true,true,false,62,18,14,12,7,19,11,2,0,163,0,1,0
en,piapoco,143762,en,true,33,33,true,true,false,63,18,14,12,7,19,11,2,0,163,0,1,0
en,piaroa,4178,en,true,33,33,true,true,false,62,18,14,12,7,19,11,2,0,163,0,1,0
en,pidgin-cameroon,2261,en,true,46,46,true,true,true,89,19,17,18,15,25,11,2,0,147,0,3,0
en,pidgin-liberian,7586,en,true,57,57,true,true,true,123,23,24,20,12,37,11,2,0,139,0,1,0
en,pijin,13316,en,true,63,63,true,true,true,152,24,25,22,14,40,11,2,0,130,0,3,0
en,pimbwe,143768,en,true,33,33,true,true,false,62,18,14,12,7,19,11,2,0,163,0,1,0
en,pinyin,143962,en,true,33,33,true,true,false,64,18,14,12,7,19,11,2,0,163,0,1,0
en,pipero,51689,en,true,33,33,true,true,false,62,18,14,12,7,19,11,2,0,163,0,1,0
en,plang,114936,en,true,33,33,true,true,false,62,18,14,12,7,19,11,2,0,163,0,1,0
en,plautdietsch,1278,en,true,33,33,true,true,false,62,18,14,12,7,19,11,2,0,163,0,1,0
en,pnar,5973,en,true,33,33,true,true,false,62,18,14,12,7,19,11,2,0,163,0,1,0
en,pogoro,127283,en,true,33,33,true,true,false,62,18,14,12,7,19,11,2,0,163,0,1,0
en,pohnpeian,20880,en,true,42,42,true,true,false,84,19,16,16,12,23,11,2,0,151,0,3,0
en,poke,15210,en,true,33,33,true,true,false,62,18,14,12,7,19,11,2,0,163,0,1,0
en,pokomo-lower,7248,en,true,33,33,true,true,false,62,18,14,12,7,19,11,2,0,163,0,1,0
en,pokoot,7251,en,true,37,37,true,true,false,67,18,15,14,10,21,11,2,0,159,0,1,0
pl,polish,4451,pl,true,0,0,false,false,false,0,0,0,0,0,0,11,2,197,73,0,0,0
en,pomeranian-brazilian,184588,en,true,33,33,true,true,false,62,18,14,12,7,19,11,2,0,163,0,1,0
en,pontianak-hakka,162168,en,true,33,33,true,true,false,62,18,14,12,7,19,11,2,0,163,0,1,0
en,popoloca-san-felipe-otlaltepec,8130,en,true,33,33,true,true,false,62,18,14,12,7,19,11,2,0,163,0,1,0
en,popoloca-san-juan-atzingo,8134,en,true,33,33,true,true,false,62,18,14,12,7,19,11,2,0,163,0,1,0
en,popoloca-san-luis-temalacayuca,101096,en,true,33,33,true,true,false,62,18,14,12,7,19,11,2,0,163,0,1,0
en,popoluca-sierra,8133,en,true,33,33,true,true,false,62,18,14,12,7,19,11,2,0,163,0,1,0
pt,portuguese-brazil,584,pt,true,154,154,true,true,true,521,62,52,54,37,85,11,2,0,39,0,3,0
pt,portuguese-mozambique,139136,pt-MZ,true,14,14,true,false,false,28,1,3,6,9,7,11,2,0,180,0,2,0
pt,portuguese-portugal,21064,pt-PT,true,78,78,true,true,true,195,28,28,24,18,52,11,2,0,114,0,3,0
en,pougouli,173946,en,true,33,33,true,true,false,62,18,14,12,7,19,11,2,0,163,0,1,0
en,poumai-naga,184557,en,true,33,33,true,true,false,62,18,14,12,7,19,11,2,0,163,0,1,0
en,powari,101328,en,true,33,33,true,true,false,62,18,14,12,7,19,11,2,0,163,0,1,0
en,provencal,154958,en,true,33,33,true,true,false,62,18,14,12,7,19,11,2,0,163,0,1,0
en,puinave,144251,en,true,33,33,true,true,false,63,18,14,12,7,19,11,2,0,163,0,1,0
en,pulangiyen,154060,en,true,33,33,true,true,false,62,18,14,12,7,19,11,2,0,163,0,1,0
en,punan-tubu,144252,en,true,33,33,true,true,false,62,18,14,12,7,19,11,2,0,163,0,1,0
pa,punjabi,46771,pa,true,0,0,false,false,false,0,0,0,0,0,0,11,2,197,118,0,0,0
en,purepecha,8075,en,true,42,42,true,true,false,72,20,15,15,10,27,11,2,0,154,0,1,0
en,pyam,178026,en,true,33,33,true,true,false,62,18,14,12,7,19,11,2,0,163,0,1,0
en,qanjobal,141355,en,true,33,33,true,true,false,62,18,14,12,7,19,11,2,0,163,0,1,0
en,qashqai,184529,en,true,33,33,true,true,false,63,18,14,12,7,19,11,2,0,163,0,1,0
en,qena,156595,en,true,33,33,true,true,false,62,18,14,12,7,19,11,2,0,163,0,1,0
en,qiang-southern,27157,en,true,33,33,true,true,false,63,18,14,12,7,19,11,2,0,163,0,1,0
en,quechua-ambo-pasco,144393,en,true,33,33,true,true,false,64,18,14,12,7,19,11,2,0,163,0,1,0
en,quechua-ancash-conchucos-northern,12449,en,true,33,33,true,true,false,62,18,14,12,7,19,11,2,0,163,0,1,0
en,quechua-ancash-conchucos-southern,12445,en,true,33,33,true,true,false,62,18,14,12,7,19,11,2,0,163,0,1,0
en,quechua-ancash-huaylas,12461,en,true,33,33,true,true,false,62,18,14,12,7,19,11,2,0,163,0,1,0
en,quechua-ayacucho,12402,en,true,62,62,true,true,true,139,24,25,22,14,39,11,2,0,131,0,3,0
en,quechua-cuzco,12399,en,true,62,62,true,true,true,137,24,25,22,14,39,11,2,0,131,0,3,0
en,quechua-eastern-apurimac,27039,en,true,33,33,true,true,false,64,18,14,12,7,19,11,2,0,163,0,1,0
en,quechua-huanuco-huallaga,12422,en,true,33,33,true,true,false,62,18,14,12,7,19,11,2,0,163,0,1,0
en,quechua-huanuco-huamalies-northern-dos-de-mayo,12441,en,true,33,33,true,true,false,62,18,14,12,7,19,11,2,0,163,0,1,0
en,quechua-lambayeque,12421,en,true,33,33,true,true,false,62,18,14,12,7,19,11,2,0,163,0,1,0
en,quechua-margos-yarowilca-lauricocha,26302,en,true,33,33,true,true,false,62,18,14,12,7,19,11,2,0,163,0,1,0
en,quechua-north-bolivian,1428,en,true,33,33,true,true,false,62,18,14,12,7,19,11,2,0,163,0,1,0
en,quechua-north-junin,12428,en,true,33,33,true,true,false,62,18,14,12,7,19,11,2,0,163,0,1,0
en,quechua-panao-huanuco,144408,en,true,33,33,true,true,false,62,18,14,12,7,19,11,2,0,163,0,1,0
en,quechua-south-bolivian,633,en,true,63,63,true,true,true,152,24,25,22,14,40,11,2,0,130,0,3,0
en,quechua-southern-pastaza,144330,en,true,33,33,true,true,false,63,18,14,12,7,19,11,2,0,163,0,1,0
quc,quiche-central,5399,quc,true,0,0,false,false,false,0,0,0,0,0,0,11,2,197,168,0,0,0
quc,quiche-joyabaj,5398,quc,true,0,0,false,false,false,0,0,0,0,0,0,11,2,197,142,0,0,0
quc,quiche-west-central,5425,quc,true,0,0,false,false,false,0,0,0,0,0,0,11,2,197,180,0,0,0
en,quichua-canar-highland,144413,en,true,33,33,true,true,false,62,18,14,12,7,19,11,2,0,163,0,1,0
en,quichua-highland-chimborazo,4481,en,true,33,33,true,true,false,62,18,14,12,7,19,11,2,0,163,0,1,0
en,quichua-imbabura-highland,144395,en,true,33,33,true,true,false,62,18,14,12,7,19,11,2,0,163,0,1,0
en,quichua-pastaza,174473,en,true,33,33,true,true,false,62,18,14,12,7,19,11,2,0,163,0,1,0
en,quichua-salasaca-highland,144409,en,true,33,33,true,true,false,63,18,14,12,7,19,11,2,0,163,0,1,0
en,quichua-tena-lowland,144390,en,true,33,33,true,true,false,63,18,14,12,7,19,11,2,0,163,0,1,0
en,rabha,5934,en,true,33,33,true,true,false,62,18,14,12,7,19,11,2,0,163,0,1,0
en,rade,144481,en,true,33,33,true,true,false,62,18,14,12,7,19,11,2,0,163,0,1,0
en,rai-bantawa,24043,en,true,33,33,true,true,false,62,18,14,12,7,19,11,2,0,163,0,1,0
en,rajbangsi-india,23226,en,true,33,33,true,true,false,62,18,14,12,7,19,11,2,0,163,0,1,0
en,rajbanshi-nepal,23548,en,true,33,33,true,true,false,62,18,14,12,7,19,11,2,0,163,0,1,0
en,rakhine,101630,en,true,37,37,true,true,false,70,19,15,13,9,22,11,2,0,159,0,1,0
en,ralte,101511,en,true,0,0,false,false,false,0,0,0,0,0,0,11,2,0,197,0,0,0
en,rampi,19912,en,true,33,33,true,true,false,62,18,14,12,7,19,11,2,0,163,0,1,0
en,rana-tharu,8972,en,true,33,33,true,true,false,64,18,14,12,7,19,11,2,0,163,0,1,0
en,rangpuria-bangla,101632,en,true,33,33,true,true,false,62,18,14,12,7,19,11,2,0,163,0,1,0
en,rao,144489,en,true,33,33,true,true,false,63,18,14,12,7,19,11,2,0,163,0,1,0
en,rathawi,23313,en,true,33,33,true,true,false,62,18,14,12,7,19,11,2,0,163,0,1,0
en,ravula,142491,en,true,33,33,true,true,false,62,18,14,12,7,19,11,2,0,163,0,1,0
en,rawa,11329,en,true,33,33,true,true,false,63,18,14,12,7,19,11,2,0,163,0,1,0
en,rawang,5930,en,true,33,33,true,true,false,62,18,14,12,7,19,11,2,0,163,0,1,0
en,rejang,17769,en,true,33,33,true,true,false,62,18,14,12,7,19,11,2,0,163,0,1,0
en,rendille,7238,en,true,54,54,true,true,true,130,23,23,18,9,36,11,2,0,142,0,1,0
en,reshe,10048,en,true,33,33,true,true,false,62,18,14,12,7,19,11,2,0,163,0,1,0
en,reunion-creole-french,12923,en,true,33,33,true,true,false,62,18,14,12,7,19,11,2,0,163,0,1,0
pt,ribeirinho,185334,por,true,33,33,true,true,false,62,18,14,12,7,19,11,2,0,163,0,1,0
en,rigwe,44748,en,true,33,33,true,true,false,62,18,14,12,7,19,11,2,0,163,0,1,0
en,rikbaktsa,1869,en,true,33,33,true,true,false,62,18,14,12,7,19,11,2,0,163,0,1,0
en,rinconada-bikol,158787,en,true,33,33,true,true,false,62,18,14,12,7,19,11,2,0,163,0,1,0
en,roglai-northern,19317,en,true,33,33,true,true,false,62,18,14,12,7,19,11,2,0,163,0,1,0
en,rohingya,24263,en,true,33,33,true,true,false,63,18,14,12,7,19,11,2,0,163,0,1,0
en,romani-balkan,1953,en,true,34,34,true,true,false,88,18,14,12,7,20,11,2,0,162,0,1,0
en,romani-balkan-romania,184455,en,true,53,53,true,true,true,116,23,23,18,9,35,11,2,0,143,0,1,0
en,romani-caldarasi,22334,en,true,34,34,true,true,false,76,18,14,12,7,20,11,2,0,162,0,1,0
en,romani-carpathian,4450,en,true,33,33,true,true,false,62,18,14,12,7,19,11,2,0,163,0,1,0
en,romani-kalderash-western,21027,en,true,33,33,true,true,false,62,18,14,12,7,19,11,2,0,163,0,1,0
en,romani-sinte,1113,en,true,33,33,true,true,false,62,18,14,12,7,19,11,2,0,163,0,1,0
ro,romanian,5546,ro,true,0,0,false,false,false,0,0,0,0,0,0,11,2,197,76,0,0,0
en,romanian-sign-language,12961,en,true,1,1,false,false,false,1,0,0,0,0,1,11,2,0,196,0,0,0
en,romblomanon,12602,en,true,33,33,true,true,false,62,18,14,12,7,19,11,2,0,163,0,1,0
en,ronga,8520,en,true,33,33,true,true,false,62,18,14,12,7,19,11,2,0,163,0,1,0
en,roviana,143435,en,true,33,33,true,true,false,63,18,14,12,7,19,11,2,0,163,0,1,0
rw,rufumbira,106188,rw,true,0,0,false,false,false,0,0,0,0,0,0,11,2,197,180,0,0,0
en,rukuba,46969,en,true,33,33,true,true,false,62,18,14,12,7,19,11,2,0,163,0,1,0
en,rumu,11956,en,true,33,33,true,true,false,62,18,14,12,7,19,11,2,0,163,0,1,0
en,runyankole,20859,en,true,37,37,true,true,false,67,18,15,14,10,21,11,2,0,159,0,1,0
en,runyoro,20861,en,true,37,37,true,true,false,67,18,15,14,10,21,11,2,0,159,0,1,0
en,ruruuli-runyala,139185,en,true,33,33,true,true,false,62,18,14,12,7,19,11,2,0,163,0,1,0
ru,russian,3934,ru,true,151,151,true,true,true,515,60,56,55,36,77,11,2,0,41,0,3,0
en,russian-sign-language,1944,en,true,1,1,false,false,false,1,0,0,0,0,1,11,2,0,196,0,0,0
en,ruund,583,en,true,33,33,true,true,false,62,18,14,12,7,19,11,2,0,163,0,1,0
en,ruwila,185129,en,true,33,33,true,true,false,62,18,14,12,7,19,11,2,0,163,0,1,0
en,saa,97071,en,true,33,33,true,true,false,63,18,14,12,7,19,11,2,0,163,0,1,0
sav,saafi-saafi,143610,sav,true,0,0,false,false,false,0,0,0,0,0,0,11,2,197,180,0,0,0
en,sabaot,7227,en,true,33,33,true,true,false,62,18,14,12,7,19,11,2,0,163,0,1,0
en,sabu,17346,en,true,33,33,true,true,false,62,18,14,12,7,19,11,2,0,163,0,1,0
en,sadani,20902,en,true,33,33,true,true,false,62,18,14,12,7,19,11,2,0,163,0,1,0
en,sadri-oraon,23797,en,true,33,33,true,true,false,62,18,14,12,7,19,11,2,0,163,0,1,0
en,safwa,14236,en,true,33,33,true,true,false,62,18,14,12,7,19,11,2,0,163,0,1,0
en,saho-eritrea,184521,en,true,33,33,true,true,false,63,18,14,12,7,19,11,2,0,163,0,1,0
en,sahu,17040,en,true,33,33,true,true,false,62,18,14,12,7,19,11,2,0,163,0,1,0
en,sakalava-analalava,24120,en,true,33,33,true,true,false,64,18,14,12,7,19,11,2,0,163,0,1,0
en,sakalava-besalampy,24121,en,true,33,33,true,true,false,64,18,14,12,7,19,11,2,0,163,0,1,0
en,sakata,20196,en,true,33,33,true,true,false,62,18,14,12,7,19,11,2,0,163,0,1,0
en,salar,3924,en,true,0,0,false,false,false,1,0,0,0,0,0,11,2,0,197,0,0,0
en,saluan,144834,en,true,33,33,true,true,false,62,18,14,12,7,19,11,2,0,163,0,1,0
en,sama-bangingi,24235,en,true,33,33,true,true,false,62,18,14,12,7,19,11,2,0,163,0,1,0
en,sama-central,12588,en,true,33,33,true,true,false,64,18,14,12,7,19,11,2,0,163,0,1,0
en,sama-mum,184509,en,true,33,33,true,true,false,62,18,14,12,7,19,11,2,0,163,0,1,0
en,sama-southern,12595,en,true,53,53,true,true,true,116,23,23,18,9,35,11,2,0,143,0,1,0
tg,samarkand-tajik,24156,tg,true,0,0,false,false,false,0,0,0,0,0,0,11,2,197,142,0,0,0
en,sambal,20905,en,true,33,33,true,true,false,64,18,14,12,7,19,11,2,0,163,0,1,0
en,sambalpuri,138284,en,true,54,54,true,true,true,142,23,23,18,9,36,11,2,0,142,0,1,0
en,samburu,7237,en,true,37,37,true,true,false,67,18,15,14,10,21,11,2,0,159,0,1,0
en,samia,7235,en,true,33,33,true,true,false,62,18,14,12,7,19,11,2,0,163,0,1,0
en,samo,2018,en,true,33,33,true,true,false,62,18,14,12,7,19,11,2,0,163,0,1,0
sm,samoan,530,sm,true,0,0,false,false,false,0,0,0,0,0,0,11,2,197,168,0,0,0
en,san-andres-islander-creole,184519,en,true,33,33,true,true,false,62,18,14,12,7,19,11,2,0,163,0,1,0
en,san-chi,143419,en,true,33,33,true,true,false,62,18,14,12,7,19,11,2,0,163,0,1,0
en,sanga,142134,en,true,33,33,true,true,false,62,18,14,12,7,19,11,2,0,163,0,1,0
en,sanggau,143690,en,true,33,33,true,true,false,62,18,14,12,7,19,11,2,0,163,0,1,0
en,sangihe,20908,en,true,33,33,true,true,false,62,18,14,12,7,19,11,2,0,163,0,1,0
en,sangil,12585,en,true,33,33,true,true,false,62,18,14,12,7,19,11,2,0,163,0,1,0
sg,sango,3156,sg,true,0,0,false,false,false,0,0,0,0,0,0,11,2,197,164,0,0,0
en,sangu,20199,en,true,33,33,true,true,false,62,18,14,12,7,19,11,2,0,163,0,1,0
en,sani-3,142869,en,true,33,33,true,true,false,62,18,14,12,7,19,11,2,0,163,0,1,0
en,sansi,10545,en,true,33,33,true,true,false,62,18,14,12,7,19,11,2,0,163,0,1,0
sat,santali-india,24249,sat,true,0,0,false,false,false,0,0,0,0,0,0,11,2,197,170,0,0,0
sat,santhali-nepal,184924,sat,true,0,0,false,false,false,0,0,0,0,0,0,11,2,197,180,0,0,0
en,sanuma,1720,en,true,33,33,true,true,false,62,18,14,12,7,19,11,2,0,163,0,1,0
en,sapo,141597,en,true,33,33,true,true,false,62,18,14,12,7,19,11,2,0,163,0,1,0
en,saptari,184902,en,true,33,33,true,true,false,64,18,14,12,7,19,11,2,0,163,0,1,0
en,sara,22640,en,true,33,33,true,true,false,62,18,14,12,7,19,11,2,0,163,0,1,0
en,saraiki,5907,en,true,33,33,true,true,false,62,18,14,12,7,19,11,2,0,163,0,1,0
en,saraiki-megwhal,185257,en,true,53,53,true,true,true,115,23,23,18,9,35,11,2,0,143,0,1,0
en,saramaccan,18715,en,true,33,33,true,true,false,62,18,14,12,7,19,11,2,0,163,0,1,0
en,sardinian-logudorese,6975,en,true,53,53,true,true,true,116,23,23,18,9,35,11,2,0,143,0,1,0
en,sarlahi-tharu,151150,en,true,33,33,true,true,false,62,18,14,12,7,19,11,2,0,163,0,1,0
en,sasak,17249,en,true,33,33,true,true,false,62,18,14,12,7,19,11,2,0,163,0,1,0
en,satere-mawe,184849,en,true,33,33,true,true,false,62,18,14,12,7,19,11,2,0,163,0,1,0
en,saurashtra,5920,en,true,53,53,true,true,true,116,23,23,18,9,35,11,2,0,143,0,1,0
en,sauria-paharia,6222,en,true,33,33,true,true,false,62,18,14,12,7,19,11,2,0,163,0,1,0
en,saya,10040,en,true,33,33,true,true,false,62,18,14,12,7,19,11,2,0,163,0,1,0
en,sedoa,100107,en,true,33,33,true,true,false,62,18,14,12,7,19,11,2,0,163,0,1,0
en,sehwi,5210,en,true,33,33,true,true,false,64,18,14,12,7,19,11,2,0,163,0,1,0
en,seko-padang,142642,en,true,33,33,true,true,false,62,18,14,12,7,19,11,2,0,163,0,1,0
en,selaru,142753,en,true,33,33,true,true,false,62,18,14,12,7,19,11,2,0,163,0,1,0
en,selayar,17556,en,true,33,33,true,true,false,62,18,14,12,7,19,11,2,0,163,0,1,0
en,semelai,141912,en,true,33,33,true,true,false,62,18,14,12,7,19,11,2,0,163,0,1,0
en,sena,8513,en,true,33,33,true,true,false,62,18,14,12,7,19,11,2,0,163,0,1,0
en,sena-malawi,7788,en,true,33,33,true,true,false,64,18,14,12,7,19,11,2,0,163,0,1,0
en,sengele,15471,en,true,33,33,true,true,false,62,18,14,12,7,19,11,2,0,163,0,1,0
en,sengwer,185249,en,true,33,33,true,true,false,62,18,14,12,7,19,11,2,0,163,0,1,0
en,senoufo-cebaara,15990,en,true,33,33,true,true,false,62,18,14,12,7,19,11,2,0,163,0,1,0
en,senoufo-djimini,16084,en,true,33,33,true,true,false,62,18,14,12,7,19,11,2,0,163,0,1,0
en,senoufo-nyarafolo,102234,en,true,33,33,true,true,false,62,18,14,12,7,19,11,2,0,163,0,1,0
en,senoufo-supyire,7811,en,true,33,33,true,true,false,63,18,14,12,7,19,11,2,0,163,0,1,0
en,senoufo-tagbana,53417,en,true,33,33,true,true,false,62,18,14,12,7,19,11,2,0,163,0,1,0
ms,serawai,17760,ms,true,0,0,false,false,false,0,0,0,0,0,0,11,2,197,180,0,0,0
sr,serbian,5541,sr,true,0,0,false,false,false,0,0,0,0,0,0,11,2,197,97,0,0,0
srr,serere-sine,5058,srr,true,0,0,false,false,false,0,0,0,0,0,0,11,2,197,180,0,0,0
en,seselwa-creole,13079,en,true,42,42,true,true,false,84,19,16,16,12,23,11,2,0,151,0,3,0
en,shambala,14154,en,true,33,33,true,true,false,62,18,14,12,7,19,11,2,0,163,0,1,0
en,shan,8684,en,true,38,38,true,true,false,71,19,15,13,10,23,11,2,0,158,0,1,0
en,shanghainese,20623,en,true,33,33,true,true,false,64,18,14,12,7,19,11,2,0,163,0,1,0
en,shanjo,151817,en,true,33,33,true,true,false,64,18,14,12,7,19,11,2,0,163,0,1,0
en,sharchogpa,23047,en,true,42,42,true,true,false,86,19,16,16,12,23,11,2,0,151,0,3,0
en,shawi-chayahuita,159000,en,true,53,53,true,true,true,116,23,23,18,9,35,11,2,0,143,0,1,0
en,shekhawati,24416,en,true,53,53,true,true,true,116,23,23,18,9,35,11,2,0,143,0,1,0
en,shekkacho,143877,en,true,33,33,true,true,false,62,18,14,12,7,19,11,2,0,163,0,1,0
en,sheko,142418,en,true,33,33,true,true,false,62,18,14,12,7,19,11,2,0,163,0,1,0
en,sherbro,13084,en,true,33,33,true,true,false,62,18,14,12,7,19,11,2,0,163,0,1,0
en,sherpa,3929,en,true,33,33,true,true,false,62,18,14,12,7,19,11,2,0,163,0,1,0
en,shilluk,13848,en,true,33,33,true,true,false,62,18,14,12,7,19,11,2,0,163,0,1,0
en,shimaore,7752,en,true,42,42,true,true,false,84,19,16,16,12,23,11,2,0,151,0,3,0
en,shina,5918,en,true,33,33,true,true,false,62,18,14,12,7,19,11,2,0,163,0,1,0
en,shina-kohistani,10500,en,true,33,33,true,true,false,62,18,14,12,7,19,11,2,0,163,0,1,0
en,shipibo-conibo,12392,en,true,33,33,true,true,false,62,18,14,12,7,19,11,2,0,163,0,1,0
sn,shona,8506,sn,true,0,0,false,false,false,0,0,0,0,0,0,11,2,197,125,0,0,0
en,shuar,4499,en,true,42,42,true,true,false,84,19,16,16,12,23,11,2,0,151,0,3,0
en,shughni,20208,en,true,37,37,true,true,false,68,18,15,12,9,23,11,2,0,159,0,1,0
en,shui,22094,en,true,33,33,true,true,false,62,18,14,12,7,19,11,2,0,163,0,1,0
en,siang,20248,en,true,33,33,true,true,false,62,18,14,12,7,19,11,2,0,163,0,1,0
en,siar-lak,142536,en,true,33,33,true,true,false,62,18,14,12,7,19,11,2,0,163,0,1,0
en,sidaama,131700,en,true,54,54,true,true,true,117,23,23,18,10,36,11,2,0,142,0,1,0
en,sidamo,4644,en,true,1,1,false,false,false,1,0,0,0,1,1,11,2,0,196,0,0,0
en,siddi,185207,en,true,33,33,true,true,false,62,18,14,12,7,19,11,2,0,163,0,1,0
en,sihanaka-2,153384,en,true,33,33,true,true,false,62,18,14,12,7,19,11,2,0,163,0,1,0
en,sika,142631,en,true,33,33,true,true,false,62,18,14,12,7,19,11,2,0,163,0,1,0
en,sikkiligar,142647,en,true,33,33,true,true,false,62,18,14,12,7,19,11,2,0,163,0,1,0
en,silte,143300,en,true,33,33,true,true,false,62,18,14,12,7,19,11,2,0,163,0,1,0
en,sinasina,11259,en,true,33,33,true,true,false,62,18,14,12,7,19,11,2,0,163,0,1,0
en,sinaugoro,11303,en,true,33,33,true,true,false,63,18,14,12,7,19,11,2,0,163,0,1,0
sd,sindhi,389,sd,true,0,0,false,false,false,0,0,0,0,0,0,11,2,197,141,0,0,0
en,sindhi-bhil,10488,en,true,53,53,true,true,true,115,23,23,18,9,35,11,2,0,143,0,1,0
en,sindhi-sansi,185328,en,true,53,53,true,true,true,115,23,23,18,9,35,11,2,0,143,0,1,0
si,sinhala,13172,si,true,0,0,false,false,false,0,0,0,0,0,0,11,2,197,126,0,0,0
en,sirmauri,26359,en,true,33,33,true,true,false,62,18,14,12,7,19,11,2,0,163,0,1,0
en,sisaala-tumulung,5206,en,true,37,37,true,true,false,67,18,15,14,10,21,11,2,0,159,0,1,0
en,sissala,142646,en,true,33,33,true,true,false,63,18,14,12,7,19,11,2,0,163,0,1,0
ss,siswati,20947,ss,true,0,0,false,false,false,0,0,0,0,0,0,11,2,197,154,0,0,0
en,slavey,20223,en,true,33,33,true,true,false,62,18,14,12,7,19,11,2,0,163,0,1,0
sk,slovak,5545,sk,true,0,0,false,false,false,0,0,0,0,0,0,11,2,197,90,0,0,0
sl,slovenian,1112,sl,true,0,0,false,false,false,0,0,0,0,0,0,11,2,197,157,0,0,0
en,soli,15796,en,true,33,33,true,true,false,64,18,14,12,7,19,11,2,0,163,0,1,0
so,somali,4466,so,true,0,0,false,false,false,0,0,0,0,0,0,11,2,197,124,0,0,0
en,somba-siawari,139791,en,true,33,33,true,true,false,62,18,14,12,7,19,11,2,0,163,0,1,0
en,songai-timbuktu,24012,en,true,33,33,true,true,false,62,18,14,12,7,19,11,2,0,163,0,1,0
en,songe,15480,en,true,33,33,true,true,false,62,18,14,12,7,19,11,2,0,163,0,1,0
en,songhay-gao,53370,en,true,46,46,true,true,true,94,20,17,17,14,26,11,2,0,147,0,3,0
en,soninke,2005,en,true,33,33,true,true,false,64,18,14,12,7,19,11,2,0,163,0,1,0
en,sora,5879,en,true,33,33,true,true,false,62,18,14,12,7,19,11,2,0,163,0,1,0
nso,sotho-northern,13465,nso,true,0,0,false,false,false,0,0,0,0,0,0,11,2,197,158,0,0,0
st,sotho-southern,7546,st,true,0,0,false,false,false,0,0,0,0,0,0,11,2,197,153,0,0,0
en,sougb,143861,en,true,33,33,true,true,false,62,18,14,12,7,19,11,2,0,163,0,1,0
en,south-gumuz,184660,en,true,33,33,true,true,false,62,18,14,12,7,19,11,2,0,163,0,1,0
en,southern-gondi-adilabad,180517,en,true,33,33,true,true,false,62,18,14,12,7,19,11,2,0,163,0,1,0
en,southern-nisu,24433,en,true,33,33,true,true,false,62,18,14,12,7,19,11,2,0,163,0,1,0
es,spanish-castilian,21046,es-ES,true,74,74,true,true,true,201,28,28,27,15,47,11,2,31,114,0,3,0
es,spanish-latin-american,21028,es-419,true,137,137,true,true,true,509,58,49,49,33,69,11,2,30,34,0,3,0
en,sranan-tongo,21231,en,true,63,63,true,true,true,154,24,25,22,14,40,11,2,0,130,0,3,0
en,suau,143387,en,true,33,33,true,true,false,63,18,14,12,7,19,11,2,0,163,0,1,0
en,suba,7222,en,true,53,53,true,true,true,116,23,23,18,9,35,11,2,0,143,0,1,0
en,suba-simbiti,101456,en,true,33,33,true,true,false,62,18,14,12,7,19,11,2,0,163,0,1,0
en,subanen-eastern,142332,en,true,33,33,true,true,false,64,18,14,12,7,19,11,2,0,163,0,1,0
en,subanen-northern,12572,en,true,53,53,true,true,true,116,23,23,18,9,35,11,2,0,143,0,1,0
en,subanon-western,12568,en,true,33,33,true,true,false,62,18,14,12,7,19,11,2,0,163,0,1,0
en,suena,143302,en,true,33,33,true,true,false,63,18,14,12,7,19,11,2,0,163,0,1,0
en,suku,15476,en,true,30,30,true,true,false,55,17,12,12,7,16,11,2,0,166,0,1,0
en,sukuma,14226,en,true,57,57,true,true,true,121,23,24,20,12,37,11,2,0,139,0,1,0
en,sukur,10022,en,true,33,33,true,true,false,64,18,14,12,7,19,11,2,0,163,0,1,0
en,sula,17035,en,true,33,33,true,true,false,62,18,14,12,7,19,11,2,0,163,0,1,0
en,sumbawa,17226,en,true,33,33,true,true,false,62,18,14,12,7,19,11,2,0,163,0,1,0
en,sunda,16618,en,true,33,33,true,true,false,62,18,14,12,7,19,11,2,0,163,0,1,0
en,sunda-alus,185190,en,true,33,33,true,true,false,62,18,14,12,7,19,11,2,0,163,0,1,0
en,sundanese-banten,185191,en,true,33,33,true,true,false,62,18,14,12,7,19,11,2,0,163,0,1,0
en,sunuwar,24068,en,true,33,33,true,true,false,62,18,14,12,7,19,11,2,0,163,0,1,0
en,suodi,22863,en,true,33,33,true,true,false,64,18,14,12,7,19,11,2,0,163,0,1,0
en,surgujia,142339,en,true,33,33,true,true,false,62,18,14,12,7,19,11,2,0,163,0,1,0
en,suri-tirmaga-chai,4739,en,true,33,33,true,true,false,62,18,14,12,7,19,11,2,0,163,0,1,0
en,surjapuri,23316,en,true,33,33,true,true,false,62,18,14,12,7,19,11,2,0,163,0,1,0
en,surui,143124,en,true,33,33,true,true,false,62,18,14,12,7,19,11,2,0,163,0,1,0
en,suryoyo,24145,en,true,33,33,true,true,false,62,18,14,12,7,19,11,2,0,163,0,1,0
en,susu,5470,en,true,46,46,true,true,true,92,20,17,17,14,26,11,2,0,147,0,3,0
sw,swahili-congo,23388,sw-swc,true,0,0,false,false,false,0,0,0,0,0,0,11,2,197,138,0,0,0
sw,swahili-kenya,23179,sw-swh-KE,true,0,0,false,false,false,0,0,0,0,0,0,11,2,197,176,0,0,0
sw,swahili-tanzania,23178,sw,true,0,0,false,false,false,0,0,0,0,0,0,11,2,197,93,0,0,0
sv,swedish,4823,sv,true,0,0,false,false,false,0,0,0,0,0,0,11,2,197,97,0,0,0
en,sylheti,144882,en,true,33,33,true,true,false,63,18,14,12,7,19,11,2,0,163,0,1,0
en,sylhetti,1236,en,true,33,33,true,true,false,64,18,14,12,7,19,11,2,0,163,0,1,0
en,syriac,53438,en,true,53,53,true,true,true,116,23,23,18,9,35,11,2,0,143,0,1,0
en,taa,153397,en,true,33,33,true,true,false,62,18,14,12,7,19,11,2,0,163,0,1,0
en,tabaru,17028,en,true,33,33,true,true,false,62,18,14,12,7,19,11,2,0,163,0,1,0
en,tabassaran,18617,en,true,33,33,true,true,false,62,18,14,12,7,19,11,2,0,163,0,1,0
en,tacawit,139091,en,true,62,62,true,true,true,138,24,25,22,14,39,11,2,0,131,0,3,0
en,tachelhit,507,en,true,64,64,true,true,true,193,24,25,22,14,41,11,2,0,129,0,3,0
en,tado,164090,en,true,33,33,true,true,false,62,18,14,12,7,19,11,2,0,163,0,1,0
fil,tagalog,12551,fil,true,117,117,true,true,true,321,46,43,45,29,64,11,2,1,76,0,2,0
en,tagbanwa-calamian,142016,en,true,33,33,true,true,false,62,18,14,12,7,19,11,2,0,163,0,1,0
ty,tahitian,4950,ty,true,0,0,false,false,false,0,0,0,0,0,0,11,2,197,168,0,0,0
en,tai-dam,7516,en,true,33,33,true,true,false,62,18,14,12,7,19,11,2,0,163,0,1,0
en,tai-don,7428,en,true,33,33,true,true,false,62,18,14,12,7,19,11,2,0,163,0,1,0
en,tai-lue,20789,en,true,33,33,true,true,false,62,18,14,12,7,19,11,2,0,163,0,1,0
en,tai-nua,3910,en,true,33,33,true,true,false,63,18,14,12,7,19,11,2,0,163,0,1,0
en,tairora,150415,en,true,33,33,true,true,false,62,18,14,12,7,19,11,2,0,163,0,1,0
en,taita,7334,en,true,33,33,true,true,false,62,18,14,12,7,19,11,2,0,163,0,1,0
tg,tajik,24309,tg,true,0,0,false,false,false,0,0,0,0,0,0,11,2,197,118,0,0,0
en,tajpuriya,185078,en,true,33,33,true,true,false,62,18,14,12,7,19,11,2,0,163,0,1,0
en,takia,142010,en,true,33,33,true,true,false,63,18,14,12,7,19,11,2,0,163,0,1,0
en,takuu-nakumanu,53392,en,true,33,33,true,true,false,62,18,14,12,7,19,11,2,0,163,0,1,0
en,takwane,26862,en,true,33,33,true,true,false,62,18,14,12,7,19,11,2,0,163,0,1,0
en,tal,100301,en,true,33,33,true,true,false,62,18,14,12,7,19,11,2,0,163,0,1,0
en,talaandig-manobo,185337,en,true,33,33,true,true,false,62,18,14,12,7,19,11,2,0,163,0,1,0
en,talaud,17547,en,true,33,33,true,true,false,62,18,14,12,7,19,11,2,0,163,0,1,0
en,tali-2,181020,en,true,33,33,true,true,false,62,18,14,12,7,19,11,2,0,163,0,1,0
en,talysh,1124,en,true,53,53,true,true,true,119,23,23,18,9,35,11,2,0,143,0,1,0
en,tamajeq-tahoua,7807,en,true,33,33,true,true,false,62,18,14,12,7,19,11,2,0,163,0,1,0
en,tamang-eastern,5872,en,true,33,33,true,true,false,62,18,14,12,7,19,11,2,0,163,0,1,0
en,tamang-western,8989,en,true,33,33,true,true,false,62,18,14,12,7,19,11,2,0,163,0,1,0
en,tamasheq-kidal,2000,en,true,42,42,true,true,false,84,19,16,16,12,23,11,2,0,151,0,3,0
tzm,tamazight-central-atlas,512,tzm,true,0,0,false,false,false,0,0,0,0,0,0,11,2,197,141,0,0,0
en,tambee,154906,en,true,33,33,true,true,false,62,18,14,12,7,19,11,2,0,163,0,1,0
ta,tamil,5871,ta,true,0,0,false,false,false,0,0,0,0,0,0,11,2,197,76,0,0,0
en,tampulma,5291,en,true,33,33,true,true,false,62,18,14,12,7,19,11,2,0,163,0,1,0
en,tangale,10014,en,true,33,33,true,true,false,62,18,14,12,7,19,11,2,0,163,0,1,0
en,tangoa,142360,en,true,33,33,true,true,false,62,18,14,12,7,19,11,2,0,163,0,1,0
en,tangsa-kimsing,184546,en,true,33,33,true,true,false,64,18,14,12,7,19,11,2,0,163,0,1,0
en,tangshang-shecyu-cyamcyang,6007,en,true,33,33,true,true,false,64,18,14,12,7,19,11,2,0,163,0,1,0
en,tanjijili,142172,en,true,33,33,true,true,false,62,18,14,12,7,19,11,2,0,163,0,1,0
en,tanna-north,14970,en,true,33,33,true,true,false,62,18,14,12,7,19,11,2,0,163,0,1,0
en,tanna-southwest,15013,en,true,33,33,true,true,false,62,18,14,12,7,19,11,2,0,163,0,1,0
en,tarahumara-baja,8109,en,true,33,33,true,true,false,62,18,14,12,7,19,11,2,0,163,0,1,0
en,tarahumara-central,8108,en,true,33,33,true,true,false,62,18,14,12,7,19,11,2,0,163,0,1,0
en,tarifit,101621,en,true,54,54,true,true,true,119,23,23,18,9,36,11,2,0,142,0,1,0
en,tarifit-arabic-based-script,184497,en,true,1,1,false,false,false,1,0,0,1,0,1,11,2,0,196,0,0,0
en,tarifit-latin-based-script,184498,en,true,1,1,false,false,false,1,0,0,1,0,1,11,2,0,196,0,0,0
en,tarok,9930,en,true,33,33,true,true,false,62,18,14,12,7,19,11,2,0,163,0,1,0
en,tasahlit,139137,en,true,53,53,true,true,true,116,23,23,18,9,35,11,2,0,143,0,1,0
en,tat-azeri,143311,en,true,33,33,true,true,false,62,18,14,12,7,19,11,2,0,163,0,1,0
en,tat-juhuri,1126,en,true,33,33,true,true,false,62,18,14,12,7,19,11,2,0,163,0,1,0
tt,tatar,411,tt,true,0,0,false,false,false,0,0,0,0,0,0,11,2,197,142,0,0,0
tsg,tausug,12535,tsg,true,0,0,false,false,false,0,0,0,0,0,0,11,2,197,154,0,0,0
en,taveta,141934,en,true,33,33,true,true,false,64,18,14,12,7,19,11,2,0,163,0,1,0
en,tawala,142078,en,true,33,33,true,true,false,63,18,14,12,7,19,11,2,0,163,0,1,0
en,tawbuid-eastern,139803,en,true,33,33,true,true,false,62,18,14,12,7,19,11,2,0,163,0,1,0
en,tboli,12557,en,true,33,33,true,true,false,62,18,14,12,7,19,11,2,0,163,0,1,0
en,tchien-krahn,22194,en,true,33,33,true,true,false,62,18,14,12,7,19,11,2,0,163,0,1,0
en,tchumbuli,139904,en,true,33,33,true,true,false,62,18,14,12,7,19,11,2,0,163,0,1,0
en,tehit,141560,en,true,33,33,true,true,false,62,18,14,12,7,19,11,2,0,163,0,1,0
en,tehl,184512,en,true,33,33,true,true,false,62,18,14,12,7,19,11,2,0,163,0,1,0
en,teke-central,4309,en,true,33,33,true,true,false,62,18,14,12,7,19,11,2,0,163,0,1,0
en,teke-eboo,140487,en,true,33,33,true,true,false,62,18,14,12,7,19,11,2,0,163,0,1,0
en,teke-tege,26378,en,true,33,33,true,true,false,62,18,14,12,7,19,11,2,0,163,0,1,0
te,telugu,5848,te,true,0,0,false,false,false,0,0,0,0,0,0,11,2,197,106,0,0,0
en,tem,1335,en,true,57,57,true,true,true,121,23,24,20,12,37,11,2,0,139,0,1,0
en,tembarissa,149770,en,true,33,33,true,true,false,62,18,14,12,7,19,11,2,0,163,0,1,0
en,temi,143000,en,true,33,33,true,true,false,62,18,14,12,7,19,11,2,0,163,0,1,0
en,tengger,16628,en,true,33,33,true,true,false,62,18,14,12,7,19,11,2,0,163,0,1,0
en,tennet,100574,en,true,33,33,true,true,false,62,18,14,12,7,19,11,2,0,163,0,1,0
en,teochew,23075,en,true,33,33,true,true,false,62,18,14,12,7,19,11,2,0,163,0,1,0
en,tepehuan-northern,144370,en,true,33,33,true,true,false,63,18,14,12,7,19,11,2,0,163,0,1,0
en,tera,10007,en,true,33,33,true,true,false,62,18,14,12,7,19,11,2,0,163,0,1,0
en,ternate,17110,en,true,33,33,true,true,false,62,18,14,12,7,19,11,2,0,163,0,1,0
en,teso-kenyan,20964,en,true,33,33,true,true,false,62,18,14,12,7,19,11,2,0,163,0,1,0
tet,tetun-belu,53297,tet,true,0,0,false,false,false,0,0,0,0,0,0,11,2,197,168,0,0,0
en,tetun-dili,17224,en,true,33,33,true,true,false,62,18,14,12,7,19,11,2,0,163,0,1,0
th,thai,13169,th,true,133,133,true,true,true,363,51,48,48,33,76,11,2,0,61,0,2,0
th,thai-northern,21118,th-nod,true,59,59,true,true,true,128,24,25,19,12,40,11,2,0,138,0,0,0
th,thai-southern,20969,th-sou,true,35,35,true,true,false,64,18,15,12,8,21,11,2,0,162,0,0,0
en,thami,8982,en,true,33,33,true,true,false,62,18,14,12,7,19,11,2,0,163,0,1,0
en,tharaka,20269,en,true,33,33,true,true,false,62,18,14,12,7,19,11,2,0,163,0,1,0
en,tharu-dangaura,23714,en,true,33,33,true,true,false,64,18,14,12,7,19,11,2,0,163,0,1,0
en,tharu-kathariya,142653,en,true,33,33,true,true,false,62,18,14,12,7,19,11,2,0,163,0,1,0
en,themne,13098,en,true,38,38,true,true,false,81,18,15,14,10,22,11,2,0,158,0,1,0
en,thradhri-kohli,184810,en,true,53,53,true,true,true,116,23,23,18,9,35,11,2,0,143,0,1,0
en,thur,139156,en,true,33,33,true,true,false,62,18,14,12,7,19,11,2,0,163,0,1,0
en,ticuna,1699,en,true,33,33,true,true,false,62,18,14,12,7,19,11,2,0,163,0,1,0
en,tidung-southern,184691,en,true,33,33,true,true,false,62,18,14,12,7,19,11,2,0,163,0,1,0
en,tigak,142353,en,true,33,33,true,true,false,62,18,14,12,7,19,11,2,0,163,0,1,0
en,tigre,4575,en,true,33,33,true,true,false,62,18,14,12,7,19,11,2,0,163,0,1,0
en,tigrinya-eritrea,23526,en,true,38,38,true,true,false,68,18,15,14,10,22,11,2,0,158,0,1,0
en,tigrinya-ethiopia,4576,en,true,54,54,true,true,true,130,23,23,18,9,36,11,2,0,142,0,1,0
en,tigwahanon-manobo,185335,en,true,33,33,true,true,false,61,18,15,12,7,19,11,2,0,164,0,0,0
en,tinonanon-manobo,185338,en,true,33,33,true,true,false,62,18,14,12,7,19,11,2,0,163,0,1,0
en,tira,13812,en,true,32,32,true,true,false,61,17,14,12,7,18,11,2,0,164,0,1,0
en,tiriki,105534,en,true,33,33,true,true,false,62,18,14,12,7,19,11,2,0,163,0,1,0
en,tiruray,12537,en,true,33,33,true,true,false,65,18,14,12,7,19,11,2,0,163,0,1,0
en,tiv,2285,en,true,37,37,true,true,false,67,18,15,14,10,21,11,2,0,159,0,1,0
en,tiwa-northern,19002,en,true,33,33,true,true,false,62,18,14,12,7,19,11,2,0,163,0,1,0
en,tiyaa,179655,en,true,33,33,true,true,false,62,18,14,12,7,19,11,2,0,163,0,1,0
en,tlapaneco-de-tlacoapa,169301,en,true,33,33,true,true,false,62,18,14,12,7,19,11,2,0,163,0,1,0
dgr,tlicho,139104,dgr,true,0,0,false,false,false,0,0,0,0,0,0,11,2,197,180,0,0,0
en,toabaita,143501,en,true,33,33,true,true,false,62,18,14,12,7,19,11,2,0,163,0,1,0
en,toba-maskoy,142777,en,true,33,33,true,true,false,63,18,14,12,7,19,11,2,0,163,0,1,0
en,tobelo,100859,en,true,33,33,true,true,false,62,18,14,12,7,19,11,2,0,163,0,1,0
en,tojolabal,8093,en,true,33,33,true,true,false,62,18,14,12,7,19,11,2,0,163,0,1,0
tpi,tok-pisin,23528,tpi,true,0,0,false,false,false,0,0,0,0,0,0,11,2,197,158,0,0,0
en,tolaki,17501,en,true,33,33,true,true,false,62,18,14,12,7,19,11,2,0,163,0,1,0
en,toli-gbe-2,161504,en,true,33,33,true,true,false,62,18,14,12,7,19,11,2,0,163,0,1,0
en,toma,20285,en,true,34,34,true,true,false,76,18,14,12,7,20,11,2,0,162,0,1,0
en,tombulu,17431,en,true,33,33,true,true,false,62,18,14,12,7,19,11,2,0,163,0,1,0
en,tomini,17424,en,true,33,33,true,true,false,62,18,14,12,7,19,11,2,0,163,0,1,0
en,tondano,20259,en,true,33,33,true,true,false,62,18,14,12,7,19,11,2,0,163,0,1,0
en,tonga,142905,en,true,45,45,true,true,true,89,19,17,17,15,25,11,2,0,148,0,3,0
en,tonga-malawi,21094,en,true,33,33,true,true,false,64,18,14,12,7,19,11,2,0,163,0,1,0
en,tonga-zambezi,20984,en,true,1,1,false,false,false,2,0,0,1,0,0,11,2,0,196,0,0,0
to,tongan,14509,to,true,0,0,false,false,false,0,0,0,0,0,0,11,2,197,158,0,0,0
en,tonsawang,17432,en,true,33,33,true,true,false,62,18,14,12,7,19,11,2,0,163,0,1,0
en,tonsea,17423,en,true,33,33,true,true,false,62,18,14,12,7,19,11,2,0,163,0,1,0
en,tontemboan,17436,en,true,33,33,true,true,false,62,18,14,12,7,19,11,2,0,163,0,1,0
en,tontemboan-makelai,185195,en,true,33,33,true,true,false,62,18,14,12,7,19,11,2,0,163,0,1,0
en,toposa,13805,en,true,53,53,true,true,true,116,23,23,18,9,35,11,2,0,143,0,1,0
en,toraja,21247,en,true,33,33,true,true,false,62,18,14,12,7,19,11,2,0,163,0,1,0
en,torwali,10474,en,true,33,33,true,true,false,62,18,14,12,7,19,11,2,0,163,0,1,0
en,totonac-coyutla,142900,en,true,33,33,true,true,false,62,18,14,12,7,19,11,2,0,163,0,1,0
en,totonac-papantla,142907,en,true,33,33,true,true,false,62,18,14,12,7,19,11,2,0,163,0,1,0
en,totonaca-sierra,8089,en,true,33,33,true,true,false,62,18,14,12,7,19,11,2,0,163,0,1,0
en,toura,102103,en,true,33,33,true,true,false,62,18,14,12,7,19,11,2,0,163,0,1,0
en,traditional-japanese,185332,en,true,33,33,true,true,false,62,18,14,12,7,19,11,2,0,163,0,1,0
en,trinitario,143039,en,true,33,33,true,true,false,63,18,14,12,7,19,11,2,0,163,0,1,0
en,trique-san-juan-copala,8079,en,true,33,33,true,true,false,62,18,14,12,7,19,11,2,0,163,0,1,0
en,trukese,20637,en,true,33,33,true,true,false,62,18,14,12,7,19,11,2,0,163,0,1,0
en,tsamakko,176424,en,true,33,33,true,true,false,62,18,14,12,7,19,11,2,0,163,0,1,0
lua,tshiluba,20790,lua,true,0,0,false,false,false,0,0,0,0,0,0,11,2,197,150,0,0,0
en,tsikimba,9616,en,true,33,33,true,true,false,62,18,14,12,7,19,11,2,0,163,0,1,0
en,tsimane,140021,en,true,33,33,true,true,false,63,18,14,12,7,19,11,2,0,163,0,1,0
en,tsimanex,184827,en,true,33,33,true,true,false,62,18,14,12,7,19,11,2,0,163,0,1,0
en,tsimihety,20805,en,true,33,33,true,true,false,64,18,14,12,7,19,11,2,0,163,0,1,0
en,tsishingini,20989,en,true,33,33,true,true,false,62,18,14,12,7,19,11,2,0,163,0,1,0
en,tsogo,5019,en,true,53,53,true,true,true,116,23,23,18,9,35,11,2,0,143,0,1,0
ts,tsonga,8494,ts,true,0,0,false,false,false,0,0,0,0,0,0,11,2,197,168,0,0,0
en,tsuvadi,24161,en,true,33,33,true,true,false,62,18,14,12,7,19,11,2,0,163,0,1,0
en,tswa,20293,en,true,33,33,true,true,false,62,18,14,12,7,19,11,2,0,163,0,1,0
tn,tswana,1479,tn,true,0,0,false,false,false,0,0,0,0,0,0,11,2,197,154,0,0,0
en,tu-huzhu,139089,en,true,33,33,true,true,false,62,18,14,12,7,19,11,2,0,163,0,1,0
en,tugen,141927,en,true,33,33,true,true,false,62,18,14,12,7,19,11,2,0,163,0,1,0
en,tula,9999,en,true,33,33,true,true,false,62,18,14,12,7,19,11,2,0,163,0,1,0
en,tulu,5829,en,true,33,33,true,true,false,62,18,14,12,7,19,11,2,0,163,0,1,0
en,tumbuka,7786,en,true,33,33,true,true,false,64,18,14,12,7,19,11,2,0,163,0,1,0
en,tunia,143322,en,true,33,33,true,true,false,62,18,14,12,7,19,11,2,0,163,0,1,0
en,tunjung,20270,en,true,33,33,true,true,false,62,18,14,12,7,19,11,2,0,163,0,1,0
en,tupuri,2281,en,true,33,33,true,true,false,62,18,14,12,7,19,11,2,0,163,0,1,0
en,turka,141928,en,true,33,33,true,true,false,62,18,14,12,7,19,11,2,0,163,0,1,0
en,turkana,7285,en,true,37,37,true,true,false,67,18,15,14,10,21,11,2,0,159,0,1,0
tr,turkish,1942,tr,true,139,139,true,true,true,383,54,49,50,33,81,11,2,0,54,0,3,0
tk,turkmen,420,tk,true,0,0,false,false,false,0,0,0,0,0,0,11,2,197,121,0,0,0
tyv,tuvin,3892,tyv,true,0,0,false,false,false,0,0,0,0,0,0,11,2,197,142,0,0,0
en,tuyuca,143321,en,true,33,33,true,true,false,63,18,14,12,7,19,11,2,0,163,0,1,0
en,tyap,98853,en,true,33,33,true,true,false,62,18,14,12,7,19,11,2,0,163,0,1,0
en,tzeltal-bachajon,8072,en,true,33,33,true,true,false,62,18,14,12,7,19,11,2,0,163,0,1,0
en,tzeltal-oxchuc,23936,en,true,33,33,true,true,false,62,18,14,12,7,19,11,2,0,163,0,1,0
en,tzeltal-tenango,23135,en,true,33,33,true,true,false,62,18,14,12,7,19,11,2,0,163,0,1,0
en,tzeltal-tenejapa,184662,en,true,54,54,true,true,true,130,23,23,18,9,36,11,2,0,142,0,1,0
en,tzotzil-chamula,8069,en,true,33,33,true,true,false,62,18,14,12,7,19,11,2,0,163,0,1,0
en,tzutujil-eastern,5433,en,true,33,33,true,true,false,62,18,14,12,7,19,11,2,0,163,0,1,0
en,tzutujil-western,150571,en,true,33,33,true,true,false,62,18,14,12,7,19,11,2,0,163,0,1,0
en,uare,141610,en,true,33,33,true,true,false,62,18,14,12,7,19,11,2,0,163,0,1,0
udm,udmurt,18606,udm,true,0,0,false,false,false,0,0,0,0,0,0,11,2,197,142,0,0,0
en,uduk,142121,en,true,33,33,true,true,false,62,18,14,12,7,19,11,2,0,163,0,1,0
en,ukaan,141292,en,true,33,33,true,true,false,62,18,14,12,7,19,11,2,0,163,0,1,0
uk,ukrainian,12876,uk,true,0,0,false,false,false,0,0,0,0,0,0,11,2,197,89,0,0,0
en,ukrainian-sign-language,14783,en,true,1,1,false,false,false,1,0,0,0,0,1,11,2,0,196,0,0,0
en,ukue,142179,en,true,33,33,true,true,false,62,18,14,12,7,19,11,2,0,163,0,1,0
en,umajamnon-manobo,185339,en,true,33,33,true,true,false,61,18,15,12,7,19,11,2,0,164,0,0,0
en,umbundu,564,en,true,42,42,true,true,false,84,19,16,16,12,23,11,2,0,151,0,3,0
en,uneme-north,142202,en,true,33,33,true,true,false,62,18,14,12,7,19,11,2,0,163,0,1,0
en,uneme-south,185254,en,true,33,33,true,true,false,62,18,14,12,7,19,11,2,0,163,0,1,0
en,urat,11105,en,true,33,33,true,true,false,63,18,14,12,7,19,11,2,0,163,0,1,0
ur,urdu,407,ur,true,117,117,true,true,true,384,47,43,45,28,66,11,2,1,76,0,2,0
en,urdu-indian,22563,en,true,1,1,false,false,false,1,0,0,0,0,1,11,2,0,196,0,0,0
en,urhobo,9976,en,true,33,33,true,true,false,62,18,14,12,7,19,11,2,0,163,0,1,0
en,urim,11108,en,true,33,33,true,true,false,62,18,14,12,7,19,11,2,0,163,0,1,0
en,uripiv-wala-rano-atchin,142266,en,true,33,33,true,true,false,63,18,14,12,7,19,11,2,0,163,0,1,0
en,urubu-kaapor,1669,en,true,33,33,true,true,false,62,18,14,12,7,19,11,2,0,163,0,1,0
en,usarufa,142286,en,true,33,33,true,true,false,63,18,14,12,7,19,11,2,0,163,0,1,0
en,ushoi,125402,en,true,33,33,true,true,false,62,18,14,12,7,19,11,2,0,163,0,1,0
usp,uspanteco,5431,usp,true,0,0,false,false,false,0,0,0,0,0,0,11,2,197,180,0,0,0
en,ut-hun,160430,en,true,33,33,true,true,false,62,18,14,12,7,19,11,2,0,163,0,1,0
en,utukwang,179212,en,true,33,33,true,true,false,64,18,14,12,7,19,11,2,0,163,0,1,0
en,uud-danum,171233,en,true,33,33,true,true,false,62,18,14,12,7,19,11,2,0,163,0,1,0
ug,uyghur,410,ug,true,0,0,false,false,false,0,0,0,0,0,0,11,2,197,172,0,0,0
en,uyghur-central-asia,185211,en,true,1,1,false,false,false,1,0,0,1,1,0,11,2,0,196,0,0,0
en,uzbek-northern,3888,en,true,75,75,true,true,true,178,27,27,23,18,51,11,2,0,118,0,3,0
en,uzbek-southern,406,en,true,33,33,true,true,false,62,18,14,12,7,19,11,2,0,163,0,1,0
en,vagla,5279,en,true,33,33,true,true,false,62,18,14,12,7,19,11,2,0,163,0,1,0
en,vai,7564,en,true,37,37,true,true,false,67,18,15,14,10,21,11,2,0,159,0,1,0
en,vaiphei,142378,en,true,33,33,true,true,false,62,18,14,12,7,19,11,2,0,163,0,1,0
mai,vajjika,153840,mai,true,0,0,false,false,false,0,0,0,0,0,0,11,2,197,180,0,0,0
en,vale,142372,en,true,33,33,true,true,false,62,18,14,12,7,19,11,2,0,163,0,1,0
en,vanuma,142380,en,true,33,33,true,true,false,62,18,14,12,7,19,11,2,0,163,0,1,0
en,varhadi-nagpuri,100506,en,true,33,33,true,true,false,62,18,14,12,7,19,11,2,0,163,0,1,0
en,varli,5771,en,true,33,33,true,true,false,62,18,14,12,7,19,11,2,0,163,0,1,0
en,vasavi,5772,en,true,33,33,true,true,false,64,18,14,12,7,19,11,2,0,163,0,1,0
en,vasavi-kolche,181949,en,true,33,33,true,true,false,62,18,14,12,7,19,11,2,0,163,0,1,0
en,vasui,11150,en,true,33,33,true,true,false,62,18,14,12,7,19,11,2,0,163,0,1,0
ve,venda,13414,ve,true,0,0,false,false,false,0,0,0,0,0,0,11,2,197,170,0,0,0
en,verre,125753,en,true,33,33,true,true,false,62,18,14,12,7,19,11,2,0,163,0,1,0
en,vidunda,142394,en,true,33,33,true,true,false,62,18,14,12,7,19,11,2,0,163,0,1,0
vi,vietnamese,3887,vi,true,142,142,true,true,true,381,54,51,53,35,79,11,2,0,51,0,3,0
vi,vietnamese-northern,22500,vi,true,56,56,true,true,true,134,24,23,19,10,37,11,2,0,140,0,1,0
en,vili,4295,en,true,33,33,true,true,false,62,18,14,12,7,19,11,2,0,163,0,1,0
en,visualvernacular,185345,en,true,3,3,false,false,false,5,0,0,0,2,3,11,2,0,194,0,0,0
en,vitu,11052,en,true,33,33,true,true,false,62,18,14,12,7,19,11,2,0,163,0,1,0
en,vunjo-chagga,24141,en,true,33,33,true,true,false,62,18,14,12,7,19,11,2,0,163,0,1,0
en,vwanji,20318,en,true,33,33,true,true,false,62,18,14,12,7,19,11,2,0,163,0,1,0
en,wa-vo,144886,en,true,33,33,true,true,false,62,18,14,12,7,19,11,2,0,163,0,1,0
en,waama,1313,en,true,33,33,true,true,false,62,18,14,12,7,19,11,2,0,163,0,1,0
en,waata,143207,en,true,33,33,true,true,false,62,18,14,12,7,19,11,2,0,163,0,1,0
en,waddar,5767,en,true,33,33,true,true,false,62,18,14,12,7,19,11,2,0,163,0,1,0
en,wagdi,5766,en,true,33,33,true,true,false,62,18,14,12,7,19,11,2,0,163,0,1,0
en,waghiri,142303,en,true,33,33,true,true,false,62,18,14,12,7,19,11,2,0,163,0,1,0
en,waja,9959,en,true,33,33,true,true,false,62,18,14,12,7,19,11,2,0,163,0,1,0
en,wakatobi,157752,en,true,33,33,true,true,false,62,18,14,12,7,19,11,2,0,163,0,1,0
en,wala,141771,en,true,33,33,true,true,false,63,18,14,12,7,19,11,2,0,163,0,1,0
en,wali,5276,en,true,33,33,true,true,false,62,18,14,12,7,19,11,2,0,163,0,1,0
en,wambon,142964,en,true,33,33,true,true,false,62,18,14,12,7,19,11,2,0,163,0,1,0
en,wamey,140083,en,true,33,33,true,true,false,64,18,14,12,7,19,11,2,0,163,0,1,0
en,wampis,184483,en,true,33,33,true,true,false,63,18,14,12,7,19,11,2,0,163,0,1,0
en,wana-taa,185330,en,true,33,33,true,true,false,62,18,14,12,7,19,11,2,0,163,0,1,0
en,waneci,10461,en,true,33,33,true,true,false,62,18,14,12,7,19,11,2,0,163,0,1,0
en,wanga-luhya,20794,en,true,33,33,true,true,false,62,18,14,12,7,19,11,2,0,163,0,1,0
en,waorani,139202,en,true,33,33,true,true,false,62,18,14,12,7,19,11,2,0,163,0,1,0
en,warao,5500,en,true,33,33,true,true,false,63,18,14,12,7,19,11,2,0,163,0,1,0
war,waray-waray,12533,war,true,0,0,false,false,false,0,0,0,0,0,0,11,2,197,180,0,0,0
en,warji,9955,en,true,33,33,true,true,false,62,18,14,12,7,19,11,2,0,163,0,1,0
en,waropen,143147,en,true,33,33,true,true,false,62,18,14,12,7,19,11,2,0,163,0,1,0
en,wasa,20332,en,true,33,33,true,true,false,62,18,14,12,7,19,11,2,0,163,0,1,0
en,waskia,143157,en,true,33,33,true,true,false,63,18,14,12,7,19,11,2,0,163,0,1,0
en,watakataui,11033,en,true,33,33,true,true,false,62,18,14,12,7,19,11,2,0,163,0,1,0
en,waumeo,4187,en,true,33,33,true,true,false,62,18,14,12,7,19,11,2,0,163,0,1,0
en,waura,100773,en,true,33,33,true,true,false,62,18,14,12,7,19,11,2,0,163,0,1,0
en,wayampi-amapari,1795,en,true,33,33,true,true,false,62,18,14,12,7,19,11,2,0,163,0,1,0
en,wayampi-oiapoque,1796,en,true,1,1,false,false,false,1,0,0,0,0,1,11,2,0,196,0,0,0
en,wayuu,4232,en,true,34,34,true,true,false,76,18,14,12,7,20,11,2,0,162,0,1,0
en,we-northern,143058,en,true,33,33,true,true,false,62,18,14,12,7,19,11,2,0,163,0,1,0
cy,welsh,14815,cy,true,0,0,false,false,false,0,0,0,0,0,0,11,2,197,180,0,0,0
en,weri-2,142830,en,true,33,33,true,true,false,62,18,14,12,7,19,11,2,0,163,0,1,0
en,western-carib,49145,en,true,33,33,true,true,false,62,18,14,12,7,19,11,2,0,163,0,1,0
en,western-garame,179190,en,true,33,33,true,true,false,62,18,14,12,7,19,11,2,0,163,0,1,0
en,western-lipo,153360,en,true,33,33,true,true,false,63,18,14,12,7,19,11,2,0,163,0,1,0
en,western-poqomchi,153551,en,true,34,34,true,true,false,63,18,14,12,8,20,11,2,0,162,0,1,0
en,wewewa,21002,en,true,33,33,true,true,false,62,18,14,12,7,19,11,2,0,163,0,1,0
en,wichi-lhamtes-guisnay,144584,en,true,33,33,true,true,false,62,18,14,12,7,19,11,2,0,163,0,1,0
en,winye,141618,en,true,33,33,true,true,false,63,18,14,12,7,19,11,2,0,163,0,1,0
en,wolane,142947,en,true,33,33,true,true,false,62,18,14,12,7,19,11,2,0,163,0,1,0
en,wolaytta,4734,en,true,53,53,true,true,true,116,23,23,18,9,35,11,2,0,143,0,1,0
en,wolio,17408,en,true,33,33,true,true,false,62,18,14,12,7,19,11,2,0,163,0,1,0
wo,wolof,7897,wo,true,0,0,false,false,false,0,0,0,0,0,0,11,2,197,142,0,0,0
en,wondama,142589,en,true,33,33,true,true,false,62,18,14,12,7,19,11,2,0,163,0,1,0
en,worodougou,141238,en,true,33,33,true,true,false,62,18,14,12,7,19,11,2,0,163,0,1,0
en,wumvu,143169,en,true,33,33,true,true,false,62,18,14,12,7,19,11,2,0,163,0,1,0
en,xaasongaxango,141265,en,true,53,53,true,true,true,116,23,23,18,9,35,11,2,0,143,0,1,0
en,xamtanga,4724,en,true,33,33,true,true,false,62,18,14,12,7,19,11,2,0,163,0,1,0
en,xavante,1759,en,true,33,33,true,true,false,62,18,14,12,7,19,11,2,0,163,0,1,0
xh,xhosa,13408,xh,true,0,0,false,false,false,0,0,0,0,0,0,11,2,197,125,0,0,0
en,xiang,20627,en,true,33,33,true,true,false,62,18,14,12,7,19,11,2,0,163,0,1,0
en,xinulajgsipij,169603,en,true,33,33,true,true,false,62,18,14,12,7,19,11,2,0,163,0,1,0
en,xun,581,en,true,33,33,true,true,false,62,18,14,12,7,19,11,2,0,163,0,1,0
en,yabem,141124,en,true,33,33,true,true,false,63,18,14,12,7,19,11,2,0,163,0,1,0
en,yaka,19495,en,true,33,33,true,true,false,62,18,14,12,7,19,11,2,0,163,0,1,0
en,yaka-central-african-republic,139124,en,true,33,33,true,true,false,62,18,14,12,7,19,11,2,0,163,0,1,0
en,yaka-d-r-c,139126,en,true,37,37,true,true,false,67,18,15,14,10,21,11,2,0,159,0,1,0
en,yaka-drcongo,580,en,true,33,33,true,true,false,62,18,14,12,7,19,11,2,0,163,0,1,0
en,yakan,12529,en,true,33,33,true,true,false,62,18,14,12,7,19,11,2,0,163,0,1,0
en,yakha,100282,en,true,33,33,true,true,false,62,18,14,12,7,19,11,2,0,163,0,1,0
en,yakoma,3144,en,true,33,33,true,true,false,62,18,14,12,7,19,11,2,0,163,0,1,0
en,yakpa,109459,en,true,0,0,false,false,false,0,0,0,0,0,0,11,2,0,197,0,0,0
en,yakpa-1,3122,en,true,33,33,true,true,false,62,18,14,12,7,19,11,2,0,163,0,1,0
sah,yakut,18379,sah,true,0,0,false,false,false,0,0,0,0,0,0,11,2,197,180,0,0,0
en,yala,9940,en,true,33,33,true,true,false,62,18,14,12,7,19,11,2,0,163,0,1,0
en,yalunka,5468,en,true,33,33,true,true,false,62,18,14,12,7,19,11,2,0,163,0,1,0
en,yamba,2249,en,true,33,33,true,true,false,64,18,14,12,7,19,11,2,0,163,0,1,0
en,yamdena,141060,en,true,33,33,true,true,false,62,18,14,12,7,19,11,2,0,163,0,1,0
en,yandang,168775,en,true,33,33,true,true,false,62,18,14,12,7,19,11,2,0,163,0,1,0
en,yanesha,139411,en,true,33,33,true,true,false,63,18,14,12,7,19,11,2,0,163,0,1,0
en,yanomami-ninam,102259,en,true,33,33,true,true,false,62,18,14,12,7,19,11,2,0,163,0,1,0
en,yanomamo,1573,en,true,33,33,true,true,false,62,18,14,12,7,19,11,2,0,163,0,1,0
en,yao,7773,en,true,54,54,true,true,true,130,23,23,18,9,36,11,2,0,142,0,1,0
en,yao-baiku-naogelao,185359,en,true,33,33,true,true,false,62,18,14,12,7,19,11,2,0,163,0,1,0
en,yao-iu-mien,22098,en,true,33,33,true,true,false,62,18,14,12,7,19,11,2,0,163,0,1,0
en,yao-tanzania,184489,en,true,33,33,true,true,false,62,18,14,12,7,19,11,2,0,163,0,1,0
en,yapese,8381,en,true,33,33,true,true,false,64,18,14,12,7,19,11,2,0,163,0,1,0
en,yaqui,8026,en,true,33,33,true,true,false,62,18,14,12,7,19,11,2,0,163,0,1,0
en,yareba,142858,en,true,33,33,true,true,false,62,18,14,12,7,19,11,2,0,163,0,1,0
en,yawa,142986,en,true,33,33,true,true,false,62,18,14,12,7,19,11,2,0,163,0,1,0
en,yemba,19504,en,true,33,33,true,true,false,62,18,14,12,7,19,11,2,0,163,0,1,0
en,yemsa,4665,en,true,33,33,true,true,false,62,18,14,12,7,19,11,2,0,163,0,1,0
en,yerukula,23326,en,true,33,33,true,true,false,62,18,14,12,7,19,11,2,0,163,0,1,0
en,yiddish,5130,en,true,1,1,false,false,false,1,0,0,0,0,1,11,2,0,196,0,0,0
en,yine,143753,en,true,33,33,true,true,false,63,18,14,12,7,19,11,2,0,163,0,1,0
en,yinzebi,175252,en,true,33,33,true,true,false,62,18,14,12,7,19,11,2,0,163,0,1,0
en,yom,26497,en,true,33,33,true,true,false,62,18,14,12,7,19,11,2,0,163,0,1,0
en,yonggom,10981,en,true,33,33,true,true,false,62,18,14,12,7,19,11,2,0,163,0,1,0
yo,yoruba,1308,yo,true,0,0,false,false,false,0,0,0,0,0,0,11,2,197,128,0,0,0
en,yucuna,4148,en,true,33,33,true,true,false,62,18,14,12,7,19,11,2,0,163,0,1,0
en,yukpa,142979,en,true,33,33,true,true,false,63,18,14,12,7,19,11,2,0,163,0,1,0
en,yungur,9905,en,true,33,33,true,true,false,62,18,14,12,7,19,11,2,0,163,0,1,0
en,yuracare,142985,en,true,33,33,true,true,false,63,18,14,12,7,19,11,2,0,163,0,1,0
en,ywom,53312,en,true,33,33,true,true,false,62,18,14,12,7,19,11,2,0,163,0,1,0
en,zabana,141359,en,true,33,33,true,true,false,63,18,14,12,7,19,11,2,0,163,0,1,0
en,zaiwa,3710,en,true,33,33,true,true,false,62,18,14,12,7,19,11,2,0,163,0,1,0
en,zanaki,14064,en,true,33,33,true,true,false,62,18,14,12,7,19,11,2,0,163,0,1,0
en,zande-drc,23524,en,true,33,33,true,true,false,62,18,14,12,7,19,11,2,0,163,0,1,0
en,zande-south-sudan,23525,en,true,33,33,true,true,false,62,18,14,12,7,19,11,2,0,163,0,1,0
en,zapotec-san-pedro-quiatoni,26934,en,true,33,33,true,true,false,62,18,14,12,7,19,11,2,0,163,0,1,0
en,zapotec-tabaa,100807,en,true,33,33,true,true,false,62,18,14,12,7,19,11,2,0,163,0,1,0
en,zapoteco-de-san-juan-comaltepec,143368,en,true,33,33,true,true,false,62,18,14,12,7,19,11,2,0,163,0,1,0
en,zapoteco-isthmus,8014,en,true,33,33,true,true,false,62,18,14,12,7,19,11,2,0,163,0,1,0
en,zapoteco-mitla,8000,en,true,33,33,true,true,false,62,18,14,12,7,19,11,2,0,163,0,1,0
en,zapoteco-san-juan-guelavia,8021,en,true,33,33,true,true,false,62,18,14,12,7,19,11,2,0,163,0,1,0
en,zapoteco-sierra-de-juarez,8023,en,true,33,33,true,true,false,62,18,14,12,7,19,11,2,0,163,0,1,0
en,zapoteco-southern-rincon,7954,en,true,33,33,true,true,false,62,18,14,12,7,19,11,2,0,163,0,1,0
en,zapoteco-western-pochutla,7946,en,true,33,33,true,true,false,62,18,14,12,7,19,11,2,0,163,0,1,0
en,zapoteco-yalalag,7960,en,true,33,33,true,true,false,62,18,14,12,7,19,11,2,0,163,0,1,0
en,zaramo,143175,en,true,33,33,true,true,false,62,18,14,12,7,19,11,2,0,163,0,1,0
en,zarma,1343,en,true,42,42,true,true,false,84,19,16,16,12,23,11,2,0,151,0,3,0
en,zayse,152162,en,true,33,33,true,true,false,62,18,14,12,7,19,11,2,0,163,0,1,0
en,zhuang-central-hongshuihe,139188,en,true,33,33,true,true,false,62,18,14,12,7,19,11,2,0,163,0,1,0
en,zhuang-dejing,185333,en,true,33,33,true,true,false,63,18,14,12,7,19,11,2,0,163,0,1,0
en,zhuang-guibian,99582,en,true,33,33,true,true,false,62,18,14,12,7,19,11,2,0,163,0,1,0
en,zhuang-liujiang,4101,en,true,33,33,true,true,false,62,18,14,12,7,19,11,2,0,163,0,1,0
en,zhuang-minz,99581,en,true,0,0,false,false,false,0,0,0,0,0,0,11,2,0,197,0,0,0
en,zhuang-nong,143265,en,true,33,33,true,true,false,62,18,14,12,7,19,11,2,0,163,0,1,0
en,zhuang-northern-hongshuihe,23181,en,true,33,33,true,true,false,64,18,14,12,7,19,11,2,0,163,0,1,0
en,zhuang-northern-yongbei,23180,en,true,33,33,true,true,false,64,18,14,12,7,19,11,2,0,163,0,1,0
en,zhuang-qiubei,99804,en,true,33,33,true,true,false,63,18,14,12,7,19,11,2,0,163,0,1,0
en,zhuang-yongnan,141995,en,true,33,33,true,true,false,63,18,14,12,7,19,11,2,0,163,0,1,0
en,zhuang-youjiang,99910,en,true,33,33,true,true,false,62,18,14,12,7,19,11,2,0,163,0,1,0
en,zhuang-zuojiang,141998,en,true,33,33,true,true,false,62,18,14,12,7,19,11,2,0,163,0,1,0
en,zia,143268,en,true,33,33,true,true,false,63,18,14,12,7,19,11,2,0,163,0,1,0
en,zigula,14060,en,true,33,33,true,true,false,62,18,14,12,7,19,11,2,0,163,0,1,0
en,zimba,15538,en,true,33,33,true,true,false,64,18,14,12,7,19,11,2,0,163,0,1,0
en,zing,24216,en,true,33,33,true,true,false,62,18,14,12,7,19,11,2,0,163,0,1,0
en,zinza,14183,en,true,33,33,true,true,false,64,18,14,12,7,19,11,2,0,163,0,1,0
en,zo,99703,en,true,33,33,true,true,false,62,18,14,12,7,19,11,2,0,163,0,1,0
en,zokam-tedim,159905,en,true,33,33,true,true,false,62,18,14,12,7,19,11,2,0,163,0,1,0
en,zoque-francisco-leon,7988,en,true,33,33,true,true,false,62,18,14,12,7,19,11,2,0,163,0,1,0
en,zul,53402,en,true,33,33,true,true,false,62,18,14,12,7,19,11,2,0,163,0,1,0
zu,zulu,7547,zu,true,0,0,false,false,false,0,0,0,0,0,0,11,2,197,96,0,0,0
en,zuni,18922,en,true,33,33,true,true,false,62,18,14,12,7,19,11,2,0,163,0,1,0
