audioLanguageSlug,coreLanguageId,sourcePublishedLeafVideos,sourcePublishedHlsLeafVideos,sourcePublishedHlsVideosAllLabels,curatedStartUnique,curatedUnionUnique,curatedStartWorkFamilies,curatedStartStoryGroups,curatedStartMedianDubAtMost15m,curatedStartFeatureFilms,startMeets6,startMeets30,unionMeets30,adminValidatedUnique,identityStatus,pool_meaning-and-purpose,pool_hope-and-perseverance,pool_love-and-belonging,pool_forgiveness-and-new-beginnings,pool_exploring-jesus
a-hmao,22812,118,118,118,56,57,2,55,54,2,True,True,True,0,core_only,23,26,20,10,37
aari,4797,62,62,62,35,35,1,35,34,1,True,True,True,0,core_only,18,16,12,7,21
abanglekuo,184631,64,64,64,35,35,1,35,34,1,True,True,True,0,core_only,18,16,12,7,21
abanyom,139251,62,62,62,35,35,1,35,34,1,True,True,True,0,core_only,18,16,12,7,21
abau,12296,62,62,62,35,35,1,35,34,1,True,True,True,0,core_only,18,16,12,7,21
abidji,15909,62,62,62,35,35,1,35,34,1,True,True,True,0,core_only,18,16,12,7,21
abkhaz,5074,76,76,76,36,36,2,35,34,2,True,True,True,0,core_only,18,16,12,7,22
abure,16117,62,62,62,35,35,1,35,34,1,True,True,True,0,core_only,18,16,12,7,21
abureni,144623,62,62,62,35,35,1,35,34,1,True,True,True,0,core_only,18,16,12,7,21
acateco,5428,62,62,62,35,35,1,35,34,1,True,True,True,0,core_only,18,16,12,7,21
acchami,111586,62,62,62,35,35,1,35,34,1,True,True,True,0,core_only,18,16,12,7,21
aceh,17688,62,62,62,35,35,1,35,34,1,True,True,True,0,core_only,18,16,12,7,21
achang,3697,63,63,63,35,35,1,35,34,1,True,True,True,0,core_only,18,16,12,7,21
ache,100378,63,63,63,35,35,1,35,34,1,True,True,True,0,core_only,18,16,12,7,21
ache-2,184846,62,62,62,35,35,1,35,34,1,True,True,True,0,core_only,18,16,12,7,21
achi-rabinal,5441,62,62,62,35,35,1,35,34,1,True,True,True,0,core_only,18,16,12,7,21
acholi,13555,107,107,107,39,39,2,39,34,1,True,True,True,0,core_only,18,17,14,10,23
achuar-shiwiar,139273,63,63,63,35,35,1,35,34,1,True,True,True,0,core_only,18,16,12,7,21
adangme,50836,62,62,62,35,35,1,35,34,1,True,True,True,0,core_only,18,16,12,7,21
adele,5338,62,62,62,35,35,1,35,34,1,True,True,True,0,core_only,18,16,12,7,21
adi,24173,62,62,62,35,35,1,35,34,1,True,True,True,0,core_only,18,16,12,7,21
adioukrou,16116,62,62,62,35,35,1,35,34,1,True,True,True,0,core_only,18,16,12,7,21
adonara,96802,62,62,62,35,35,1,35,34,1,True,True,True,0,core_only,18,16,12,7,21
adygey,20522,62,62,62,35,35,1,35,34,1,True,True,True,0,core_only,18,16,12,7,21
adzera,96809,62,62,62,35,35,1,35,34,1,True,True,True,0,core_only,18,16,12,7,21
afar,4468,116,116,116,56,57,2,55,54,2,True,True,True,0,core_only,23,26,20,10,37
afrikaans,1444,263,263,265,119,121,21,117,112,3,True,True,True,0,core_only,44,48,52,32,60
agabag,143624,62,62,62,35,35,1,35,34,1,True,True,True,0,core_only,18,16,12,7,21
agarabi,96835,62,62,62,35,35,1,35,34,1,True,True,True,0,core_only,18,16,12,7,21
agatu,9290,62,62,62,35,35,1,35,34,1,True,True,True,0,core_only,18,16,12,7,21
aghem,139321,62,62,62,35,35,1,35,34,1,True,True,True,0,core_only,18,16,12,7,21
aguna,139205,55,55,55,32,32,1,32,31,1,True,True,True,0,core_only,17,14,12,7,18
agusan-surigao-manobo,184668,64,64,64,35,35,1,35,34,1,True,True,True,0,core_only,18,16,12,7,21
ahanta,5170,62,62,62,35,35,1,35,34,1,True,True,True,0,core_only,18,16,12,7,21
ahirani,6330,62,62,62,35,35,1,35,34,1,True,True,True,0,core_only,18,16,12,7,21
aikana,184550,62,62,62,35,35,1,35,34,1,True,True,True,0,core_only,18,16,12,7,21
aja-gbe,1280,116,116,116,56,57,2,55,54,2,True,True,True,0,core_only,23,26,20,10,37
ajiya,141189,62,62,62,35,35,1,35,34,1,True,True,True,0,core_only,18,16,12,7,21
akebu,141199,62,62,62,35,35,1,35,34,1,True,True,True,0,core_only,18,16,12,7,21
akeu,96819,62,62,62,35,35,1,35,34,1,True,True,True,0,core_only,18,16,12,7,21
akha,3712,76,76,76,36,36,2,35,34,2,True,True,True,0,core_only,18,16,12,7,22
aklanon,12853,62,62,62,35,35,1,35,34,1,True,True,True,0,core_only,18,16,12,7,21
akoose,2894,64,64,64,35,35,1,35,34,1,True,True,True,0,core_only,18,16,12,7,21
akposo,5296,62,62,62,35,35,1,35,34,1,True,True,True,0,core_only,18,16,12,7,21
akuku,139598,62,62,62,35,35,1,35,34,1,True,True,True,0,core_only,18,16,12,7,21
alaba,4793,62,62,62,35,35,1,35,34,1,True,True,True,0,core_only,18,16,12,7,21
alagwa,142694,62,62,62,35,35,1,35,34,1,True,True,True,0,core_only,18,16,12,7,21
alangan,139397,62,62,62,35,35,1,35,34,1,True,True,True,0,core_only,18,16,12,7,21
albanian,20526,171,171,173,72,74,16,69,69,3,True,True,True,0,core_only,25,30,30,17,45
albanian-kosovar,20528,85,85,87,48,49,12,48,47,1,True,True,True,0,core_only,19,19,20,14,27
ale-gawwada,98459,62,62,62,35,35,1,35,34,1,True,True,True,0,core_only,18,16,12,7,21
alis-i-ron,134882,62,62,62,35,35,1,35,34,1,True,True,True,0,core_only,18,16,12,7,21
altai,21554,65,65,65,35,35,1,35,34,1,True,True,True,0,core_only,18,16,12,7,21
alur,14694,62,62,62,35,35,1,35,34,1,True,True,True,0,core_only,18,16,12,7,21
ama,20118,62,62,62,35,35,1,35,34,1,True,True,True,0,core_only,18,16,12,7,21
amam,184583,63,63,63,35,35,1,35,34,1,True,True,True,0,core_only,18,16,12,7,21
amanab,10685,62,62,62,35,35,1,35,34,1,True,True,True,0,core_only,18,16,12,7,21
ambae-east,144776,63,63,63,35,35,1,35,34,1,True,True,True,0,core_only,18,16,12,7,21
ambai,139414,62,62,62,35,35,1,35,34,1,True,True,True,0,core_only,18,16,12,7,21
ambrym-southeast,141931,63,63,63,35,35,1,35,34,1,True,True,True,0,core_only,18,16,12,7,21
amdo-tibetan,23089,64,64,64,35,35,1,35,34,1,True,True,True,0,core_only,18,16,12,7,21
american-sign-language,19171,2,2,2,2,2,2,2,0,2,False,False,False,0,core_only,0,1,0,0,2
amharic,4791,175,175,177,83,86,24,80,79,4,True,True,True,0,core_only,26,34,33,19,52
amuzgo-guerrero,8351,62,62,62,35,35,1,35,34,1,True,True,True,0,core_only,18,16,12,7,21
amuzgo-oaxaca,8338,62,62,62,35,35,1,35,34,1,True,True,True,0,core_only,18,16,12,7,21
anaang,9317,62,62,62,35,35,1,35,34,1,True,True,True,0,core_only,18,16,12,7,21
andaandi,140196,62,62,62,35,35,1,35,34,1,True,True,True,0,core_only,18,16,12,7,21
andio,140162,62,62,62,35,35,1,35,34,1,True,True,True,0,core_only,18,16,12,7,21
angaataha,139319,63,63,63,35,35,1,35,34,1,True,True,True,0,core_only,18,16,12,7,21
angal-heneng,139376,63,63,63,35,35,1,35,34,1,True,True,True,0,core_only,18,16,12,7,21
angika,23330,62,62,62,35,35,1,35,34,1,True,True,True,0,core_only,18,16,12,7,21
anjam,10810,62,62,62,35,35,1,35,34,1,True,True,True,0,core_only,18,16,12,7,21
ansus,139429,62,62,62,35,35,1,35,34,1,True,True,True,0,core_only,18,16,12,7,21
antandroy,23192,64,64,64,35,35,1,35,34,1,True,True,True,0,core_only,18,16,12,7,21
antesaka,139153,2,2,2,0,0,0,0,0,0,False,False,False,0,core_only,0,0,0,0,0
anuak,4790,62,62,62,35,35,1,35,34,1,True,True,True,0,core_only,18,16,12,7,21
anufo,1345,67,67,67,39,39,2,39,34,1,True,True,True,0,core_only,18,17,14,10,23
anyin,5333,62,62,62,35,35,1,35,34,1,True,True,True,0,core_only,18,16,12,7,21
ao,176313,62,62,62,35,35,1,35,34,1,True,True,True,0,core_only,18,16,12,7,21
aokha,142264,62,62,62,35,35,1,35,34,1,True,True,True,0,core_only,18,16,12,7,21
apalai,139476,62,62,62,35,35,1,35,34,1,True,True,True,0,core_only,18,16,12,7,21
apinaye,1890,62,62,62,35,35,1,35,34,1,True,True,True,0,core_only,18,16,12,7,21
apurina,1889,62,62,62,35,35,1,35,34,1,True,True,True,0,core_only,18,16,12,7,21
arabic-algerian-spoken,525,152,152,154,69,71,13,67,66,3,True,True,True,0,core_only,24,29,28,16,43
arabic-bedouin,184531,62,62,62,35,35,1,35,34,1,True,True,True,0,core_only,18,16,12,7,21
arabic-chadian-spoken,20531,84,84,86,47,48,11,47,46,1,True,True,True,0,core_only,19,19,20,13,26
arabic-egyptian-colloquial,20533,237,237,239,84,86,17,81,81,3,True,True,True,0,core_only,26,34,34,19,53
arabic-gulf,139181,117,117,117,57,58,3,56,54,3,True,True,True,0,core_only,23,26,20,10,38
arabic-hassaniya,7839,84,84,86,47,48,11,47,46,1,True,True,True,0,core_only,19,19,20,13,26
arabic-hijazi,184592,63,63,63,36,36,2,36,34,2,True,True,True,0,core_only,18,16,12,7,22
arabic-iraqi-baghdadi,21061,84,84,86,47,48,11,47,46,1,True,True,True,0,core_only,19,19,20,13,26
arabic-juba,38242,62,62,62,35,35,1,35,34,1,True,True,True,0,core_only,18,16,12,7,21
arabic-khuzestani,185355,62,62,62,35,35,1,35,34,1,True,True,True,0,core_only,18,16,12,7,21
arabic-libyan,184848,64,64,64,35,35,1,35,34,1,True,True,True,0,core_only,18,16,12,7,21
arabic-modern-standard,22658,614,614,617,164,167,53,158,158,6,True,True,True,0,core_only,61,64,62,42,84
arabic-modern-standard-egyptian,53441,134,134,134,60,61,6,58,56,4,True,True,True,0,core_only,24,26,20,11,41
arabic-modern-standard-sharif,184495,64,64,64,35,35,1,35,34,1,True,True,True,0,core_only,18,16,12,7,21
arabic-moroccan-spoken,8418,195,195,197,71,73,15,68,67,4,True,True,True,0,core_only,24,30,29,16,45
arabic-najdi,184591,9,9,9,6,6,2,6,5,1,True,False,False,0,core_only,1,2,1,2,5
arabic-north-african,20538,1,1,1,1,1,1,1,0,1,False,False,False,0,core_only,0,0,0,0,1
arabic-palestinian,53347,152,152,154,69,71,13,67,66,3,True,True,True,0,core_only,24,29,28,16,43
arabic-saidi-spoken,4532,132,132,132,57,58,3,55,54,3,True,True,True,0,core_only,23,26,20,10,38
arabic-sanaani,15161,63,63,63,36,36,2,36,34,2,True,True,True,0,core_only,18,16,12,7,22
arabic-sudanese-spoken,13562,153,153,155,70,72,14,68,67,3,True,True,True,0,core_only,25,29,29,16,43
arabic-taizzi-yemeni,184627,116,116,116,56,57,2,55,54,2,True,True,True,0,core_only,23,26,20,10,37
arabic-tunisian,20547,259,259,261,68,70,12,67,66,2,True,True,True,0,core_only,24,29,28,16,42
aralle,145459,62,62,62,35,35,1,35,34,1,True,True,True,0,core_only,18,16,12,7,21
aramba,11251,62,62,62,35,35,1,35,34,1,True,True,True,0,core_only,18,16,12,7,21
arbore,139498,62,62,62,35,35,1,35,34,1,True,True,True,0,core_only,18,16,12,7,21
are,144351,63,63,63,35,35,1,35,34,1,True,True,True,0,core_only,18,16,12,7,21
arhe,139524,62,62,62,35,35,1,35,34,1,True,True,True,0,core_only,18,16,12,7,21
arifama-miniafia,10616,62,62,62,35,35,1,35,34,1,True,True,True,0,core_only,18,16,12,7,21
aringa,99508,62,62,62,35,35,1,35,34,1,True,True,True,0,core_only,18,16,12,7,21
armenian,646,156,156,158,71,73,15,69,68,3,True,True,True,0,core_only,25,29,29,17,44
armenian-western,20550,131,131,131,58,59,4,56,55,3,True,True,True,0,core_only,23,26,20,11,39
arosi,139342,62,62,62,35,35,1,35,34,1,True,True,True,0,core_only,18,16,12,7,21
arumanian,176089,118,118,118,56,57,2,55,54,2,True,True,True,0,core_only,23,26,20,10,37
asante-twi,185199,137,137,137,61,62,4,59,54,3,True,True,True,0,core_only,23,27,22,13,40
ashaninka,140060,115,115,115,56,57,2,55,54,2,True,True,True,0,core_only,23,26,20,10,37
asheninca-pichis,23941,63,63,63,35,35,1,35,34,1,True,True,True,0,core_only,18,16,12,7,21
assamese,1171,138,138,138,59,60,5,56,56,3,True,True,True,0,core_only,23,28,22,10,39
assamese-muslim,185219,62,62,62,35,35,1,35,34,1,True,True,True,0,core_only,18,16,12,7,21
assyrian,20551,116,116,116,56,57,2,55,54,2,True,True,True,0,core_only,23,26,20,10,37
ateso,20963,67,67,67,39,39,2,39,34,1,True,True,True,0,core_only,18,17,14,10,23
athpariya,97073,62,62,62,35,35,1,35,34,1,True,True,True,0,core_only,18,16,12,7,21
atitlan-mixe,20830,62,62,62,35,35,1,35,34,1,True,True,True,0,core_only,18,16,12,7,21
auhelawa,141644,63,63,63,35,35,1,35,34,1,True,True,True,0,core_only,18,16,12,7,21
aukaans,18698,62,62,62,35,35,1,35,34,1,True,True,True,0,core_only,18,16,12,7,21
avar,15882,63,63,63,35,35,1,35,34,1,True,True,True,0,core_only,18,16,12,7,21
avikam,16111,62,62,62,35,35,1,35,34,1,True,True,True,0,core_only,18,16,12,7,21
avokaya,13567,62,62,62,35,35,1,35,34,1,True,True,True,0,core_only,18,16,12,7,21
awa,100703,63,63,63,35,35,1,35,34,1,True,True,True,0,core_only,18,16,12,7,21
awa-8,139568,62,62,62,35,35,1,35,34,1,True,True,True,0,core_only,18,16,12,7,21
awa-cuaiquer,141518,62,62,62,35,35,1,35,34,1,True,True,True,0,core_only,18,16,12,7,21
awad-bing,139661,63,63,63,35,35,1,35,34,1,True,True,True,0,core_only,18,16,12,7,21
awadhi,5603,135,135,135,57,58,3,55,54,3,True,True,True,0,core_only,23,26,20,10,38
awadhi-nepal,184922,62,62,62,35,35,1,35,34,1,True,True,True,0,core_only,18,16,12,7,21
awajun,139322,62,62,62,35,35,1,35,34,1,True,True,True,0,core_only,18,16,12,7,21
awak,10231,62,62,62,35,35,1,35,34,1,True,True,True,0,core_only,18,16,12,7,21
awgni,53389,62,62,62,35,35,1,35,34,1,True,True,True,0,core_only,18,16,12,7,21
awing,139611,64,64,64,35,35,1,35,34,1,True,True,True,0,core_only,18,16,12,7,21
awutu,19468,67,67,67,39,39,2,39,34,1,True,True,True,0,core_only,18,17,14,10,23
ayizo-2,157289,55,55,55,32,32,1,32,31,1,True,True,True,0,core_only,17,14,12,7,18
ayizo-tori,145621,1,1,1,1,1,1,1,0,1,False,False,False,0,core_only,0,0,0,0,1
aymara-central,616,152,152,154,69,71,13,67,66,3,True,True,True,0,core_only,24,29,28,16,43
ayoreo,139601,63,63,63,35,35,1,35,34,1,True,True,True,0,core_only,18,16,12,7,21
ayta-abellen,96911,62,62,62,35,35,1,35,34,1,True,True,True,0,core_only,18,16,12,7,21
ayta-ambala,139244,64,64,64,35,35,1,35,34,1,True,True,True,0,core_only,18,16,12,7,21
ayta-mag-antsi,12596,62,62,62,35,35,1,35,34,1,True,True,True,0,core_only,18,16,12,7,21
ayta-mag-indi,139772,62,62,62,35,35,1,35,34,1,True,True,True,0,core_only,18,16,12,7,21
azerbaijani-iran,355,87,87,89,48,49,12,47,47,1,True,True,True,0,core_only,19,20,21,13,27
azerbaijani-north,689,164,164,166,78,80,22,76,75,3,True,True,True,0,core_only,26,31,29,19,51
azha,97274,62,62,62,35,35,1,35,34,1,True,True,True,0,core_only,18,16,12,7,21
aztec-nahuatl-guerrero,20843,62,62,62,35,35,1,35,34,1,True,True,True,0,core_only,18,16,12,7,21
babanki,139635,64,64,64,35,35,1,35,34,1,True,True,True,0,core_only,18,16,12,7,21
bacama-bwatiye,53330,62,62,62,35,35,1,35,34,1,True,True,True,0,core_only,18,16,12,7,21
bada,19547,62,62,62,35,35,1,35,34,1,True,True,True,0,core_only,18,16,12,7,21
badaga,5613,115,115,115,56,57,2,55,54,2,True,True,True,0,core_only,23,26,20,10,37
bade,10221,62,62,62,35,35,1,35,34,1,True,True,True,0,core_only,18,16,12,7,21
bado-parja,184499,62,62,62,35,35,1,35,34,1,True,True,True,0,core_only,18,16,12,7,21
baeggu,139997,63,63,63,35,35,1,35,34,1,True,True,True,0,core_only,18,16,12,7,21
baelelea,139996,63,63,63,35,35,1,35,34,1,True,True,True,0,core_only,18,16,12,7,21
bafut,2819,62,62,62,35,35,1,35,34,1,True,True,True,0,core_only,18,16,12,7,21
bagheli,6648,64,64,64,35,35,1,35,34,1,True,True,True,0,core_only,18,16,12,7,21
bagri,5699,121,121,121,56,57,2,55,54,2,True,True,True,0,core_only,23,26,20,10,37
bahasa-melayu-2,170534,2,2,2,1,1,1,1,1,0,False,False,False,0,core_only,0,0,0,0,1
bahnar,19391,62,62,62,35,35,1,35,34,1,True,True,True,0,core_only,18,16,12,7,21
bai,3948,64,64,64,35,35,1,35,34,1,True,True,True,0,core_only,18,16,12,7,21
bai-lama,184480,63,63,63,35,35,1,35,34,1,True,True,True,0,core_only,18,16,12,7,21
bai-southern,25916,70,70,70,40,40,2,40,39,1,True,True,True,0,core_only,19,18,13,9,25
baiso,139961,62,62,62,35,35,1,35,34,1,True,True,True,0,core_only,18,16,12,7,21
baitadeli,111587,62,62,62,35,35,1,35,34,1,True,True,True,0,core_only,18,16,12,7,21
bajau-indonesian,17655,62,62,62,35,35,1,35,34,1,True,True,True,0,core_only,18,16,12,7,21
bajhangi,111589,62,62,62,35,35,1,35,34,1,True,True,True,0,core_only,18,16,12,7,21
bajureli,184907,62,62,62,35,35,1,35,34,1,True,True,True,0,core_only,18,16,12,7,21
baka,97237,62,62,62,35,35,1,35,34,1,True,True,True,0,core_only,18,16,12,7,21
bakairi,1884,62,62,62,35,35,1,35,34,1,True,True,True,0,core_only,18,16,12,7,21
bakhtiari,6800,62,62,62,35,35,1,35,34,1,True,True,True,0,core_only,18,16,12,7,21
bakumpai,19560,62,62,62,35,35,1,35,34,1,True,True,True,0,core_only,18,16,12,7,21
bakwe,184847,64,64,64,35,35,1,35,34,1,True,True,True,0,core_only,18,16,12,7,21
balangao,12808,64,64,64,35,35,1,35,34,1,True,True,True,0,core_only,18,16,12,7,21
balangin-indo,184936,62,62,62,35,35,1,35,34,1,True,True,True,0,core_only,18,16,12,7,21
balanta,13002,62,62,62,35,35,1,35,34,1,True,True,True,0,core_only,18,16,12,7,21
balanta-ganja,23511,62,62,62,35,35,1,35,34,1,True,True,True,0,core_only,18,16,12,7,21
balanta-naga,53321,62,62,62,35,35,1,35,34,1,True,True,True,0,core_only,18,16,12,7,21
balantak,97403,62,62,62,35,35,1,35,34,1,True,True,True,0,core_only,18,16,12,7,21
bali,145699,62,62,62,35,35,1,35,34,1,True,True,True,0,core_only,18,16,12,7,21
bali-madya,19617,62,62,62,35,35,1,35,34,1,True,True,True,0,core_only,18,16,12,7,21
balkar,18518,63,63,63,35,35,1,35,34,1,True,True,True,0,core_only,18,16,12,7,21
balochi-eastern,5700,62,62,62,35,35,1,35,34,1,True,True,True,0,core_only,18,16,12,7,21
balochi-southern,6679,62,62,62,35,35,1,35,34,1,True,True,True,0,core_only,18,16,12,7,21
balochi-western,353,61,61,61,34,34,1,34,33,1,True,True,True,0,core_only,17,16,12,7,20
balti,6654,62,62,62,35,35,1,35,34,1,True,True,True,0,core_only,18,16,12,7,21
bambam,20163,62,62,62,35,35,1,35,34,1,True,True,True,0,core_only,18,16,12,7,21
bambara,2075,157,157,159,73,75,14,71,66,3,True,True,True,0,core_only,24,30,30,19,45
bamu,97185,62,62,62,35,35,1,35,34,1,True,True,True,0,core_only,18,16,12,7,21
bamun,2912,62,62,62,35,35,1,35,34,1,True,True,True,0,core_only,18,16,12,7,21
bana,139663,62,62,62,35,35,1,35,34,1,True,True,True,0,core_only,18,16,12,7,21
banda-linda,53434,67,67,67,39,39,2,39,34,1,True,True,True,0,core_only,18,17,14,10,23
bandi,7655,67,67,67,39,39,2,39,34,1,True,True,True,0,core_only,18,17,14,10,23
bandial,139909,64,64,64,35,35,1,35,34,1,True,True,True,0,core_only,18,16,12,7,21
banggai,17365,62,62,62,35,35,1,35,34,1,True,True,True,0,core_only,18,16,12,7,21
bangi,4360,62,62,62,35,35,1,35,34,1,True,True,True,0,core_only,18,16,12,7,21
bangjinge,28054,62,62,62,35,35,1,35,34,1,True,True,True,0,core_only,18,16,12,7,21
bangka,144471,62,62,62,35,35,1,35,34,1,True,True,True,0,core_only,18,16,12,7,21
bangla-2,176243,327,327,329,121,123,27,117,117,4,True,True,True,0,core_only,47,51,51,29,61
bangla-muslim,139082,228,228,230,87,89,24,84,83,4,True,True,True,0,core_only,28,35,31,21,58
banjar,16827,65,65,65,35,35,1,35,34,1,True,True,True,0,core_only,18,16,12,7,21
bankagooma,139862,62,62,62,35,35,1,35,34,1,True,True,True,0,core_only,18,16,12,7,21
bantoanon,12801,62,62,62,35,35,1,35,34,1,True,True,True,0,core_only,18,16,12,7,21
bara,7735,64,64,64,35,35,1,35,34,1,True,True,True,0,core_only,18,16,12,7,21
bara-tharu,184903,62,62,62,35,35,1,35,34,1,True,True,True,0,core_only,18,16,12,7,21
barai,10726,62,62,62,35,35,1,35,34,1,True,True,True,0,core_only,18,16,12,7,21
bareli-pawri,184486,62,62,62,35,35,1,35,34,1,True,True,True,0,core_only,18,16,12,7,21
bareli-rathwi,25919,121,121,121,56,57,2,55,54,2,True,True,True,0,core_only,23,26,20,10,37
bari,13586,124,124,126,47,48,11,47,46,1,True,True,True,0,core_only,19,19,20,13,26
bariai,10715,62,62,62,35,35,1,35,34,1,True,True,True,0,core_only,18,16,12,7,21
bariba,1294,121,121,121,60,61,3,59,54,2,True,True,True,0,core_only,23,27,22,13,39
barka,145881,62,62,62,35,35,1,35,34,1,True,True,True,0,core_only,18,16,12,7,21
basa,24010,62,62,62,35,35,1,35,34,1,True,True,True,0,core_only,18,16,12,7,21
basaa,2923,62,62,62,35,35,1,35,34,1,True,True,True,0,core_only,18,16,12,7,21
basang,146749,62,62,62,35,35,1,35,34,1,True,True,True,0,core_only,18,16,12,7,21
bashkir,18450,145,145,145,57,58,3,55,54,3,True,True,True,0,core_only,23,26,20,10,38
basketto,4779,62,62,62,35,35,1,35,34,1,True,True,True,0,core_only,18,16,12,7,21
basque,23514,76,76,76,36,36,2,35,34,2,True,True,True,0,core_only,18,16,12,7,22
bassa,19508,69,69,69,39,39,2,39,34,1,True,True,True,0,core_only,18,17,14,10,23
batak-alas,146378,62,62,62,35,35,1,35,34,1,True,True,True,0,core_only,18,16,12,7,21
batak-angkola,17689,62,62,62,35,35,1,35,34,1,True,True,True,0,core_only,18,16,12,7,21
batak-karo,17813,62,62,62,35,35,1,35,34,1,True,True,True,0,core_only,18,16,12,7,21
batak-kluet,146379,62,62,62,35,35,1,35,34,1,True,True,True,0,core_only,18,16,12,7,21
batak-mandailing,17815,62,62,62,35,35,1,35,34,1,True,True,True,0,core_only,18,16,12,7,21
batak-simalungun,17814,62,62,62,35,35,1,35,34,1,True,True,True,0,core_only,18,16,12,7,21
batak-toba,17818,62,62,62,35,35,1,35,34,1,True,True,True,0,core_only,18,16,12,7,21
bateq,139973,62,62,62,35,35,1,35,34,1,True,True,True,0,core_only,18,16,12,7,21
batui,143190,62,62,62,35,35,1,35,34,1,True,True,True,0,core_only,18,16,12,7,21
baule,16107,116,116,116,56,57,2,55,54,2,True,True,True,0,core_only,23,26,20,10,37
bauria,5703,62,62,62,35,35,1,35,34,1,True,True,True,0,core_only,18,16,12,7,21
bawean,153673,62,62,62,35,35,1,35,34,1,True,True,True,0,core_only,18,16,12,7,21
bazigar,5612,62,62,62,35,35,1,35,34,1,True,True,True,0,core_only,18,16,12,7,21
bedamuni,21577,62,62,62,35,35,1,35,34,1,True,True,True,0,core_only,18,16,12,7,21
beembe,4276,62,62,62,35,35,1,35,34,1,True,True,True,0,core_only,18,16,12,7,21
behoa,97214,62,62,62,35,35,1,35,34,1,True,True,True,0,core_only,18,16,12,7,21
beja-bidhaawyeet,184917,63,63,63,35,35,1,35,34,1,True,True,True,0,core_only,18,16,12,7,21
bekwarra,10208,62,62,62,35,35,1,35,34,1,True,True,True,0,core_only,18,16,12,7,21
bekwel,139761,62,62,62,35,35,1,35,34,1,True,True,True,0,core_only,18,16,12,7,21
bel,161859,63,63,63,35,35,1,35,34,1,True,True,True,0,core_only,18,16,12,7,21
belanda-viri,140001,62,62,62,35,35,1,35,34,1,True,True,True,0,core_only,18,16,12,7,21
belleh,158085,62,62,62,35,35,1,35,34,1,True,True,True,0,core_only,18,16,12,7,21
belorussian,1259,98,98,100,48,49,12,47,46,2,True,True,True,0,core_only,19,19,20,13,27
bemba,14278,159,159,161,73,75,14,71,66,3,True,True,True,0,core_only,24,30,30,19,45
bembe,19571,62,62,62,35,35,1,35,34,1,True,True,True,0,core_only,18,16,12,7,21
bena,14277,62,62,62,35,35,1,35,34,1,True,True,True,0,core_only,18,16,12,7,21
benabena,139554,62,62,62,35,35,1,35,34,1,True,True,True,0,core_only,18,16,12,7,21
bench,19518,62,62,62,35,35,1,35,34,1,True,True,True,0,core_only,18,16,12,7,21
bende-tongwe,139543,62,62,62,35,35,1,35,34,1,True,True,True,0,core_only,18,16,12,7,21
bengali-indian,139081,335,335,337,126,128,28,123,121,5,True,True,True,0,core_only,47,51,53,30,66
benyadu,97609,62,62,62,35,35,1,35,34,1,True,True,True,0,core_only,18,16,12,7,21
berom,10185,69,69,69,39,39,2,39,34,1,True,True,True,0,core_only,18,17,14,10,23
betawi,16652,62,62,62,35,35,1,35,34,1,True,True,True,0,core_only,18,16,12,7,21
bete-daloa,16103,62,62,62,35,35,1,35,34,1,True,True,True,0,core_only,18,16,12,7,21
bete-gagnoa,16098,62,62,62,35,35,1,35,34,1,True,True,True,0,core_only,18,16,12,7,21
bete-guiberoua,16106,62,62,62,35,35,1,35,34,1,True,True,True,0,core_only,18,16,12,7,21
bette,28132,62,62,62,35,35,1,35,34,1,True,True,True,0,core_only,18,16,12,7,21
bhadrawahi,5671,62,62,62,35,35,1,35,34,1,True,True,True,0,core_only,18,16,12,7,21
bharia,5696,63,63,63,35,35,1,35,34,1,True,True,True,0,core_only,18,16,12,7,21
bhatri,5697,62,62,62,35,35,1,35,34,1,True,True,True,0,core_only,18,16,12,7,21
bhattiyali,6642,62,62,62,35,35,1,35,34,1,True,True,True,0,core_only,18,16,12,7,21
bhele,139693,62,62,62,35,35,1,35,34,1,True,True,True,0,core_only,18,16,12,7,21
bhilali,139684,62,62,62,35,35,1,35,34,1,True,True,True,0,core_only,18,16,12,7,21
bhili,5695,62,62,62,35,35,1,35,34,1,True,True,True,0,core_only,18,16,12,7,21
bhogoto,53435,67,67,67,39,39,2,39,34,1,True,True,True,0,core_only,18,17,14,10,23
bhojpuri,5667,145,145,145,62,63,4,60,59,3,True,True,True,0,core_only,24,28,21,12,42
bhojpuri-nepal,145845,62,62,62,35,35,1,35,34,1,True,True,True,0,core_only,18,16,12,7,21
biafada,16120,62,62,62,35,35,1,35,34,1,True,True,True,0,core_only,18,16,12,7,21
biak,16488,62,62,62,35,35,1,35,34,1,True,True,True,0,core_only,18,16,12,7,21
bicolano,22100,64,64,64,35,35,1,35,34,1,True,True,True,0,core_only,18,16,12,7,21
bidayuh-jagoi,151767,62,62,62,35,35,1,35,34,1,True,True,True,0,core_only,18,16,12,7,21
bijago,21963,62,62,62,35,35,1,35,34,1,True,True,True,0,core_only,18,16,12,7,21
bikol-buhinon,100255,64,64,64,35,35,1,35,34,1,True,True,True,0,core_only,18,16,12,7,21
bilaspuri,6363,62,62,62,35,35,1,35,34,1,True,True,True,0,core_only,18,16,12,7,21
bilua,139762,63,63,63,35,35,1,35,34,1,True,True,True,0,core_only,18,16,12,7,21
bima,19537,62,62,62,35,35,1,35,34,1,True,True,True,0,core_only,18,16,12,7,21
bimin,12286,62,62,62,35,35,1,35,34,1,True,True,True,0,core_only,18,16,12,7,21
bimoba,5174,62,62,62,35,35,1,35,34,1,True,True,True,0,core_only,18,16,12,7,21
binandere,139683,62,62,62,35,35,1,35,34,1,True,True,True,0,core_only,18,16,12,7,21
bine,11446,62,62,62,35,35,1,35,34,1,True,True,True,0,core_only,18,16,12,7,21
binukid,12854,62,62,62,35,35,1,35,34,1,True,True,True,0,core_only,18,16,12,7,21
birifor,139154,62,62,62,35,35,1,35,34,1,True,True,True,0,core_only,18,16,12,7,21
birifor-southern,5173,62,62,62,35,35,1,35,34,1,True,True,True,0,core_only,18,16,12,7,21
bishnupriya,23250,62,62,62,35,35,1,35,34,1,True,True,True,0,core_only,18,16,12,7,21
bislama,9181,99,99,101,48,49,12,47,46,2,True,True,True,0,core_only,19,19,20,13,27
bisu,140169,123,123,123,61,62,3,60,59,2,True,True,True,0,core_only,24,28,21,12,41
blaan-koronadal,12816,62,62,62,35,35,1,35,34,1,True,True,True,0,core_only,18,16,12,7,21
blaan-sarangani,12815,62,62,62,35,35,1,35,34,1,True,True,True,0,core_only,18,16,12,7,21
blackfoot,3105,62,62,62,35,35,1,35,34,1,True,True,True,0,core_only,18,16,12,7,21
blin,4593,64,64,64,35,35,1,35,34,1,True,True,True,0,core_only,18,16,12,7,21
blowo,147081,62,62,62,35,35,1,35,34,1,True,True,True,0,core_only,18,16,12,7,21
bobe,115239,84,84,86,47,48,11,47,46,1,True,True,True,0,core_only,19,19,20,13,26
bobo-madare-southern,2073,62,62,62,35,35,1,35,34,1,True,True,True,0,core_only,18,16,12,7,21
bodo,19594,116,116,116,56,57,2,55,54,2,True,True,True,0,core_only,23,26,20,10,37
bogghom,158871,62,62,62,35,35,1,35,34,1,True,True,True,0,core_only,18,16,12,7,21
bokyi,2788,62,62,62,35,35,1,35,34,1,True,True,True,0,core_only,18,16,12,7,21
bola,10813,62,62,62,35,35,1,35,34,1,True,True,True,0,core_only,18,16,12,7,21
bolewa,19581,62,62,62,35,35,1,35,34,1,True,True,True,0,core_only,18,16,12,7,21
bolinao,12589,62,62,62,35,35,1,35,34,1,True,True,True,0,core_only,18,16,12,7,21
bomu,2081,62,62,62,35,35,1,35,34,1,True,True,True,0,core_only,18,16,12,7,21
bongo,97457,62,62,62,35,35,1,35,34,1,True,True,True,0,core_only,18,16,12,7,21
bora,139707,63,63,63,35,35,1,35,34,1,True,True,True,0,core_only,18,16,12,7,21
borna-shinasha,97524,62,62,62,35,35,1,35,34,1,True,True,True,0,core_only,18,16,12,7,21
bororo,1873,62,62,62,35,35,1,35,34,1,True,True,True,0,core_only,18,16,12,7,21
bosnian,20581,84,84,86,47,48,11,47,46,1,True,True,True,0,core_only,19,19,20,13,26
bouyei,3960,62,62,62,35,35,1,35,34,1,True,True,True,0,core_only,18,16,12,7,21
bouyei-anshun,139132,64,64,64,35,35,1,35,34,1,True,True,True,0,core_only,18,16,12,7,21
bouyei-qianxi,185354,62,62,62,35,35,1,35,34,1,True,True,True,0,core_only,18,16,12,7,21
bozo-jenaama,140166,62,62,62,35,35,1,35,34,1,True,True,True,0,core_only,18,16,12,7,21
bozo-tigemaxo,139885,62,62,62,35,35,1,35,34,1,True,True,True,0,core_only,18,16,12,7,21
brahui,351,62,62,62,35,35,1,35,34,1,True,True,True,0,core_only,18,16,12,7,21
braj-bhasha,5611,62,62,62,35,35,1,35,34,1,True,True,True,0,core_only,18,16,12,7,21
brazilian-sign-language,1872,1,1,1,1,1,1,1,0,1,False,False,False,0,core_only,0,0,0,0,1
brezhoneg,158608,62,62,62,35,35,1,35,34,1,True,True,True,0,core_only,18,16,12,7,21
bru-eastern,7371,62,62,62,35,35,1,35,34,1,True,True,True,0,core_only,18,16,12,7,21
bru-van-kieu,185256,62,62,62,35,35,1,35,34,1,True,True,True,0,core_only,18,16,12,7,21
budu-koya,24092,62,62,62,35,35,1,35,34,1,True,True,True,0,core_only,18,16,12,7,21
budu-nita,24091,62,62,62,35,35,1,35,34,1,True,True,True,0,core_only,18,16,12,7,21
budza,15667,64,64,64,35,35,1,35,34,1,True,True,True,0,core_only,18,16,12,7,21
bugis,17645,62,62,62,35,35,1,35,34,1,True,True,True,0,core_only,18,16,12,7,21
bugis-soppeng,185058,62,62,62,35,35,1,35,34,1,True,True,True,0,core_only,18,16,12,7,21
bugkalot,184845,64,64,64,35,35,1,35,34,1,True,True,True,0,core_only,18,16,12,7,21
buglere,10601,62,62,62,35,35,1,35,34,1,True,True,True,0,core_only,18,16,12,7,21
bukharian,6934,62,62,62,35,35,1,35,34,1,True,True,True,0,core_only,18,16,12,7,21
buksa,23325,62,62,62,35,35,1,35,34,1,True,True,True,0,core_only,18,16,12,7,21
bukusu,19606,62,62,62,35,35,1,35,34,1,True,True,True,0,core_only,18,16,12,7,21
bulgarian,1964,166,166,168,79,81,15,77,76,3,True,True,True,0,core_only,27,30,32,19,51
buli,19610,62,62,62,35,35,1,35,34,1,True,True,True,0,core_only,18,16,12,7,21
bulu,2884,62,62,62,35,35,1,35,34,1,True,True,True,0,core_only,18,16,12,7,21
bulusu,139916,62,62,62,35,35,1,35,34,1,True,True,True,0,core_only,18,16,12,7,21
bum,139792,64,64,64,35,35,1,35,34,1,True,True,True,0,core_only,18,16,12,7,21
bundel-khandi,20587,67,67,67,35,35,1,35,34,1,True,True,True,0,core_only,18,16,12,7,21
bungu,99933,62,62,62,35,35,1,35,34,1,True,True,True,0,core_only,18,16,12,7,21
buol,17373,62,62,62,35,35,1,35,34,1,True,True,True,0,core_only,18,16,12,7,21
bura-pabir,10343,62,62,62,35,35,1,35,34,1,True,True,True,0,core_only,18,16,12,7,21
buriat-russia,18321,131,131,131,58,59,4,56,55,3,True,True,True,0,core_only,23,26,20,11,39
burmese,1254,79,79,79,37,37,9,37,37,0,True,True,True,0,core_only,20,16,18,10,10
burmese-common,184855,63,63,63,36,36,2,35,35,1,True,True,True,0,core_only,18,17,13,7,22
burmese-musselmani,24293,62,62,62,35,35,1,35,34,1,True,True,True,0,core_only,18,16,12,7,21
burmese-standard,184854,157,157,159,70,73,14,68,66,4,True,True,True,0,core_only,24,30,28,17,44
burun,139538,64,64,64,35,35,1,35,34,1,True,True,True,0,core_only,18,16,12,7,21
burunge,139544,62,62,62,35,35,1,35,34,1,True,True,True,0,core_only,18,16,12,7,21
burushaski,10570,62,62,62,35,35,1,35,34,1,True,True,True,0,core_only,18,16,12,7,21
buurak,49141,62,62,62,35,35,1,35,34,1,True,True,True,0,core_only,18,16,12,7,21
bwamu-laa-laa,2074,62,62,62,35,35,1,35,34,1,True,True,True,0,core_only,18,16,12,7,21
bwazza,9491,62,62,62,35,35,1,35,34,1,True,True,True,0,core_only,18,16,12,7,21
cabecar,140126,62,62,62,35,35,1,35,34,1,True,True,True,0,core_only,18,16,12,7,21
cakchiquel-central,5439,84,84,86,47,48,11,47,46,1,True,True,True,0,core_only,19,19,20,13,26
cakchiquel-eastern,5397,62,62,62,35,35,1,35,34,1,True,True,True,0,core_only,18,16,12,7,21
cakchiquel-south-central,5437,64,64,64,35,35,1,35,34,1,True,True,True,0,core_only,18,16,12,7,21
cakchiquel-western,5392,132,132,132,57,58,3,55,54,3,True,True,True,0,core_only,23,26,20,10,38
canela,101512,62,62,62,35,35,1,35,34,1,True,True,True,0,core_only,18,16,12,7,21
cantonese,20601,308,308,310,118,120,27,114,114,4,True,True,True,0,core_only,47,49,50,27,59
capanahua,141267,63,63,63,35,35,1,35,34,1,True,True,True,0,core_only,18,16,12,7,21
carib-eastern,53421,62,62,62,35,35,1,35,34,1,True,True,True,0,core_only,18,16,12,7,21
catalan-valencian-balear,531,147,147,147,58,59,4,56,55,3,True,True,True,0,core_only,23,26,20,10,39
cebuano,12784,108,108,110,53,54,13,51,51,2,True,True,True,0,core_only,20,21,21,15,31
central-asian-russian,20899,166,166,168,80,82,24,77,76,4,True,True,True,0,core_only,25,32,29,20,54
central-buang,159546,62,62,62,35,35,1,35,34,1,True,True,True,0,core_only,18,16,12,7,21
cerma,2067,67,67,67,39,39,2,39,34,1,True,True,True,0,core_only,18,17,14,10,23
chachi,4501,62,62,62,35,35,1,35,34,1,True,True,True,0,core_only,18,16,12,7,21
chakfem,159392,62,62,62,35,35,1,35,34,1,True,True,True,0,core_only,18,16,12,7,21
chakma,1253,62,62,62,35,35,1,35,34,1,True,True,True,0,core_only,18,16,12,7,21
chaldean,20592,116,116,116,56,57,2,55,54,2,True,True,True,0,core_only,23,26,20,10,37
cham-eastern,19372,62,62,62,35,35,1,35,34,1,True,True,True,0,core_only,18,16,12,7,21
cham-western,2145,62,62,62,35,35,1,35,34,1,True,True,True,0,core_only,18,16,12,7,21
chamacoco,140087,62,62,62,35,35,1,35,34,1,True,True,True,0,core_only,18,16,12,7,21
chamari,97720,62,62,62,35,35,1,35,34,1,True,True,True,0,core_only,18,16,12,7,21
chamba-daka,159038,62,62,62,35,35,1,35,34,1,True,True,True,0,core_only,18,16,12,7,21
chambeali,5652,62,62,62,35,35,1,35,34,1,True,True,True,0,core_only,18,16,12,7,21
chamling,50165,62,62,62,35,35,1,35,34,1,True,True,True,0,core_only,18,16,12,7,21
chamorro,5379,84,84,86,47,48,11,47,46,1,True,True,True,0,core_only,19,19,20,13,26
chara,140248,62,62,62,35,35,1,35,34,1,True,True,True,0,core_only,18,16,12,7,21
chasu-pare,24223,62,62,62,35,35,1,35,34,1,True,True,True,0,core_only,18,16,12,7,21
chatgaya-chittagonian-hindu,139131,129,129,129,57,58,3,56,54,3,True,True,True,0,core_only,23,26,20,10,38
chatgaya-chittagonian-muslim,21674,128,128,128,56,57,2,55,54,2,True,True,True,0,core_only,23,26,20,10,37
chatino-nopala,8282,62,62,62,35,35,1,35,34,1,True,True,True,0,core_only,18,16,12,7,21
chatino-zenzontepec,8281,62,62,62,35,35,1,35,34,1,True,True,True,0,core_only,18,16,12,7,21
chavacano,12791,62,62,62,35,35,1,35,34,1,True,True,True,0,core_only,18,16,12,7,21
chechen,7139,63,63,63,35,35,1,35,34,1,True,True,True,0,core_only,18,16,12,7,21
cheke-holo,144083,63,63,63,35,35,1,35,34,1,True,True,True,0,core_only,18,16,12,7,21
cherepon,25991,62,62,62,35,35,1,35,34,1,True,True,True,0,core_only,18,16,12,7,21
chhattisgarhi,6463,135,135,135,57,58,3,55,54,3,True,True,True,0,core_only,23,26,20,10,38
chibi-setentrional,139134,64,64,64,35,35,1,35,34,1,True,True,True,0,core_only,18,16,12,7,21
chichewa,20857,292,292,294,106,108,19,104,99,3,True,True,True,0,core_only,42,44,47,29,52
chikunda,163660,64,64,64,35,35,1,35,34,1,True,True,True,0,core_only,18,16,12,7,21
chilcotin,3099,62,62,62,35,35,1,35,34,1,True,True,True,0,core_only,18,16,12,7,21
chin-asho,1181,62,62,62,35,35,1,35,34,1,True,True,True,0,core_only,18,16,12,7,21
chin-falam,1192,62,62,62,35,35,1,35,34,1,True,True,True,0,core_only,18,16,12,7,21
chin-khumi,1252,62,62,62,35,35,1,35,34,1,True,True,True,0,core_only,18,16,12,7,21
chin-mun,8746,62,62,62,35,35,1,35,34,1,True,True,True,0,core_only,18,16,12,7,21
chin-paite,5961,62,62,62,35,35,1,35,34,1,True,True,True,0,core_only,18,16,12,7,21
chinantec-usila,97686,62,62,62,35,35,1,35,34,1,True,True,True,0,core_only,18,16,12,7,21
chinanteco-quiotepec,8343,62,62,62,35,35,1,35,34,1,True,True,True,0,core_only,18,16,12,7,21
chinanteco-tepetotutla,7922,62,62,62,35,35,1,35,34,1,True,True,True,0,core_only,18,16,12,7,21
chinanteco-tlacoatzintepec,7926,62,62,62,35,35,1,35,34,1,True,True,True,0,core_only,18,16,12,7,21
chinese-guiliu,53352,62,62,62,35,35,1,35,34,1,True,True,True,0,core_only,18,16,12,7,21
chinese-hokkien-amoy,184515,118,118,118,57,58,3,55,55,2,True,True,True,0,core_only,23,27,21,10,38
chinese-qinghai,24096,64,64,64,35,35,1,35,34,1,True,True,True,0,core_only,18,16,12,7,21
chinese-sichuan,23062,62,62,62,35,35,1,35,34,1,True,True,True,0,core_only,18,16,12,7,21
chinese-simplified,21754,89,89,89,51,52,31,50,51,0,True,True,True,0,core_only,22,13,14,12,23
chinese-traditional,21753,48,48,48,31,32,19,30,31,0,True,True,True,0,core_only,17,10,11,6,5
chinese-yunnan-kunming,23061,76,76,76,36,36,2,35,34,2,True,True,True,0,core_only,18,16,12,7,22
chingoni,20084,62,62,62,35,35,1,35,34,1,True,True,True,0,core_only,18,16,12,7,21
chitembo,47429,62,62,62,35,35,1,35,34,1,True,True,True,0,core_only,18,16,12,7,21
chitwan-tharu,167552,62,62,62,35,35,1,35,34,1,True,True,True,0,core_only,18,16,12,7,21
chodri,5648,62,62,62,35,35,1,35,34,1,True,True,True,0,core_only,18,16,12,7,21
chokwe-angola,23492,62,62,62,35,35,1,35,34,1,True,True,True,0,core_only,18,16,12,7,21
chokwe-congo,23491,62,62,62,35,35,1,35,34,1,True,True,True,0,core_only,18,16,12,7,21
chol-tumbala,8315,62,62,62,35,35,1,35,34,1,True,True,True,0,core_only,18,16,12,7,21
chonyi,7343,67,67,67,39,39,2,39,34,1,True,True,True,0,core_only,18,17,14,10,23
chopi,8420,62,62,62,35,35,1,35,34,1,True,True,True,0,core_only,18,16,12,7,21
chumburung,5232,62,62,62,35,35,1,35,34,1,True,True,True,0,core_only,18,16,12,7,21
churahi,5647,62,62,62,35,35,1,35,34,1,True,True,True,0,core_only,18,16,12,7,21
chuukese,139129,62,62,62,35,35,1,35,34,1,True,True,True,0,core_only,18,16,12,7,21
chuvash,18574,63,63,63,35,35,1,35,34,1,True,True,True,0,core_only,18,16,12,7,21
chwabo,8426,62,62,62,35,35,1,35,34,1,True,True,True,0,core_only,18,16,12,7,21
cia-cia,17626,62,62,62,35,35,1,35,34,1,True,True,True,0,core_only,18,16,12,7,21
cirebon,19766,62,62,62,35,35,1,35,34,1,True,True,True,0,core_only,18,16,12,7,21
cishingini,9316,62,62,62,35,35,1,35,34,1,True,True,True,0,core_only,18,16,12,7,21
clela,23874,62,62,62,35,35,1,35,34,1,True,True,True,0,core_only,18,16,12,7,21
cofan,184472,62,62,62,35,35,1,35,34,1,True,True,True,0,core_only,18,16,12,7,21
cogui,23924,62,62,62,35,35,1,35,34,1,True,True,True,0,core_only,18,16,12,7,21
col,141796,62,62,62,35,35,1,35,34,1,True,True,True,0,core_only,18,16,12,7,21
colombian-sign-language,4247,1,1,1,1,1,1,1,0,1,False,False,False,0,core_only,0,0,0,0,1
comorian-shingazidja,15903,62,62,62,35,35,1,35,34,1,True,True,True,0,core_only,18,16,12,7,21
cook-islands-maori,176906,64,64,64,35,35,1,35,34,1,True,True,True,0,core_only,18,16,12,7,21
cora,8323,62,62,62,35,35,1,35,34,1,True,True,True,0,core_only,18,16,12,7,21
costa-rican-sign-language,4394,1,1,1,1,1,1,1,0,1,False,False,False,0,core_only,0,0,0,0,1
cree-western,3087,62,62,62,35,35,1,35,34,1,True,True,True,0,core_only,18,16,12,7,21
crimean-tatar,22335,63,63,63,35,35,1,35,34,1,True,True,True,0,core_only,18,16,12,7,21
crioulo-upper-guinea,5059,99,99,101,60,61,13,60,55,1,True,True,True,0,core_only,21,21,25,19,36
croatian,1109,262,262,264,103,105,21,101,100,3,True,True,True,0,core_only,42,42,44,26,52
csango,108102,76,76,76,36,36,2,35,34,2,True,True,True,0,core_only,18,16,12,7,22
cubeo,1592,62,62,62,35,35,1,35,34,1,True,True,True,0,core_only,18,16,12,7,21
cuicateco-tepeuxila,8284,62,62,62,35,35,1,35,34,1,True,True,True,0,core_only,18,16,12,7,21
cun,3792,62,62,62,35,35,1,35,34,1,True,True,True,0,core_only,18,16,12,7,21
curripaco,141382,63,63,63,35,35,1,35,34,1,True,True,True,0,core_only,18,16,12,7,21
cuyonon,12773,64,64,64,35,35,1,35,34,1,True,True,True,0,core_only,18,16,12,7,21
czech,4432,304,304,306,120,122,21,117,116,4,True,True,True,0,core_only,45,47,51,31,65
daani,185232,62,62,62,35,35,1,35,34,1,True,True,True,0,core_only,18,16,12,7,21
daasanach,97941,64,64,64,35,35,1,35,34,1,True,True,True,0,core_only,18,16,12,7,21
daba,2865,62,62,62,35,35,1,35,34,1,True,True,True,0,core_only,18,16,12,7,21
dadeldhureli,53355,62,62,62,35,35,1,35,34,1,True,True,True,0,core_only,18,16,12,7,21
dadiya,10292,62,62,62,35,35,1,35,34,1,True,True,True,0,core_only,18,16,12,7,21
dagaari-northern,22197,0,0,0,0,0,0,0,0,0,False,False,False,0,core_only,0,0,0,0,0
dagaari-southern,5188,62,62,62,35,35,1,35,34,1,True,True,True,0,core_only,18,16,12,7,21
dagara,116416,62,62,62,35,35,1,35,34,1,True,True,True,0,core_only,18,16,12,7,21
dagbanli,184814,67,67,67,39,39,2,39,34,1,True,True,True,0,core_only,18,17,14,10,23
dan,5462,67,67,67,39,39,2,39,34,1,True,True,True,0,core_only,18,17,14,10,23
dangali-tharu,185063,62,62,62,35,35,1,35,34,1,True,True,True,0,core_only,18,16,12,7,21
dangi,22682,62,62,62,35,35,1,35,34,1,True,True,True,0,core_only,18,16,12,7,21
dani-western,16447,62,62,62,35,35,1,35,34,1,True,True,True,0,core_only,18,16,12,7,21
danish,4454,113,113,115,46,47,16,46,45,1,True,True,True,0,core_only,18,17,24,17,14
dano,139511,63,63,63,35,35,1,35,34,1,True,True,True,0,core_only,18,16,12,7,21
darchuleli,111588,62,62,62,35,35,1,35,34,1,True,True,True,0,core_only,18,16,12,7,21
dargin,20644,63,63,63,35,35,1,35,34,1,True,True,True,0,core_only,18,16,12,7,21
dari,53400,207,207,209,78,80,22,76,75,3,True,True,True,0,core_only,25,32,29,19,52
datooga,14081,62,62,62,35,35,1,35,34,1,True,True,True,0,core_only,18,16,12,7,21
daur,3786,62,62,62,35,35,1,35,34,1,True,True,True,0,core_only,18,16,12,7,21
davik-kui,185003,62,62,62,35,35,1,35,34,1,True,True,True,0,core_only,18,16,12,7,21
dawro,4633,62,62,62,35,35,1,35,34,1,True,True,True,0,core_only,18,16,12,7,21
dayak-ngaju,172218,62,62,62,35,35,1,35,34,1,True,True,True,0,core_only,18,16,12,7,21
daza,3299,62,62,62,35,35,1,35,34,1,True,True,True,0,core_only,18,16,12,7,21
deccani,22685,64,64,64,35,35,1,35,34,1,True,True,True,0,core_only,18,16,12,7,21
deg,144593,67,67,67,39,39,2,39,34,1,True,True,True,0,core_only,18,17,14,10,23
dei,140356,62,62,62,35,35,1,35,34,1,True,True,True,0,core_only,18,16,12,7,21
dendi-djougou,53326,62,62,62,35,35,1,35,34,1,True,True,True,0,core_only,18,16,12,7,21
dendi-malanville,1344,62,62,62,35,35,1,35,34,1,True,True,True,0,core_only,18,16,12,7,21
dene,97745,62,62,62,35,35,1,35,34,1,True,True,True,0,core_only,18,16,12,7,21
deori,140367,62,62,62,35,35,1,35,34,1,True,True,True,0,core_only,18,16,12,7,21
dera,19822,62,62,62,35,35,1,35,34,1,True,True,True,0,core_only,18,16,12,7,21
dersim-zazaki,22684,62,62,62,35,35,1,35,34,1,True,True,True,0,core_only,18,16,12,7,21
desia,20863,62,62,62,35,35,1,35,34,1,True,True,True,0,core_only,18,16,12,7,21
dhatki,10529,116,116,116,56,57,2,55,54,2,True,True,True,0,core_only,23,26,20,10,37
dhimal,140205,62,62,62,35,35,1,35,34,1,True,True,True,0,core_only,18,16,12,7,21
dhivehi,53287,121,121,123,68,69,20,68,67,1,True,True,True,0,core_only,27,27,25,22,36
dhodia,6548,63,63,63,36,36,2,36,35,1,True,True,True,0,core_only,19,16,13,7,21
dhopadhola,20521,62,62,62,35,35,1,35,34,1,True,True,True,0,core_only,18,16,12,7,21
dhundari,24343,121,121,121,56,57,2,55,54,2,True,True,True,0,core_only,23,26,20,10,37
dibali,184541,62,62,62,35,35,1,35,34,1,True,True,True,0,core_only,18,16,12,7,21
dida-yocoboue,16052,64,64,64,35,35,1,35,34,1,True,True,True,0,core_only,18,16,12,7,21
didinga,13644,62,62,62,35,35,1,35,34,1,True,True,True,0,core_only,18,16,12,7,21
digaro-mishmi,144716,62,62,62,35,35,1,35,34,1,True,True,True,0,core_only,18,16,12,7,21
digo,7176,62,62,62,35,35,1,35,34,1,True,True,True,0,core_only,18,16,12,7,21
dijim-cham,53395,62,62,62,35,35,1,35,34,1,True,True,True,0,core_only,18,16,12,7,21
dimasa,19652,62,62,62,35,35,1,35,34,1,True,True,True,0,core_only,18,16,12,7,21
dime,140225,62,62,62,35,35,1,35,34,1,True,True,True,0,core_only,18,16,12,7,21
dinka-agar-bor,139058,84,84,86,47,48,11,47,46,1,True,True,True,0,core_only,19,19,20,13,26
dinka-northeastern-padang,24267,84,84,86,47,48,11,47,46,1,True,True,True,0,core_only,19,19,20,13,26
dinka-rek,24273,62,62,62,35,35,1,35,34,1,True,True,True,0,core_only,18,16,12,7,21
dirasha,4694,62,62,62,35,35,1,35,34,1,True,True,True,0,core_only,18,16,12,7,21
ditammari,1318,62,62,62,35,35,1,35,34,1,True,True,True,0,core_only,18,16,12,7,21
djola-bayote,53409,62,62,62,35,35,1,35,34,1,True,True,True,0,core_only,18,16,12,7,21
dogon-jamsay,140535,62,62,62,35,35,1,35,34,1,True,True,True,0,core_only,18,16,12,7,21
dogon-mombo,140549,64,64,64,35,35,1,35,34,1,True,True,True,0,core_only,18,16,12,7,21
dogon-togo-kan,185246,62,62,62,35,35,1,35,34,1,True,True,True,0,core_only,18,16,12,7,21
dogon-tommo-so,140443,62,62,62,35,35,1,35,34,1,True,True,True,0,core_only,18,16,12,7,21
dogon-tomo-kan,26248,62,62,62,35,35,1,35,34,1,True,True,True,0,core_only,18,16,12,7,21
dogon-toro-so,27145,118,118,118,56,57,2,55,54,2,True,True,True,0,core_only,23,26,20,10,37
dogose,139072,62,62,62,35,35,1,35,34,1,True,True,True,0,core_only,18,16,12,7,21
dogri,20651,62,62,62,35,35,1,35,34,1,True,True,True,0,core_only,18,16,12,7,21
dolpo,140409,63,63,63,35,35,1,35,34,1,True,True,True,0,core_only,18,16,12,7,21
dom,175683,62,62,62,35,35,1,35,34,1,True,True,True,0,core_only,18,16,12,7,21
dong-northern,3787,63,63,63,35,35,1,35,34,1,True,True,True,0,core_only,18,16,12,7,21
dong-southern,3803,72,72,72,40,40,2,40,39,1,True,True,True,0,core_only,19,18,13,9,25
dongissa,164768,62,62,62,35,35,1,35,34,1,True,True,True,0,core_only,18,16,12,7,21
dongnu,3717,62,62,62,35,35,1,35,34,1,True,True,True,0,core_only,18,16,12,7,21
dongo,140398,62,62,62,35,35,1,35,34,1,True,True,True,0,core_only,18,16,12,7,21
dongxiang,3933,63,63,63,35,35,1,35,34,1,True,True,True,0,core_only,18,16,12,7,21
doondo,98033,62,62,62,35,35,1,35,34,1,True,True,True,0,core_only,18,16,12,7,21
doromu-koki,141569,62,62,62,35,35,1,35,34,1,True,True,True,0,core_only,18,16,12,7,21
doti-doteli,185061,62,62,62,35,35,1,35,34,1,True,True,True,0,core_only,18,16,12,7,21
duala,2854,62,62,62,35,35,1,35,34,1,True,True,True,0,core_only,18,16,12,7,21
dubli,23342,62,62,62,35,35,1,35,34,1,True,True,True,0,core_only,18,16,12,7,21
dulangan-manobo,173673,62,62,62,35,35,1,35,34,1,True,True,True,0,core_only,18,16,12,7,21
duna,140449,63,63,63,35,35,1,35,34,1,True,True,True,0,core_only,18,16,12,7,21
dungan,17820,62,62,62,35,35,1,35,34,1,True,True,True,0,core_only,18,16,12,7,21
dungra-bhil,23258,62,62,62,35,35,1,35,34,1,True,True,True,0,core_only,18,16,12,7,21
duri,17601,62,62,62,35,35,1,35,34,1,True,True,True,0,core_only,18,16,12,7,21
duruma,7166,62,62,62,35,35,1,35,34,1,True,True,True,0,core_only,18,16,12,7,21
duruwa,5967,62,62,62,35,35,1,35,34,1,True,True,True,0,core_only,18,16,12,7,21
dusun,20654,76,76,76,36,36,2,35,34,2,True,True,True,0,core_only,18,16,12,7,22
dutch,1269,304,304,306,115,117,21,112,111,4,True,True,True,0,core_only,43,49,50,29,57
duya,141739,62,62,62,35,35,1,35,34,1,True,True,True,0,core_only,18,16,12,7,21
dzongkha,1375,87,87,89,47,48,11,47,46,1,True,True,True,0,core_only,19,19,20,13,26
eastern-garame,179189,62,62,62,35,35,1,35,34,1,True,True,True,0,core_only,18,16,12,7,21
eastern-poqomchi,153550,130,130,130,57,58,3,55,54,3,True,True,True,0,core_only,23,26,20,10,38
ebira,9789,62,62,62,35,35,1,35,34,1,True,True,True,0,core_only,18,16,12,7,21
ebrie,16074,62,62,62,35,35,1,35,34,1,True,True,True,0,core_only,18,16,12,7,21
eda,180999,62,62,62,35,35,1,35,34,1,True,True,True,0,core_only,18,16,12,7,21
ede-cabe,140033,121,121,121,60,61,3,59,54,2,True,True,True,0,core_only,23,27,22,13,39
ede-ica,26816,62,62,62,35,35,1,35,34,1,True,True,True,0,core_only,18,16,12,7,21
edo,10255,62,62,62,35,35,1,35,34,1,True,True,True,0,core_only,18,16,12,7,21
efik,2728,62,62,62,35,35,1,35,34,1,True,True,True,0,core_only,18,16,12,7,21
eggon,10252,62,62,62,35,35,1,35,34,1,True,True,True,0,core_only,18,16,12,7,21
ehugbo,139157,62,62,62,35,35,1,35,34,1,True,True,True,0,core_only,18,16,12,7,21
ejagham-western,21205,62,62,62,35,35,1,35,34,1,True,True,True,0,core_only,18,16,12,7,21
ekajuk,10248,62,62,62,35,35,1,35,34,1,True,True,True,0,core_only,18,16,12,7,21
ekpari,10241,64,64,64,35,35,1,35,34,1,True,True,True,0,core_only,18,16,12,7,21
ellomwe,184513,62,62,62,35,35,1,35,34,1,True,True,True,0,core_only,18,16,12,7,21
embera-catio,4246,62,62,62,35,35,1,35,34,1,True,True,True,0,core_only,18,16,12,7,21
embera-northern,98137,130,130,130,57,58,3,55,54,3,True,True,True,0,core_only,23,26,20,10,38
embu,7164,62,62,62,35,35,1,35,34,1,True,True,True,0,core_only,18,16,12,7,21
ende,19669,62,62,62,35,35,1,35,34,1,True,True,True,0,core_only,18,16,12,7,21
enga,12200,62,62,62,35,35,1,35,34,1,True,True,True,0,core_only,18,16,12,7,21
enggano,140421,63,63,63,35,35,1,35,34,1,True,True,True,0,core_only,18,16,12,7,21
english,529,1022,1022,1025,202,207,79,195,192,6,True,True,True,0,core_only,81,74,77,50,99
english-african,185221,14,14,14,13,13,1,13,12,1,True,False,False,0,core_only,3,7,6,2,10
english-british,185021,14,14,14,13,13,1,13,12,1,True,False,False,0,core_only,3,7,6,2,10
english-north-american-indigenous,23156,62,62,62,35,35,1,35,34,1,True,True,True,0,core_only,18,16,12,7,21
enlhet-2,141755,62,62,62,35,35,1,35,34,1,True,True,True,0,core_only,18,16,12,7,21
enrekang,154090,62,62,62,35,35,1,35,34,1,True,True,True,0,core_only,18,16,12,7,21
enuani,148878,62,62,62,35,35,1,35,34,1,True,True,True,0,core_only,18,16,12,7,21
enwan,140424,62,62,62,35,35,1,35,34,1,True,True,True,0,core_only,18,16,12,7,21
enxet,181477,62,62,62,35,35,1,35,34,1,True,True,True,0,core_only,18,16,12,7,21
erei,108591,62,62,62,35,35,1,35,34,1,True,True,True,0,core_only,18,16,12,7,21
erzya,18483,62,62,62,35,35,1,35,34,1,True,True,True,0,core_only,18,16,12,7,21
ese,144299,63,63,63,35,35,1,35,34,1,True,True,True,0,core_only,18,16,12,7,21
ese-ejja,140434,63,63,63,35,35,1,35,34,1,True,True,True,0,core_only,18,16,12,7,21
eshira-2,143382,62,62,62,35,35,1,35,34,1,True,True,True,0,core_only,18,16,12,7,21
estonian,4601,156,156,158,70,72,14,68,67,3,True,True,True,0,core_only,24,30,29,16,43
etsako-iyekhe,10124,62,62,62,35,35,1,35,34,1,True,True,True,0,core_only,18,16,12,7,21
etulo,142293,62,62,62,35,35,1,35,34,1,True,True,True,0,core_only,18,16,12,7,21
ewage-notu,144182,62,62,62,35,35,1,35,34,1,True,True,True,0,core_only,18,16,12,7,21
ewe,5331,121,121,121,60,61,3,59,54,2,True,True,True,0,core_only,23,27,22,13,39
ewondo,2713,67,67,67,39,39,2,39,34,1,True,True,True,0,core_only,18,17,14,10,23
ezaa,9692,62,62,62,35,35,1,35,34,1,True,True,True,0,core_only,18,16,12,7,21
fa-dambu,27147,62,62,62,35,35,1,35,34,1,True,True,True,0,core_only,18,16,12,7,21
fakai,10157,62,62,62,35,35,1,35,34,1,True,True,True,0,core_only,18,16,12,7,21
fali-north,184844,64,64,64,35,35,1,35,34,1,True,True,True,0,core_only,18,16,12,7,21
fali-south,184843,64,64,64,35,35,1,35,34,1,True,True,True,0,core_only,18,16,12,7,21
fanakalo,20662,62,62,62,35,35,1,35,34,1,True,True,True,0,core_only,18,16,12,7,21
fanamaket,139741,62,62,62,35,35,1,35,34,1,True,True,True,0,core_only,18,16,12,7,21
fang-equatorial-guinea,24018,62,62,62,35,35,1,35,34,1,True,True,True,0,core_only,18,16,12,7,21
fang-gabon,24019,62,62,62,35,35,1,35,34,1,True,True,True,0,core_only,18,16,12,7,21
fante,5288,62,62,62,35,35,1,35,34,1,True,True,True,0,core_only,18,16,12,7,21
faroese,4455,76,76,76,36,36,2,35,34,2,True,True,True,0,core_only,18,16,12,7,22
farsi-western,6788,432,432,434,149,152,46,144,143,6,True,True,True,0,core_only,56,54,58,39,82
fataleka,140614,63,63,63,35,35,1,35,34,1,True,True,True,0,core_only,18,16,12,7,21
fernando-po-creole-english,26270,62,62,62,35,35,1,35,34,1,True,True,True,0,core_only,18,16,12,7,21
fiji-hindi,53300,78,78,78,36,36,2,35,34,2,True,True,True,0,core_only,18,16,12,7,22
fijian,20665,98,98,100,48,49,12,47,46,2,True,True,True,0,core_only,19,19,20,13,27
finallig,160575,62,62,62,35,35,1,35,34,1,True,True,True,0,core_only,18,16,12,7,21
finnish,4820,130,130,132,63,64,18,62,61,2,True,True,True,0,core_only,21,27,32,18,24
flemish,21578,131,131,131,57,58,3,55,54,3,True,True,True,0,core_only,23,26,20,10,38
folopa,144064,63,63,63,35,35,1,35,34,1,True,True,True,0,core_only,18,16,12,7,21
fon-gbe,1304,143,143,145,72,74,13,71,66,2,True,True,True,0,core_only,24,30,30,19,44
foochow,23033,62,62,62,35,35,1,35,34,1,True,True,True,0,core_only,18,16,12,7,21
fordata,16956,62,62,62,35,35,1,35,34,1,True,True,True,0,core_only,18,16,12,7,21
fore,140640,62,62,62,35,35,1,35,34,1,True,True,True,0,core_only,18,16,12,7,21
french,496,703,703,705,173,176,56,168,163,6,True,True,True,0,core_only,65,65,66,43,90
french-african,53424,35,35,35,30,30,11,30,25,1,True,True,True,0,core_only,5,12,9,10,24
fulacunda,5050,62,62,62,35,35,1,35,34,1,True,True,True,0,core_only,18,16,12,7,21
fulfulde-adamawa,24014,121,121,121,60,61,3,59,54,2,True,True,True,0,core_only,23,27,22,13,39
fulfulde-bagirmi,3667,62,62,62,35,35,1,35,34,1,True,True,True,0,core_only,18,16,12,7,21
fulfulde-benin-togo,1299,62,62,62,35,35,1,35,34,1,True,True,True,0,core_only,18,16,12,7,21
fulfulde-caka-nigeria,24038,130,130,130,57,58,3,55,54,3,True,True,True,0,core_only,23,26,20,10,38
fulfulde-jelgoore,2116,62,62,62,35,35,1,35,34,1,True,True,True,0,core_only,18,16,12,7,21
fulfulde-maasina,5183,84,84,86,47,48,11,47,46,1,True,True,True,0,core_only,19,19,20,13,26
fulfulde-pulaar,5048,158,158,158,58,59,4,57,56,2,True,True,True,0,core_only,24,26,20,10,39
fulfulde-western-niger,23920,64,64,64,35,35,1,35,34,1,True,True,True,0,core_only,18,16,12,7,21
fur,53418,185,185,185,68,69,4,66,61,3,True,True,True,0,core_only,24,30,25,15,45
furu,140551,64,64,64,35,35,1,35,34,1,True,True,True,0,core_only,18,16,12,7,21
fuuta-jalon,5459,70,70,70,40,40,2,40,39,1,True,True,True,0,core_only,19,18,13,9,25
fwe,140555,64,64,64,35,35,1,35,34,1,True,True,True,0,core_only,18,16,12,7,21
ga,27152,62,62,62,35,35,1,35,34,1,True,True,True,0,core_only,18,16,12,7,21
gaanda,98407,62,62,62,35,35,1,35,34,1,True,True,True,0,core_only,18,16,12,7,21
gadaba-mudhili,140569,62,62,62,35,35,1,35,34,1,True,True,True,0,core_only,18,16,12,7,21
gaddang,140558,64,64,64,35,35,1,35,34,1,True,True,True,0,core_only,18,16,12,7,21
gaddi,6535,62,62,62,35,35,1,35,34,1,True,True,True,0,core_only,18,16,12,7,21
gadsup,19685,63,63,63,35,35,1,35,34,1,True,True,True,0,core_only,18,16,12,7,21
gaelic-irish,6884,76,76,76,36,36,2,35,34,2,True,True,True,0,core_only,18,16,12,7,22
gaelic-scots,14818,62,62,62,35,35,1,35,34,1,True,True,True,0,core_only,18,16,12,7,21
gagauz,1935,77,77,77,36,36,2,35,34,2,True,True,True,0,core_only,18,16,12,7,22
gagu,98306,64,64,64,35,35,1,35,34,1,True,True,True,0,core_only,18,16,12,7,21
gaita-koitor,184451,62,62,62,35,35,1,35,34,1,True,True,True,0,core_only,18,16,12,7,21
galela,16954,62,62,62,35,35,1,35,34,1,True,True,True,0,core_only,18,16,12,7,21
galician,19705,98,98,100,48,49,12,47,46,2,True,True,True,0,core_only,19,19,20,13,27
galo,24409,62,62,62,35,35,1,35,34,1,True,True,True,0,core_only,18,16,12,7,21
gamai,10365,62,62,62,35,35,1,35,34,1,True,True,True,0,core_only,18,16,12,7,21
gamit,6533,62,62,62,35,35,1,35,34,1,True,True,True,0,core_only,18,16,12,7,21
gamo,4635,116,116,116,56,57,2,55,54,2,True,True,True,0,core_only,23,26,20,10,37
gangam,117883,62,62,62,35,35,1,35,34,1,True,True,True,0,core_only,18,16,12,7,21
gao,140672,63,63,63,35,35,1,35,34,1,True,True,True,0,core_only,18,16,12,7,21
garasia-adiwasi,24340,62,62,62,35,35,1,35,34,1,True,True,True,0,core_only,18,16,12,7,21
garasia-rajput,24341,62,62,62,35,35,1,35,34,1,True,True,True,0,core_only,18,16,12,7,21
garhwali,6532,76,76,76,36,36,2,35,34,2,True,True,True,0,core_only,18,16,12,7,22
garifuna,1277,64,64,64,35,35,1,35,34,1,True,True,True,0,core_only,18,16,12,7,21
garo,1204,62,62,62,35,35,1,35,34,1,True,True,True,0,core_only,18,16,12,7,21
gata,140566,62,62,62,35,35,1,35,34,1,True,True,True,0,core_only,18,16,12,7,21
gaviao-do-jiparana,1569,62,62,62,35,35,1,35,34,1,True,True,True,0,core_only,18,16,12,7,21
gavva,184801,64,64,64,35,35,1,35,34,1,True,True,True,0,core_only,18,16,12,7,21
gawri,98458,62,62,62,35,35,1,35,34,1,True,True,True,0,core_only,18,16,12,7,21
gayil,98476,62,62,62,35,35,1,35,34,1,True,True,True,0,core_only,18,16,12,7,21
gayo,17807,62,62,62,35,35,1,35,34,1,True,True,True,0,core_only,18,16,12,7,21
gbagyi,10085,67,67,67,39,39,2,39,34,1,True,True,True,0,core_only,18,17,14,10,23
gbanu,19689,62,62,62,35,35,1,35,34,1,True,True,True,0,core_only,18,16,12,7,21
gbari,10076,62,62,62,35,35,1,35,34,1,True,True,True,0,core_only,18,16,12,7,21
gbaya-kresh-south-sudan,99152,116,116,116,56,57,2,55,54,2,True,True,True,0,core_only,23,26,20,10,37
gbaya-northwest,2745,62,62,62,35,35,1,35,34,1,True,True,True,0,core_only,18,16,12,7,21
gbaya-southwest,2518,62,62,62,35,35,1,35,34,1,True,True,True,0,core_only,18,16,12,7,21
gbe-saxwe,100227,62,62,62,35,35,1,35,34,1,True,True,True,0,core_only,18,16,12,7,21
gbe-tofin,142348,62,62,62,35,35,1,35,34,1,True,True,True,0,core_only,18,16,12,7,21
gbe-weme,142827,62,62,62,35,35,1,35,34,1,True,True,True,0,core_only,18,16,12,7,21
gbeya,22651,67,67,67,39,39,2,39,34,1,True,True,True,0,core_only,18,17,14,10,23
gbii,7658,64,64,64,35,35,1,35,34,1,True,True,True,0,core_only,18,16,12,7,21
ge,22819,62,62,62,35,35,1,35,34,1,True,True,True,0,core_only,18,16,12,7,21
gedeo,4704,62,62,62,35,35,1,35,34,1,True,True,True,0,core_only,18,16,12,7,21
gela,143904,63,63,63,35,35,1,35,34,1,True,True,True,0,core_only,18,16,12,7,21
gen-gbe,1342,62,62,62,35,35,1,35,34,1,True,True,True,0,core_only,18,16,12,7,21
georgian,5112,175,175,177,78,80,18,74,75,3,True,True,True,0,core_only,27,33,31,19,49
gepo,142505,63,63,63,35,35,1,35,34,1,True,True,True,0,core_only,18,16,12,7,21
german-pennsylvania,2993,62,62,62,35,35,1,35,34,1,True,True,True,0,core_only,18,16,12,7,21
german-standard,1106,437,437,439,158,161,49,153,152,6,True,True,True,0,core_only,58,58,62,39,87
ghari,140790,62,62,62,35,35,1,35,34,1,True,True,True,0,core_only,18,16,12,7,21
ghomala,2908,62,62,62,35,35,1,35,34,1,True,True,True,0,core_only,18,16,12,7,21
ghotuo,139226,62,62,62,35,35,1,35,34,1,True,True,True,0,core_only,18,16,12,7,21
giangan,12840,62,62,62,35,35,1,35,34,1,True,True,True,0,core_only,18,16,12,7,21
gibaio,149219,62,62,62,35,35,1,35,34,1,True,True,True,0,core_only,18,16,12,7,21
gichuka,140297,115,115,115,56,57,2,55,54,2,True,True,True,0,core_only,23,26,20,10,37
gikyode,5166,62,62,62,35,35,1,35,34,1,True,True,True,0,core_only,18,16,12,7,21
gilaki,6707,61,61,61,34,34,1,34,33,1,True,True,True,0,core_only,17,16,12,7,20
gilaki-rashti,185210,131,131,131,57,58,3,55,54,3,True,True,True,0,core_only,23,26,20,10,38
giryama,20117,62,62,62,35,35,1,35,34,1,True,True,True,0,core_only,18,16,12,7,21
gisir,185234,62,62,62,35,35,1,35,34,1,True,True,True,0,core_only,18,16,12,7,21
gitonga,20983,62,62,62,35,35,1,35,34,1,True,True,True,0,core_only,18,16,12,7,21
giziga-south,2754,62,62,62,35,35,1,35,34,1,True,True,True,0,core_only,18,16,12,7,21
glavda,140740,64,64,64,35,35,1,35,34,1,True,True,True,0,core_only,18,16,12,7,21
goan-konkani,184479,132,132,132,57,58,3,55,54,3,True,True,True,0,core_only,23,26,20,10,38
godie,184596,62,62,62,35,35,1,35,34,1,True,True,True,0,core_only,18,16,12,7,21
gofa,4634,62,62,62,35,35,1,35,34,1,True,True,True,0,core_only,18,16,12,7,21
gogo,14206,62,62,62,35,35,1,35,34,1,True,True,True,0,core_only,18,16,12,7,21
goji,121129,62,62,62,35,35,1,35,34,1,True,True,True,0,core_only,18,16,12,7,21
gojri,43229,62,62,62,35,35,1,35,34,1,True,True,True,0,core_only,18,16,12,7,21
gokana,10143,62,62,62,35,35,1,35,34,1,True,True,True,0,core_only,18,16,12,7,21
gola,7617,67,67,67,39,39,2,39,34,1,True,True,True,0,core_only,18,17,14,10,23
golin,19725,62,62,62,35,35,1,35,34,1,True,True,True,0,core_only,18,16,12,7,21
gondi-aheri,147829,62,62,62,35,35,1,35,34,1,True,True,True,0,core_only,18,16,12,7,21
gondi-northern,6511,63,63,63,35,35,1,35,34,1,True,True,True,0,core_only,18,16,12,7,21
gonja,5187,67,67,67,39,39,2,39,34,1,True,True,True,0,core_only,18,17,14,10,23
gorontalo,19716,62,62,62,35,35,1,35,34,1,True,True,True,0,core_only,18,16,12,7,21
gourmanchema,1296,62,62,62,35,35,1,35,34,1,True,True,True,0,core_only,18,16,12,7,21
gowlan,140770,63,63,63,35,35,1,35,34,1,True,True,True,0,core_only,18,16,12,7,21
gowli,140771,62,62,62,35,35,1,35,34,1,True,True,True,0,core_only,18,16,12,7,21
grebo-northern,23926,67,67,67,39,39,2,39,34,1,True,True,True,0,core_only,18,17,14,10,23
greek,483,169,169,171,81,84,22,78,78,3,True,True,True,0,core_only,27,33,35,20,43
guahibo,19720,63,63,63,35,35,1,35,34,1,True,True,True,0,core_only,18,16,12,7,21
guajajara,1582,62,62,62,35,35,1,35,34,1,True,True,True,0,core_only,18,16,12,7,21
guambiano,4230,63,63,63,35,35,1,35,34,1,True,True,True,0,core_only,18,16,12,7,21
guarani-bolivian-eastern,20631,62,62,62,35,35,1,35,34,1,True,True,True,0,core_only,18,16,12,7,21
guarani-mbya,623,62,62,62,35,35,1,35,34,1,True,True,True,0,core_only,18,16,12,7,21
guarani-paraguayan,12327,98,98,100,48,49,12,47,46,2,True,True,True,0,core_only,19,19,20,13,27
guarani-western-bolivian,184828,63,63,63,35,35,1,35,34,1,True,True,True,0,core_only,18,16,12,7,21
guaymi,10597,62,62,62,35,35,1,35,34,1,True,True,True,0,core_only,18,16,12,7,21
guere-central,16048,62,62,62,35,35,1,35,34,1,True,True,True,0,core_only,18,16,12,7,21
guina-ang-kalinga,149408,62,62,62,35,35,1,35,34,1,True,True,True,0,core_only,18,16,12,7,21
gujarati,6600,297,297,297,117,118,13,113,113,4,True,True,True,0,core_only,45,50,47,27,64
guji,4699,62,62,62,35,35,1,35,34,1,True,True,True,0,core_only,18,16,12,7,21
gun-gbe,1297,62,62,62,35,35,1,35,34,1,True,True,True,0,core_only,18,16,12,7,21
gungu,14710,62,62,62,35,35,1,35,34,1,True,True,True,0,core_only,18,16,12,7,21
gurage-sodo,4684,62,62,62,35,35,1,35,34,1,True,True,True,0,core_only,18,16,12,7,21
gurage-west,4676,116,116,116,56,57,2,55,54,2,True,True,True,0,core_only,23,26,20,10,37
gurenne,2062,67,67,67,39,39,2,39,34,1,True,True,True,0,core_only,18,17,14,10,23
gurgula,140675,115,115,115,56,57,2,55,54,2,True,True,True,0,core_only,23,26,20,10,37
guro,16064,121,121,121,60,61,3,59,54,2,True,True,True,0,core_only,23,27,22,13,39
gurung,6485,62,62,62,35,35,1,35,34,1,True,True,True,0,core_only,18,16,12,7,21
gusii,7326,62,62,62,35,35,1,35,34,1,True,True,True,0,core_only,18,16,12,7,21
gutob-gadaba,184548,62,62,62,35,35,1,35,34,1,True,True,True,0,core_only,18,16,12,7,21
guyanese-creole,20693,62,62,62,35,35,1,35,34,1,True,True,True,0,core_only,18,16,12,7,21
gwere,14692,62,62,62,35,35,1,35,34,1,True,True,True,0,core_only,18,16,12,7,21
gyaazi,139090,62,62,62,35,35,1,35,34,1,True,True,True,0,core_only,18,16,12,7,21
hadiyya,4667,62,62,62,35,35,1,35,34,1,True,True,True,0,core_only,18,16,12,7,21
hadothi,20696,64,64,64,35,35,1,35,34,1,True,True,True,0,core_only,18,16,12,7,21
hadza,140867,62,62,62,35,35,1,35,34,1,True,True,True,0,core_only,18,16,12,7,21
hainanese,13192,86,86,88,47,48,11,47,46,1,True,True,True,0,core_only,19,19,20,13,26
haitian-creole,4473,134,134,134,59,60,5,57,56,3,True,True,True,0,core_only,25,26,21,10,39
hajong,1193,62,62,62,35,35,1,35,34,1,True,True,True,0,core_only,18,16,12,7,21
hakhun,139179,62,62,62,35,35,1,35,34,1,True,True,True,0,core_only,18,16,12,7,21
hakka,20611,62,62,62,35,35,1,35,34,1,True,True,True,0,core_only,18,16,12,7,21
halang,140932,62,62,62,35,35,1,35,34,1,True,True,True,0,core_only,18,16,12,7,21
halbi,19739,62,62,62,35,35,1,35,34,1,True,True,True,0,core_only,18,16,12,7,21
halia,12065,62,62,62,35,35,1,35,34,1,True,True,True,0,core_only,18,16,12,7,21
hamer-banna,4792,62,62,62,35,35,1,35,34,1,True,True,True,0,core_only,18,16,12,7,21
hamgyongdo,7350,62,62,62,35,35,1,35,34,1,True,True,True,0,core_only,18,16,12,7,21
hanga,5319,62,62,62,35,35,1,35,34,1,True,True,True,0,core_only,18,16,12,7,21
hani-haya,184506,62,62,62,35,35,1,35,34,1,True,True,True,0,core_only,18,16,12,7,21
haniq-beeqhongq,3976,62,62,62,35,35,1,35,34,1,True,True,True,0,core_only,18,16,12,7,21
hano,141734,63,63,63,35,35,1,35,34,1,True,True,True,0,core_only,18,16,12,7,21
hanunoo,140994,62,62,62,35,35,1,35,34,1,True,True,True,0,core_only,18,16,12,7,21
harari,140937,62,62,62,35,35,1,35,34,1,True,True,True,0,core_only,18,16,12,7,21
haryanvi,5709,70,70,70,40,40,2,40,39,1,True,True,True,0,core_only,19,18,13,9,25
hatam,140927,62,62,62,35,35,1,35,34,1,True,True,True,0,core_only,18,16,12,7,21
hausa,1341,294,294,296,110,112,23,107,102,4,True,True,True,0,core_only,43,45,48,29,56
havu,15559,62,62,62,35,35,1,35,34,1,True,True,True,0,core_only,18,16,12,7,21
hawaii-pidgin,140893,63,63,63,35,35,1,35,34,1,True,True,True,0,core_only,18,16,12,7,21
hawaiian-nihau,184517,63,63,63,35,35,1,35,34,1,True,True,True,0,core_only,18,16,12,7,21
haya,14201,62,62,62,35,35,1,35,34,1,True,True,True,0,core_only,18,16,12,7,21
hazaragi,450,62,62,62,35,35,1,35,34,1,True,True,True,0,core_only,18,16,12,7,21
hdi,143340,62,62,62,35,35,1,35,34,1,True,True,True,0,core_only,18,16,12,7,21
hebrew,6930,235,235,237,90,91,19,89,87,3,True,True,True,0,core_only,39,37,40,25,40
hehe,14192,62,62,62,35,35,1,35,34,1,True,True,True,0,core_only,18,16,12,7,21
heiban,140943,62,62,62,35,35,1,35,34,1,True,True,True,0,core_only,18,16,12,7,21
heiyi-zhuang-minz,185329,63,63,63,35,35,1,35,34,1,True,True,True,0,core_only,18,16,12,7,21
hema,15256,62,62,62,35,35,1,35,34,1,True,True,True,0,core_only,18,16,12,7,21
hemba,15557,62,62,62,35,35,1,35,34,1,True,True,True,0,core_only,18,16,12,7,21
herero,1454,62,62,62,35,35,1,35,34,1,True,True,True,0,core_only,18,16,12,7,21
higgi,22645,62,62,62,35,35,1,35,34,1,True,True,True,0,core_only,18,16,12,7,21
hiligaynon,19738,62,62,62,35,35,1,35,34,1,True,True,True,0,core_only,18,16,12,7,21
hindi,6464,428,428,431,152,155,39,146,146,6,True,True,True,0,core_only,57,56,61,38,83
hindi-caribbean,5511,63,63,63,36,36,2,36,35,1,True,True,True,0,core_only,18,16,12,8,22
hindko-northern,10450,62,62,62,35,35,1,35,34,1,True,True,True,0,core_only,18,16,12,7,21
hindko-southern,10455,62,62,62,35,35,1,35,34,1,True,True,True,0,core_only,18,16,12,7,21
hiri-motu,21120,62,62,62,35,35,1,35,34,1,True,True,True,0,core_only,18,16,12,7,21
hixkaryana,1566,62,62,62,35,35,1,35,34,1,True,True,True,0,core_only,18,16,12,7,21
hlai-has,184504,62,62,62,35,35,1,35,34,1,True,True,True,0,core_only,18,16,12,7,21
hmar,6465,62,62,62,35,35,1,35,34,1,True,True,True,0,core_only,18,16,12,7,21
hmong-daw,4012,64,64,64,37,37,3,37,35,2,True,True,True,0,core_only,19,17,13,7,22
hmong-shuad,22826,62,62,62,35,35,1,35,34,1,True,True,True,0,core_only,18,16,12,7,21
ho,1189,70,70,70,40,40,2,40,39,1,True,True,True,0,core_only,19,18,13,9,25
hona,119277,62,62,62,35,35,1,35,34,1,True,True,True,0,core_only,18,16,12,7,21
horned-miao,23017,63,63,63,35,35,1,35,34,1,True,True,True,0,core_only,18,16,12,7,21
hote,12057,62,62,62,35,35,1,35,34,1,True,True,True,0,core_only,18,16,12,7,21
hrangkhol,140853,62,62,62,35,35,1,35,34,1,True,True,True,0,core_only,18,16,12,7,21
hre,19747,62,62,62,35,35,1,35,34,1,True,True,True,0,core_only,18,16,12,7,21
huasteco-san-luis-potosi,8265,62,62,62,35,35,1,35,34,1,True,True,True,0,core_only,18,16,12,7,21
huasteco-veracruz,8272,62,62,62,35,35,1,35,34,1,True,True,True,0,core_only,18,16,12,7,21
huave-san-mateo-del-mar,8266,62,62,62,35,35,1,35,34,1,True,True,True,0,core_only,18,16,12,7,21
huba,9597,62,62,62,35,35,1,35,34,1,True,True,True,0,core_only,18,16,12,7,21
hui,21211,62,62,62,35,35,1,35,34,1,True,True,True,0,core_only,18,16,12,7,21
huichol,8277,62,62,62,35,35,1,35,34,1,True,True,True,0,core_only,18,16,12,7,21
huitoto-murui,140882,63,63,63,35,35,1,35,34,1,True,True,True,0,core_only,18,16,12,7,21
huli,12053,62,62,62,35,35,1,35,34,1,True,True,True,0,core_only,18,16,12,7,21
hunde,15551,62,62,62,35,35,1,35,34,1,True,True,True,0,core_only,18,16,12,7,21
hungana,15548,67,67,67,39,39,2,39,34,1,True,True,True,0,core_only,18,17,14,10,23
hungarian,1107,258,258,260,104,106,20,102,101,3,True,True,True,0,core_only,42,43,45,27,52
hunsrik,98682,62,62,62,35,35,1,35,34,1,True,True,True,0,core_only,18,16,12,7,21
hyam,98630,62,62,62,35,35,1,35,34,1,True,True,True,0,core_only,18,16,12,7,21
ibaas-icen,184842,64,64,64,35,35,1,35,34,1,True,True,True,0,core_only,18,16,12,7,21
ibaloi,12747,62,62,62,35,35,1,35,34,1,True,True,True,0,core_only,18,16,12,7,21
iban,1924,76,76,76,36,36,2,35,34,2,True,True,True,0,core_only,18,16,12,7,22
ibanag,12750,62,62,62,35,35,1,35,34,1,True,True,True,0,core_only,18,16,12,7,21
ibibio,9811,62,62,62,35,35,1,35,34,1,True,True,True,0,core_only,18,16,12,7,21
icelandic,5563,91,91,93,53,55,13,51,50,3,True,True,True,0,core_only,11,23,25,14,35
ichen,177626,62,62,62,35,35,1,35,34,1,True,True,True,0,core_only,18,16,12,7,21
icheve,145530,62,62,62,35,35,1,35,34,1,True,True,True,0,core_only,18,16,12,7,21
idaasha,184549,62,62,62,35,35,1,35,34,1,True,True,True,0,core_only,18,16,12,7,21
idioma-wanca,184547,115,115,115,56,57,2,55,54,2,True,True,True,0,core_only,23,26,20,10,37
idoma,9793,62,62,62,35,35,1,35,34,1,True,True,True,0,core_only,18,16,12,7,21
ife,1338,62,62,62,35,35,1,35,34,1,True,True,True,0,core_only,18,16,12,7,21
ifugao-amganad,12743,62,62,62,35,35,1,35,34,1,True,True,True,0,core_only,18,16,12,7,21
ifugao-mayoyao,141009,64,64,64,35,35,1,35,34,1,True,True,True,0,core_only,18,16,12,7,21
igala,9779,62,62,62,35,35,1,35,34,1,True,True,True,0,core_only,18,16,12,7,21
igbo,9774,196,196,198,84,85,18,83,78,2,True,True,True,0,core_only,36,34,39,26,35
igede,9784,62,62,62,35,35,1,35,34,1,True,True,True,0,core_only,18,16,12,7,21
igiha,19733,62,62,62,35,35,1,35,34,1,True,True,True,0,core_only,18,16,12,7,21
ika,9728,69,69,69,39,39,2,39,34,1,True,True,True,0,core_only,18,17,14,10,23
ikhin,185251,62,62,62,35,35,1,35,34,1,True,True,True,0,core_only,18,16,12,7,21
ikizu,14188,62,62,62,35,35,1,35,34,1,True,True,True,0,core_only,18,16,12,7,21
ikoma,154395,64,64,64,35,35,1,35,34,1,True,True,True,0,core_only,18,16,12,7,21
ikota,141371,62,62,62,35,35,1,35,34,1,True,True,True,0,core_only,18,16,12,7,21
ikpeshi,141025,62,62,62,35,35,1,35,34,1,True,True,True,0,core_only,18,16,12,7,21
ikwo,9691,62,62,62,35,35,1,35,34,1,True,True,True,0,core_only,18,16,12,7,21
ila,19759,64,64,64,35,35,1,35,34,1,True,True,True,0,core_only,18,16,12,7,21
ilchamus,184500,132,132,132,57,58,3,55,54,3,True,True,True,0,core_only,23,26,20,10,38
ile-ape,141031,62,62,62,35,35,1,35,34,1,True,True,True,0,core_only,18,16,12,7,21
ilocano,12723,98,98,100,48,49,12,47,46,2,True,True,True,0,core_only,19,19,20,13,27
imbongu,12040,63,63,63,35,35,1,35,34,1,True,True,True,0,core_only,18,16,12,7,21
indonesian-isa,184566,210,210,210,66,67,12,64,64,2,True,True,True,0,core_only,25,30,21,13,46
indonesian-yesus,16639,333,333,335,123,124,31,120,118,5,True,True,True,0,core_only,50,44,49,31,65
ingush,18555,62,62,62,35,35,1,35,34,1,True,True,True,0,core_only,18,16,12,7,21
inner-mongolian,22293,65,65,65,36,36,2,36,35,1,True,True,True,0,core_only,18,16,12,8,22
innu,127397,62,62,62,35,35,1,35,34,1,True,True,True,0,core_only,18,16,12,7,21
inonhan,12657,64,64,64,35,35,1,35,34,1,True,True,True,0,core_only,18,16,12,7,21
inor,26184,62,62,62,35,35,1,35,34,1,True,True,True,0,core_only,18,16,12,7,21
inuktitut-eastern-canadian,3076,62,62,62,35,35,1,35,34,1,True,True,True,0,core_only,18,16,12,7,21
ipili,98663,62,62,62,35,35,1,35,34,1,True,True,True,0,core_only,18,16,12,7,21
ipunu,4310,62,62,62,35,35,1,35,34,1,True,True,True,0,core_only,18,16,12,7,21
iranun,98588,62,62,62,35,35,1,35,34,1,True,True,True,0,core_only,18,16,12,7,21
iranun-eastern,185198,62,62,62,35,35,1,35,34,1,True,True,True,0,core_only,18,16,12,7,21
iranun-western,185197,62,62,62,35,35,1,35,34,1,True,True,True,0,core_only,18,16,12,7,21
iraqw,14187,62,62,62,35,35,1,35,34,1,True,True,True,0,core_only,18,16,12,7,21
iraya,141085,62,62,62,35,35,1,35,34,1,True,True,True,0,core_only,18,16,12,7,21
irula,6440,63,63,63,35,35,1,35,34,1,True,True,True,0,core_only,18,16,12,7,21
isan,20967,64,64,64,35,35,1,35,34,1,True,True,True,0,core_only,18,16,12,7,21
isangu,142887,62,62,62,35,35,1,35,34,1,True,True,True,0,core_only,18,16,12,7,21
ishinyiha,37411,62,62,62,35,35,1,35,34,1,True,True,True,0,core_only,18,16,12,7,21
isnag,12714,62,62,62,35,35,1,35,34,1,True,True,True,0,core_only,18,16,12,7,21
isoko,9699,62,62,62,35,35,1,35,34,1,True,True,True,0,core_only,18,16,12,7,21
italian,4415,448,448,450,144,147,35,139,140,4,True,True,True,0,core_only,54,54,63,36,74
itawis,20717,62,62,62,35,35,1,35,34,1,True,True,True,0,core_only,18,16,12,7,21
iten,184485,64,64,64,35,35,1,35,34,1,True,True,True,0,core_only,18,16,12,7,21
itsekiri,21740,62,62,62,35,35,1,35,34,1,True,True,True,0,core_only,18,16,12,7,21
ivatan,141113,62,62,62,35,35,1,35,34,1,True,True,True,0,core_only,18,16,12,7,21
ixil-nebaj,5420,62,62,62,35,35,1,35,34,1,True,True,True,0,core_only,18,16,12,7,21
iyaa,98626,62,62,62,35,35,1,35,34,1,True,True,True,0,core_only,18,16,12,7,21
iyansi,24095,62,62,62,35,35,1,35,34,1,True,True,True,0,core_only,18,16,12,7,21
izere,10106,62,62,62,35,35,1,35,34,1,True,True,True,0,core_only,18,16,12,7,21
izii,9694,62,62,62,35,35,1,35,34,1,True,True,True,0,core_only,18,16,12,7,21
jacalteco-western,5415,62,62,62,35,35,1,35,34,1,True,True,True,0,core_only,18,16,12,7,21
jadgali,10559,62,62,62,35,35,1,35,34,1,True,True,True,0,core_only,18,16,12,7,21
jakun,141128,62,62,62,35,35,1,35,34,1,True,True,True,0,core_only,18,16,12,7,21
jama-mapun,24218,62,62,62,35,35,1,35,34,1,True,True,True,0,core_only,18,16,12,7,21
jamaican-patwa,184701,132,132,132,57,58,3,55,54,3,True,True,True,0,core_only,23,26,20,10,38
jaminawa,142312,62,62,62,35,35,1,35,34,1,True,True,True,0,core_only,18,16,12,7,21
japanese,7083,381,381,383,139,141,33,135,136,3,True,True,True,0,core_only,56,52,56,33,76
japanese-sign-language,7090,1,1,1,1,1,1,1,0,1,False,False,False,0,core_only,0,0,0,0,1
jar,119071,62,62,62,35,35,1,35,34,1,True,True,True,0,core_only,18,16,12,7,21
jaruara,1552,62,62,62,35,35,1,35,34,1,True,True,True,0,core_only,18,16,12,7,21
jaunsari,6428,62,62,62,35,35,1,35,34,1,True,True,True,0,core_only,18,16,12,7,21
javanese,13195,89,89,91,49,50,13,49,47,2,True,True,True,0,core_only,20,19,21,13,27
javanese-banten,19767,62,62,62,35,35,1,35,34,1,True,True,True,0,core_only,18,16,12,7,21
javanese-banyumasan,184911,62,62,62,35,35,1,35,34,1,True,True,True,0,core_only,18,16,12,7,21
javanese-caribbean,4940,62,62,62,35,35,1,35,34,1,True,True,True,0,core_only,18,16,12,7,21
jeh,141153,64,64,64,35,35,1,35,34,1,True,True,True,0,core_only,18,16,12,7,21
jenjo,32807,62,62,62,35,35,1,35,34,1,True,True,True,0,core_only,18,16,12,7,21
jere,141158,62,62,62,35,35,1,35,34,1,True,True,True,0,core_only,18,16,12,7,21
jiamao,141173,62,62,62,35,35,1,35,34,1,True,True,True,0,core_only,18,16,12,7,21
jibu,9669,62,62,62,35,35,1,35,34,1,True,True,True,0,core_only,18,16,12,7,21
jingpho,4088,62,62,62,35,35,1,35,34,1,True,True,True,0,core_only,18,16,12,7,21
jita,14182,62,62,62,35,35,1,35,34,1,True,True,True,0,core_only,18,16,12,7,21
jju,9639,62,62,62,35,35,1,35,34,1,True,True,True,0,core_only,18,16,12,7,21
jola-felupe,53394,62,62,62,35,35,1,35,34,1,True,True,True,0,core_only,18,16,12,7,21
jola-fogny,5069,62,62,62,35,35,1,35,34,1,True,True,True,0,core_only,18,16,12,7,21
jola-kasa,13070,62,62,62,35,35,1,35,34,1,True,True,True,0,core_only,18,16,12,7,21
jorai,22499,62,62,62,35,35,1,35,34,1,True,True,True,0,core_only,18,16,12,7,21
jordanian-sign-language,7138,1,1,1,1,1,1,1,0,1,False,False,False,0,core_only,0,0,0,0,1
juang,6426,62,62,62,35,35,1,35,34,1,True,True,True,0,core_only,18,16,12,7,21
jukun,22205,62,62,62,35,35,1,35,34,1,True,True,True,0,core_only,18,16,12,7,21
jula,2104,183,183,185,72,74,13,71,66,2,True,True,True,0,core_only,24,30,30,19,44
juni-kuin,158997,63,63,63,35,35,1,35,34,1,True,True,True,0,core_only,18,16,12,7,21
jur-beli,114921,116,116,116,56,57,2,55,54,2,True,True,True,0,core_only,23,26,20,10,37
jur-modo,13745,62,62,62,35,35,1,35,34,1,True,True,True,0,core_only,18,16,12,7,21
juray,6425,62,62,62,35,35,1,35,34,1,True,True,True,0,core_only,18,16,12,7,21
kaakye,184818,67,67,67,39,39,2,39,34,1,True,True,True,0,core_only,18,17,14,10,23
kaba,3191,67,67,67,39,39,2,39,34,1,True,True,True,0,core_only,18,17,14,10,23
kaba-naa-sara,141528,62,62,62,35,35,1,35,34,1,True,True,True,0,core_only,18,16,12,7,21
kabardian,14632,62,62,62,35,35,1,35,34,1,True,True,True,0,core_only,18,16,12,7,21
kabeverdiane-barlavente,139094,64,64,64,35,35,1,35,34,1,True,True,True,0,core_only,18,16,12,7,21
kabiye,1336,121,121,121,60,61,3,59,54,2,True,True,True,0,core_only,23,27,22,13,39
kabuverdianu-sotaventu,53431,64,64,64,35,35,1,35,34,1,True,True,True,0,core_only,18,16,12,7,21
kabwa,14274,62,62,62,35,35,1,35,34,1,True,True,True,0,core_only,18,16,12,7,21
kabyle,494,219,219,221,73,75,14,71,66,3,True,True,True,0,core_only,24,30,30,19,45
kachchhi,21661,62,62,62,35,35,1,35,34,1,True,True,True,0,core_only,18,16,12,7,21
kachhi-gujerati,177210,54,54,54,30,31,1,30,29,1,True,True,True,0,core_only,8,15,13,6,21
kadiweu,1538,62,62,62,35,35,1,35,34,1,True,True,True,0,core_only,18,16,12,7,21
kaduo,99188,63,63,63,35,35,1,35,34,1,True,True,True,0,core_only,18,16,12,7,21
kafa,22439,62,62,62,35,35,1,35,34,1,True,True,True,0,core_only,18,16,12,7,21
kagulu,14157,62,62,62,35,35,1,35,34,1,True,True,True,0,core_only,18,16,12,7,21
kaili-daa,17509,62,62,62,35,35,1,35,34,1,True,True,True,0,core_only,18,16,12,7,21
kaiwa,622,62,62,62,35,35,1,35,34,1,True,True,True,0,core_only,18,16,12,7,21
kakataibo,184585,63,63,63,35,35,1,35,34,1,True,True,True,0,core_only,18,16,12,7,21
kako,2639,62,62,62,35,35,1,35,34,1,True,True,True,0,core_only,18,16,12,7,21
kakwa,13692,62,62,62,35,35,1,35,34,1,True,True,True,0,core_only,18,16,12,7,21
kalaallisut-greenlandic,21199,84,84,86,47,48,11,47,46,1,True,True,True,0,core_only,19,19,20,13,26
kalabari,9733,62,62,62,35,35,1,35,34,1,True,True,True,0,core_only,18,16,12,7,21
kalagan-eastern,24359,62,62,62,35,35,1,35,34,1,True,True,True,0,core_only,18,16,12,7,21
kalagan-tagakaulu,12693,62,62,62,35,35,1,35,34,1,True,True,True,0,core_only,18,16,12,7,21
kalagen-western,24360,62,62,62,35,35,1,35,34,1,True,True,True,0,core_only,18,16,12,7,21
kalanga,1510,62,62,62,35,35,1,35,34,1,True,True,True,0,core_only,18,16,12,7,21
kalanguya,163423,62,62,62,35,35,1,35,34,1,True,True,True,0,core_only,18,16,12,7,21
kalenjin-kipsigis,7321,67,67,67,39,39,2,39,34,1,True,True,True,0,core_only,18,17,14,10,23
kalmyk-oirat,3832,63,63,63,35,35,1,35,34,1,True,True,True,0,core_only,18,16,12,7,21
kalo-5,149174,62,62,62,35,35,1,35,34,1,True,True,True,0,core_only,18,16,12,7,21
kamano,12019,62,62,62,35,35,1,35,34,1,True,True,True,0,core_only,18,16,12,7,21
kamasau,141455,63,63,63,35,35,1,35,34,1,True,True,True,0,core_only,18,16,12,7,21
kamayo,99364,64,64,64,35,35,1,35,34,1,True,True,True,0,core_only,18,16,12,7,21
kambaata,4655,62,62,62,35,35,1,35,34,1,True,True,True,0,core_only,18,16,12,7,21
kambera,20944,62,62,62,35,35,1,35,34,1,True,True,True,0,core_only,18,16,12,7,21
kamo,9618,62,62,62,35,35,1,35,34,1,True,True,True,0,core_only,18,16,12,7,21
kamuku,9637,62,62,62,35,35,1,35,34,1,True,True,True,0,core_only,18,16,12,7,21
kanauji,6631,64,64,64,35,35,1,35,34,1,True,True,True,0,core_only,18,16,12,7,21
kandas,141586,62,62,62,35,35,1,35,34,1,True,True,True,0,core_only,18,16,12,7,21
kandawo,12151,62,62,62,35,35,1,35,34,1,True,True,True,0,core_only,18,16,12,7,21
kandoozi,184586,63,63,63,35,35,1,35,34,1,True,True,True,0,core_only,18,16,12,7,21
kanembu,3645,62,62,62,35,35,1,35,34,1,True,True,True,0,core_only,18,16,12,7,21
kangri,5625,70,70,70,40,40,2,40,39,1,True,True,True,0,core_only,19,18,13,9,25
kanjari,6362,62,62,62,35,35,1,35,34,1,True,True,True,0,core_only,18,16,12,7,21
kankanaey,12682,62,62,62,35,35,1,35,34,1,True,True,True,0,core_only,18,16,12,7,21
kankanay-northern,12696,62,62,62,35,35,1,35,34,1,True,True,True,0,core_only,18,16,12,7,21
kannada,6318,252,252,252,109,110,12,107,106,3,True,True,True,0,core_only,47,44,43,24,59
kanuri-yerwa,2614,76,76,76,36,36,2,35,34,2,True,True,True,0,core_only,18,16,12,7,22
kanyok,15653,62,62,62,35,35,1,35,34,1,True,True,True,0,core_only,18,16,12,7,21
kaonde,15642,64,64,64,35,35,1,35,34,1,True,True,True,0,core_only,18,16,12,7,21
kapampangan,20871,62,62,62,35,35,1,35,34,1,True,True,True,0,core_only,18,16,12,7,21
karai-karai,20738,62,62,62,35,35,1,35,34,1,True,True,True,0,core_only,18,16,12,7,21
karakalpak,448,144,144,144,58,59,4,55,55,3,True,True,True,0,core_only,23,27,21,10,39
karang,19877,62,62,62,35,35,1,35,34,1,True,True,True,0,core_only,18,16,12,7,21
karanga,20211,62,62,62,35,35,1,35,34,1,True,True,True,0,core_only,18,16,12,7,21
karbi,23563,62,62,62,35,35,1,35,34,1,True,True,True,0,core_only,18,16,12,7,21
karelian,4835,62,62,62,35,35,1,35,34,1,True,True,True,0,core_only,18,16,12,7,21
karen-pwo,8714,70,70,70,40,40,2,40,39,1,True,True,True,0,core_only,19,18,13,9,25
karen-pwo-eastern,14295,62,62,62,35,35,1,35,34,1,True,True,True,0,core_only,18,16,12,7,21
karen-pwo-omkoi,14358,62,62,62,35,35,1,35,34,1,True,True,True,0,core_only,18,16,12,7,21
karen-sgaw,8631,71,71,71,40,40,2,40,39,1,True,True,True,0,core_only,19,18,13,9,25
karina,158935,63,63,63,35,35,1,35,34,1,True,True,True,0,core_only,18,16,12,7,21
karnali,53298,62,62,62,35,35,1,35,34,1,True,True,True,0,core_only,18,16,12,7,21
karo,141536,62,62,62,35,35,1,35,34,1,True,True,True,0,core_only,18,16,12,7,21
karon,141602,64,64,64,35,35,1,35,34,1,True,True,True,0,core_only,18,16,12,7,21
karunsie,150352,62,62,62,35,35,1,35,34,1,True,True,True,0,core_only,18,16,12,7,21
kasem-burkina-faso,22909,62,62,62,35,35,1,35,34,1,True,True,True,0,core_only,18,16,12,7,21
kasem-ghana,22910,67,67,67,39,39,2,39,34,1,True,True,True,0,core_only,18,17,14,10,23
kashmiri,6298,130,130,130,57,58,3,55,54,3,True,True,True,0,core_only,23,26,20,10,38
kashubian,12869,62,62,62,35,35,1,35,34,1,True,True,True,0,core_only,18,16,12,7,21
katab,9626,62,62,62,35,35,1,35,34,1,True,True,True,0,core_only,18,16,12,7,21
katang,7506,62,62,62,35,35,1,35,34,1,True,True,True,0,core_only,18,16,12,7,21
katcha-kadugli-miri,13719,64,64,64,35,35,1,35,34,1,True,True,True,0,core_only,18,16,12,7,21
kathiyawadi,6596,62,62,62,35,35,1,35,34,1,True,True,True,0,core_only,18,16,12,7,21
katu-eastern,141637,62,62,62,35,35,1,35,34,1,True,True,True,0,core_only,18,16,12,7,21
kau-bru,175097,62,62,62,35,35,1,35,34,1,True,True,True,0,core_only,18,16,12,7,21
kaur,17757,63,63,63,35,35,1,35,34,1,True,True,True,0,core_only,18,16,12,7,21
kayabi,1624,62,62,62,35,35,1,35,34,1,True,True,True,0,core_only,18,16,12,7,21
kayah-li-western,23549,62,62,62,35,35,1,35,34,1,True,True,True,0,core_only,18,16,12,7,21
kayan,21773,62,62,62,35,35,1,35,34,1,True,True,True,0,core_only,18,16,12,7,21
kayapo,1676,62,62,62,35,35,1,35,34,1,True,True,True,0,core_only,18,16,12,7,21
kazakh,371,188,188,190,86,88,26,82,83,3,True,True,True,0,core_only,28,34,31,21,58
keakalo,139193,63,63,63,35,35,1,35,34,1,True,True,True,0,core_only,18,16,12,7,21
keapara,99042,63,63,63,35,35,1,35,34,1,True,True,True,0,core_only,18,16,12,7,21
kechwa-san-martin,184501,63,63,63,35,35,1,35,34,1,True,True,True,0,core_only,18,16,12,7,21
kedang,141620,63,63,63,35,35,1,35,34,1,True,True,True,0,core_only,18,16,12,7,21
kekchi,1276,132,132,132,57,58,3,55,54,3,True,True,True,0,core_only,23,26,20,10,38
kele,19803,62,62,62,35,35,1,35,34,1,True,True,True,0,core_only,18,16,12,7,21
keliko,98838,62,62,62,35,35,1,35,34,1,True,True,True,0,core_only,18,16,12,7,21
kendayan-kanayatn,22679,62,62,62,35,35,1,35,34,1,True,True,True,0,core_only,18,16,12,7,21
kenyah,141870,62,62,62,35,35,1,35,34,1,True,True,True,0,core_only,18,16,12,7,21
kenyah-badeng,185228,62,62,62,35,35,1,35,34,1,True,True,True,0,core_only,18,16,12,7,21
kerewe,141325,62,62,62,35,35,1,35,34,1,True,True,True,0,core_only,18,16,12,7,21
kerinci,17739,62,62,62,35,35,1,35,34,1,True,True,True,0,core_only,18,16,12,7,21
kermanshahi,111677,132,132,132,57,58,3,55,54,3,True,True,True,0,core_only,23,26,20,10,38
ketengban,142141,62,62,62,35,35,1,35,34,1,True,True,True,0,core_only,18,16,12,7,21
khakas,3816,63,63,63,35,35,1,35,34,1,True,True,True,0,core_only,18,16,12,7,21
khampa-eastern,23225,62,62,62,35,35,1,35,34,1,True,True,True,0,core_only,18,16,12,7,21
khandeshi-bhili,164337,70,70,70,40,40,2,40,39,1,True,True,True,0,core_only,19,18,13,9,25
khandesi,19800,62,62,62,35,35,1,35,34,1,True,True,True,0,core_only,18,16,12,7,21
kharia,6326,62,62,62,35,35,1,35,34,1,True,True,True,0,core_only,18,16,12,7,21
khasi,1197,76,76,76,36,36,2,35,34,2,True,True,True,0,core_only,18,16,12,7,22
khiamniungan,163806,62,62,62,35,35,1,35,34,1,True,True,True,0,core_only,18,16,12,7,21
khmer-central-m,24024,62,62,62,35,35,1,35,34,1,True,True,True,0,core_only,18,16,12,7,21
khmer-northern,14384,62,62,62,35,35,1,35,34,1,True,True,True,0,core_only,18,16,12,7,21
khmer-standard,178043,196,196,198,96,98,28,92,92,4,True,True,True,0,core_only,36,42,36,20,49
khmu,3817,62,62,62,35,35,1,35,34,1,True,True,True,0,core_only,18,16,12,7,21
khoekhoegowab,53327,62,62,62,35,35,1,35,34,1,True,True,True,0,core_only,18,16,12,7,21
khowar,10558,62,62,62,35,35,1,35,34,1,True,True,True,0,core_only,18,16,12,7,21
kiche-cunen,139116,62,62,62,35,35,1,35,34,1,True,True,True,0,core_only,18,16,12,7,21
kifuliiru,50087,62,62,62,35,35,1,35,34,1,True,True,True,0,core_only,18,16,12,7,21
kikamba,20730,67,67,67,39,39,2,39,34,1,True,True,True,0,core_only,18,17,14,10,23
kikongo,20754,142,142,144,71,73,12,70,65,2,True,True,True,0,core_only,24,30,29,19,44
kikuro,139071,62,62,62,35,35,1,35,34,1,True,True,True,0,core_only,18,16,12,7,21
kikuyu,20679,71,71,71,39,39,2,39,34,1,True,True,True,0,core_only,18,17,14,10,23
kilaangi,164996,67,67,67,39,39,2,39,34,1,True,True,True,0,core_only,18,17,14,10,23
kilega,22652,62,62,62,35,35,1,35,34,1,True,True,True,0,core_only,18,16,12,7,21
kiluba,20791,62,62,62,35,35,1,35,34,1,True,True,True,0,core_only,18,16,12,7,21
kim,141333,62,62,62,35,35,1,35,34,1,True,True,True,0,core_only,18,16,12,7,21
kimbundu,569,84,84,86,47,48,11,47,46,1,True,True,True,0,core_only,19,19,20,13,26
kimeru,20824,62,62,62,35,35,1,35,34,1,True,True,True,0,core_only,18,16,12,7,21
kimpokomu,184901,62,62,62,35,35,1,35,34,1,True,True,True,0,core_only,18,16,12,7,21
kinandi,20849,62,62,62,35,35,1,35,34,1,True,True,True,0,core_only,18,16,12,7,21
kinaray-a,12672,62,62,62,35,35,1,35,34,1,True,True,True,0,core_only,18,16,12,7,21
kinga,14159,62,62,62,35,35,1,35,34,1,True,True,True,0,core_only,18,16,12,7,21
kinnauri,6383,62,62,62,35,35,1,35,34,1,True,True,True,0,core_only,18,16,12,7,21
kinnauri-pahari,141363,62,62,62,35,35,1,35,34,1,True,True,True,0,core_only,18,16,12,7,21
kintandu,22379,67,67,67,39,39,2,39,34,1,True,True,True,0,core_only,18,17,14,10,23
kinyakyusa-tanzania,53401,62,62,62,35,35,1,35,34,1,True,True,True,0,core_only,18,16,12,7,21
kinyamulenge,185227,62,62,62,35,35,1,35,34,1,True,True,True,0,core_only,18,16,12,7,21
kinyarwanda,20900,157,157,159,73,75,14,71,66,3,True,True,True,0,core_only,24,30,30,19,45
kirho,10262,62,62,62,35,35,1,35,34,1,True,True,True,0,core_only,18,16,12,7,21
kiribati,4812,84,84,86,47,48,11,47,46,1,True,True,True,0,core_only,19,19,20,13,26
kirundi,20896,152,152,154,69,71,13,67,66,3,True,True,True,0,core_only,24,29,28,16,43
kisan,184496,62,62,62,35,35,1,35,34,1,True,True,True,0,core_only,18,16,12,7,21
kisanga,22196,62,62,62,35,35,1,35,34,1,True,True,True,0,core_only,18,16,12,7,21
kisi,98914,62,62,62,35,35,1,35,34,1,True,True,True,0,core_only,18,16,12,7,21
kisi-southern,7587,67,67,67,39,39,2,39,34,1,True,True,True,0,core_only,18,17,14,10,23
kissi-northern,5481,62,62,62,35,35,1,35,34,1,True,True,True,0,core_only,18,16,12,7,21
kituba,15639,62,62,62,35,35,1,35,34,1,True,True,True,0,core_only,18,16,12,7,21
kiviila,141073,62,62,62,35,35,1,35,34,1,True,True,True,0,core_only,18,16,12,7,21
kiwilwana,143494,62,62,62,35,35,1,35,34,1,True,True,True,0,core_only,18,16,12,7,21
kiyombe,22195,67,67,67,39,39,2,39,34,1,True,True,True,0,core_only,18,17,14,10,23
koalib,141334,116,116,116,56,57,2,55,54,2,True,True,True,0,core_only,23,26,20,10,37
kobo,184990,62,62,62,35,35,1,35,34,1,True,True,True,0,core_only,18,16,12,7,21
kohistani-indus,10526,62,62,62,35,35,1,35,34,1,True,True,True,0,core_only,18,16,12,7,21
kohli-parkari,10536,116,116,116,56,57,2,55,54,2,True,True,True,0,core_only,23,26,20,10,37
koho,19241,116,116,116,56,57,2,55,54,2,True,True,True,0,core_only,23,26,20,10,37
koita-ga,141574,62,62,62,35,35,1,35,34,1,True,True,True,0,core_only,18,16,12,7,21
kok-borok,1231,76,76,76,36,36,2,35,34,2,True,True,True,0,core_only,18,16,12,7,22
kok-borok-bangladesh,184464,62,62,62,35,35,1,35,34,1,True,True,True,0,core_only,18,16,12,7,21
kokoda-k-ainake,184462,63,63,63,35,35,1,35,34,1,True,True,True,0,core_only,18,16,12,7,21
kokola,7793,62,62,62,35,35,1,35,34,1,True,True,True,0,core_only,18,16,12,7,21
kolami,163136,62,62,62,35,35,1,35,34,1,True,True,True,0,core_only,18,16,12,7,21
koli-wadiyara,10535,116,116,116,56,57,2,55,54,2,True,True,True,0,core_only,23,26,20,10,37
kolokuma-izon,53432,62,62,62,35,35,1,35,34,1,True,True,True,0,core_only,18,16,12,7,21
kom,19558,62,62,62,35,35,1,35,34,1,True,True,True,0,core_only,18,16,12,7,21
komering,17752,62,62,62,35,35,1,35,34,1,True,True,True,0,core_only,18,16,12,7,21
komi-permyak,18528,62,62,62,35,35,1,35,34,1,True,True,True,0,core_only,18,16,12,7,21
komi-zyrian,18521,132,132,132,57,58,3,55,54,3,True,True,True,0,core_only,23,26,20,10,38
konda-dora,141204,62,62,62,35,35,1,35,34,1,True,True,True,0,core_only,18,16,12,7,21
kongo-san-salvador,545,62,62,62,35,35,1,35,34,1,True,True,True,0,core_only,18,16,12,7,21
konjo-highland,17518,62,62,62,35,35,1,35,34,1,True,True,True,0,core_only,18,16,12,7,21
konkomba,5302,67,67,67,39,39,2,39,34,1,True,True,True,0,core_only,18,17,14,10,23
konni,5303,62,62,62,35,35,1,35,34,1,True,True,True,0,core_only,18,16,12,7,21
kono-sierra-leone,23520,62,62,62,35,35,1,35,34,1,True,True,True,0,core_only,18,16,12,7,21
konongo-2,14165,62,62,62,35,35,1,35,34,1,True,True,True,0,core_only,18,16,12,7,21
konso,20753,62,62,62,35,35,1,35,34,1,True,True,True,0,core_only,18,16,12,7,21
konta,147285,62,62,62,35,35,1,35,34,1,True,True,True,0,core_only,18,16,12,7,21
koorete,4656,62,62,62,35,35,1,35,34,1,True,True,True,0,core_only,18,16,12,7,21
kope,149217,62,62,62,35,35,1,35,34,1,True,True,True,0,core_only,18,16,12,7,21
koraku,6282,62,62,62,35,35,1,35,34,1,True,True,True,0,core_only,18,16,12,7,21
korean,3804,323,323,325,132,135,37,127,127,5,True,True,True,0,core_only,53,51,53,33,67
korean-north,24000,172,172,174,79,80,15,79,78,1,True,True,True,0,core_only,36,33,36,23,33
korean-sign-language,7355,1,1,1,1,1,1,1,0,1,False,False,False,0,core_only,0,0,0,0,1
koreguaje,4250,63,63,63,35,35,1,35,34,1,True,True,True,0,core_only,18,16,12,7,21
korku,6370,67,67,67,35,35,1,35,34,1,True,True,True,0,core_only,18,16,12,7,21
koromfe,2046,62,62,62,35,35,1,35,34,1,True,True,True,0,core_only,18,16,12,7,21
kortha,183121,62,62,62,35,35,1,35,34,1,True,True,True,0,core_only,18,16,12,7,21
korwa,6372,62,62,62,35,35,1,35,34,1,True,True,True,0,core_only,18,16,12,7,21
koti,8434,62,62,62,35,35,1,35,34,1,True,True,True,0,core_only,18,16,12,7,21
kouya,99359,62,62,62,35,35,1,35,34,1,True,True,True,0,core_only,18,16,12,7,21
koya,6400,62,62,62,35,35,1,35,34,1,True,True,True,0,core_only,18,16,12,7,21
kpelle-guinea,5456,76,76,76,36,36,2,35,34,2,True,True,True,0,core_only,18,16,12,7,22
kpelle-liberia,7609,91,91,93,51,52,12,51,46,1,True,True,True,0,core_only,19,20,22,16,28
kreol-mauricean,21197,76,76,76,36,36,2,35,34,2,True,True,True,0,core_only,18,16,12,7,22
krio,4547,157,157,159,73,75,14,71,66,3,True,True,True,0,core_only,24,30,30,19,45
krongo,141227,62,62,62,35,35,1,35,34,1,True,True,True,0,core_only,18,16,12,7,21
kroumen-plapo,99184,62,62,62,35,35,1,35,34,1,True,True,True,0,core_only,18,16,12,7,21
kroumen-pye,144313,62,62,62,35,35,1,35,34,1,True,True,True,0,core_only,18,16,12,7,21
kroumen-tepo,100677,62,62,62,35,35,1,35,34,1,True,True,True,0,core_only,18,16,12,7,21
kru,20750,67,67,67,39,39,2,39,34,1,True,True,True,0,core_only,18,17,14,10,23
kuanua,11816,62,62,62,35,35,1,35,34,1,True,True,True,0,core_only,18,16,12,7,21
kui,6278,62,62,62,35,35,1,35,34,1,True,True,True,0,core_only,18,16,12,7,21
kukele,9604,62,62,62,35,35,1,35,34,1,True,True,True,0,core_only,18,16,12,7,21
kuki,23569,62,62,62,35,35,1,35,34,1,True,True,True,0,core_only,18,16,12,7,21
kukna,6414,62,62,62,35,35,1,35,34,1,True,True,True,0,core_only,18,16,12,7,21
kulango-bondoukou,5257,62,62,62,35,35,1,35,34,1,True,True,True,0,core_only,18,16,12,7,21
kulango-bouna,5224,62,62,62,35,35,1,35,34,1,True,True,True,0,core_only,18,16,12,7,21
kulung,139643,62,62,62,35,35,1,35,34,1,True,True,True,0,core_only,18,16,12,7,21
kulvi,23692,62,62,62,35,35,1,35,34,1,True,True,True,0,core_only,18,16,12,7,21
kumam,14677,62,62,62,35,35,1,35,34,1,True,True,True,0,core_only,18,16,12,7,21
kuman,19854,84,84,86,47,48,11,47,46,1,True,True,True,0,core_only,19,19,20,13,26
kumauni,6353,62,62,62,35,35,1,35,34,1,True,True,True,0,core_only,18,16,12,7,21
kumyk,14629,63,63,63,35,35,1,35,34,1,True,True,True,0,core_only,18,16,12,7,21
kuna,53430,130,130,130,57,58,3,55,54,3,True,True,True,0,core_only,23,26,20,10,38
kunama,4585,64,64,64,35,35,1,35,34,1,True,True,True,0,core_only,18,16,12,7,21
kuni-boazi,141667,62,62,62,35,35,1,35,34,1,True,True,True,0,core_only,18,16,12,7,21
kunimaipa,11789,63,63,63,35,35,1,35,34,1,True,True,True,0,core_only,18,16,12,7,21
kuo,2641,62,62,62,35,35,1,35,34,1,True,True,True,0,core_only,18,16,12,7,21
kupia,141202,62,62,62,35,35,1,35,34,1,True,True,True,0,core_only,18,16,12,7,21
kupsapiiny,141566,62,62,62,35,35,1,35,34,1,True,True,True,0,core_only,18,16,12,7,21
kuranko,5485,62,62,62,35,35,1,35,34,1,True,True,True,0,core_only,18,16,12,7,21
kurdi-behdini,53333,152,152,154,69,71,13,67,66,3,True,True,True,0,core_only,24,29,28,16,43
kurdi-hawrami,139169,62,62,62,35,35,1,35,34,1,True,True,True,0,core_only,18,16,12,7,21
kurdi-sorani,139114,196,196,196,76,77,6,74,73,3,True,True,True,0,core_only,33,34,31,14,43
kurdi-sorani-eastern,139115,61,61,61,34,34,1,34,33,1,True,True,True,0,core_only,17,16,12,7,20
kurdish-afrini,184484,84,84,86,47,48,11,47,46,1,True,True,True,0,core_only,19,19,20,13,26
kuria,7186,62,62,62,35,35,1,35,34,1,True,True,True,0,core_only,18,16,12,7,21
kurmanji-cis,21096,62,62,62,35,35,1,35,34,1,True,True,True,0,core_only,18,16,12,7,21
kurmanji-standard,20770,140,140,140,65,66,11,64,63,2,True,True,True,0,core_only,25,28,21,13,45
kurumba-jennu,142214,62,62,62,35,35,1,35,34,1,True,True,True,0,core_only,18,16,12,7,21
kurumba-kannada,98730,116,116,116,56,57,2,55,54,2,True,True,True,0,core_only,23,26,20,10,37
kurux,1194,62,62,62,35,35,1,35,34,1,True,True,True,0,core_only,18,16,12,7,21
kusaal,141653,5,5,5,4,4,1,4,0,0,False,False,False,0,core_only,0,1,2,3,2
kusaal-eastern,5261,62,62,62,35,35,1,35,34,1,True,True,True,0,core_only,18,16,12,7,21
kusaal-western,2045,62,62,62,35,35,1,35,34,1,True,True,True,0,core_only,18,16,12,7,21
kuteb,2590,62,62,62,35,35,1,35,34,1,True,True,True,0,core_only,18,16,12,7,21
kutia,185002,62,62,62,35,35,1,35,34,1,True,True,True,0,core_only,18,16,12,7,21
kutu,141310,62,62,62,35,35,1,35,34,1,True,True,True,0,core_only,18,16,12,7,21
kuvale,184573,62,62,62,35,35,1,35,34,1,True,True,True,0,core_only,18,16,12,7,21
kuvi,6275,62,62,62,35,35,1,35,34,1,True,True,True,0,core_only,18,16,12,7,21
kuvi-odisha,184467,62,62,62,35,35,1,35,34,1,True,True,True,0,core_only,18,16,12,7,21
kuy,2173,62,62,62,35,35,1,35,34,1,True,True,True,0,core_only,18,16,12,7,21
kwaio,141513,63,63,63,35,35,1,35,34,1,True,True,True,0,core_only,18,16,12,7,21
kwamashi,184452,64,64,64,35,35,1,35,34,1,True,True,True,0,core_only,18,16,12,7,21
kwamba,171395,62,62,62,35,35,1,35,34,1,True,True,True,0,core_only,18,16,12,7,21
kwangali,547,62,62,62,35,35,1,35,34,1,True,True,True,0,core_only,18,16,12,7,21
kwangwa,184511,64,64,64,35,35,1,35,34,1,True,True,True,0,core_only,18,16,12,7,21
kwanyama,548,89,89,91,51,52,12,51,46,1,True,True,True,0,core_only,19,20,22,16,28
kwaraae,141515,63,63,63,35,35,1,35,34,1,True,True,True,0,core_only,18,16,12,7,21
kwasio,144002,10,10,10,9,9,1,9,9,0,True,False,False,0,core_only,2,1,3,3,8
kwatay,13063,62,62,62,35,35,1,35,34,1,True,True,True,0,core_only,18,16,12,7,21
kwaya,14132,62,62,62,35,35,1,35,34,1,True,True,True,0,core_only,18,16,12,7,21
kwere,14273,62,62,62,35,35,1,35,34,1,True,True,True,0,core_only,18,16,12,7,21
kwese,15633,62,62,62,35,35,1,35,34,1,True,True,True,0,core_only,18,16,12,7,21
kyrgyz,53299,177,177,179,79,81,23,76,76,3,True,True,True,0,core_only,26,32,30,19,52
laadi,4350,62,62,62,35,35,1,35,34,1,True,True,True,0,core_only,18,16,12,7,21
laarim,99460,116,116,116,56,57,2,55,54,2,True,True,True,0,core_only,23,26,20,10,37
label,141691,62,62,62,35,35,1,35,34,1,True,True,True,0,core_only,18,16,12,7,21
ladakhi,6271,62,62,62,35,35,1,35,34,1,True,True,True,0,core_only,18,16,12,7,21
lahu,3794,62,62,62,35,35,1,35,34,1,True,True,True,0,core_only,18,16,12,7,21
lak,18509,63,63,63,35,35,1,35,34,1,True,True,True,0,core_only,18,16,12,7,21
lala,106963,61,61,61,0,0,0,0,0,0,False,False,False,0,duplicate_slug,0,0,0,0,0
lala,15622,64,64,64,0,0,0,0,0,0,False,False,False,0,duplicate_slug,0,0,0,0,0
lama,1333,62,62,62,35,35,1,35,34,1,True,True,True,0,core_only,18,16,12,7,21
lamaholot,17239,62,62,62,35,35,1,35,34,1,True,True,True,0,core_only,18,16,12,7,21
lamalera,143732,63,63,63,35,35,1,35,34,1,True,True,True,0,core_only,18,16,12,7,21
lamatuka,143731,62,62,62,35,35,1,35,34,1,True,True,True,0,core_only,18,16,12,7,21
lamba,15631,64,64,64,35,35,1,35,34,1,True,True,True,0,core_only,18,16,12,7,21
lambadi,20777,62,62,62,35,35,1,35,34,1,True,True,True,0,core_only,18,16,12,7,21
lambya,7792,62,62,62,35,35,1,35,34,1,True,True,True,0,core_only,18,16,12,7,21
lamnso,2331,62,62,62,35,35,1,35,34,1,True,True,True,0,core_only,18,16,12,7,21
lampung-api,141801,62,62,62,35,35,1,35,34,1,True,True,True,0,core_only,18,16,12,7,21
lampung-nyo,139250,62,62,62,35,35,1,35,34,1,True,True,True,0,core_only,18,16,12,7,21
langilan-manobo,185340,62,62,62,35,35,1,35,34,1,True,True,True,0,core_only,18,16,12,7,21
lango-south-sudan,143747,62,62,62,35,35,1,35,34,1,True,True,True,0,core_only,18,16,12,7,21
lango-uganda,19884,62,62,62,35,35,1,35,34,1,True,True,True,0,core_only,18,16,12,7,21
lao,7411,157,157,159,71,73,15,68,68,3,True,True,True,0,core_only,25,30,30,16,44
laro,143834,64,64,64,35,35,1,35,34,1,True,True,True,0,core_only,18,16,12,7,21
lashi,4045,62,62,62,35,35,1,35,34,1,True,True,True,0,core_only,18,16,12,7,21
latvian,7519,80,80,80,38,38,4,37,36,2,True,True,True,0,core_only,18,17,13,8,23
lawangan,16805,62,62,62,35,35,1,35,34,1,True,True,True,0,core_only,18,16,12,7,21
lebanese-sign-language,139080,2,2,2,1,1,1,1,0,1,False,False,False,0,core_only,0,0,1,0,1
lebanese-syrian-arabic,156811,11,11,11,10,10,2,10,10,0,True,False,False,0,core_only,3,1,3,3,9
ledo-ija,17492,62,62,62,35,35,1,35,34,1,True,True,True,0,core_only,18,16,12,7,21
ledo-taa,185194,62,62,62,35,35,1,35,34,1,True,True,True,0,core_only,18,16,12,7,21
legbo,9291,62,62,62,35,35,1,35,34,1,True,True,True,0,core_only,18,16,12,7,21
lelemi,5251,62,62,62,35,35,1,35,34,1,True,True,True,0,core_only,18,16,12,7,21
lendu,15615,62,62,62,35,35,1,35,34,1,True,True,True,0,core_only,18,16,12,7,21
lenje,19898,64,64,64,35,35,1,35,34,1,True,True,True,0,core_only,18,16,12,7,21
lepcha,1352,62,62,62,35,35,1,35,34,1,True,True,True,0,core_only,18,16,12,7,21
lepki,143827,62,62,62,35,35,1,35,34,1,True,True,True,0,core_only,18,16,12,7,21
lesser-antillean-creole-french,4472,62,62,62,35,35,1,35,34,1,True,True,True,0,core_only,18,16,12,7,21
letuama-tanimuca,41117,1,1,1,1,1,1,1,0,1,False,False,False,0,core_only,0,0,0,0,1
levantine-turkmen,53345,65,65,65,35,35,1,35,34,1,True,True,True,0,core_only,18,16,12,7,21
levuka,144034,63,63,63,35,35,1,35,34,1,True,True,True,0,core_only,18,16,12,7,21
lewo,144042,63,63,63,35,35,1,35,34,1,True,True,True,0,core_only,18,16,12,7,21
lewo-eleng,144036,63,63,63,35,35,1,35,34,1,True,True,True,0,core_only,18,16,12,7,21
lezgi,1127,65,65,65,35,35,1,35,34,1,True,True,True,0,core_only,18,16,12,7,21
lhao-vo,23044,62,62,62,35,35,1,35,34,1,True,True,True,0,core_only,18,16,12,7,21
lhasa-tibetan,21795,84,84,84,41,41,3,40,39,2,True,True,True,0,core_only,19,18,13,9,26
li-bendi,23019,62,62,62,35,35,1,35,34,1,True,True,True,0,core_only,18,16,12,7,21
li-qi,22838,62,62,62,35,35,1,35,34,1,True,True,True,0,core_only,18,16,12,7,21
lihir,141789,62,62,62,35,35,1,35,34,1,True,True,True,0,core_only,18,16,12,7,21
lik,184626,62,62,62,35,35,1,35,34,1,True,True,True,0,core_only,18,16,12,7,21
lika,15395,62,62,62,35,35,1,35,34,1,True,True,True,0,core_only,18,16,12,7,21
likoonl,108321,62,62,62,35,35,1,35,34,1,True,True,True,0,core_only,18,16,12,7,21
limba-tonko-sella,184933,69,69,69,39,39,2,39,34,1,True,True,True,0,core_only,18,17,14,10,23
limba-west-central,13110,0,0,0,0,0,0,0,0,0,False,False,False,0,core_only,0,0,0,0,0
limbu,6259,62,62,62,35,35,1,35,34,1,True,True,True,0,core_only,18,16,12,7,21
limbum,2565,62,62,62,35,35,1,35,34,1,True,True,True,0,core_only,18,16,12,7,21
lingala,4344,236,236,238,104,106,17,103,98,2,True,True,True,0,core_only,41,44,46,29,51
lingao,3964,78,78,78,36,36,2,35,34,2,True,True,True,0,core_only,18,16,12,7,22
lio,24211,62,62,62,35,35,1,35,34,1,True,True,True,0,core_only,18,16,12,7,21
lipo-eastern,22839,64,64,64,35,35,1,35,34,1,True,True,True,0,core_only,18,16,12,7,21
lipovan,185230,62,62,62,35,35,1,35,34,1,True,True,True,0,core_only,18,16,12,7,21
lis-ma-ron,53423,62,62,62,35,35,1,35,34,1,True,True,True,0,core_only,18,16,12,7,21
lisu,19908,65,65,65,35,35,1,35,34,1,True,True,True,0,core_only,18,16,12,7,21
lithuanian,7698,192,192,194,81,83,18,79,78,3,True,True,True,0,core_only,28,33,32,17,50
lobala,4343,62,62,62,35,35,1,35,34,1,True,True,True,0,core_only,18,16,12,7,21
lobi,143751,62,62,62,35,35,1,35,34,1,True,True,True,0,core_only,18,16,12,7,21
logo,15383,62,62,62,35,35,1,35,34,1,True,True,True,0,core_only,18,16,12,7,21
lokaa,23154,62,62,62,35,35,1,35,34,1,True,True,True,0,core_only,18,16,12,7,21
loko,19922,67,67,67,39,39,2,39,34,1,True,True,True,0,core_only,18,17,14,10,23
lokpa,176838,135,135,135,61,62,4,59,54,3,True,True,True,0,core_only,23,27,22,13,40
lolo,27261,62,62,62,35,35,1,35,34,1,True,True,True,0,core_only,18,16,12,7,21
loloda,16906,62,62,62,35,35,1,35,34,1,True,True,True,0,core_only,18,16,12,7,21
loma,7584,62,62,62,35,35,1,35,34,1,True,True,True,0,core_only,18,16,12,7,21
lomwe,7790,62,62,62,35,35,1,35,34,1,True,True,True,0,core_only,18,16,12,7,21
longuda,9506,62,62,62,35,35,1,35,34,1,True,True,True,0,core_only,18,16,12,7,21
lopit,13664,115,115,115,56,57,2,55,54,2,True,True,True,0,core_only,23,26,20,10,37
lorung-northern,99260,62,62,62,35,35,1,35,34,1,True,True,True,0,core_only,18,16,12,7,21
lote,11092,62,62,62,35,35,1,35,34,1,True,True,True,0,core_only,18,16,12,7,21
lower-daga,146764,62,62,62,35,35,1,35,34,1,True,True,True,0,core_only,18,16,12,7,21
lozi,8799,69,69,69,39,39,2,39,34,1,True,True,True,0,core_only,18,17,14,10,23
lubu,17732,62,62,62,35,35,1,35,34,1,True,True,True,0,core_only,18,16,12,7,21
lubwisi,22203,62,62,62,35,35,1,35,34,1,True,True,True,0,core_only,18,16,12,7,21
luchazi,555,64,64,64,35,35,1,35,34,1,True,True,True,0,core_only,18,16,12,7,21
luganda,20675,260,260,262,114,116,19,112,107,3,True,True,True,0,core_only,43,45,49,32,60
lugbara,23981,67,67,67,39,39,2,39,34,1,True,True,True,0,core_only,18,17,14,10,23
lughuru,132358,62,62,62,35,35,1,35,34,1,True,True,True,0,core_only,18,16,12,7,21
lukabaras,99311,62,62,62,35,35,1,35,34,1,True,True,True,0,core_only,18,16,12,7,21
lukpa,1305,62,62,62,35,35,1,35,34,1,True,True,True,0,core_only,18,16,12,7,21
lumasaba,20815,62,62,62,35,35,1,35,34,1,True,True,True,0,core_only,18,16,12,7,21
lumun,141728,64,64,64,35,35,1,35,34,1,True,True,True,0,core_only,18,16,12,7,21
lunda,573,64,64,64,35,35,1,35,34,1,True,True,True,0,core_only,18,16,12,7,21
lundayeh,1918,62,62,62,35,35,1,35,34,1,True,True,True,0,core_only,18,16,12,7,21
lungga,141767,63,63,63,35,35,1,35,34,1,True,True,True,0,core_only,18,16,12,7,21
luo,19936,67,67,67,39,39,2,39,34,1,True,True,True,0,core_only,18,17,14,10,23
luragoli,20785,62,62,62,35,35,1,35,34,1,True,True,True,0,core_only,18,16,12,7,21
luri-luristan-province-iran,23743,61,61,61,34,34,1,34,33,1,True,True,True,0,core_only,17,16,12,7,20
lusoga,20926,67,67,67,39,39,2,39,34,1,True,True,True,0,core_only,18,17,14,10,23
lutos,143542,62,62,62,35,35,1,35,34,1,True,True,True,0,core_only,18,16,12,7,21
luvale,554,64,64,64,35,35,1,35,34,1,True,True,True,0,core_only,18,16,12,7,21
luwo,13915,62,62,62,35,35,1,35,34,1,True,True,True,0,core_only,18,16,12,7,21
luwu-tae,144740,62,62,62,35,35,1,35,34,1,True,True,True,0,core_only,18,16,12,7,21
lyele,2035,62,62,62,35,35,1,35,34,1,True,True,True,0,core_only,18,16,12,7,21
maanyan,16781,62,62,62,35,35,1,35,34,1,True,True,True,0,core_only,18,16,12,7,21
maasai,7309,121,121,121,60,61,3,59,54,2,True,True,True,0,core_only,23,27,22,13,39
maay,13376,116,116,116,56,57,2,55,54,2,True,True,True,0,core_only,23,26,20,10,37
macedonian,20796,152,152,154,69,71,13,67,66,3,True,True,True,0,core_only,24,29,28,16,43
mada,19951,62,62,62,35,35,1,35,34,1,True,True,True,0,core_only,18,16,12,7,21
madi,13893,62,62,62,35,35,1,35,34,1,True,True,True,0,core_only,18,16,12,7,21
madi-okollo,139183,62,62,62,35,35,1,35,34,1,True,True,True,0,core_only,18,16,12,7,21
madura,13183,62,62,62,35,35,1,35,34,1,True,True,True,0,core_only,18,16,12,7,21
mafa,2556,62,62,62,35,35,1,35,34,1,True,True,True,0,core_only,18,16,12,7,21
magahi,6186,62,62,62,35,35,1,35,34,1,True,True,True,0,core_only,18,16,12,7,21
magar-eastern,1371,62,62,62,35,35,1,35,34,1,True,True,True,0,core_only,18,16,12,7,21
magar-western,9030,62,62,62,35,35,1,35,34,1,True,True,True,0,core_only,18,16,12,7,21
magindanaon,12635,116,116,116,56,57,2,55,54,2,True,True,True,0,core_only,23,26,20,10,37
mahasu-pahari,184487,70,70,70,40,40,2,40,39,1,True,True,True,0,core_only,19,18,13,9,25
mai-brat,16176,62,62,62,35,35,1,35,34,1,True,True,True,0,core_only,18,16,12,7,21
mailu,144630,63,63,63,35,35,1,35,34,1,True,True,True,0,core_only,18,16,12,7,21
maithili,6199,78,78,78,36,36,2,35,34,2,True,True,True,0,core_only,18,16,12,7,22
maithili-nepal,184939,62,62,62,35,35,1,35,34,1,True,True,True,0,core_only,18,16,12,7,21
maiwa,20324,62,62,62,35,35,1,35,34,1,True,True,True,0,core_only,18,16,12,7,21
majang,143881,62,62,62,35,35,1,35,34,1,True,True,True,0,core_only,18,16,12,7,21
majhi,143400,62,62,62,35,35,1,35,34,1,True,True,True,0,core_only,18,16,12,7,21
makaa,2530,67,67,67,39,39,2,39,34,1,True,True,True,0,core_only,18,17,14,10,23
makasar,21248,62,62,62,35,35,1,35,34,1,True,True,True,0,core_only,18,16,12,7,21
makhau-tanzania,184505,62,62,62,35,35,1,35,34,1,True,True,True,0,core_only,18,16,12,7,21
makhuwa,142483,67,67,67,39,39,2,39,34,1,True,True,True,0,core_only,18,17,14,10,23
makoma,151261,64,64,64,35,35,1,35,34,1,True,True,True,0,core_only,18,16,12,7,21
makonde-mozambique,8433,62,62,62,35,35,1,35,34,1,True,True,True,0,core_only,18,16,12,7,21
makonde-tanzania,184494,62,62,62,35,35,1,35,34,1,True,True,True,0,core_only,18,16,12,7,21
mal-paharia,6210,62,62,62,35,35,1,35,34,1,True,True,True,0,core_only,18,16,12,7,21
malagasy,7761,161,161,163,74,76,15,72,67,3,True,True,True,0,core_only,25,30,31,19,45
malagasy-antankarana,7750,62,62,62,35,35,1,35,34,1,True,True,True,0,core_only,18,16,12,7,21
malagasy-antesaka,139117,63,63,63,35,35,1,35,34,1,True,True,True,0,core_only,18,16,12,7,21
malagasy-northern-betsimisaraka,26664,64,64,64,35,35,1,35,34,1,True,True,True,0,core_only,18,16,12,7,21
malagasy-southern-betsimisaraka,27226,62,62,62,35,35,1,35,34,1,True,True,True,0,core_only,18,16,12,7,21
malagasy-tanosy,26972,64,64,64,35,35,1,35,34,1,True,True,True,0,core_only,18,16,12,7,21
malango-teha,143497,62,62,62,35,35,1,35,34,1,True,True,True,0,core_only,18,16,12,7,21
malay,1927,252,252,254,101,102,30,99,97,4,True,True,True,0,core_only,40,38,40,28,52
malay-ambonese,16891,64,64,64,35,35,1,35,34,1,True,True,True,0,core_only,18,16,12,7,21
malay-bukit,16883,62,62,62,35,35,1,35,34,1,True,True,True,0,core_only,18,16,12,7,21
malay-jambi,17753,62,62,62,35,35,1,35,34,1,True,True,True,0,core_only,18,16,12,7,21
malay-kota-bangun-kutai,16777,62,62,62,35,35,1,35,34,1,True,True,True,0,core_only,18,16,12,7,21
malay-north-moluccan,16900,62,62,62,35,35,1,35,34,1,True,True,True,0,core_only,18,16,12,7,21
malay-papuan,100882,62,62,62,35,35,1,35,34,1,True,True,True,0,core_only,18,16,12,7,21
malay-pattani,14386,64,64,64,35,35,1,35,34,1,True,True,True,0,core_only,18,16,12,7,21
malay-tenggarong-kutai,16695,62,62,62,35,35,1,35,34,1,True,True,True,0,core_only,18,16,12,7,21
malayalam,19985,289,289,289,110,111,13,108,107,3,True,True,True,0,core_only,47,44,43,24,60
malayic-dayak,143339,62,62,62,35,35,1,35,34,1,True,True,True,0,core_only,18,16,12,7,21
male,4768,62,62,62,35,35,1,35,34,1,True,True,True,0,core_only,18,16,12,7,21
malila,14260,62,62,62,35,35,1,35,34,1,True,True,True,0,core_only,18,16,12,7,21
malinke-kenieba,184646,62,62,62,35,35,1,35,34,1,True,True,True,0,core_only,18,16,12,7,21
malinke-kita,184647,62,62,62,35,35,1,35,34,1,True,True,True,0,core_only,18,16,12,7,21
malkangiri-koya,148910,62,62,62,35,35,1,35,34,1,True,True,True,0,core_only,18,16,12,7,21
malo,4767,62,62,62,35,35,1,35,34,1,True,True,True,0,core_only,18,16,12,7,21
maltese,7885,152,152,154,69,71,13,67,66,3,True,True,True,0,core_only,24,29,28,16,43
malvi,6171,69,69,69,39,39,2,39,38,1,True,True,True,0,core_only,19,18,13,8,24
mam-central,5408,62,62,62,35,35,1,35,34,1,True,True,True,0,core_only,18,16,12,7,21
mam-northern,5427,84,84,86,47,48,11,47,46,1,True,True,True,0,core_only,19,19,20,13,26
mam-tajumulco,5410,62,62,62,35,35,1,35,34,1,True,True,True,0,core_only,18,16,12,7,21
mamainde,99766,62,62,62,35,35,1,35,34,1,True,True,True,0,core_only,18,16,12,7,21
mamasa,17616,62,62,62,35,35,1,35,34,1,True,True,True,0,core_only,18,16,12,7,21
mambilla,175157,62,62,62,35,35,1,35,34,1,True,True,True,0,core_only,18,16,12,7,21
mambwe-lungu,14259,64,64,64,35,35,1,35,34,1,True,True,True,0,core_only,18,16,12,7,21
mampruli,5240,62,62,62,35,35,1,35,34,1,True,True,True,0,core_only,18,16,12,7,21
mamuju,20025,62,62,62,35,35,1,35,34,1,True,True,True,0,core_only,18,16,12,7,21
mamusi,141311,62,62,62,35,35,1,35,34,1,True,True,True,0,core_only,18,16,12,7,21
manado,24314,62,62,62,35,35,1,35,34,1,True,True,True,0,core_only,18,16,12,7,21
manambu,143488,62,62,62,35,35,1,35,34,1,True,True,True,0,core_only,18,16,12,7,21
manda,101919,62,62,62,35,35,1,35,34,1,True,True,True,0,core_only,18,16,12,7,21
mandar,17471,62,62,62,35,35,1,35,34,1,True,True,True,0,core_only,18,16,12,7,21
mandara,11230,62,62,62,35,35,1,35,34,1,True,True,True,0,core_only,18,16,12,7,21
mandara-cameroon,144476,67,67,67,39,39,2,39,34,1,True,True,True,0,core_only,18,17,14,10,23
mandarin-china,20615,564,564,566,162,164,49,156,156,6,True,True,True,0,core_only,61,59,60,39,91
mandarin-taiwan,23221,147,147,147,68,69,10,64,65,3,True,True,True,0,core_only,27,30,24,13,44
mandeali,6242,62,62,62,35,35,1,35,34,1,True,True,True,0,core_only,18,16,12,7,21
mandinka,5040,62,62,62,35,35,1,35,34,1,True,True,True,0,core_only,18,16,12,7,21
mandja,3171,67,67,67,39,39,2,39,34,1,True,True,True,0,core_only,18,17,14,10,23
manga,42106,116,116,116,56,57,2,55,54,2,True,True,True,0,core_only,23,26,20,10,37
mangalorean-konkani,164216,62,62,62,35,35,1,35,34,1,True,True,True,0,core_only,18,16,12,7,21
mangbetu,14749,62,62,62,35,35,1,35,34,1,True,True,True,0,core_only,18,16,12,7,21
manggarai,17282,62,62,62,35,35,1,35,34,1,True,True,True,0,core_only,18,16,12,7,21
mangghuer-wuge,139111,64,64,64,35,35,1,35,34,1,True,True,True,0,core_only,18,16,12,7,21
mango,26152,64,64,64,35,35,1,35,34,1,True,True,True,0,core_only,18,16,12,7,21
maninka,5450,93,93,95,52,53,12,51,51,1,True,True,True,0,core_only,20,21,21,15,30
maninka-konyanka,24413,62,62,62,35,35,1,35,34,1,True,True,True,0,core_only,18,16,12,7,21
manjaku,23979,62,62,62,35,35,1,35,34,1,True,True,True,0,core_only,18,16,12,7,21
mankanya,5042,62,62,62,35,35,1,35,34,1,True,True,True,0,core_only,18,16,12,7,21
mano,5472,67,67,67,39,39,2,39,34,1,True,True,True,0,core_only,18,17,14,10,23
manobo-ata,12850,62,62,62,35,35,1,35,34,1,True,True,True,0,core_only,18,16,12,7,21
manobo-dibabawon,144211,62,62,62,35,35,1,35,34,1,True,True,True,0,core_only,18,16,12,7,21
manobo-ilianen,144214,62,62,62,35,35,1,35,34,1,True,True,True,0,core_only,18,16,12,7,21
manobo-matigsalug,12640,115,115,115,56,57,2,55,54,2,True,True,True,0,core_only,23,26,20,10,37
manobo-sarangani,99564,64,64,64,35,35,1,35,34,1,True,True,True,0,core_only,18,16,12,7,21
manobo-tagabawa,12839,62,62,62,35,35,1,35,34,1,True,True,True,0,core_only,18,16,12,7,21
manobo-western-bukidnon,144210,62,62,62,35,35,1,35,34,1,True,True,True,0,core_only,18,16,12,7,21
mansoanka,5038,62,62,62,35,35,1,35,34,1,True,True,True,0,core_only,18,16,12,7,21
manyika,8456,62,62,62,35,35,1,35,34,1,True,True,True,0,core_only,18,16,12,7,21
maonan,4031,62,62,62,35,35,1,35,34,1,True,True,True,0,core_only,18,16,12,7,21
maori,9198,62,62,62,35,35,1,35,34,1,True,True,True,0,core_only,18,16,12,7,21
mapudungun,644,84,84,86,47,48,11,47,46,1,True,True,True,0,core_only,19,19,20,13,26
maquiritari,144295,63,63,63,35,35,1,35,34,1,True,True,True,0,core_only,18,16,12,7,21
marakwet,24410,116,116,116,56,57,2,55,54,2,True,True,True,0,core_only,23,26,20,10,37
maram-naga,184815,64,64,64,35,35,1,35,34,1,True,True,True,0,core_only,18,16,12,7,21
maranao,12624,62,62,62,35,35,1,35,34,1,True,True,True,0,core_only,18,16,12,7,21
marathi,6174,294,294,294,109,110,12,105,105,4,True,True,True,0,core_only,45,45,44,25,61
marba,3534,62,62,62,35,35,1,35,34,1,True,True,True,0,core_only,18,16,12,7,21
mardini,23800,84,84,86,47,48,11,47,46,1,True,True,True,0,core_only,19,19,20,13,26
marghi-central,9495,62,62,62,35,35,1,35,34,1,True,True,True,0,core_only,18,16,12,7,21
margi-south,139128,62,62,62,35,35,1,35,34,1,True,True,True,0,core_only,18,16,12,7,21
mari-low,18489,62,62,62,35,35,1,35,34,1,True,True,True,0,core_only,18,16,12,7,21
maria,6178,62,62,62,35,35,1,35,34,1,True,True,True,0,core_only,18,16,12,7,21
maria-dandami,6558,62,62,62,35,35,1,35,34,1,True,True,True,0,core_only,18,16,12,7,21
markweeta,140520,62,62,62,35,35,1,35,34,1,True,True,True,0,core_only,18,16,12,7,21
marma,101788,62,62,62,35,35,1,35,34,1,True,True,True,0,core_only,18,16,12,7,21
maro,99303,62,62,62,35,35,1,35,34,1,True,True,True,0,core_only,18,16,12,7,21
marshallese,7889,84,84,86,47,48,11,47,46,1,True,True,True,0,core_only,19,19,20,13,26
marwari,6209,76,76,76,36,36,2,35,34,2,True,True,True,0,core_only,18,16,12,7,22
marwari-northern,10527,61,61,61,34,34,1,34,33,1,True,True,True,0,core_only,17,16,12,7,20
marwari-southern,10528,116,116,116,56,57,2,55,54,2,True,True,True,0,core_only,23,26,20,10,37
masalit,3531,62,62,62,35,35,1,35,34,1,True,True,True,0,core_only,18,16,12,7,21
masana,2538,67,67,67,39,39,2,39,34,1,True,True,True,0,core_only,18,17,14,10,23
masbatenyo,12622,62,62,62,35,35,1,35,34,1,True,True,True,0,core_only,18,16,12,7,21
mashami-chagga,24142,62,62,62,35,35,1,35,34,1,True,True,True,0,core_only,18,16,12,7,21
mashi,20919,62,62,62,35,35,1,35,34,1,True,True,True,0,core_only,18,16,12,7,21
masikoro,23196,64,64,64,35,35,1,35,34,1,True,True,True,0,core_only,18,16,12,7,21
maskelynes,141436,63,63,63,35,35,1,35,34,1,True,True,True,0,core_only,18,16,12,7,21
matal,101827,62,62,62,35,35,1,35,34,1,True,True,True,0,core_only,18,16,12,7,21
matengo,14255,62,62,62,35,35,1,35,34,1,True,True,True,0,core_only,18,16,12,7,21
mato,144465,62,62,62,35,35,1,35,34,1,True,True,True,0,core_only,18,16,12,7,21
matses,1604,63,63,63,35,35,1,35,34,1,True,True,True,0,core_only,18,16,12,7,21
matsigenka,173888,63,63,63,35,35,1,35,34,1,True,True,True,0,core_only,18,16,12,7,21
matumbi,14254,64,64,64,35,35,1,35,34,1,True,True,True,0,core_only,18,16,12,7,21
mawae,152300,63,63,63,35,35,1,35,34,1,True,True,True,0,core_only,18,16,12,7,21
mawchi,19988,62,62,62,35,35,1,35,34,1,True,True,True,0,core_only,18,16,12,7,21
maxakali,1608,62,62,62,35,35,1,35,34,1,True,True,True,0,core_only,18,16,12,7,21
mayan,21012,130,130,130,57,58,3,55,54,3,True,True,True,0,core_only,23,26,20,10,38
mayangna,142395,63,63,63,35,35,1,35,34,1,True,True,True,0,core_only,18,16,12,7,21
mayogo,15329,62,62,62,35,35,1,35,34,1,True,True,True,0,core_only,18,16,12,7,21
mazagway-hidi,176144,62,62,62,35,35,1,35,34,1,True,True,True,0,core_only,18,16,12,7,21
mazahua,8241,62,62,62,35,35,1,35,34,1,True,True,True,0,core_only,18,16,12,7,21
mazanderani,6793,54,54,54,30,31,1,30,29,1,True,True,True,0,core_only,8,15,13,6,21
mazateco-huautla-de-jimenez,8245,62,62,62,35,35,1,35,34,1,True,True,True,0,core_only,18,16,12,7,21
mba,144472,62,62,62,35,35,1,35,34,1,True,True,True,0,core_only,18,16,12,7,21
mbala,19953,62,62,62,35,35,1,35,34,1,True,True,True,0,core_only,18,16,12,7,21
mbandja,143356,64,64,64,35,35,1,35,34,1,True,True,True,0,core_only,18,16,12,7,21
mbe,101833,64,64,64,35,35,1,35,34,1,True,True,True,0,core_only,18,16,12,7,21
mbelime,100953,62,62,62,35,35,1,35,34,1,True,True,True,0,core_only,18,16,12,7,21
mbembe-cross-river,9473,62,62,62,35,35,1,35,34,1,True,True,True,0,core_only,18,16,12,7,21
mbembe-tigon,2329,64,64,64,35,35,1,35,34,1,True,True,True,0,core_only,18,16,12,7,21
mbosi,4336,62,62,62,35,35,1,35,34,1,True,True,True,0,core_only,18,16,12,7,21
mbugwe,144632,62,62,62,35,35,1,35,34,1,True,True,True,0,core_only,18,16,12,7,21
mbuko,100947,62,62,62,35,35,1,35,34,1,True,True,True,0,core_only,18,16,12,7,21
mbukushu,570,62,62,62,35,35,1,35,34,1,True,True,True,0,core_only,18,16,12,7,21
mbula,9490,64,64,64,35,35,1,35,34,1,True,True,True,0,core_only,18,16,12,7,21
medlpa,11668,62,62,62,35,35,1,35,34,1,True,True,True,0,core_only,18,16,12,7,21
medumba,2871,62,62,62,35,35,1,35,34,1,True,True,True,0,core_only,18,16,12,7,21
meen,144517,62,62,62,35,35,1,35,34,1,True,True,True,0,core_only,18,16,12,7,21
meitei,143789,131,131,131,58,59,4,56,55,3,True,True,True,0,core_only,23,26,20,11,39
mekeo,144461,63,63,63,35,35,1,35,34,1,True,True,True,0,core_only,18,16,12,7,21
mele-fila,144425,63,63,63,35,35,1,35,34,1,True,True,True,0,core_only,18,16,12,7,21
melpa,101718,63,63,63,35,35,1,35,34,1,True,True,True,0,core_only,18,16,12,7,21
mende,7577,103,103,105,52,53,13,51,46,2,True,True,True,0,core_only,19,20,22,16,29
mentawai,17797,62,62,62,35,35,1,35,34,1,True,True,True,0,core_only,18,16,12,7,21
mephaa,20977,62,62,62,35,35,1,35,34,1,True,True,True,0,core_only,18,16,12,7,21
mephaa-de-acatapec,184853,62,62,62,35,35,1,35,34,1,True,True,True,0,core_only,18,16,12,7,21
mephaa-de-huitzapula,184831,62,62,62,35,35,1,35,34,1,True,True,True,0,core_only,18,16,12,7,21
meqa,101396,62,62,62,35,35,1,35,34,1,True,True,True,0,core_only,18,16,12,7,21
merey,101729,62,62,62,35,35,1,35,34,1,True,True,True,0,core_only,18,16,12,7,21
merwari,99886,62,62,62,35,35,1,35,34,1,True,True,True,0,core_only,18,16,12,7,21
mewari,20814,62,62,62,35,35,1,35,34,1,True,True,True,0,core_only,18,16,12,7,21
mexican-sign-language,8230,1,1,1,1,1,1,1,0,1,False,False,False,0,core_only,0,0,0,0,1
meyah,144460,62,62,62,35,35,1,35,34,1,True,True,True,0,core_only,18,16,12,7,21
mgbolizhia,53313,62,62,62,35,35,1,35,34,1,True,True,True,0,core_only,18,16,12,7,21
miao-central-mashan,140982,62,62,62,35,35,1,35,34,1,True,True,True,0,core_only,18,16,12,7,21
miao-chuanqiandian-cluster,140246,62,62,62,35,35,1,35,34,1,True,True,True,0,core_only,18,16,12,7,21
miao-eastern-qiandong,144869,63,63,63,35,35,1,35,34,1,True,True,True,0,core_only,18,16,12,7,21
miao-huishui-northern,22842,63,63,63,35,35,1,35,34,1,True,True,True,0,core_only,18,16,12,7,21
miao-northern-qiandong,140948,63,63,63,35,35,1,35,34,1,True,True,True,0,core_only,18,16,12,7,21
miao-small-flowery,142333,63,63,63,35,35,1,35,34,1,True,True,True,0,core_only,18,16,12,7,21
miao-southern-qiandong,140985,62,62,62,35,35,1,35,34,1,True,True,True,0,core_only,18,16,12,7,21
migili,32122,64,64,64,35,35,1,35,34,1,True,True,True,0,core_only,18,16,12,7,21
miju-mishmi,144427,62,62,62,35,35,1,35,34,1,True,True,True,0,core_only,18,16,12,7,21
minangkabau,17695,62,62,62,35,35,1,35,34,1,True,True,True,0,core_only,18,16,12,7,21
mingrelian,5076,62,62,62,35,35,1,35,34,1,True,True,True,0,core_only,18,16,12,7,21
minianka,20917,62,62,62,35,35,1,35,34,1,True,True,True,0,core_only,18,16,12,7,21
mirgan,5935,62,62,62,35,35,1,35,34,1,True,True,True,0,core_only,18,16,12,7,21
mising,24177,62,62,62,35,35,1,35,34,1,True,True,True,0,core_only,18,16,12,7,21
miskito,5527,62,62,62,35,35,1,35,34,1,True,True,True,0,core_only,18,16,12,7,21
mixe-coatlan,8235,62,62,62,35,35,1,35,34,1,True,True,True,0,core_only,18,16,12,7,21
mixe-del-istmo,8295,62,62,62,35,35,1,35,34,1,True,True,True,0,core_only,18,16,12,7,21
mixtec-amoltepec,144228,62,62,62,35,35,1,35,34,1,True,True,True,0,core_only,18,16,12,7,21
mixtec-ayutla,26162,62,62,62,35,35,1,35,34,1,True,True,True,0,core_only,18,16,12,7,21
mixtec-magdalena-penasco,142146,63,63,63,35,35,1,35,34,1,True,True,True,0,core_only,18,16,12,7,21
mixteco-alacatlatzala,8299,62,62,62,35,35,1,35,34,1,True,True,True,0,core_only,18,16,12,7,21
mixteco-central-juxtlahuaca,8038,62,62,62,35,35,1,35,34,1,True,True,True,0,core_only,18,16,12,7,21
mixteco-cuquila-ocotepec,184833,62,62,62,35,35,1,35,34,1,True,True,True,0,core_only,18,16,12,7,21
mixteco-diuxi-tilantongo,8294,62,62,62,35,35,1,35,34,1,True,True,True,0,core_only,18,16,12,7,21
mixteco-eastern,8303,62,62,62,35,35,1,35,34,1,True,True,True,0,core_only,18,16,12,7,21
mixteco-metlatonoc,8193,62,62,62,35,35,1,35,34,1,True,True,True,0,core_only,18,16,12,7,21
mixteco-monte-verde,23992,62,62,62,35,35,1,35,34,1,True,True,True,0,core_only,18,16,12,7,21
mixteco-northwest-oaxaca,8202,62,62,62,35,35,1,35,34,1,True,True,True,0,core_only,18,16,12,7,21
mixteco-potoichan,184832,62,62,62,35,35,1,35,34,1,True,True,True,0,core_only,18,16,12,7,21
mixteco-santa-maria-apasco,8296,62,62,62,35,35,1,35,34,1,True,True,True,0,core_only,18,16,12,7,21
mixteco-silacayoapan,8287,62,62,62,35,35,1,35,34,1,True,True,True,0,core_only,18,16,12,7,21
mixteco-southern-puebla,8293,62,62,62,35,35,1,35,34,1,True,True,True,0,core_only,18,16,12,7,21
mixteco-terroro-venado,24007,62,62,62,35,35,1,35,34,1,True,True,True,0,core_only,18,16,12,7,21
miya,9461,62,62,62,35,35,1,35,34,1,True,True,True,0,core_only,18,16,12,7,21
mizo-lushai,23578,62,62,62,35,35,1,35,34,1,True,True,True,0,core_only,18,16,12,7,21
mmen,139817,64,64,64,35,35,1,35,34,1,True,True,True,0,core_only,18,16,12,7,21
mnong-central,2159,63,63,63,35,35,1,35,34,1,True,True,True,0,core_only,18,16,12,7,21
mnong-rlam,19200,62,62,62,35,35,1,35,34,1,True,True,True,0,core_only,18,16,12,7,21
moba,2029,121,121,121,60,61,3,59,54,2,True,True,True,0,core_only,23,27,22,13,39
mochi,144705,62,62,62,35,35,1,35,34,1,True,True,True,0,core_only,18,16,12,7,21
modole,17075,62,62,62,35,35,1,35,34,1,True,True,True,0,core_only,18,16,12,7,21
mofu-gudur,23922,62,62,62,35,35,1,35,34,1,True,True,True,0,core_only,18,16,12,7,21
moken,101562,62,62,62,35,35,1,35,34,1,True,True,True,0,core_only,18,16,12,7,21
moksha,18487,62,62,62,35,35,1,35,34,1,True,True,True,0,core_only,18,16,12,7,21
molbog,12603,62,62,62,35,35,1,35,34,1,True,True,True,0,core_only,18,16,12,7,21
moma,101665,62,62,62,35,35,1,35,34,1,True,True,True,0,core_only,18,16,12,7,21
mon,20010,62,62,62,35,35,1,35,34,1,True,True,True,0,core_only,18,16,12,7,21
mongo-nkundu,15300,62,62,62,35,35,1,35,34,1,True,True,True,0,core_only,18,16,12,7,21
mongolian-halh,18259,230,230,232,82,84,18,80,79,3,True,True,True,0,core_only,28,30,32,20,54
mongondow,17467,62,62,62,35,35,1,35,34,1,True,True,True,0,core_only,18,16,12,7,21
mono,20007,62,62,62,35,35,1,35,34,1,True,True,True,0,core_only,18,16,12,7,21
moore,2028,143,143,145,72,74,13,71,66,2,True,True,True,0,core_only,24,30,30,19,44
moro,13889,62,62,62,35,35,1,35,34,1,True,True,True,0,core_only,18,16,12,7,21
moru,13901,62,62,62,35,35,1,35,34,1,True,True,True,0,core_only,18,16,12,7,21
mosiye,140404,62,62,62,35,35,1,35,34,1,True,True,True,0,core_only,18,16,12,7,21
mouwase,141066,62,62,62,35,35,1,35,34,1,True,True,True,0,core_only,18,16,12,7,21
mpoto,7791,62,62,62,35,35,1,35,34,1,True,True,True,0,core_only,18,16,12,7,21
mpyemo,3207,62,62,62,35,35,1,35,34,1,True,True,True,0,core_only,18,16,12,7,21
mro,53346,62,62,62,35,35,1,35,34,1,True,True,True,0,core_only,18,16,12,7,21
mru,1251,62,62,62,35,35,1,35,34,1,True,True,True,0,core_only,18,16,12,7,21
mualang,144156,62,62,62,35,35,1,35,34,1,True,True,True,0,core_only,18,16,12,7,21
mumuye,2441,62,62,62,35,35,1,35,34,1,True,True,True,0,core_only,18,16,12,7,21
muna,17462,62,62,62,35,35,1,35,34,1,True,True,True,0,core_only,18,16,12,7,21
munda,100408,62,62,62,35,35,1,35,34,1,True,True,True,0,core_only,18,16,12,7,21
mundang,2453,62,62,62,35,35,1,35,34,1,True,True,True,0,core_only,18,16,12,7,21
mundani,2440,62,62,62,35,35,1,35,34,1,True,True,True,0,core_only,18,16,12,7,21
mundari,1250,62,62,62,35,35,1,35,34,1,True,True,True,0,core_only,18,16,12,7,21
mundari-south-sudan,127670,62,62,62,35,35,1,35,34,1,True,True,True,0,core_only,18,16,12,7,21
mundu,184502,62,62,62,35,35,1,35,34,1,True,True,True,0,core_only,18,16,12,7,21
munduruku,1821,62,62,62,35,35,1,35,34,1,True,True,True,0,core_only,18,16,12,7,21
mungaka,2485,62,62,62,35,35,1,35,34,1,True,True,True,0,core_only,18,16,12,7,21
munukutuba,4334,84,84,86,47,48,11,47,46,1,True,True,True,0,core_only,19,19,20,13,26
muong,19191,116,116,116,56,57,2,55,54,2,True,True,True,0,core_only,23,26,20,10,37
mupun,155934,62,62,62,35,35,1,35,34,1,True,True,True,0,core_only,18,16,12,7,21
muria-eastern,98139,62,62,62,35,35,1,35,34,1,True,True,True,0,core_only,18,16,12,7,21
muria-western,101474,62,62,62,35,35,1,35,34,1,True,True,True,0,core_only,18,16,12,7,21
murle,4764,62,62,62,35,35,1,35,34,1,True,True,True,0,core_only,18,16,12,7,21
musgu,2449,62,62,62,35,35,1,35,34,1,True,True,True,0,core_only,18,16,12,7,21
muyang,2430,62,62,62,35,35,1,35,34,1,True,True,True,0,core_only,18,16,12,7,21
mwaghavul,10021,67,67,67,39,39,2,39,34,1,True,True,True,0,core_only,18,17,14,10,23
mwan,143863,62,62,62,35,35,1,35,34,1,True,True,True,0,core_only,18,16,12,7,21
mwani,8486,62,62,62,35,35,1,35,34,1,True,True,True,0,core_only,18,16,12,7,21
mwera,14124,62,62,62,35,35,1,35,34,1,True,True,True,0,core_only,18,16,12,7,21
mwimbi-igoji-muthambi,7300,62,62,62,35,35,1,35,34,1,True,True,True,0,core_only,18,16,12,7,21
naasioi,20061,62,62,62,35,35,1,35,34,1,True,True,True,0,core_only,18,16,12,7,21
nafaanra,5228,62,62,62,35,35,1,35,34,1,True,True,True,0,core_only,18,16,12,7,21
naga-angami,6071,62,62,62,35,35,1,35,34,1,True,True,True,0,core_only,18,16,12,7,21
naga-chang,101847,62,62,62,35,35,1,35,34,1,True,True,True,0,core_only,18,16,12,7,21
naga-chokri,101310,62,62,62,35,35,1,35,34,1,True,True,True,0,core_only,18,16,12,7,21
naga-khezha,143890,62,62,62,35,35,1,35,34,1,True,True,True,0,core_only,18,16,12,7,21
naga-konyak,6144,62,62,62,35,35,1,35,34,1,True,True,True,0,core_only,18,16,12,7,21
naga-liangmai,143810,62,62,62,35,35,1,35,34,1,True,True,True,0,core_only,18,16,12,7,21
naga-lotha,6079,62,62,62,35,35,1,35,34,1,True,True,True,0,core_only,18,16,12,7,21
naga-mao,6110,62,62,62,35,35,1,35,34,1,True,True,True,0,core_only,18,16,12,7,21
naga-rongmei,6108,62,62,62,35,35,1,35,34,1,True,True,True,0,core_only,18,16,12,7,21
naga-sangtam,101316,62,62,62,35,35,1,35,34,1,True,True,True,0,core_only,18,16,12,7,21
naga-sumi,144286,62,62,62,35,35,1,35,34,1,True,True,True,0,core_only,18,16,12,7,21
naga-tangkhul,6044,62,62,62,35,35,1,35,34,1,True,True,True,0,core_only,18,16,12,7,21
naga-yimchungru,100453,62,62,62,35,35,1,35,34,1,True,True,True,0,core_only,18,16,12,7,21
naga-zeme,101677,62,62,62,35,35,1,35,34,1,True,True,True,0,core_only,18,16,12,7,21
nagamese,20842,64,64,64,36,36,2,36,35,1,True,True,True,0,core_only,18,16,12,8,22
nage,17269,62,62,62,35,35,1,35,34,1,True,True,True,0,core_only,18,16,12,7,21
nago,1327,62,62,62,35,35,1,35,34,1,True,True,True,0,core_only,18,16,12,7,21
nahuatl-central-huasteca,26419,116,116,116,56,57,2,55,54,2,True,True,True,0,core_only,23,26,20,10,37
nahuatl-eastern-huasteca,8188,116,116,116,56,57,2,55,54,2,True,True,True,0,core_only,23,26,20,10,37
nahuatl-isthmus-pajapan,143712,62,62,62,35,35,1,35,34,1,True,True,True,0,core_only,18,16,12,7,21
nahuatl-michoacan,144766,62,62,62,35,35,1,35,34,1,True,True,True,0,core_only,18,16,12,7,21
nahuatl-northern-puebla,144765,62,62,62,35,35,1,35,34,1,True,True,True,0,core_only,18,16,12,7,21
nahuatl-orizaba,8164,130,130,130,57,58,3,55,54,3,True,True,True,0,core_only,23,26,20,10,38
nahuatl-sierra-de-puebla,8336,62,62,62,35,35,1,35,34,1,True,True,True,0,core_only,18,16,12,7,21
nahuatl-southeast-puebla,8173,62,62,62,35,35,1,35,34,1,True,True,True,0,core_only,18,16,12,7,21
nahuatl-western-huasteca,8170,116,116,116,56,57,2,55,54,2,True,True,True,0,core_only,23,26,20,10,37
nahuatl-zacatlan-ahuacatlan-tepetzintla,143707,62,62,62,35,35,1,35,34,1,True,True,True,0,core_only,18,16,12,7,21
nakanai,11536,63,63,63,35,35,1,35,34,1,True,True,True,0,core_only,18,16,12,7,21
nalca,16214,62,62,62,35,35,1,35,34,1,True,True,True,0,core_only,18,16,12,7,21
nama,144017,62,62,62,35,35,1,35,34,1,True,True,True,0,core_only,18,16,12,7,21
nambikuara-southern,1816,62,62,62,35,35,1,35,34,1,True,True,True,0,core_only,18,16,12,7,21
nambya,15865,62,62,62,35,35,1,35,34,1,True,True,True,0,core_only,18,16,12,7,21
namiae,144455,62,62,62,35,35,1,35,34,1,True,True,True,0,core_only,18,16,12,7,21
namwanga,53095,64,64,64,35,35,1,35,34,1,True,True,True,0,core_only,18,16,12,7,21
nandeva,169287,63,63,63,35,35,1,35,34,1,True,True,True,0,core_only,18,16,12,7,21
nandi,102324,62,62,62,35,35,1,35,34,1,True,True,True,0,core_only,18,16,12,7,21
nangjere,37552,62,62,62,35,35,1,35,34,1,True,True,True,0,core_only,18,16,12,7,21
napu,101301,62,62,62,35,35,1,35,34,1,True,True,True,0,core_only,18,16,12,7,21
nasu-eastern,22847,130,130,130,57,58,3,55,54,3,True,True,True,0,core_only,23,26,20,10,38
nauruan,8818,84,84,86,47,48,11,47,46,1,True,True,True,0,core_only,19,19,20,13,26
navaho,19097,62,62,62,35,35,1,35,34,1,True,True,True,0,core_only,18,16,12,7,21
nawary,427,62,62,62,35,35,1,35,34,1,True,True,True,0,core_only,18,16,12,7,21
nawdm,5220,62,62,62,35,35,1,35,34,1,True,True,True,0,core_only,18,16,12,7,21
naxi,3974,72,72,72,40,40,2,40,39,1,True,True,True,0,core_only,19,18,13,9,25
ndali,20070,62,62,62,35,35,1,35,34,1,True,True,True,0,core_only,18,16,12,7,21
ndamba,14117,62,62,62,35,35,1,35,34,1,True,True,True,0,core_only,18,16,12,7,21
ndau,8441,62,62,62,35,35,1,35,34,1,True,True,True,0,core_only,18,16,12,7,21
ndebele-northern,20851,143,143,145,72,74,13,71,66,2,True,True,True,0,core_only,24,30,30,19,44
ndebele-southern,20852,62,62,62,35,35,1,35,34,1,True,True,True,0,core_only,18,16,12,7,21
ndendeule,14271,62,62,62,35,35,1,35,34,1,True,True,True,0,core_only,18,16,12,7,21
ndogo,13876,62,62,62,35,35,1,35,34,1,True,True,True,0,core_only,18,16,12,7,21
ndokwa-ukwuani,142180,62,62,62,35,35,1,35,34,1,True,True,True,0,core_only,18,16,12,7,21
ndola,176097,62,62,62,35,35,1,35,34,1,True,True,True,0,core_only,18,16,12,7,21
ndrulo,139155,62,62,62,35,35,1,35,34,1,True,True,True,0,core_only,18,16,12,7,21
ndruna,24295,62,62,62,35,35,1,35,34,1,True,True,True,0,core_only,18,16,12,7,21
ndut,143453,64,64,64,35,35,1,35,34,1,True,True,True,0,core_only,18,16,12,7,21
nembe,9731,62,62,62,35,35,1,35,34,1,True,True,True,0,core_only,18,16,12,7,21
nepali,1370,255,255,257,104,106,24,100,99,5,True,True,True,0,core_only,39,45,42,27,57
nethakani,139167,63,63,63,35,35,1,35,34,1,True,True,True,0,core_only,18,16,12,7,21
new-zealand-sign-language,9194,1,1,1,1,1,1,1,0,1,False,False,False,0,core_only,0,0,0,0,1
newari,6093,62,62,62,35,35,1,35,34,1,True,True,True,0,core_only,18,16,12,7,21
ngada,144528,62,62,62,35,35,1,35,34,1,True,True,True,0,core_only,18,16,12,7,21
ngakarimojong,20736,67,67,67,39,39,2,39,34,1,True,True,True,0,core_only,18,17,14,10,23
ngambay,2303,62,62,62,35,35,1,35,34,1,True,True,True,0,core_only,18,16,12,7,21
ngamo,9410,62,62,62,35,35,1,35,34,1,True,True,True,0,core_only,18,16,12,7,21
ngas,22193,62,62,62,35,35,1,35,34,1,True,True,True,0,core_only,18,16,12,7,21
ngbaka,4327,62,62,62,35,35,1,35,34,1,True,True,True,0,core_only,18,16,12,7,21
ngbandi,15269,62,62,62,35,35,1,35,34,1,True,True,True,0,core_only,18,16,12,7,21
ngbandi-ngiri,26416,62,62,62,35,35,1,35,34,1,True,True,True,0,core_only,18,16,12,7,21
ngbugu,53433,67,67,67,39,39,2,39,34,1,True,True,True,0,core_only,18,17,14,10,23
nghlawa,184630,62,62,62,35,35,1,35,34,1,True,True,True,0,core_only,18,16,12,7,21
ngiemboon,2348,62,62,62,35,35,1,35,34,1,True,True,True,0,core_only,18,16,12,7,21
ngindo,14108,62,62,62,35,35,1,35,34,1,True,True,True,0,core_only,18,16,12,7,21
ngizim,9396,62,62,62,35,35,1,35,34,1,True,True,True,0,core_only,18,16,12,7,21
ngomba,2344,62,62,62,35,35,1,35,34,1,True,True,True,0,core_only,18,16,12,7,21
ngombale,2357,62,62,62,35,35,1,35,34,1,True,True,True,0,core_only,18,16,12,7,21
ngombe,20077,62,62,62,35,35,1,35,34,1,True,True,True,0,core_only,18,16,12,7,21
ngombe-north,184944,63,63,63,35,35,1,35,34,1,True,True,True,0,core_only,18,16,12,7,21
ngombe-south,184943,63,63,63,35,35,1,35,34,1,True,True,True,0,core_only,18,16,12,7,21
ngonde,184510,62,62,62,35,35,1,35,34,1,True,True,True,0,core_only,18,16,12,7,21
ngulu,14115,62,62,62,35,35,1,35,34,1,True,True,True,0,core_only,18,16,12,7,21
nguna,149957,63,63,63,35,35,1,35,34,1,True,True,True,0,core_only,18,16,12,7,21
ngungwel,143643,62,62,62,35,35,1,35,34,1,True,True,True,0,core_only,18,16,12,7,21
nias,20089,62,62,62,35,35,1,35,34,1,True,True,True,0,core_only,18,16,12,7,21
nigerian-pidgin-english,22176,67,67,67,39,39,2,39,34,1,True,True,True,0,core_only,18,17,14,10,23
nimadi,6029,70,70,70,40,40,2,40,39,1,True,True,True,0,core_only,19,18,13,9,25
ninzo,27269,62,62,62,35,35,1,35,34,1,True,True,True,0,core_only,18,16,12,7,21
nisu-northern,142610,63,63,63,35,35,1,35,34,1,True,True,True,0,core_only,18,16,12,7,21
nivacle,140010,62,62,62,35,35,1,35,34,1,True,True,True,0,core_only,18,16,12,7,21
njebi,4312,62,62,62,35,35,1,35,34,1,True,True,True,0,core_only,18,16,12,7,21
nkim-nkum,184584,64,64,64,35,35,1,35,34,1,True,True,True,0,core_only,18,16,12,7,21
nkoya,15739,64,64,64,35,35,1,35,34,1,True,True,True,0,core_only,18,16,12,7,21
nogai,18634,63,63,63,35,35,1,35,34,1,True,True,True,0,core_only,18,16,12,7,21
noiri,101184,62,62,62,35,35,1,35,34,1,True,True,True,0,core_only,18,16,12,7,21
nomane,144116,62,62,62,35,35,1,35,34,1,True,True,True,0,core_only,18,16,12,7,21
noon,142878,64,64,64,35,35,1,35,34,1,True,True,True,0,core_only,18,16,12,7,21
noone,2364,62,62,62,35,35,1,35,34,1,True,True,True,0,core_only,18,16,12,7,21
north-gumuz,184659,62,62,62,35,35,1,35,34,1,True,True,True,0,core_only,18,16,12,7,21
norwegian-bokmal,10393,110,110,110,47,47,7,46,45,2,True,True,True,0,core_only,20,21,22,12,19
nosu-shengzha,3732,62,62,62,35,35,1,35,34,1,True,True,True,0,core_only,18,16,12,7,21
nosu-tianba,22928,63,63,63,35,35,1,35,34,1,True,True,True,0,core_only,18,16,12,7,21
nosu-yinuo,22929,63,63,63,35,35,1,35,34,1,True,True,True,0,core_only,18,16,12,7,21
notsi,144763,62,62,62,35,35,1,35,34,1,True,True,True,0,core_only,18,16,12,7,21
nsenga,8464,62,62,62,35,35,1,35,34,1,True,True,True,0,core_only,18,16,12,7,21
nta,152629,62,62,62,35,35,1,35,34,1,True,True,True,0,core_only,18,16,12,7,21
ntcham,5171,121,121,121,60,61,3,59,54,2,True,True,True,0,core_only,23,27,22,13,39
nuer,4752,84,84,86,47,48,11,47,46,1,True,True,True,0,core_only,19,19,20,13,26
numanggang,11479,62,62,62,35,35,1,35,34,1,True,True,True,0,core_only,18,16,12,7,21
nung,7481,62,62,62,35,35,1,35,34,1,True,True,True,0,core_only,18,16,12,7,21
nuni-southern,2021,63,63,63,35,35,1,35,34,1,True,True,True,0,core_only,18,16,12,7,21
nupe,9384,67,67,67,39,39,2,39,34,1,True,True,True,0,core_only,18,17,14,10,23
nusa-penida,185193,62,62,62,35,35,1,35,34,1,True,True,True,0,core_only,18,16,12,7,21
nyala,100971,62,62,62,35,35,1,35,34,1,True,True,True,0,core_only,18,16,12,7,21
nyamboa,184629,62,62,62,35,35,1,35,34,1,True,True,True,0,core_only,18,16,12,7,21
nyamwezi,14089,62,62,62,35,35,1,35,34,1,True,True,True,0,core_only,18,16,12,7,21
nyaneka,588,62,62,62,35,35,1,35,34,1,True,True,True,0,core_only,18,16,12,7,21
nyanga,15224,62,62,62,35,35,1,35,34,1,True,True,True,0,core_only,18,16,12,7,21
nyangatom,144101,62,62,62,35,35,1,35,34,1,True,True,True,0,core_only,18,16,12,7,21
nyaturu,14248,62,62,62,35,35,1,35,34,1,True,True,True,0,core_only,18,16,12,7,21
nyiramba,24140,62,62,62,35,35,1,35,34,1,True,True,True,0,core_only,18,16,12,7,21
nyishi,22564,62,62,62,35,35,1,35,34,1,True,True,True,0,core_only,18,16,12,7,21
nyole,14731,62,62,62,35,35,1,35,34,1,True,True,True,0,core_only,18,16,12,7,21
nyungwe,8523,62,62,62,35,35,1,35,34,1,True,True,True,0,core_only,18,16,12,7,21
nzakara,3161,62,62,62,35,35,1,35,34,1,True,True,True,0,core_only,18,16,12,7,21
nzanyi,2363,62,62,62,35,35,1,35,34,1,True,True,True,0,core_only,18,16,12,7,21
nzema,5213,62,62,62,35,35,1,35,34,1,True,True,True,0,core_only,18,16,12,7,21
oadki,184811,116,116,116,56,57,2,55,54,2,True,True,True,0,core_only,23,26,20,10,37
obamba,185226,62,62,62,35,35,1,35,34,1,True,True,True,0,core_only,18,16,12,7,21
obe-nrung-ene,184632,64,64,64,35,35,1,35,34,1,True,True,True,0,core_only,18,16,12,7,21
obo-manobo,53403,62,62,62,35,35,1,35,34,1,True,True,True,0,core_only,18,16,12,7,21
obolo,10364,62,62,62,35,35,1,35,34,1,True,True,True,0,core_only,18,16,12,7,21
od-rajput,184537,62,62,62,35,35,1,35,34,1,True,True,True,0,core_only,18,16,12,7,21
odiya,184528,237,237,237,89,90,7,87,86,3,True,True,True,0,core_only,40,40,36,20,45
ogan,17785,62,62,62,35,35,1,35,34,1,True,True,True,0,core_only,18,16,12,7,21
ogea,12186,62,62,62,35,35,1,35,34,1,True,True,True,0,core_only,18,16,12,7,21
ogoni,21236,62,62,62,35,35,1,35,34,1,True,True,True,0,core_only,18,16,12,7,21
ojibwa-western,3001,62,62,62,35,35,1,35,34,1,True,True,True,0,core_only,18,16,12,7,21
okiek,7266,62,62,62,35,35,1,35,34,1,True,True,True,0,core_only,18,16,12,7,21
okinawan-central,7103,62,62,62,35,35,1,35,34,1,True,True,True,0,core_only,18,16,12,7,21
okpe,144693,62,62,62,35,35,1,35,34,1,True,True,True,0,core_only,18,16,12,7,21
okpella,181696,62,62,62,35,35,1,35,34,1,True,True,True,0,core_only,18,16,12,7,21
okrika,9346,62,62,62,35,35,1,35,34,1,True,True,True,0,core_only,18,16,12,7,21
oku,144701,62,62,62,35,35,1,35,34,1,True,True,True,0,core_only,18,16,12,7,21
olukwumi,142183,62,62,62,35,35,1,35,34,1,True,True,True,0,core_only,18,16,12,7,21
olulumo-ikom,141024,62,62,62,35,35,1,35,34,1,True,True,True,0,core_only,18,16,12,7,21
olunyole,144539,62,62,62,35,35,1,35,34,1,True,True,True,0,core_only,18,16,12,7,21
olutachoni,99504,62,62,62,35,35,1,35,34,1,True,True,True,0,core_only,18,16,12,7,21
omi,15220,62,62,62,35,35,1,35,34,1,True,True,True,0,core_only,18,16,12,7,21
omwunra-toqura,155279,63,63,63,35,35,1,35,34,1,True,True,True,0,core_only,18,16,12,7,21
oniyan,139945,64,64,64,35,35,1,35,34,1,True,True,True,0,core_only,18,16,12,7,21
ono,144792,63,63,63,35,35,1,35,34,1,True,True,True,0,core_only,18,16,12,7,21
orang-seletar,143459,62,62,62,35,35,1,35,34,1,True,True,True,0,core_only,18,16,12,7,21
oriya-adivasi,143460,62,62,62,35,35,1,35,34,1,True,True,True,0,core_only,18,16,12,7,21
oro-wari-2,171627,62,62,62,35,35,1,35,34,1,True,True,True,0,core_only,18,16,12,7,21
orokaiva,144702,63,63,63,35,35,1,35,34,1,True,True,True,0,core_only,18,16,12,7,21
oroko,97247,64,64,64,35,35,1,35,34,1,True,True,True,0,core_only,18,16,12,7,21
oromo-borana-arsi-guji,4700,62,62,62,35,35,1,35,34,1,True,True,True,0,core_only,18,16,12,7,21
oromo-eastern,140928,67,67,67,39,39,2,39,34,1,True,True,True,0,core_only,18,17,14,10,23
oromo-west-central,4695,136,136,136,62,63,5,60,54,4,True,True,True,0,core_only,23,27,22,13,41
osetin,5089,62,62,62,35,35,1,35,34,1,True,True,True,0,core_only,18,16,12,7,21
osing,16640,62,62,62,35,35,1,35,34,1,True,True,True,0,core_only,18,16,12,7,21
ososo,143465,62,62,62,35,35,1,35,34,1,True,True,True,0,core_only,18,16,12,7,21
ot-danum,143469,62,62,62,35,35,1,35,34,1,True,True,True,0,core_only,18,16,12,7,21
otetela,20965,62,62,62,35,35,1,35,34,1,True,True,True,0,core_only,18,16,12,7,21
otomi-eastern,8156,62,62,62,35,35,1,35,34,1,True,True,True,0,core_only,18,16,12,7,21
otomi-mezquital,8158,62,62,62,35,35,1,35,34,1,True,True,True,0,core_only,18,16,12,7,21
otomi-western,8154,62,62,62,35,35,1,35,34,1,True,True,True,0,core_only,18,16,12,7,21
otoro,143475,62,62,62,35,35,1,35,34,1,True,True,True,0,core_only,18,16,12,7,21
otuho-lotuko,53422,61,61,61,34,34,1,34,33,1,True,True,True,0,core_only,17,16,12,7,20
owa,143295,63,63,63,35,35,1,35,34,1,True,True,True,0,core_only,18,16,12,7,21
oyda,143568,62,62,62,35,35,1,35,34,1,True,True,True,0,core_only,18,16,12,7,21
paama,143851,63,63,63,35,35,1,35,34,1,True,True,True,0,core_only,18,16,12,7,21
padoe,143600,62,62,62,35,35,1,35,34,1,True,True,True,0,core_only,18,16,12,7,21
paez,4181,62,62,62,35,35,1,35,34,1,True,True,True,0,core_only,18,16,12,7,21
pagabete,143573,62,62,62,35,35,1,35,34,1,True,True,True,0,core_only,18,16,12,7,21
pagoe,20138,62,62,62,35,35,1,35,34,1,True,True,True,0,core_only,18,16,12,7,21
pak-pak-dairi,21637,62,62,62,35,35,1,35,34,1,True,True,True,0,core_only,18,16,12,7,21
palamua,184571,62,62,62,35,35,1,35,34,1,True,True,True,0,core_only,18,16,12,7,21
palauan,10589,86,86,88,47,48,11,47,46,1,True,True,True,0,core_only,19,19,20,13,26
palaung-pale,3957,62,62,62,35,35,1,35,34,1,True,True,True,0,core_only,18,16,12,7,21
palaung-rumai,3936,62,62,62,35,35,1,35,34,1,True,True,True,0,core_only,18,16,12,7,21
palembang,17774,62,62,62,35,35,1,35,34,1,True,True,True,0,core_only,18,16,12,7,21
palikur,143846,62,62,62,35,35,1,35,34,1,True,True,True,0,core_only,18,16,12,7,21
pame-central,8145,62,62,62,35,35,1,35,34,1,True,True,True,0,core_only,18,16,12,7,21
pamona,19521,62,62,62,35,35,1,35,34,1,True,True,True,0,core_only,18,16,12,7,21
panare,15088,62,62,62,35,35,1,35,34,1,True,True,True,0,core_only,18,16,12,7,21
panchpargania,23403,62,62,62,35,35,1,35,34,1,True,True,True,0,core_only,18,16,12,7,21
pangasinan,12606,62,62,62,35,35,1,35,34,1,True,True,True,0,core_only,18,16,12,7,21
pangwa,14084,62,62,62,35,35,1,35,34,1,True,True,True,0,core_only,18,16,12,7,21
pangwali,143668,63,63,63,35,35,1,35,34,1,True,True,True,0,core_only,18,16,12,7,21
paniya,5969,62,62,62,35,35,1,35,34,1,True,True,True,0,core_only,18,16,12,7,21
panjabi-western,5949,62,62,62,35,35,1,35,34,1,True,True,True,0,core_only,18,16,12,7,21
pao,21662,62,62,62,35,35,1,35,34,1,True,True,True,0,core_only,18,16,12,7,21
papel,5446,62,62,62,35,35,1,35,34,1,True,True,True,0,core_only,18,16,12,7,21
papiamentu,9131,84,84,86,47,48,11,47,46,1,True,True,True,0,core_only,19,19,20,13,26
parakana,184475,62,62,62,35,35,1,35,34,1,True,True,True,0,core_only,18,16,12,7,21
paranan,12518,62,62,62,35,35,1,35,34,1,True,True,True,0,core_only,18,16,12,7,21
pardhan,5968,63,63,63,35,35,1,35,34,1,True,True,True,0,core_only,18,16,12,7,21
pardhi,5960,64,64,64,35,35,1,35,34,1,True,True,True,0,core_only,18,16,12,7,21
parecis,1794,62,62,62,35,35,1,35,34,1,True,True,True,0,core_only,18,16,12,7,21
pasaale,5209,62,62,62,35,35,1,35,34,1,True,True,True,0,core_only,18,16,12,7,21
pasemah,17773,62,62,62,35,35,1,35,34,1,True,True,True,0,core_only,18,16,12,7,21
pashto-eastern-afghan,184820,126,126,126,66,67,12,65,63,3,True,True,True,0,core_only,25,28,21,13,46
pashto-southern,10519,116,116,116,56,57,2,55,54,2,True,True,True,0,core_only,23,26,20,10,37
pashto-yusufzai,374,197,197,199,68,70,12,67,66,2,True,True,True,0,core_only,24,29,28,16,42
pattae,153568,62,62,62,35,35,1,35,34,1,True,True,True,0,core_only,18,16,12,7,21
pattapu,139166,62,62,62,35,35,1,35,34,1,True,True,True,0,core_only,18,16,12,7,21
penang-hokkien,184819,62,62,62,35,35,1,35,34,1,True,True,True,0,core_only,18,16,12,7,21
pengo,5956,62,62,62,35,35,1,35,34,1,True,True,True,0,core_only,18,16,12,7,21
persian-sign-language,144134,62,62,62,35,35,1,35,34,1,True,True,True,0,core_only,18,16,12,7,21
peve,2561,62,62,62,35,35,1,35,34,1,True,True,True,0,core_only,18,16,12,7,21
phende,15213,67,67,67,39,39,2,39,34,1,True,True,True,0,core_only,18,17,14,10,23
phom,176708,62,62,62,35,35,1,35,34,1,True,True,True,0,core_only,18,16,12,7,21
piapoco,143762,63,63,63,35,35,1,35,34,1,True,True,True,0,core_only,18,16,12,7,21
piaroa,4178,62,62,62,35,35,1,35,34,1,True,True,True,0,core_only,18,16,12,7,21
pidgin-cameroon,2261,89,89,91,51,52,12,51,46,1,True,True,True,0,core_only,19,20,22,16,28
pidgin-liberian,7586,123,123,123,60,61,3,59,54,2,True,True,True,0,core_only,23,27,22,13,39
pijin,13316,152,152,154,69,71,13,67,66,3,True,True,True,0,core_only,24,29,28,16,43
pimbwe,143768,62,62,62,35,35,1,35,34,1,True,True,True,0,core_only,18,16,12,7,21
pinyin,143962,64,64,64,35,35,1,35,34,1,True,True,True,0,core_only,18,16,12,7,21
pipero,51689,62,62,62,35,35,1,35,34,1,True,True,True,0,core_only,18,16,12,7,21
plang,114936,62,62,62,35,35,1,35,34,1,True,True,True,0,core_only,18,16,12,7,21
plautdietsch,1278,62,62,62,35,35,1,35,34,1,True,True,True,0,core_only,18,16,12,7,21
pnar,5973,62,62,62,35,35,1,35,34,1,True,True,True,0,core_only,18,16,12,7,21
pogoro,127283,62,62,62,35,35,1,35,34,1,True,True,True,0,core_only,18,16,12,7,21
pohnpeian,20880,84,84,86,47,48,11,47,46,1,True,True,True,0,core_only,19,19,20,13,26
poke,15210,62,62,62,35,35,1,35,34,1,True,True,True,0,core_only,18,16,12,7,21
pokomo-lower,7248,62,62,62,35,35,1,35,34,1,True,True,True,0,core_only,18,16,12,7,21
pokoot,7251,67,67,67,39,39,2,39,34,1,True,True,True,0,core_only,18,17,14,10,23
polish,4451,350,350,352,129,131,27,125,124,5,True,True,True,0,core_only,45,54,56,32,68
pomeranian-brazilian,184588,62,62,62,35,35,1,35,34,1,True,True,True,0,core_only,18,16,12,7,21
pontianak-hakka,162168,62,62,62,35,35,1,35,34,1,True,True,True,0,core_only,18,16,12,7,21
popoloca-san-felipe-otlaltepec,8130,62,62,62,35,35,1,35,34,1,True,True,True,0,core_only,18,16,12,7,21
popoloca-san-juan-atzingo,8134,62,62,62,35,35,1,35,34,1,True,True,True,0,core_only,18,16,12,7,21
popoloca-san-luis-temalacayuca,101096,62,62,62,35,35,1,35,34,1,True,True,True,0,core_only,18,16,12,7,21
popoluca-sierra,8133,62,62,62,35,35,1,35,34,1,True,True,True,0,core_only,18,16,12,7,21
portuguese-brazil,584,534,534,536,164,167,49,158,159,5,True,True,True,0,core_only,62,60,61,41,90
portuguese-mozambique,139136,28,28,30,17,18,12,17,13,0,True,False,False,0,core_only,1,4,10,10,8
portuguese-portugal,21064,196,196,198,85,87,29,83,82,3,True,True,True,0,core_only,28,33,31,20,55
pougouli,173946,62,62,62,35,35,1,35,34,1,True,True,True,0,core_only,18,16,12,7,21
poumai-naga,184557,62,62,62,35,35,1,35,34,1,True,True,True,0,core_only,18,16,12,7,21
powari,101328,62,62,62,35,35,1,35,34,1,True,True,True,0,core_only,18,16,12,7,21
provencal,154958,62,62,62,35,35,1,35,34,1,True,True,True,0,core_only,18,16,12,7,21
puinave,144251,63,63,63,35,35,1,35,34,1,True,True,True,0,core_only,18,16,12,7,21
pulangiyen,154060,62,62,62,35,35,1,35,34,1,True,True,True,0,core_only,18,16,12,7,21
punan-tubu,144252,62,62,62,35,35,1,35,34,1,True,True,True,0,core_only,18,16,12,7,21
punjabi,46771,204,204,204,81,82,9,78,76,5,True,True,True,0,core_only,28,33,29,15,54
purepecha,8075,72,72,72,44,44,2,44,43,1,True,True,True,0,core_only,20,17,15,10,29
pyam,178026,62,62,62,35,35,1,35,34,1,True,True,True,0,core_only,18,16,12,7,21
qanjobal,141355,62,62,62,35,35,1,35,34,1,True,True,True,0,core_only,18,16,12,7,21
qashqai,184529,63,63,63,35,35,1,35,34,1,True,True,True,0,core_only,18,16,12,7,21
qena,156595,62,62,62,35,35,1,35,34,1,True,True,True,0,core_only,18,16,12,7,21
qiang-southern,27157,63,63,63,35,35,1,35,34,1,True,True,True,0,core_only,18,16,12,7,21
quechua-ambo-pasco,144393,64,64,64,35,35,1,35,34,1,True,True,True,0,core_only,18,16,12,7,21
quechua-ancash-conchucos-northern,12449,62,62,62,35,35,1,35,34,1,True,True,True,0,core_only,18,16,12,7,21
quechua-ancash-conchucos-southern,12445,62,62,62,35,35,1,35,34,1,True,True,True,0,core_only,18,16,12,7,21
quechua-ancash-huaylas,12461,62,62,62,35,35,1,35,34,1,True,True,True,0,core_only,18,16,12,7,21
quechua-ayacucho,12402,139,139,141,68,70,12,67,66,2,True,True,True,0,core_only,24,29,28,16,42
quechua-cuzco,12399,137,137,139,68,70,12,67,66,2,True,True,True,0,core_only,24,29,28,16,42
quechua-eastern-apurimac,27039,64,64,64,35,35,1,35,34,1,True,True,True,0,core_only,18,16,12,7,21
quechua-huanuco-huallaga,12422,62,62,62,35,35,1,35,34,1,True,True,True,0,core_only,18,16,12,7,21
quechua-huanuco-huamalies-northern-dos-de-mayo,12441,62,62,62,35,35,1,35,34,1,True,True,True,0,core_only,18,16,12,7,21
quechua-lambayeque,12421,62,62,62,35,35,1,35,34,1,True,True,True,0,core_only,18,16,12,7,21
quechua-margos-yarowilca-lauricocha,26302,62,62,62,35,35,1,35,34,1,True,True,True,0,core_only,18,16,12,7,21
quechua-north-bolivian,1428,62,62,62,35,35,1,35,34,1,True,True,True,0,core_only,18,16,12,7,21
quechua-north-junin,12428,62,62,62,35,35,1,35,34,1,True,True,True,0,core_only,18,16,12,7,21
quechua-panao-huanuco,144408,62,62,62,35,35,1,35,34,1,True,True,True,0,core_only,18,16,12,7,21
quechua-south-bolivian,633,152,152,154,69,71,13,67,66,3,True,True,True,0,core_only,24,29,28,16,43
quechua-southern-pastaza,144330,63,63,63,35,35,1,35,34,1,True,True,True,0,core_only,18,16,12,7,21
quiche-central,5399,84,84,86,47,48,11,47,46,1,True,True,True,0,core_only,19,19,20,13,26
quiche-joyabaj,5398,132,132,132,57,58,3,55,54,3,True,True,True,0,core_only,23,26,20,10,38
quiche-west-central,5425,62,62,62,35,35,1,35,34,1,True,True,True,0,core_only,18,16,12,7,21
quichua-canar-highland,144413,62,62,62,35,35,1,35,34,1,True,True,True,0,core_only,18,16,12,7,21
quichua-highland-chimborazo,4481,62,62,62,35,35,1,35,34,1,True,True,True,0,core_only,18,16,12,7,21
quichua-imbabura-highland,144395,62,62,62,35,35,1,35,34,1,True,True,True,0,core_only,18,16,12,7,21
quichua-pastaza,174473,62,62,62,35,35,1,35,34,1,True,True,True,0,core_only,18,16,12,7,21
quichua-salasaca-highland,144409,63,63,63,35,35,1,35,34,1,True,True,True,0,core_only,18,16,12,7,21
quichua-tena-lowland,144390,63,63,63,35,35,1,35,34,1,True,True,True,0,core_only,18,16,12,7,21
rabha,5934,62,62,62,35,35,1,35,34,1,True,True,True,0,core_only,18,16,12,7,21
rade,144481,62,62,62,35,35,1,35,34,1,True,True,True,0,core_only,18,16,12,7,21
rai-bantawa,24043,62,62,62,35,35,1,35,34,1,True,True,True,0,core_only,18,16,12,7,21
rajbangsi-india,23226,62,62,62,35,35,1,35,34,1,True,True,True,0,core_only,18,16,12,7,21
rajbanshi-nepal,23548,62,62,62,35,35,1,35,34,1,True,True,True,0,core_only,18,16,12,7,21
rakhine,101630,70,70,70,40,40,2,40,39,1,True,True,True,0,core_only,19,18,13,9,25
ralte,101511,0,0,0,0,0,0,0,0,0,False,False,False,0,core_only,0,0,0,0,0
rampi,19912,62,62,62,35,35,1,35,34,1,True,True,True,0,core_only,18,16,12,7,21
rana-tharu,8972,64,64,64,35,35,1,35,34,1,True,True,True,0,core_only,18,16,12,7,21
rangpuria-bangla,101632,62,62,62,35,35,1,35,34,1,True,True,True,0,core_only,18,16,12,7,21
rao,144489,63,63,63,35,35,1,35,34,1,True,True,True,0,core_only,18,16,12,7,21
rathawi,23313,62,62,62,35,35,1,35,34,1,True,True,True,0,core_only,18,16,12,7,21
ravula,142491,62,62,62,35,35,1,35,34,1,True,True,True,0,core_only,18,16,12,7,21
rawa,11329,63,63,63,35,35,1,35,34,1,True,True,True,0,core_only,18,16,12,7,21
rawang,5930,62,62,62,35,35,1,35,34,1,True,True,True,0,core_only,18,16,12,7,21
rejang,17769,62,62,62,35,35,1,35,34,1,True,True,True,0,core_only,18,16,12,7,21
rendille,7238,130,130,130,57,58,3,55,54,3,True,True,True,0,core_only,23,26,20,10,38
reshe,10048,62,62,62,35,35,1,35,34,1,True,True,True,0,core_only,18,16,12,7,21
reunion-creole-french,12923,62,62,62,35,35,1,35,34,1,True,True,True,0,core_only,18,16,12,7,21
ribeirinho,185334,62,62,62,35,35,1,35,34,1,True,True,True,0,core_only,18,16,12,7,21
rigwe,44748,62,62,62,35,35,1,35,34,1,True,True,True,0,core_only,18,16,12,7,21
rikbaktsa,1869,62,62,62,35,35,1,35,34,1,True,True,True,0,core_only,18,16,12,7,21
rinconada-bikol,158787,62,62,62,35,35,1,35,34,1,True,True,True,0,core_only,18,16,12,7,21
roglai-northern,19317,62,62,62,35,35,1,35,34,1,True,True,True,0,core_only,18,16,12,7,21
rohingya,24263,63,63,63,35,35,1,35,34,1,True,True,True,0,core_only,18,16,12,7,21
romani-balkan,1953,88,88,88,36,36,2,35,34,2,True,True,True,0,core_only,18,16,12,7,22
romani-balkan-romania,184455,116,116,116,56,57,2,55,54,2,True,True,True,0,core_only,23,26,20,10,37
romani-caldarasi,22334,76,76,76,36,36,2,35,34,2,True,True,True,0,core_only,18,16,12,7,22
romani-carpathian,4450,62,62,62,35,35,1,35,34,1,True,True,True,0,core_only,18,16,12,7,21
romani-kalderash-western,21027,62,62,62,35,35,1,35,34,1,True,True,True,0,core_only,18,16,12,7,21
romani-sinte,1113,62,62,62,35,35,1,35,34,1,True,True,True,0,core_only,18,16,12,7,21
romanian,5546,337,337,339,126,128,25,123,119,3,True,True,True,0,core_only,46,50,55,33,65
romanian-sign-language,12961,1,1,1,1,1,1,1,0,1,False,False,False,0,core_only,0,0,0,0,1
romblomanon,12602,62,62,62,35,35,1,35,34,1,True,True,True,0,core_only,18,16,12,7,21
ronga,8520,62,62,62,35,35,1,35,34,1,True,True,True,0,core_only,18,16,12,7,21
roviana,143435,63,63,63,35,35,1,35,34,1,True,True,True,0,core_only,18,16,12,7,21
rufumbira,106188,62,62,62,35,35,1,35,34,1,True,True,True,0,core_only,18,16,12,7,21
rukuba,46969,62,62,62,35,35,1,35,34,1,True,True,True,0,core_only,18,16,12,7,21
rumu,11956,62,62,62,35,35,1,35,34,1,True,True,True,0,core_only,18,16,12,7,21
runyankole,20859,67,67,67,39,39,2,39,34,1,True,True,True,0,core_only,18,17,14,10,23
runyoro,20861,67,67,67,39,39,2,39,34,1,True,True,True,0,core_only,18,17,14,10,23
ruruuli-runyala,139185,62,62,62,35,35,1,35,34,1,True,True,True,0,core_only,18,16,12,7,21
russian,3934,534,534,536,161,164,51,156,155,6,True,True,True,0,core_only,60,64,63,40,81
russian-sign-language,1944,1,1,1,1,1,1,1,0,1,False,False,False,0,core_only,0,0,0,0,1
ruund,583,62,62,62,35,35,1,35,34,1,True,True,True,0,core_only,18,16,12,7,21
ruwila,185129,62,62,62,35,35,1,35,34,1,True,True,True,0,core_only,18,16,12,7,21
saa,97071,63,63,63,35,35,1,35,34,1,True,True,True,0,core_only,18,16,12,7,21
saafi-saafi,143610,62,62,62,35,35,1,35,34,1,True,True,True,0,core_only,18,16,12,7,21
sabaot,7227,62,62,62,35,35,1,35,34,1,True,True,True,0,core_only,18,16,12,7,21
sabu,17346,62,62,62,35,35,1,35,34,1,True,True,True,0,core_only,18,16,12,7,21
sadani,20902,62,62,62,35,35,1,35,34,1,True,True,True,0,core_only,18,16,12,7,21
sadri-oraon,23797,62,62,62,35,35,1,35,34,1,True,True,True,0,core_only,18,16,12,7,21
safwa,14236,62,62,62,35,35,1,35,34,1,True,True,True,0,core_only,18,16,12,7,21
saho-eritrea,184521,63,63,63,35,35,1,35,34,1,True,True,True,0,core_only,18,16,12,7,21
sahu,17040,62,62,62,35,35,1,35,34,1,True,True,True,0,core_only,18,16,12,7,21
sakalava-analalava,24120,64,64,64,35,35,1,35,34,1,True,True,True,0,core_only,18,16,12,7,21
sakalava-besalampy,24121,64,64,64,35,35,1,35,34,1,True,True,True,0,core_only,18,16,12,7,21
sakata,20196,62,62,62,35,35,1,35,34,1,True,True,True,0,core_only,18,16,12,7,21
salar,3924,1,1,1,0,0,0,0,0,0,False,False,False,0,core_only,0,0,0,0,0
saluan,144834,62,62,62,35,35,1,35,34,1,True,True,True,0,core_only,18,16,12,7,21
sama-bangingi,24235,62,62,62,35,35,1,35,34,1,True,True,True,0,core_only,18,16,12,7,21
sama-central,12588,64,64,64,35,35,1,35,34,1,True,True,True,0,core_only,18,16,12,7,21
sama-mum,184509,62,62,62,35,35,1,35,34,1,True,True,True,0,core_only,18,16,12,7,21
sama-southern,12595,116,116,116,56,57,2,55,54,2,True,True,True,0,core_only,23,26,20,10,37
samarkand-tajik,24156,130,130,130,57,58,3,55,54,3,True,True,True,0,core_only,23,26,20,10,38
sambal,20905,64,64,64,35,35,1,35,34,1,True,True,True,0,core_only,18,16,12,7,21
sambalpuri,138284,142,142,142,57,58,3,55,54,3,True,True,True,0,core_only,23,26,20,10,38
samburu,7237,67,67,67,39,39,2,39,34,1,True,True,True,0,core_only,18,17,14,10,23
samia,7235,62,62,62,35,35,1,35,34,1,True,True,True,0,core_only,18,16,12,7,21
samo,2018,62,62,62,35,35,1,35,34,1,True,True,True,0,core_only,18,16,12,7,21
samoan,530,84,84,86,47,48,11,47,46,1,True,True,True,0,core_only,19,19,20,13,26
san-andres-islander-creole,184519,62,62,62,35,35,1,35,34,1,True,True,True,0,core_only,18,16,12,7,21
san-chi,143419,62,62,62,35,35,1,35,34,1,True,True,True,0,core_only,18,16,12,7,21
sanga,142134,62,62,62,35,35,1,35,34,1,True,True,True,0,core_only,18,16,12,7,21
sanggau,143690,62,62,62,35,35,1,35,34,1,True,True,True,0,core_only,18,16,12,7,21
sangihe,20908,62,62,62,35,35,1,35,34,1,True,True,True,0,core_only,18,16,12,7,21
sangil,12585,62,62,62,35,35,1,35,34,1,True,True,True,0,core_only,18,16,12,7,21
sango,3156,89,89,91,51,52,12,51,46,1,True,True,True,0,core_only,19,20,22,16,28
sangu,20199,62,62,62,35,35,1,35,34,1,True,True,True,0,core_only,18,16,12,7,21
sani-3,142869,62,62,62,35,35,1,35,34,1,True,True,True,0,core_only,18,16,12,7,21
sansi,10545,62,62,62,35,35,1,35,34,1,True,True,True,0,core_only,18,16,12,7,21
santali-india,24249,78,78,78,36,36,2,35,34,2,True,True,True,0,core_only,18,16,12,7,22
santhali-nepal,184924,62,62,62,35,35,1,35,34,1,True,True,True,0,core_only,18,16,12,7,21
sanuma,1720,62,62,62,35,35,1,35,34,1,True,True,True,0,core_only,18,16,12,7,21
sapo,141597,62,62,62,35,35,1,35,34,1,True,True,True,0,core_only,18,16,12,7,21
saptari,184902,64,64,64,35,35,1,35,34,1,True,True,True,0,core_only,18,16,12,7,21
sara,22640,62,62,62,35,35,1,35,34,1,True,True,True,0,core_only,18,16,12,7,21
saraiki,5907,62,62,62,35,35,1,35,34,1,True,True,True,0,core_only,18,16,12,7,21
saraiki-megwhal,185257,115,115,115,56,57,2,55,54,2,True,True,True,0,core_only,23,26,20,10,37
saramaccan,18715,62,62,62,35,35,1,35,34,1,True,True,True,0,core_only,18,16,12,7,21
sardinian-logudorese,6975,116,116,116,56,57,2,55,54,2,True,True,True,0,core_only,23,26,20,10,37
sarlahi-tharu,151150,62,62,62,35,35,1,35,34,1,True,True,True,0,core_only,18,16,12,7,21
sasak,17249,62,62,62,35,35,1,35,34,1,True,True,True,0,core_only,18,16,12,7,21
satere-mawe,184849,62,62,62,35,35,1,35,34,1,True,True,True,0,core_only,18,16,12,7,21
saurashtra,5920,116,116,116,56,57,2,55,54,2,True,True,True,0,core_only,23,26,20,10,37
sauria-paharia,6222,62,62,62,35,35,1,35,34,1,True,True,True,0,core_only,18,16,12,7,21
saya,10040,62,62,62,35,35,1,35,34,1,True,True,True,0,core_only,18,16,12,7,21
sedoa,100107,62,62,62,35,35,1,35,34,1,True,True,True,0,core_only,18,16,12,7,21
sehwi,5210,64,64,64,35,35,1,35,34,1,True,True,True,0,core_only,18,16,12,7,21
seko-padang,142642,62,62,62,35,35,1,35,34,1,True,True,True,0,core_only,18,16,12,7,21
selaru,142753,62,62,62,35,35,1,35,34,1,True,True,True,0,core_only,18,16,12,7,21
selayar,17556,62,62,62,35,35,1,35,34,1,True,True,True,0,core_only,18,16,12,7,21
semelai,141912,62,62,62,35,35,1,35,34,1,True,True,True,0,core_only,18,16,12,7,21
sena,8513,62,62,62,35,35,1,35,34,1,True,True,True,0,core_only,18,16,12,7,21
sena-malawi,7788,64,64,64,35,35,1,35,34,1,True,True,True,0,core_only,18,16,12,7,21
sengele,15471,62,62,62,35,35,1,35,34,1,True,True,True,0,core_only,18,16,12,7,21
sengwer,185249,62,62,62,35,35,1,35,34,1,True,True,True,0,core_only,18,16,12,7,21
senoufo-cebaara,15990,62,62,62,35,35,1,35,34,1,True,True,True,0,core_only,18,16,12,7,21
senoufo-djimini,16084,62,62,62,35,35,1,35,34,1,True,True,True,0,core_only,18,16,12,7,21
senoufo-nyarafolo,102234,62,62,62,35,35,1,35,34,1,True,True,True,0,core_only,18,16,12,7,21
senoufo-supyire,7811,63,63,63,35,35,1,35,34,1,True,True,True,0,core_only,18,16,12,7,21
senoufo-tagbana,53417,62,62,62,35,35,1,35,34,1,True,True,True,0,core_only,18,16,12,7,21
serawai,17760,62,62,62,35,35,1,35,34,1,True,True,True,0,core_only,18,16,12,7,21
serbian,5541,263,263,265,105,107,20,103,102,3,True,True,True,0,core_only,45,43,46,26,50
serere-sine,5058,62,62,62,35,35,1,35,34,1,True,True,True,0,core_only,18,16,12,7,21
seselwa-creole,13079,84,84,86,47,48,11,47,46,1,True,True,True,0,core_only,19,19,20,13,26
shambala,14154,62,62,62,35,35,1,35,34,1,True,True,True,0,core_only,18,16,12,7,21
shan,8684,71,71,71,41,41,3,41,40,1,True,True,True,0,core_only,19,18,13,10,26
shanghainese,20623,64,64,64,35,35,1,35,34,1,True,True,True,0,core_only,18,16,12,7,21
shanjo,151817,64,64,64,35,35,1,35,34,1,True,True,True,0,core_only,18,16,12,7,21
sharchogpa,23047,86,86,88,47,48,11,47,46,1,True,True,True,0,core_only,19,19,20,13,26
shawi-chayahuita,159000,116,116,116,56,57,2,55,54,2,True,True,True,0,core_only,23,26,20,10,37
shekhawati,24416,116,116,116,56,57,2,55,54,2,True,True,True,0,core_only,23,26,20,10,37
shekkacho,143877,62,62,62,35,35,1,35,34,1,True,True,True,0,core_only,18,16,12,7,21
sheko,142418,62,62,62,35,35,1,35,34,1,True,True,True,0,core_only,18,16,12,7,21
sherbro,13084,62,62,62,35,35,1,35,34,1,True,True,True,0,core_only,18,16,12,7,21
sherpa,3929,62,62,62,35,35,1,35,34,1,True,True,True,0,core_only,18,16,12,7,21
shilluk,13848,62,62,62,35,35,1,35,34,1,True,True,True,0,core_only,18,16,12,7,21
shimaore,7752,84,84,86,47,48,11,47,46,1,True,True,True,0,core_only,19,19,20,13,26
shina,5918,62,62,62,35,35,1,35,34,1,True,True,True,0,core_only,18,16,12,7,21
shina-kohistani,10500,62,62,62,35,35,1,35,34,1,True,True,True,0,core_only,18,16,12,7,21
shipibo-conibo,12392,62,62,62,35,35,1,35,34,1,True,True,True,0,core_only,18,16,12,7,21
shona,8506,158,158,160,74,76,15,72,67,3,True,True,True,0,core_only,25,30,31,19,45
shuar,4499,84,84,86,47,48,11,47,46,1,True,True,True,0,core_only,19,19,20,13,26
shughni,20208,68,68,68,39,39,5,39,38,1,True,True,True,0,core_only,18,17,12,9,25
shui,22094,62,62,62,35,35,1,35,34,1,True,True,True,0,core_only,18,16,12,7,21
siang,20248,62,62,62,35,35,1,35,34,1,True,True,True,0,core_only,18,16,12,7,21
siar-lak,142536,62,62,62,35,35,1,35,34,1,True,True,True,0,core_only,18,16,12,7,21
sidaama,131700,117,117,117,57,58,3,56,55,2,True,True,True,0,core_only,23,26,20,11,38
sidamo,4644,1,1,1,1,1,1,1,1,0,False,False,False,0,core_only,0,0,0,1,1
siddi,185207,62,62,62,35,35,1,35,34,1,True,True,True,0,core_only,18,16,12,7,21
sihanaka-2,153384,62,62,62,35,35,1,35,34,1,True,True,True,0,core_only,18,16,12,7,21
sika,142631,62,62,62,35,35,1,35,34,1,True,True,True,0,core_only,18,16,12,7,21
sikkiligar,142647,62,62,62,35,35,1,35,34,1,True,True,True,0,core_only,18,16,12,7,21
silte,143300,62,62,62,35,35,1,35,34,1,True,True,True,0,core_only,18,16,12,7,21
sinasina,11259,62,62,62,35,35,1,35,34,1,True,True,True,0,core_only,18,16,12,7,21
sinaugoro,11303,63,63,63,35,35,1,35,34,1,True,True,True,0,core_only,18,16,12,7,21
sindhi,389,139,139,141,69,71,13,68,67,2,True,True,True,0,core_only,25,29,29,16,42
sindhi-bhil,10488,115,115,115,56,57,2,55,54,2,True,True,True,0,core_only,23,26,20,10,37
sindhi-sansi,185328,115,115,115,56,57,2,55,54,2,True,True,True,0,core_only,23,26,20,10,37
sinhala,13172,176,176,178,73,75,17,71,70,3,True,True,True,0,core_only,26,29,29,16,46
sirmauri,26359,62,62,62,35,35,1,35,34,1,True,True,True,0,core_only,18,16,12,7,21
sisaala-tumulung,5206,67,67,67,39,39,2,39,34,1,True,True,True,0,core_only,18,17,14,10,23
sissala,142646,63,63,63,35,35,1,35,34,1,True,True,True,0,core_only,18,16,12,7,21
siswati,20947,103,103,105,52,53,13,51,46,2,True,True,True,0,core_only,19,20,22,16,29
slavey,20223,62,62,62,35,35,1,35,34,1,True,True,True,0,core_only,18,16,12,7,21
slovak,5545,263,263,265,112,114,20,109,109,3,True,True,True,0,core_only,43,44,48,31,59
slovenian,1112,99,99,101,49,50,13,48,47,2,True,True,True,0,core_only,19,19,20,14,28
soli,15796,64,64,64,35,35,1,35,34,1,True,True,True,0,core_only,18,16,12,7,21
somali,4466,199,199,201,75,77,16,73,68,3,True,True,True,0,core_only,26,30,31,19,46
somba-siawari,139791,62,62,62,35,35,1,35,34,1,True,True,True,0,core_only,18,16,12,7,21
songai-timbuktu,24012,62,62,62,35,35,1,35,34,1,True,True,True,0,core_only,18,16,12,7,21
songe,15480,62,62,62,35,35,1,35,34,1,True,True,True,0,core_only,18,16,12,7,21
songhay-gao,53370,94,94,96,52,53,12,51,51,1,True,True,True,0,core_only,20,21,21,15,30
soninke,2005,64,64,64,35,35,1,35,34,1,True,True,True,0,core_only,18,16,12,7,21
sora,5879,62,62,62,35,35,1,35,34,1,True,True,True,0,core_only,18,16,12,7,21
sotho-northern,13465,98,98,100,48,49,12,47,46,2,True,True,True,0,core_only,19,19,20,13,27
sotho-southern,7546,104,104,106,53,54,14,52,47,2,True,True,True,0,core_only,20,20,23,16,29
sougb,143861,62,62,62,35,35,1,35,34,1,True,True,True,0,core_only,18,16,12,7,21
south-gumuz,184660,62,62,62,35,35,1,35,34,1,True,True,True,0,core_only,18,16,12,7,21
southern-gondi-adilabad,180517,62,62,62,35,35,1,35,34,1,True,True,True,0,core_only,18,16,12,7,21
southern-nisu,24433,62,62,62,35,35,1,35,34,1,True,True,True,0,core_only,18,16,12,7,21
spanish-castilian,21046,247,247,249,85,87,18,83,81,4,True,True,True,0,core_only,28,33,34,20,55
spanish-latin-american,21028,629,629,631,169,172,54,163,164,5,True,True,True,0,core_only,65,63,62,42,89
sranan-tongo,21231,154,154,156,69,71,13,67,66,3,True,True,True,0,core_only,24,29,28,16,43
suau,143387,63,63,63,35,35,1,35,34,1,True,True,True,0,core_only,18,16,12,7,21
suba,7222,116,116,116,56,57,2,55,54,2,True,True,True,0,core_only,23,26,20,10,37
suba-simbiti,101456,62,62,62,35,35,1,35,34,1,True,True,True,0,core_only,18,16,12,7,21
subanen-eastern,142332,64,64,64,35,35,1,35,34,1,True,True,True,0,core_only,18,16,12,7,21
subanen-northern,12572,116,116,116,56,57,2,55,54,2,True,True,True,0,core_only,23,26,20,10,37
subanon-western,12568,62,62,62,35,35,1,35,34,1,True,True,True,0,core_only,18,16,12,7,21
suena,143302,63,63,63,35,35,1,35,34,1,True,True,True,0,core_only,18,16,12,7,21
suku,15476,55,55,55,32,32,1,32,31,1,True,True,True,0,core_only,17,14,12,7,18
sukuma,14226,121,121,121,60,61,3,59,54,2,True,True,True,0,core_only,23,27,22,13,39
sukur,10022,64,64,64,35,35,1,35,34,1,True,True,True,0,core_only,18,16,12,7,21
sula,17035,62,62,62,35,35,1,35,34,1,True,True,True,0,core_only,18,16,12,7,21
sumbawa,17226,62,62,62,35,35,1,35,34,1,True,True,True,0,core_only,18,16,12,7,21
sunda,16618,62,62,62,35,35,1,35,34,1,True,True,True,0,core_only,18,16,12,7,21
sunda-alus,185190,62,62,62,35,35,1,35,34,1,True,True,True,0,core_only,18,16,12,7,21
sundanese-banten,185191,62,62,62,35,35,1,35,34,1,True,True,True,0,core_only,18,16,12,7,21
sunuwar,24068,62,62,62,35,35,1,35,34,1,True,True,True,0,core_only,18,16,12,7,21
suodi,22863,64,64,64,35,35,1,35,34,1,True,True,True,0,core_only,18,16,12,7,21
surgujia,142339,62,62,62,35,35,1,35,34,1,True,True,True,0,core_only,18,16,12,7,21
suri-tirmaga-chai,4739,62,62,62,35,35,1,35,34,1,True,True,True,0,core_only,18,16,12,7,21
surjapuri,23316,62,62,62,35,35,1,35,34,1,True,True,True,0,core_only,18,16,12,7,21
surui,143124,62,62,62,35,35,1,35,34,1,True,True,True,0,core_only,18,16,12,7,21
suryoyo,24145,62,62,62,35,35,1,35,34,1,True,True,True,0,core_only,18,16,12,7,21
susu,5470,92,92,94,52,53,12,51,51,1,True,True,True,0,core_only,20,21,21,15,30
swahili-congo,23388,143,143,145,72,74,13,71,66,2,True,True,True,0,core_only,24,30,30,19,44
swahili-kenya,23179,66,66,66,39,39,5,39,37,2,True,True,True,0,core_only,20,16,13,7,24
swahili-tanzania,23178,284,284,284,109,110,13,106,102,3,True,True,True,0,core_only,44,46,45,26,57
swedish,4823,244,244,246,105,107,18,103,102,3,True,True,True,0,core_only,41,46,46,26,50
sylheti,144882,63,63,63,35,35,1,35,34,1,True,True,True,0,core_only,18,16,12,7,21
sylhetti,1236,64,64,64,35,35,1,35,34,1,True,True,True,0,core_only,18,16,12,7,21
syriac,53438,116,116,116,56,57,2,55,54,2,True,True,True,0,core_only,23,26,20,10,37
taa,153397,62,62,62,35,35,1,35,34,1,True,True,True,0,core_only,18,16,12,7,21
tabaru,17028,62,62,62,35,35,1,35,34,1,True,True,True,0,core_only,18,16,12,7,21
tabassaran,18617,62,62,62,35,35,1,35,34,1,True,True,True,0,core_only,18,16,12,7,21
tacawit,139091,138,138,140,68,70,12,67,66,2,True,True,True,0,core_only,24,29,28,16,42
tachelhit,507,193,193,195,70,72,14,68,66,4,True,True,True,0,core_only,24,29,28,16,44
tado,164090,62,62,62,35,35,1,35,34,1,True,True,True,0,core_only,18,16,12,7,21
tagalog,12551,322,322,324,127,129,28,123,122,5,True,True,True,0,core_only,46,51,52,32,69
tagbanwa-calamian,142016,62,62,62,35,35,1,35,34,1,True,True,True,0,core_only,18,16,12,7,21
tahitian,4950,84,84,86,47,48,11,47,46,1,True,True,True,0,core_only,19,19,20,13,26
tai-dam,7516,62,62,62,35,35,1,35,34,1,True,True,True,0,core_only,18,16,12,7,21
tai-don,7428,62,62,62,35,35,1,35,34,1,True,True,True,0,core_only,18,16,12,7,21
tai-lue,20789,62,62,62,35,35,1,35,34,1,True,True,True,0,core_only,18,16,12,7,21
tai-nua,3910,63,63,63,35,35,1,35,34,1,True,True,True,0,core_only,18,16,12,7,21
tairora,150415,62,62,62,35,35,1,35,34,1,True,True,True,0,core_only,18,16,12,7,21
taita,7334,62,62,62,35,35,1,35,34,1,True,True,True,0,core_only,18,16,12,7,21
tajik,24309,178,178,180,81,83,25,78,78,3,True,True,True,0,core_only,27,32,30,19,54
tajpuriya,185078,62,62,62,35,35,1,35,34,1,True,True,True,0,core_only,18,16,12,7,21
takia,142010,63,63,63,35,35,1,35,34,1,True,True,True,0,core_only,18,16,12,7,21
takuu-nakumanu,53392,62,62,62,35,35,1,35,34,1,True,True,True,0,core_only,18,16,12,7,21
takwane,26862,62,62,62,35,35,1,35,34,1,True,True,True,0,core_only,18,16,12,7,21
tal,100301,62,62,62,35,35,1,35,34,1,True,True,True,0,core_only,18,16,12,7,21
talaandig-manobo,185337,62,62,62,35,35,1,35,34,1,True,True,True,0,core_only,18,16,12,7,21
talaud,17547,62,62,62,35,35,1,35,34,1,True,True,True,0,core_only,18,16,12,7,21
tali-2,181020,62,62,62,35,35,1,35,34,1,True,True,True,0,core_only,18,16,12,7,21
talysh,1124,119,119,119,56,57,2,55,54,2,True,True,True,0,core_only,23,26,20,10,37
tamajeq-tahoua,7807,62,62,62,35,35,1,35,34,1,True,True,True,0,core_only,18,16,12,7,21
tamang-eastern,5872,62,62,62,35,35,1,35,34,1,True,True,True,0,core_only,18,16,12,7,21
tamang-western,8989,62,62,62,35,35,1,35,34,1,True,True,True,0,core_only,18,16,12,7,21
tamasheq-kidal,2000,84,84,86,47,48,11,47,46,1,True,True,True,0,core_only,19,19,20,13,26
tamazight-central-atlas,512,214,214,216,69,71,13,68,66,3,True,True,True,0,core_only,24,29,28,16,43
tambee,154906,62,62,62,35,35,1,35,34,1,True,True,True,0,core_only,18,16,12,7,21
tamil,5871,312,312,314,127,129,28,123,122,5,True,True,True,0,core_only,47,51,52,31,69
tampulma,5291,62,62,62,35,35,1,35,34,1,True,True,True,0,core_only,18,16,12,7,21
tangale,10014,62,62,62,35,35,1,35,34,1,True,True,True,0,core_only,18,16,12,7,21
tangoa,142360,62,62,62,35,35,1,35,34,1,True,True,True,0,core_only,18,16,12,7,21
tangsa-kimsing,184546,64,64,64,35,35,1,35,34,1,True,True,True,0,core_only,18,16,12,7,21
tangshang-shecyu-cyamcyang,6007,64,64,64,35,35,1,35,34,1,True,True,True,0,core_only,18,16,12,7,21
tanjijili,142172,62,62,62,35,35,1,35,34,1,True,True,True,0,core_only,18,16,12,7,21
tanna-north,14970,62,62,62,35,35,1,35,34,1,True,True,True,0,core_only,18,16,12,7,21
tanna-southwest,15013,62,62,62,35,35,1,35,34,1,True,True,True,0,core_only,18,16,12,7,21
tarahumara-baja,8109,62,62,62,35,35,1,35,34,1,True,True,True,0,core_only,18,16,12,7,21
tarahumara-central,8108,62,62,62,35,35,1,35,34,1,True,True,True,0,core_only,18,16,12,7,21
tarifit,101621,119,119,119,57,58,3,56,54,3,True,True,True,0,core_only,23,26,20,10,38
tarifit-arabic-based-script,184497,1,1,1,1,1,1,1,0,1,False,False,False,0,core_only,0,0,1,0,1
tarifit-latin-based-script,184498,1,1,1,1,1,1,1,0,1,False,False,False,0,core_only,0,0,1,0,1
tarok,9930,62,62,62,35,35,1,35,34,1,True,True,True,0,core_only,18,16,12,7,21
tasahlit,139137,116,116,116,56,57,2,55,54,2,True,True,True,0,core_only,23,26,20,10,37
tat-azeri,143311,62,62,62,35,35,1,35,34,1,True,True,True,0,core_only,18,16,12,7,21
tat-juhuri,1126,62,62,62,35,35,1,35,34,1,True,True,True,0,core_only,18,16,12,7,21
tatar,411,145,145,145,57,58,3,55,54,3,True,True,True,0,core_only,23,26,20,10,38
tausug,12535,116,116,116,56,57,2,55,54,2,True,True,True,0,core_only,23,26,20,10,37
taveta,141934,64,64,64,35,35,1,35,34,1,True,True,True,0,core_only,18,16,12,7,21
tawala,142078,63,63,63,35,35,1,35,34,1,True,True,True,0,core_only,18,16,12,7,21
tawbuid-eastern,139803,62,62,62,35,35,1,35,34,1,True,True,True,0,core_only,18,16,12,7,21
tboli,12557,62,62,62,35,35,1,35,34,1,True,True,True,0,core_only,18,16,12,7,21
tchien-krahn,22194,62,62,62,35,35,1,35,34,1,True,True,True,0,core_only,18,16,12,7,21
tchumbuli,139904,62,62,62,35,35,1,35,34,1,True,True,True,0,core_only,18,16,12,7,21
tehit,141560,62,62,62,35,35,1,35,34,1,True,True,True,0,core_only,18,16,12,7,21
tehl,184512,62,62,62,35,35,1,35,34,1,True,True,True,0,core_only,18,16,12,7,21
teke-central,4309,62,62,62,35,35,1,35,34,1,True,True,True,0,core_only,18,16,12,7,21
teke-eboo,140487,62,62,62,35,35,1,35,34,1,True,True,True,0,core_only,18,16,12,7,21
teke-tege,26378,62,62,62,35,35,1,35,34,1,True,True,True,0,core_only,18,16,12,7,21
telugu,5848,234,234,236,93,95,22,90,89,4,True,True,True,0,core_only,32,34,36,20,61
tem,1335,121,121,121,60,61,3,59,54,2,True,True,True,0,core_only,23,27,22,13,39
tembarissa,149770,62,62,62,35,35,1,35,34,1,True,True,True,0,core_only,18,16,12,7,21
temi,143000,62,62,62,35,35,1,35,34,1,True,True,True,0,core_only,18,16,12,7,21
tengger,16628,62,62,62,35,35,1,35,34,1,True,True,True,0,core_only,18,16,12,7,21
tennet,100574,62,62,62,35,35,1,35,34,1,True,True,True,0,core_only,18,16,12,7,21
teochew,23075,62,62,62,35,35,1,35,34,1,True,True,True,0,core_only,18,16,12,7,21
tepehuan-northern,144370,63,63,63,35,35,1,35,34,1,True,True,True,0,core_only,18,16,12,7,21
tera,10007,62,62,62,35,35,1,35,34,1,True,True,True,0,core_only,18,16,12,7,21
ternate,17110,62,62,62,35,35,1,35,34,1,True,True,True,0,core_only,18,16,12,7,21
teso-kenyan,20964,62,62,62,35,35,1,35,34,1,True,True,True,0,core_only,18,16,12,7,21
tetun-belu,53297,84,84,86,47,48,11,47,46,1,True,True,True,0,core_only,19,19,20,13,26
tetun-dili,17224,62,62,62,35,35,1,35,34,1,True,True,True,0,core_only,18,16,12,7,21
thai,13169,365,365,367,142,144,40,138,137,5,True,True,True,0,core_only,51,55,55,36,80
thai-northern,21118,128,128,128,62,63,4,61,60,2,True,True,True,0,core_only,24,28,21,13,42
thai-southern,20969,64,64,64,36,36,2,36,35,1,True,True,True,0,core_only,18,16,12,8,22
thami,8982,62,62,62,35,35,1,35,34,1,True,True,True,0,core_only,18,16,12,7,21
tharaka,20269,62,62,62,35,35,1,35,34,1,True,True,True,0,core_only,18,16,12,7,21
tharu-dangaura,23714,64,64,64,35,35,1,35,34,1,True,True,True,0,core_only,18,16,12,7,21
tharu-kathariya,142653,62,62,62,35,35,1,35,34,1,True,True,True,0,core_only,18,16,12,7,21
themne,13098,81,81,81,40,40,3,39,34,2,True,True,True,0,core_only,18,17,14,10,24
thradhri-kohli,184810,116,116,116,56,57,2,55,54,2,True,True,True,0,core_only,23,26,20,10,37
thur,139156,62,62,62,35,35,1,35,34,1,True,True,True,0,core_only,18,16,12,7,21
ticuna,1699,62,62,62,35,35,1,35,34,1,True,True,True,0,core_only,18,16,12,7,21
tidung-southern,184691,62,62,62,35,35,1,35,34,1,True,True,True,0,core_only,18,16,12,7,21
tigak,142353,62,62,62,35,35,1,35,34,1,True,True,True,0,core_only,18,16,12,7,21
tigre,4575,62,62,62,35,35,1,35,34,1,True,True,True,0,core_only,18,16,12,7,21
tigrinya-eritrea,23526,68,68,68,40,40,3,40,34,2,True,True,True,0,core_only,18,17,14,10,24
tigrinya-ethiopia,4576,130,130,130,57,58,3,55,54,3,True,True,True,0,core_only,23,26,20,10,38
tigwahanon-manobo,185335,61,61,61,34,34,1,34,34,0,True,True,True,0,core_only,18,16,12,7,20
tinonanon-manobo,185338,62,62,62,35,35,1,35,34,1,True,True,True,0,core_only,18,16,12,7,21
tira,13812,61,61,61,34,34,1,34,33,1,True,True,True,0,core_only,17,16,12,7,20
tiriki,105534,62,62,62,35,35,1,35,34,1,True,True,True,0,core_only,18,16,12,7,21
tiruray,12537,65,65,65,35,35,1,35,34,1,True,True,True,0,core_only,18,16,12,7,21
tiv,2285,67,67,67,39,39,2,39,34,1,True,True,True,0,core_only,18,17,14,10,23
tiwa-northern,19002,62,62,62,35,35,1,35,34,1,True,True,True,0,core_only,18,16,12,7,21
tiyaa,179655,62,62,62,35,35,1,35,34,1,True,True,True,0,core_only,18,16,12,7,21
tlapaneco-de-tlacoapa,169301,62,62,62,35,35,1,35,34,1,True,True,True,0,core_only,18,16,12,7,21
tlicho,139104,62,62,62,35,35,1,35,34,1,True,True,True,0,core_only,18,16,12,7,21
toabaita,143501,62,62,62,35,35,1,35,34,1,True,True,True,0,core_only,18,16,12,7,21
toba-maskoy,142777,63,63,63,35,35,1,35,34,1,True,True,True,0,core_only,18,16,12,7,21
tobelo,100859,62,62,62,35,35,1,35,34,1,True,True,True,0,core_only,18,16,12,7,21
tojolabal,8093,62,62,62,35,35,1,35,34,1,True,True,True,0,core_only,18,16,12,7,21
tok-pisin,23528,100,100,102,48,49,12,47,46,2,True,True,True,0,core_only,19,19,20,13,27
tolaki,17501,62,62,62,35,35,1,35,34,1,True,True,True,0,core_only,18,16,12,7,21
toli-gbe-2,161504,62,62,62,35,35,1,35,34,1,True,True,True,0,core_only,18,16,12,7,21
toma,20285,76,76,76,36,36,2,35,34,2,True,True,True,0,core_only,18,16,12,7,22
tombulu,17431,62,62,62,35,35,1,35,34,1,True,True,True,0,core_only,18,16,12,7,21
tomini,17424,62,62,62,35,35,1,35,34,1,True,True,True,0,core_only,18,16,12,7,21
tondano,20259,62,62,62,35,35,1,35,34,1,True,True,True,0,core_only,18,16,12,7,21
tonga,142905,89,89,91,50,51,11,50,45,1,True,True,True,0,core_only,19,20,21,16,28
tonga-malawi,21094,64,64,64,35,35,1,35,34,1,True,True,True,0,core_only,18,16,12,7,21
tonga-zambezi,20984,2,2,2,1,1,1,1,1,0,False,False,False,0,core_only,0,0,1,0,0
tongan,14509,99,99,101,48,49,12,47,46,2,True,True,True,0,core_only,19,19,20,13,27
tonsawang,17432,62,62,62,35,35,1,35,34,1,True,True,True,0,core_only,18,16,12,7,21
tonsea,17423,62,62,62,35,35,1,35,34,1,True,True,True,0,core_only,18,16,12,7,21
tontemboan,17436,62,62,62,35,35,1,35,34,1,True,True,True,0,core_only,18,16,12,7,21
tontemboan-makelai,185195,62,62,62,35,35,1,35,34,1,True,True,True,0,core_only,18,16,12,7,21
toposa,13805,116,116,116,56,57,2,55,54,2,True,True,True,0,core_only,23,26,20,10,37
toraja,21247,62,62,62,35,35,1,35,34,1,True,True,True,0,core_only,18,16,12,7,21
torwali,10474,62,62,62,35,35,1,35,34,1,True,True,True,0,core_only,18,16,12,7,21
totonac-coyutla,142900,62,62,62,35,35,1,35,34,1,True,True,True,0,core_only,18,16,12,7,21
totonac-papantla,142907,62,62,62,35,35,1,35,34,1,True,True,True,0,core_only,18,16,12,7,21
totonaca-sierra,8089,62,62,62,35,35,1,35,34,1,True,True,True,0,core_only,18,16,12,7,21
toura,102103,62,62,62,35,35,1,35,34,1,True,True,True,0,core_only,18,16,12,7,21
traditional-japanese,185332,62,62,62,35,35,1,35,34,1,True,True,True,0,core_only,18,16,12,7,21
trinitario,143039,63,63,63,35,35,1,35,34,1,True,True,True,0,core_only,18,16,12,7,21
trique-san-juan-copala,8079,62,62,62,35,35,1,35,34,1,True,True,True,0,core_only,18,16,12,7,21
trukese,20637,62,62,62,35,35,1,35,34,1,True,True,True,0,core_only,18,16,12,7,21
tsamakko,176424,62,62,62,35,35,1,35,34,1,True,True,True,0,core_only,18,16,12,7,21
tshiluba,20790,121,121,121,60,61,3,59,54,2,True,True,True,0,core_only,23,27,22,13,39
tsikimba,9616,62,62,62,35,35,1,35,34,1,True,True,True,0,core_only,18,16,12,7,21
tsimane,140021,63,63,63,35,35,1,35,34,1,True,True,True,0,core_only,18,16,12,7,21
tsimanex,184827,62,62,62,35,35,1,35,34,1,True,True,True,0,core_only,18,16,12,7,21
tsimihety,20805,64,64,64,35,35,1,35,34,1,True,True,True,0,core_only,18,16,12,7,21
tsishingini,20989,62,62,62,35,35,1,35,34,1,True,True,True,0,core_only,18,16,12,7,21
tsogo,5019,116,116,116,56,57,2,55,54,2,True,True,True,0,core_only,23,26,20,10,37
tsonga,8494,86,86,88,47,48,11,47,46,1,True,True,True,0,core_only,19,19,20,13,26
tsuvadi,24161,62,62,62,35,35,1,35,34,1,True,True,True,0,core_only,18,16,12,7,21
tswa,20293,62,62,62,35,35,1,35,34,1,True,True,True,0,core_only,18,16,12,7,21
tswana,1479,103,103,105,52,53,13,51,46,2,True,True,True,0,core_only,19,20,22,16,29
tu-huzhu,139089,62,62,62,35,35,1,35,34,1,True,True,True,0,core_only,18,16,12,7,21
tugen,141927,62,62,62,35,35,1,35,34,1,True,True,True,0,core_only,18,16,12,7,21
tula,9999,62,62,62,35,35,1,35,34,1,True,True,True,0,core_only,18,16,12,7,21
tulu,5829,62,62,62,35,35,1,35,34,1,True,True,True,0,core_only,18,16,12,7,21
tumbuka,7786,64,64,64,35,35,1,35,34,1,True,True,True,0,core_only,18,16,12,7,21
tunia,143322,62,62,62,35,35,1,35,34,1,True,True,True,0,core_only,18,16,12,7,21
tunjung,20270,62,62,62,35,35,1,35,34,1,True,True,True,0,core_only,18,16,12,7,21
tupuri,2281,62,62,62,35,35,1,35,34,1,True,True,True,0,core_only,18,16,12,7,21
turka,141928,62,62,62,35,35,1,35,34,1,True,True,True,0,core_only,18,16,12,7,21
turkana,7285,67,67,67,39,39,2,39,34,1,True,True,True,0,core_only,18,17,14,10,23
turkish,1942,384,384,386,148,150,39,144,142,6,True,True,True,0,core_only,54,56,57,36,85
turkmen,420,176,176,178,78,80,22,75,75,3,True,True,True,0,core_only,25,32,29,19,52
tuvin,3892,132,132,132,57,58,3,55,54,3,True,True,True,0,core_only,23,26,20,10,38
tuyuca,143321,63,63,63,35,35,1,35,34,1,True,True,True,0,core_only,18,16,12,7,21
tyap,98853,62,62,62,35,35,1,35,34,1,True,True,True,0,core_only,18,16,12,7,21
tzeltal-bachajon,8072,62,62,62,35,35,1,35,34,1,True,True,True,0,core_only,18,16,12,7,21
tzeltal-oxchuc,23936,62,62,62,35,35,1,35,34,1,True,True,True,0,core_only,18,16,12,7,21
tzeltal-tenango,23135,62,62,62,35,35,1,35,34,1,True,True,True,0,core_only,18,16,12,7,21
tzeltal-tenejapa,184662,130,130,130,57,58,3,55,54,3,True,True,True,0,core_only,23,26,20,10,38
tzotzil-chamula,8069,62,62,62,35,35,1,35,34,1,True,True,True,0,core_only,18,16,12,7,21
tzutujil-eastern,5433,62,62,62,35,35,1,35,34,1,True,True,True,0,core_only,18,16,12,7,21
tzutujil-western,150571,62,62,62,35,35,1,35,34,1,True,True,True,0,core_only,18,16,12,7,21
uare,141610,62,62,62,35,35,1,35,34,1,True,True,True,0,core_only,18,16,12,7,21
udmurt,18606,142,142,142,57,58,3,55,54,3,True,True,True,0,core_only,23,26,20,10,38
uduk,142121,62,62,62,35,35,1,35,34,1,True,True,True,0,core_only,18,16,12,7,21
ukaan,141292,62,62,62,35,35,1,35,34,1,True,True,True,0,core_only,18,16,12,7,21
ukrainian,12876,278,278,280,113,115,26,111,108,5,True,True,True,0,core_only,42,49,49,27,55
ukrainian-sign-language,14783,1,1,1,1,1,1,1,0,1,False,False,False,0,core_only,0,0,0,0,1
ukue,142179,62,62,62,35,35,1,35,34,1,True,True,True,0,core_only,18,16,12,7,21
umajamnon-manobo,185339,61,61,61,34,34,1,34,34,0,True,True,True,0,core_only,18,16,12,7,20
umbundu,564,84,84,86,47,48,11,47,46,1,True,True,True,0,core_only,19,19,20,13,26
uneme-north,142202,62,62,62,35,35,1,35,34,1,True,True,True,0,core_only,18,16,12,7,21
uneme-south,185254,62,62,62,35,35,1,35,34,1,True,True,True,0,core_only,18,16,12,7,21
urat,11105,63,63,63,35,35,1,35,34,1,True,True,True,0,core_only,18,16,12,7,21
urdu,407,385,385,387,126,128,27,122,120,6,True,True,True,0,core_only,47,50,52,31,70
urdu-indian,22563,1,1,1,1,1,1,1,0,1,False,False,False,0,core_only,0,0,0,0,1
urhobo,9976,62,62,62,35,35,1,35,34,1,True,True,True,0,core_only,18,16,12,7,21
urim,11108,62,62,62,35,35,1,35,34,1,True,True,True,0,core_only,18,16,12,7,21
uripiv-wala-rano-atchin,142266,63,63,63,35,35,1,35,34,1,True,True,True,0,core_only,18,16,12,7,21
urubu-kaapor,1669,62,62,62,35,35,1,35,34,1,True,True,True,0,core_only,18,16,12,7,21
usarufa,142286,63,63,63,35,35,1,35,34,1,True,True,True,0,core_only,18,16,12,7,21
ushoi,125402,62,62,62,35,35,1,35,34,1,True,True,True,0,core_only,18,16,12,7,21
uspanteco,5431,62,62,62,35,35,1,35,34,1,True,True,True,0,core_only,18,16,12,7,21
ut-hun,160430,62,62,62,35,35,1,35,34,1,True,True,True,0,core_only,18,16,12,7,21
utukwang,179212,64,64,64,35,35,1,35,34,1,True,True,True,0,core_only,18,16,12,7,21
uud-danum,171233,62,62,62,35,35,1,35,34,1,True,True,True,0,core_only,18,16,12,7,21
uyghur,410,73,73,73,43,43,9,43,42,1,True,True,True,0,core_only,19,18,12,10,29
uyghur-central-asia,185211,1,1,1,1,1,1,1,1,0,False,False,False,0,core_only,0,0,1,1,0
uzbek-northern,3888,179,179,181,81,83,25,79,78,3,True,True,True,0,core_only,27,31,29,20,54
uzbek-southern,406,62,62,62,35,35,1,35,34,1,True,True,True,0,core_only,18,16,12,7,21
vagla,5279,62,62,62,35,35,1,35,34,1,True,True,True,0,core_only,18,16,12,7,21
vai,7564,67,67,67,39,39,2,39,34,1,True,True,True,0,core_only,18,17,14,10,23
vaiphei,142378,62,62,62,35,35,1,35,34,1,True,True,True,0,core_only,18,16,12,7,21
vajjika,153840,62,62,62,35,35,1,35,34,1,True,True,True,0,core_only,18,16,12,7,21
vale,142372,62,62,62,35,35,1,35,34,1,True,True,True,0,core_only,18,16,12,7,21
vanuma,142380,62,62,62,35,35,1,35,34,1,True,True,True,0,core_only,18,16,12,7,21
varhadi-nagpuri,100506,62,62,62,35,35,1,35,34,1,True,True,True,0,core_only,18,16,12,7,21
varli,5771,62,62,62,35,35,1,35,34,1,True,True,True,0,core_only,18,16,12,7,21
vasavi,5772,64,64,64,35,35,1,35,34,1,True,True,True,0,core_only,18,16,12,7,21
vasavi-kolche,181949,62,62,62,35,35,1,35,34,1,True,True,True,0,core_only,18,16,12,7,21
vasui,11150,62,62,62,35,35,1,35,34,1,True,True,True,0,core_only,18,16,12,7,21
venda,13414,76,76,76,36,36,2,35,34,2,True,True,True,0,core_only,18,16,12,7,22
verre,125753,62,62,62,35,35,1,35,34,1,True,True,True,0,core_only,18,16,12,7,21
vidunda,142394,62,62,62,35,35,1,35,34,1,True,True,True,0,core_only,18,16,12,7,21
vietnamese,3887,382,382,384,152,154,43,146,147,5,True,True,True,0,core_only,54,59,60,38,84
vietnamese-northern,22500,134,134,134,59,60,5,57,56,3,True,True,True,0,core_only,24,26,21,11,39
vili,4295,62,62,62,35,35,1,35,34,1,True,True,True,0,core_only,18,16,12,7,21
visualvernacular,185345,3,3,5,3,3,1,3,3,0,False,False,False,0,core_only,0,0,0,2,3
vitu,11052,62,62,62,35,35,1,35,34,1,True,True,True,0,core_only,18,16,12,7,21
vunjo-chagga,24141,62,62,62,35,35,1,35,34,1,True,True,True,0,core_only,18,16,12,7,21
vwanji,20318,62,62,62,35,35,1,35,34,1,True,True,True,0,core_only,18,16,12,7,21
wa-vo,144886,62,62,62,35,35,1,35,34,1,True,True,True,0,core_only,18,16,12,7,21
waama,1313,62,62,62,35,35,1,35,34,1,True,True,True,0,core_only,18,16,12,7,21
waata,143207,62,62,62,35,35,1,35,34,1,True,True,True,0,core_only,18,16,12,7,21
waddar,5767,62,62,62,35,35,1,35,34,1,True,True,True,0,core_only,18,16,12,7,21
wagdi,5766,62,62,62,35,35,1,35,34,1,True,True,True,0,core_only,18,16,12,7,21
waghiri,142303,62,62,62,35,35,1,35,34,1,True,True,True,0,core_only,18,16,12,7,21
waja,9959,62,62,62,35,35,1,35,34,1,True,True,True,0,core_only,18,16,12,7,21
wakatobi,157752,62,62,62,35,35,1,35,34,1,True,True,True,0,core_only,18,16,12,7,21
wala,141771,63,63,63,35,35,1,35,34,1,True,True,True,0,core_only,18,16,12,7,21
wali,5276,62,62,62,35,35,1,35,34,1,True,True,True,0,core_only,18,16,12,7,21
wambon,142964,62,62,62,35,35,1,35,34,1,True,True,True,0,core_only,18,16,12,7,21
wamey,140083,64,64,64,35,35,1,35,34,1,True,True,True,0,core_only,18,16,12,7,21
wampis,184483,63,63,63,35,35,1,35,34,1,True,True,True,0,core_only,18,16,12,7,21
wana-taa,185330,62,62,62,35,35,1,35,34,1,True,True,True,0,core_only,18,16,12,7,21
waneci,10461,62,62,62,35,35,1,35,34,1,True,True,True,0,core_only,18,16,12,7,21
wanga-luhya,20794,62,62,62,35,35,1,35,34,1,True,True,True,0,core_only,18,16,12,7,21
waorani,139202,62,62,62,35,35,1,35,34,1,True,True,True,0,core_only,18,16,12,7,21
warao,5500,63,63,63,35,35,1,35,34,1,True,True,True,0,core_only,18,16,12,7,21
waray-waray,12533,62,62,62,35,35,1,35,34,1,True,True,True,0,core_only,18,16,12,7,21
warji,9955,62,62,62,35,35,1,35,34,1,True,True,True,0,core_only,18,16,12,7,21
waropen,143147,62,62,62,35,35,1,35,34,1,True,True,True,0,core_only,18,16,12,7,21
wasa,20332,62,62,62,35,35,1,35,34,1,True,True,True,0,core_only,18,16,12,7,21
waskia,143157,63,63,63,35,35,1,35,34,1,True,True,True,0,core_only,18,16,12,7,21
watakataui,11033,62,62,62,35,35,1,35,34,1,True,True,True,0,core_only,18,16,12,7,21
waumeo,4187,62,62,62,35,35,1,35,34,1,True,True,True,0,core_only,18,16,12,7,21
waura,100773,62,62,62,35,35,1,35,34,1,True,True,True,0,core_only,18,16,12,7,21
wayampi-amapari,1795,62,62,62,35,35,1,35,34,1,True,True,True,0,core_only,18,16,12,7,21
wayampi-oiapoque,1796,1,1,1,1,1,1,1,0,1,False,False,False,0,core_only,0,0,0,0,1
wayuu,4232,76,76,76,36,36,2,35,34,2,True,True,True,0,core_only,18,16,12,7,22
we-northern,143058,62,62,62,35,35,1,35,34,1,True,True,True,0,core_only,18,16,12,7,21
welsh,14815,62,62,62,35,35,1,35,34,1,True,True,True,0,core_only,18,16,12,7,21
weri-2,142830,62,62,62,35,35,1,35,34,1,True,True,True,0,core_only,18,16,12,7,21
western-carib,49145,62,62,62,35,35,1,35,34,1,True,True,True,0,core_only,18,16,12,7,21
western-garame,179190,62,62,62,35,35,1,35,34,1,True,True,True,0,core_only,18,16,12,7,21
western-lipo,153360,63,63,63,35,35,1,35,34,1,True,True,True,0,core_only,18,16,12,7,21
western-poqomchi,153551,63,63,63,36,36,2,36,35,1,True,True,True,0,core_only,18,16,12,8,22
wewewa,21002,62,62,62,35,35,1,35,34,1,True,True,True,0,core_only,18,16,12,7,21
wichi-lhamtes-guisnay,144584,62,62,62,35,35,1,35,34,1,True,True,True,0,core_only,18,16,12,7,21
winye,141618,63,63,63,35,35,1,35,34,1,True,True,True,0,core_only,18,16,12,7,21
wolane,142947,62,62,62,35,35,1,35,34,1,True,True,True,0,core_only,18,16,12,7,21
wolaytta,4734,116,116,116,56,57,2,55,54,2,True,True,True,0,core_only,23,26,20,10,37
wolio,17408,62,62,62,35,35,1,35,34,1,True,True,True,0,core_only,18,16,12,7,21
wolof,7897,147,147,149,68,70,12,67,66,2,True,True,True,0,core_only,24,29,28,16,42
wondama,142589,62,62,62,35,35,1,35,34,1,True,True,True,0,core_only,18,16,12,7,21
worodougou,141238,62,62,62,35,35,1,35,34,1,True,True,True,0,core_only,18,16,12,7,21
wumvu,143169,62,62,62,35,35,1,35,34,1,True,True,True,0,core_only,18,16,12,7,21
xaasongaxango,141265,116,116,116,56,57,2,55,54,2,True,True,True,0,core_only,23,26,20,10,37
xamtanga,4724,62,62,62,35,35,1,35,34,1,True,True,True,0,core_only,18,16,12,7,21
xavante,1759,62,62,62,35,35,1,35,34,1,True,True,True,0,core_only,18,16,12,7,21
xhosa,13408,158,158,160,74,76,15,72,67,3,True,True,True,0,core_only,25,30,31,19,45
xiang,20627,62,62,62,35,35,1,35,34,1,True,True,True,0,core_only,18,16,12,7,21
xinulajgsipij,169603,62,62,62,35,35,1,35,34,1,True,True,True,0,core_only,18,16,12,7,21
xun,581,62,62,62,35,35,1,35,34,1,True,True,True,0,core_only,18,16,12,7,21
yabem,141124,63,63,63,35,35,1,35,34,1,True,True,True,0,core_only,18,16,12,7,21
yaka,19495,62,62,62,35,35,1,35,34,1,True,True,True,0,core_only,18,16,12,7,21
yaka-central-african-republic,139124,62,62,62,35,35,1,35,34,1,True,True,True,0,core_only,18,16,12,7,21
yaka-d-r-c,139126,67,67,67,39,39,2,39,34,1,True,True,True,0,core_only,18,17,14,10,23
yaka-drcongo,580,62,62,62,35,35,1,35,34,1,True,True,True,0,core_only,18,16,12,7,21
yakan,12529,62,62,62,35,35,1,35,34,1,True,True,True,0,core_only,18,16,12,7,21
yakha,100282,62,62,62,35,35,1,35,34,1,True,True,True,0,core_only,18,16,12,7,21
yakoma,3144,62,62,62,35,35,1,35,34,1,True,True,True,0,core_only,18,16,12,7,21
yakpa,109459,0,0,0,0,0,0,0,0,0,False,False,False,0,core_only,0,0,0,0,0
yakpa-1,3122,62,62,62,35,35,1,35,34,1,True,True,True,0,core_only,18,16,12,7,21
yakut,18379,62,62,62,35,35,1,35,34,1,True,True,True,0,core_only,18,16,12,7,21
yala,9940,62,62,62,35,35,1,35,34,1,True,True,True,0,core_only,18,16,12,7,21
yalunka,5468,62,62,62,35,35,1,35,34,1,True,True,True,0,core_only,18,16,12,7,21
yamba,2249,64,64,64,35,35,1,35,34,1,True,True,True,0,core_only,18,16,12,7,21
yamdena,141060,62,62,62,35,35,1,35,34,1,True,True,True,0,core_only,18,16,12,7,21
yandang,168775,62,62,62,35,35,1,35,34,1,True,True,True,0,core_only,18,16,12,7,21
yanesha,139411,63,63,63,35,35,1,35,34,1,True,True,True,0,core_only,18,16,12,7,21
yanomami-ninam,102259,62,62,62,35,35,1,35,34,1,True,True,True,0,core_only,18,16,12,7,21
yanomamo,1573,62,62,62,35,35,1,35,34,1,True,True,True,0,core_only,18,16,12,7,21
yao,7773,130,130,130,57,58,3,55,54,3,True,True,True,0,core_only,23,26,20,10,38
yao-baiku-naogelao,185359,62,62,62,35,35,1,35,34,1,True,True,True,0,core_only,18,16,12,7,21
yao-iu-mien,22098,62,62,62,35,35,1,35,34,1,True,True,True,0,core_only,18,16,12,7,21
yao-tanzania,184489,62,62,62,35,35,1,35,34,1,True,True,True,0,core_only,18,16,12,7,21
yapese,8381,64,64,64,35,35,1,35,34,1,True,True,True,0,core_only,18,16,12,7,21
yaqui,8026,62,62,62,35,35,1,35,34,1,True,True,True,0,core_only,18,16,12,7,21
yareba,142858,62,62,62,35,35,1,35,34,1,True,True,True,0,core_only,18,16,12,7,21
yawa,142986,62,62,62,35,35,1,35,34,1,True,True,True,0,core_only,18,16,12,7,21
yemba,19504,62,62,62,35,35,1,35,34,1,True,True,True,0,core_only,18,16,12,7,21
yemsa,4665,62,62,62,35,35,1,35,34,1,True,True,True,0,core_only,18,16,12,7,21
yerukula,23326,62,62,62,35,35,1,35,34,1,True,True,True,0,core_only,18,16,12,7,21
yiddish,5130,1,1,1,1,1,1,1,0,1,False,False,False,0,core_only,0,0,0,0,1
yine,143753,63,63,63,35,35,1,35,34,1,True,True,True,0,core_only,18,16,12,7,21
yinzebi,175252,62,62,62,35,35,1,35,34,1,True,True,True,0,core_only,18,16,12,7,21
yom,26497,62,62,62,35,35,1,35,34,1,True,True,True,0,core_only,18,16,12,7,21
yonggom,10981,62,62,62,35,35,1,35,34,1,True,True,True,0,core_only,18,16,12,7,21
yoruba,1308,184,184,186,80,81,20,79,74,2,True,True,True,0,core_only,35,31,36,22,37
yucuna,4148,62,62,62,35,35,1,35,34,1,True,True,True,0,core_only,18,16,12,7,21
yukpa,142979,63,63,63,35,35,1,35,34,1,True,True,True,0,core_only,18,16,12,7,21
yungur,9905,62,62,62,35,35,1,35,34,1,True,True,True,0,core_only,18,16,12,7,21
yuracare,142985,63,63,63,35,35,1,35,34,1,True,True,True,0,core_only,18,16,12,7,21
ywom,53312,62,62,62,35,35,1,35,34,1,True,True,True,0,core_only,18,16,12,7,21
zabana,141359,63,63,63,35,35,1,35,34,1,True,True,True,0,core_only,18,16,12,7,21
zaiwa,3710,62,62,62,35,35,1,35,34,1,True,True,True,0,core_only,18,16,12,7,21
zanaki,14064,62,62,62,35,35,1,35,34,1,True,True,True,0,core_only,18,16,12,7,21
zande-drc,23524,62,62,62,35,35,1,35,34,1,True,True,True,0,core_only,18,16,12,7,21
zande-south-sudan,23525,62,62,62,35,35,1,35,34,1,True,True,True,0,core_only,18,16,12,7,21
zapotec-san-pedro-quiatoni,26934,62,62,62,35,35,1,35,34,1,True,True,True,0,core_only,18,16,12,7,21
zapotec-tabaa,100807,62,62,62,35,35,1,35,34,1,True,True,True,0,core_only,18,16,12,7,21
zapoteco-de-san-juan-comaltepec,143368,62,62,62,35,35,1,35,34,1,True,True,True,0,core_only,18,16,12,7,21
zapoteco-isthmus,8014,62,62,62,35,35,1,35,34,1,True,True,True,0,core_only,18,16,12,7,21
zapoteco-mitla,8000,62,62,62,35,35,1,35,34,1,True,True,True,0,core_only,18,16,12,7,21
zapoteco-san-juan-guelavia,8021,62,62,62,35,35,1,35,34,1,True,True,True,0,core_only,18,16,12,7,21
zapoteco-sierra-de-juarez,8023,62,62,62,35,35,1,35,34,1,True,True,True,0,core_only,18,16,12,7,21
zapoteco-southern-rincon,7954,62,62,62,35,35,1,35,34,1,True,True,True,0,core_only,18,16,12,7,21
zapoteco-western-pochutla,7946,62,62,62,35,35,1,35,34,1,True,True,True,0,core_only,18,16,12,7,21
zapoteco-yalalag,7960,62,62,62,35,35,1,35,34,1,True,True,True,0,core_only,18,16,12,7,21
zaramo,143175,62,62,62,35,35,1,35,34,1,True,True,True,0,core_only,18,16,12,7,21
zarma,1343,84,84,86,47,48,11,47,46,1,True,True,True,0,core_only,19,19,20,13,26
zayse,152162,62,62,62,35,35,1,35,34,1,True,True,True,0,core_only,18,16,12,7,21
zhuang-central-hongshuihe,139188,62,62,62,35,35,1,35,34,1,True,True,True,0,core_only,18,16,12,7,21
zhuang-dejing,185333,63,63,63,35,35,1,35,34,1,True,True,True,0,core_only,18,16,12,7,21
zhuang-guibian,99582,62,62,62,35,35,1,35,34,1,True,True,True,0,core_only,18,16,12,7,21
zhuang-liujiang,4101,62,62,62,35,35,1,35,34,1,True,True,True,0,core_only,18,16,12,7,21
zhuang-minz,99581,0,0,0,0,0,0,0,0,0,False,False,False,0,core_only,0,0,0,0,0
zhuang-nong,143265,62,62,62,35,35,1,35,34,1,True,True,True,0,core_only,18,16,12,7,21
zhuang-northern-hongshuihe,23181,64,64,64,35,35,1,35,34,1,True,True,True,0,core_only,18,16,12,7,21
zhuang-northern-yongbei,23180,64,64,64,35,35,1,35,34,1,True,True,True,0,core_only,18,16,12,7,21
zhuang-qiubei,99804,63,63,63,35,35,1,35,34,1,True,True,True,0,core_only,18,16,12,7,21
zhuang-yongnan,141995,63,63,63,35,35,1,35,34,1,True,True,True,0,core_only,18,16,12,7,21
zhuang-youjiang,99910,62,62,62,35,35,1,35,34,1,True,True,True,0,core_only,18,16,12,7,21
zhuang-zuojiang,141998,62,62,62,35,35,1,35,34,1,True,True,True,0,core_only,18,16,12,7,21
zia,143268,63,63,63,35,35,1,35,34,1,True,True,True,0,core_only,18,16,12,7,21
zigula,14060,62,62,62,35,35,1,35,34,1,True,True,True,0,core_only,18,16,12,7,21
zimba,15538,64,64,64,35,35,1,35,34,1,True,True,True,0,core_only,18,16,12,7,21
zing,24216,62,62,62,35,35,1,35,34,1,True,True,True,0,core_only,18,16,12,7,21
zinza,14183,64,64,64,35,35,1,35,34,1,True,True,True,0,core_only,18,16,12,7,21
zo,99703,62,62,62,35,35,1,35,34,1,True,True,True,0,core_only,18,16,12,7,21
zokam-tedim,159905,62,62,62,35,35,1,35,34,1,True,True,True,0,core_only,18,16,12,7,21
zoque-francisco-leon,7988,62,62,62,35,35,1,35,34,1,True,True,True,0,core_only,18,16,12,7,21
zul,53402,62,62,62,35,35,1,35,34,1,True,True,True,0,core_only,18,16,12,7,21
zulu,7547,247,247,249,106,108,19,104,99,3,True,True,True,0,core_only,42,44,47,29,52
zuni,18922,62,62,62,35,35,1,35,34,1,True,True,True,0,core_only,18,16,12,7,21
