relationId,parentVideoId,parentCoreId,parentLabel,childVideoId,childCoreId,childLabel,order
62c32cc7-fb0f-45cc-9e55-44d08e4bcd94,cmp76rnso01h4ny01p4sya8e1,16_Happy,series,cmp76rppm01hqny01qnsss8rh,16_Happy0301,episode,1
da186e47-e310-40eb-a9af-6e4d39988287,cmp76rnso01h4ny01p4sya8e1,16_Happy,series,cmp76rsq301j2ny01s54zqajd,16_Happy0302,episode,2
e259bd79-3f2a-4364-b813-7a6729efaa54,cmp76rnso01h4ny01p4sya8e1,16_Happy,series,cmp76rw0g01keny01mavb5skm,16_Happy0303,episode,3
d2d640a1-8ee4-474b-addf-7a48db1a626a,cmp76rnso01h4ny01p4sya8e1,16_Happy,series,cmp76rzki01lwny01t38b1t7i,16_HappyTrailer,episode,4
c4177fdd-b644-41f4-9aea-4195667c2e93,cmp76s12x01mkny01ql91u74w,16_Hope,series,cmp76s2l301n0ny01rmr7su2x,16_Hope0301,episode,1
78911c9e-15e7-41d4-a4cc-cc867f0002c8,cmp76s12x01mkny01ql91u74w,16_Hope,series,cmp76s6z101osny01fiw3nyib,16_Hope0302,episode,2
8cd16d1a-0403-44a6-83d3-aca1c8c44c93,cmp76s12x01mkny01ql91u74w,16_Hope,series,cmp76sdk601rany01pfpe43mn,16_Hope0303,episode,3
b0708af1-9ce4-4f3e-9190-9bafff05ac80,cmp76s12x01mkny01ql91u74w,16_Hope,series,cmp76sjq401t2ny01dlhz7m3s,16_HopeTrailer,episode,4
85dfdc84-e372-4b3a-af2e-78634e3a4286,cmp76sktn01t6ny01kd6jfran,16_Influencers,series,cmp76smlq01tiny01yiz9yxre,16_Influencers0301,episode,1
b0c99d6f-3557-4510-ac87-db8824d1ed64,cmp76sktn01t6ny01kd6jfran,16_Influencers,series,cmp76squh01uuny01phiwea9y,16_Influencers0302,episode,2
b9df9320-033a-407a-8151-1a296bae4860,cmp76sktn01t6ny01kd6jfran,16_Influencers,series,cmp76suoi01vcny014nvghfh2,16_Influencers0303,episode,3
ccb0411d-c76e-4c17-9779-ab1ec318e977,cmp76sktn01t6ny01kd6jfran,16_Influencers,series,cmp76sxoz01w6ny01qqj19u3z,16_InfluencersTrailer,episode,4
4ac4b572-0144-4dcc-b3ff-5d1beef869bb,cmp76syse01wany01keil6bez,16_Known,series,cmp76t0pd01weny010bmqwx90,16_Known0301,episode,1
a3230be9-2024-45ad-ad65-c12606860b21,cmp76syse01wany01keil6bez,16_Known,series,cmp76t8jo01x6ny01im2tz1ao,16_Known0302,episode,2
b3e160ea-ba35-44f1-84ae-10dfeca347cf,cmp76syse01wany01keil6bez,16_Known,series,cmp76tdvz01xwny01nsyo9mcs,16_Known0303,episode,3
e7795c1f-b1e0-49ac-9ca1-559d5a88dafc,cmp76syse01wany01keil6bez,16_Known,series,cmp76tiu901yqny01lhhw5fjk,16_KnownTrailer,episode,4
e9a0f5c2-bf00-4aa8-8664-75fd44bf85f1,cmp76tk7g01yuny01608091b1,16_shine_collection,collection,cmp76syse01wany01keil6bez,16_Known,series,1
304ae2f0-deb4-4c51-9fd8-74da4dcf3488,cmp76tk7g01yuny01608091b1,16_shine_collection,collection,cmp76sktn01t6ny01kd6jfran,16_Influencers,series,2
7460b5d7-dab8-4eac-8f92-b72889b54c4d,cmp76tk7g01yuny01608091b1,16_shine_collection,collection,cmp76rnso01h4ny01p4sya8e1,16_Happy,series,3
4679bf2b-4a1b-4233-a963-18c04033c3ab,cmp76tk7g01yuny01608091b1,16_shine_collection,collection,cmp76s12x01mkny01ql91u74w,16_Hope,series,4
34276942-c32a-4ce1-8250-5cb9580cdb63,cmp76ub2c020ony014bfw5nxd,1_cl13-0-0,series,cmp76uecu0216ny01eel7sonr,1_cl1301-0-0,episode,1
e66618da-6da1-4478-a0bc-56321721d454,cmp78i39a0akiqm01smvurvm1,2_PI,collection,cmp78i6bz0am4qm0170zdznjy,2_PIPerception,episode,1
eb8a5378-f2dd-4327-a427-06c039ac6431,cmp78i39a0akiqm01smvurvm1,2_PI,collection,cmp78i3yj0akuqm01ya2cbbih,2_PIBirthmark,episode,2
975c6274-aa3e-4016-ac82-9f5308a30366,cmp78i39a0akiqm01smvurvm1,2_PI,collection,cmp78i52y0algqm01ribfwh91,2_PIHoroscope,episode,3
bb74de32-156f-4c51-8120-44d9fb475c3e,cmp78i39a0akiqm01smvurvm1,2_PI,collection,cmp76rl6p01fwny010vkq7g2h,15_TrueMerit,shortFilm,4
d46aa774-a1b8-41f3-8b69-8bd973c5f603,cmp78i39a0akiqm01smvurvm1,2_PI,collection,cmp78fvxi09hsqm01voyhcz5j,2_FourPerfectLove,shortFilm,5
e62b49d0-d28a-4bde-9f99-0ef6166dcd7a,cmp78i39a0akiqm01smvurvm1,2_PI,collection,cmp78fzwe09jcqm01dffaweej,2_FourSymbols,shortFilm,6
681a24f7-16f3-4a3b-98a9-aec6c73389cb,cmp78i39a0akiqm01smvurvm1,2_PI,collection,cmp76otan00w4ny01iqm6umfg,11_SpiritualBeings,series,7
62ac9ff8-ced5-4c10-9190-48c76ced89fe,cmp78ijls0asyqm01u2faga78,2_The_Four_Collection,collection,cmp78fzwe09jcqm01dffaweej,2_FourSymbols,shortFilm,1
7b5364e1-6cd0-450c-946d-9353ec1e4d46,cmp78ijls0asyqm01u2faga78,2_The_Four_Collection,collection,cmp78fm5g09bwqm01zlnt2m3v,2_FourJPN,series,2
621ffea4-8efd-4006-afad-e4040a1c1290,cmp76ub2c020ony014bfw5nxd,1_cl13-0-0,series,cmp76unn6021yny01h0w0kt63,1_cl1302-0-0,episode,2
7043799f-9f48-4958-b01c-c8316f2766fa,cmp76ub2c020ony014bfw5nxd,1_cl13-0-0,series,cmp76uvun0236ny0141akqr2x,1_cl1303-0-0,episode,3
b2296239-5773-4014-b897-a677a519ba13,cmp76ub2c020ony014bfw5nxd,1_cl13-0-0,series,cmp76v2040248ny01vwz4gka2,1_cl1304-0-0,episode,4
3eacbadb-3c7a-4c1b-a6d1-82c46ff005ff,cmp76ub2c020ony014bfw5nxd,1_cl13-0-0,series,cmp76v85w0252ny01ubhry9ma,1_cl1305-0-0,episode,5
8c549e1f-b9c0-4bc4-9e74-9dcde265837b,cmp76ub2c020ony014bfw5nxd,1_cl13-0-0,series,cmp76vgs00264ny01k1zzyhhn,1_cl1306-0-0,episode,6
faf398e5-94c5-45f8-8be7-0a82678ef544,cmp76ub2c020ony014bfw5nxd,1_cl13-0-0,series,cmp76vo1m026ony0167zywy1j,1_cl1307-0-0,episode,7
f1e3f5c8-2429-4798-a04d-2c1704a6a618,cmp76ub2c020ony014bfw5nxd,1_cl13-0-0,series,cmp76vu1z0274ny016gdd8vgs,1_cl1308-0-0,episode,8
f24a7dae-00bf-4a99-8840-d31e6aeda5bf,cmp76ub2c020ony014bfw5nxd,1_cl13-0-0,series,cmp76vz3x028qny0121ycvs4b,1_cl1309-0-0,episode,9
32715c3b-7afc-4d3b-9571-a419d2e6d484,cmp76ub2c020ony014bfw5nxd,1_cl13-0-0,series,cmp76w7uq02asny011hnrh6om,1_cl1310-0-0,episode,10
dd4da86c-199e-4aab-8a88-ff01cb07f2aa,cmp76ub2c020ony014bfw5nxd,1_cl13-0-0,series,cmp76wd1p02bgny01dzlo0i1q,1_cl1311-0-0,episode,11
0ad3256c-a7c9-4b3f-add1-c9215a24959a,cmp76ub2c020ony014bfw5nxd,1_cl13-0-0,series,cmp76wk5s02cwny01g0gjc6xc,1_cl1312-0-0,episode,12
ab124c2d-3d53-478a-bae5-e188d4fe2ffc,cmp76ub2c020ony014bfw5nxd,1_cl13-0-0,series,cmp76wrjz02dqny01yc338u7u,1_cl1313-0-0,episode,13
bcca500e-e57f-4e1a-b9fa-ed39635c079f,cmp76wzwj02f2ny01lwx9znca,1_fj-0-0,series,cmp76x1k102fgny01kvc8ihuz,1_fj_1-0-0,episode,1
9c250209-6a86-4b3a-8909-734053caf12e,cmp76wzwj02f2ny01lwx9znca,1_fj-0-0,series,cmp76x3qs02g6ny01w7ib1isb,1_fj_2-0-0,episode,2
55b11d57-8e5b-4695-ad7b-40ac579fbf71,cmp76wzwj02f2ny01lwx9znca,1_fj-0-0,series,cmp76x62n02guny01kfxrc6xh,1_fj_3-0-0,episode,3
fbfaad9b-4432-40a0-89cf-8c8b76781e76,cmp76wzwj02f2ny01lwx9znca,1_fj-0-0,series,cmp76x7zm02hmny01s42epzaf,1_fj_4-0-0,episode,4
d1bd1e63-8d59-4129-b7d0-b7e2fa0e978d,cmp76wzwj02f2ny01lwx9znca,1_fj-0-0,series,cmp76xa1k02i4ny01h0tb4rj6,1_fj_5-0-0,episode,5
ef569c91-93d7-450b-bff1-16dd3555dbd6,cmp76xcw602imny01vnsbwwy9,1_jf-0-0,featureFilm,cmp76ycuv02n0ny01faav3nae,1_jf6101-0-0,segment,1
5c90e9fb-1ddc-4457-aba2-8e5927374eef,cmp76xcw602imny01vnsbwwy9,1_jf-0-0,featureFilm,cmp76yn4x02owny01ta34f78o,1_jf6102-0-0,segment,2
c595c3b5-2895-4761-b7c4-c74fa19eb9b0,cmp76xcw602imny01vnsbwwy9,1_jf-0-0,featureFilm,cmp76yw1102qiny01sjxaygvh,1_jf6103-0-0,segment,3
b42005ff-d077-4d69-8f54-9aa7efbf4714,cmp76xcw602imny01vnsbwwy9,1_jf-0-0,featureFilm,cmp76z3kf02rcny01tualv0bi,1_jf6104-0-0,segment,4
5ea9b567-6f91-455b-942e-8e04f163a623,cmp76xcw602imny01vnsbwwy9,1_jf-0-0,featureFilm,cmp76zc2202seny01di1ovnfl,1_jf6105-0-0,segment,5
eee4b36b-b5a2-47ee-ac6f-2b231fc8cefd,cmp76xcw602imny01vnsbwwy9,1_jf-0-0,featureFilm,cmp76zhss02tqny01s96y2h23,1_jf6106-0-0,segment,6
29eadda7-6494-40a3-8c54-957fff19754a,cmp76xcw602imny01vnsbwwy9,1_jf-0-0,featureFilm,cmp76znob02v8ny01ihd4kfn8,1_jf6107-0-0,segment,7
e362ac7d-d8b4-4c18-90d1-5f0c67f8b84b,cmp76xcw602imny01vnsbwwy9,1_jf-0-0,featureFilm,cmp76zt5402w8ny01d40vgm3l,1_jf6108-0-0,segment,8
be9eda81-0e11-49b9-9d71-1ad4fe252913,cmp76xcw602imny01vnsbwwy9,1_jf-0-0,featureFilm,cmp76zyw002wyny013kze3wcq,1_jf6109-0-0,segment,9
24d726a8-0c3b-434c-80ad-0db3503e1643,cmp76xcw602imny01vnsbwwy9,1_jf-0-0,featureFilm,cmp7704wz02yony019ilsp8o5,1_jf6110-0-0,segment,10
7ac9e504-4df4-4596-82b3-380cba887903,cmp76xcw602imny01vnsbwwy9,1_jf-0-0,featureFilm,cmp770cpx02zuny0159xq2baq,1_jf6111-0-0,segment,11
928c6c19-2964-4f89-8cab-87b5d2c7bc01,cmp78ijls0asyqm01u2faga78,2_The_Four_Collection,collection,cmp78ikb20at8qm01gi1lr0uh,2_TheLife,shortFilm,3
eff5a8c3-46a7-4eb4-bba7-cb8101f55d27,cmp78irij0awmqm018c0pq0mv,2_TWS,collection,cmp78elf608teqm015izariv4,2_ElCamWaySJEN,series,1
ab8dc5d3-8e18-4514-a5a1-dcfb89771ae8,cmp76xcw602imny01vnsbwwy9,1_jf-0-0,featureFilm,cmp770j0i0306ny01nbq1ops3,1_jf6112-0-0,segment,12
15ba7d5f-0bc2-47f2-a7d6-92cf21e00962,cmp76xcw602imny01vnsbwwy9,1_jf-0-0,featureFilm,cmp770s6p030iny01x4utu5qu,1_jf6113-0-0,segment,13
fdfa2eda-aeb2-4064-889d-e932c7196074,cmp76xcw602imny01vnsbwwy9,1_jf-0-0,featureFilm,cmp770vlq030sny01aei6iwin,1_jf6114-0-0,segment,14
3ab066fa-f571-4a2e-84a6-4d1a25c619f7,cmp76xcw602imny01vnsbwwy9,1_jf-0-0,featureFilm,cmp7713o2031uny01awgrln0v,1_jf6115-0-0,segment,15
40cf4ad9-d280-406d-a026-7597baf84f91,cmp76xcw602imny01vnsbwwy9,1_jf-0-0,featureFilm,cmp771a3k032qny01hegqvskc,1_jf6116-0-0,segment,16
ea7880dc-d4e0-4ead-81d5-04ec58ac0a66,cmp76xcw602imny01vnsbwwy9,1_jf-0-0,featureFilm,cmp771jse033kny01qmrt171s,1_jf6117-0-0,segment,17
4ad8e040-2ddd-45ef-bad1-34b9d44a881c,cmp76xcw602imny01vnsbwwy9,1_jf-0-0,featureFilm,cmp771uqg034yny01v3bxv5st,1_jf6118-0-0,segment,18
0b739e93-4553-4f4a-ba1a-b46c3d3e7da6,cmp76xcw602imny01vnsbwwy9,1_jf-0-0,featureFilm,cmp77215v035qny01cod5dhhk,1_jf6119-0-0,segment,19
c31efc0c-cb13-4df7-a14e-e85fdc34f422,cmp76xcw602imny01vnsbwwy9,1_jf-0-0,featureFilm,cmp772850036iny018pw1rf4l,1_jf6120-0-0,segment,20
541013d6-833d-4315-afd1-b2bac2cf3cf1,cmp76xcw602imny01vnsbwwy9,1_jf-0-0,featureFilm,cmp772fnl0378ny0123drbwkv,1_jf6121-0-0,segment,21
5b5fd6cf-31e1-4073-8ab9-60a17dcda0b4,cmp76xcw602imny01vnsbwwy9,1_jf-0-0,featureFilm,cmp772lje0384ny01i93ilpw5,1_jf6122-0-0,segment,22
8e212c4e-08d0-4a59-8a2a-d75a03389889,cmp76xcw602imny01vnsbwwy9,1_jf-0-0,featureFilm,cmp772qlm038yny012n1dj5bo,1_jf6123-0-0,segment,23
91cbeebe-34fe-404a-b09a-55114f82cade,cmp76xcw602imny01vnsbwwy9,1_jf-0-0,featureFilm,cmp772wm6039any017xhjufmj,1_jf6124-0-0,segment,24
40fa9e29-5893-4205-bd7b-72aab39d0626,cmp76xcw602imny01vnsbwwy9,1_jf-0-0,featureFilm,cmp780u4p01wkqm01fwx40y62,1_jf6125-0-0,segment,25
b7fe389f-c030-4d9e-b678-89a5cb0cb9cc,cmp76xcw602imny01vnsbwwy9,1_jf-0-0,featureFilm,cmp780viu01xcqm01yhmyjm2b,1_jf6126-0-0,segment,26
554d5bfb-4312-40a1-9694-ceb6b972e2cd,cmp76xcw602imny01vnsbwwy9,1_jf-0-0,featureFilm,cmp780wwr01y2qm015r29r0b7,1_jf6127-0-0,segment,27
1600eacd-7d26-4d7a-9dc0-208ca0ca9d17,cmp76xcw602imny01vnsbwwy9,1_jf-0-0,featureFilm,cmp780y0q01yqqm0130nrc1aa,1_jf6128-0-0,segment,28
fa100431-7deb-48bf-9225-64edced6096a,cmp76xcw602imny01vnsbwwy9,1_jf-0-0,featureFilm,cmp780z4o01z8qm01u3foeyt3,1_jf6129-0-0,segment,29
ac54d9ff-e8a8-4ca8-a136-80b706a13577,cmp76xcw602imny01vnsbwwy9,1_jf-0-0,featureFilm,cmp78108i01zoqm01crjhima3,1_jf6130-0-0,segment,30
3cff31e2-9bd2-493d-a5da-6310b704f21e,cmp76xcw602imny01vnsbwwy9,1_jf-0-0,featureFilm,cmp7811mf0208qm01k646orfo,1_jf6131-0-0,segment,31
69551fb8-08c2-4bf6-8ab3-9f9c8a9e1414,cmp76xcw602imny01vnsbwwy9,1_jf-0-0,featureFilm,cmp7812vb020kqm01q84umus6,1_jf6132-0-0,segment,32
a71d292f-2440-4e66-878e-fa9dda339c8a,cmp76xcw602imny01vnsbwwy9,1_jf-0-0,featureFilm,cmp781442020wqm01wzskn84a,1_jf6133-0-0,segment,33
e21f9585-2a01-4713-b094-4244fd0804b6,cmp76xcw602imny01vnsbwwy9,1_jf-0-0,featureFilm,cmp7815cy021cqm015l1l0yqs,1_jf6134-0-0,segment,34
0f6791e4-8462-447a-bb1b-c0251443cbb5,cmp76xcw602imny01vnsbwwy9,1_jf-0-0,featureFilm,cmp7816lx0220qm01ykkcxrwi,1_jf6135-0-0,segment,35
dc1d68cd-04bd-4e29-a0d2-04c642b0d381,cmp76xcw602imny01vnsbwwy9,1_jf-0-0,featureFilm,cmp7817uv022kqm01ix93s1ap,1_jf6136-0-0,segment,36
d24346b9-0961-4467-b1fc-e8db3c5e4e9b,cmp76xcw602imny01vnsbwwy9,1_jf-0-0,featureFilm,cmp7818yu0234qm0115sjnjwf,1_jf6137-0-0,segment,37
e1980c42-aeff-4b39-9f14-12cdf2e02406,cmp76xcw602imny01vnsbwwy9,1_jf-0-0,featureFilm,cmp781a7u023sqm01m8t6iodb,1_jf6138-0-0,segment,38
6201fde2-6397-4430-accc-9c9e1ef7e19f,cmp76xcw602imny01vnsbwwy9,1_jf-0-0,featureFilm,cmp781bgy024gqm01g2fapf1j,1_jf6139-0-0,segment,39
9f504829-ee34-4ec9-a7e2-e9210801b448,cmp76xcw602imny01vnsbwwy9,1_jf-0-0,featureFilm,cmp781cq20252qm01qs5gp3wj,1_jf6140-0-0,segment,40
20157716-ec73-4403-94f8-157542dd865f,cmp76xcw602imny01vnsbwwy9,1_jf-0-0,featureFilm,cmp781dz2025qqm01knlnvek0,1_jf6141-0-0,segment,41
bac496c2-7ed3-4b20-b0b4-8216ec0c1145,cmp76xcw602imny01vnsbwwy9,1_jf-0-0,featureFilm,cmp781f7z026gqm01103hj6ac,1_jf6142-0-0,segment,42
0c8655b1-f2e2-402e-92e6-0b489c7e844a,cmp76xcw602imny01vnsbwwy9,1_jf-0-0,featureFilm,cmp781ggw0274qm01ypc4v694,1_jf6143-0-0,segment,43
12496a13-67ba-4481-bad1-a687f580eee9,cmp76xcw602imny01vnsbwwy9,1_jf-0-0,featureFilm,cmp781hpx027sqm011cbbc0mj,1_jf6144-0-0,segment,44
9e8042b2-2062-465f-b696-88517b8a9e12,cmp76xcw602imny01vnsbwwy9,1_jf-0-0,featureFilm,cmp781j43028iqm0137cy8gsj,1_jf6145-0-0,segment,45
0815d539-bd61-4cb7-a3a9-68cbc0817648,cmp76xcw602imny01vnsbwwy9,1_jf-0-0,featureFilm,cmp781ki5029cqm019dva2vgr,1_jf6146-0-0,segment,46
faad66c2-9c8a-42f2-a04e-788bec576afe,cmp76xcw602imny01vnsbwwy9,1_jf-0-0,featureFilm,cmp781lr302a4qm01zn7s6fp4,1_jf6147-0-0,segment,47
399785ee-82fd-4b94-818c-ad572d2d63e6,cmp76xcw602imny01vnsbwwy9,1_jf-0-0,featureFilm,cmp781n0702asqm01imez2jbl,1_jf6148-0-0,segment,48
6613e5fd-7860-47eb-99ea-963b9b6f4356,cmp76xcw602imny01vnsbwwy9,1_jf-0-0,featureFilm,cmp781o9502bkqm0142n8lmu0,1_jf6149-0-0,segment,49
cb400664-5c96-4367-a3eb-e3388e6b8c76,cmp76xcw602imny01vnsbwwy9,1_jf-0-0,featureFilm,cmp781rkx02d0qm01g6gba41l,1_jf6150-0-0,segment,50
5b4b0f82-f5fc-4c0e-a84b-65b22209ca12,cmp76xcw602imny01vnsbwwy9,1_jf-0-0,featureFilm,cmp781sp002dkqm01afgkh1cz,1_jf6151-0-0,segment,51
f91f964f-587e-46bf-b6c2-31586eb9b1a8,cmp76xcw602imny01vnsbwwy9,1_jf-0-0,featureFilm,cmp781u3402ecqm01b23l3zg0,1_jf6152-0-0,segment,52
276fd571-3d3d-428a-a6c3-f29679e07315,cmp76xcw602imny01vnsbwwy9,1_jf-0-0,featureFilm,cmp781vbz02f2qm01vhgb6zyx,1_jf6153-0-0,segment,53
1184a2e7-ab47-4285-a5d4-7dd0ac1907b0,cmp76xcw602imny01vnsbwwy9,1_jf-0-0,featureFilm,cmp781wg402fmqm01o6yursx9,1_jf6154-0-0,segment,54
d4739175-4739-47c4-b713-99934dc8c238,cmp76xcw602imny01vnsbwwy9,1_jf-0-0,featureFilm,cmp781xp402gaqm01ht1ni5bc,1_jf6155-0-0,segment,55
6b3162df-89a7-4158-a90a-0c369e69ddc8,cmp76xcw602imny01vnsbwwy9,1_jf-0-0,featureFilm,cmp781z2y02h6qm01hf4rce96,1_jf6156-0-0,segment,56
8a0f4631-180e-44a9-8744-7294612caa70,cmp76xcw602imny01vnsbwwy9,1_jf-0-0,featureFilm,cmp7820bw02hyqm01ohu7uywa,1_jf6157-0-0,segment,57
b2c1eaa3-2b73-4f30-8ea5-683ab7a74f92,cmp76xcw602imny01vnsbwwy9,1_jf-0-0,featureFilm,cmp7821ky02imqm01xfw7tsb0,1_jf6158-0-0,segment,58
54213405-2465-466b-8455-2edd81d4bd07,cmp76xcw602imny01vnsbwwy9,1_jf-0-0,featureFilm,cmp7822u102jaqm01j4xg16xt,1_jf6159-0-0,segment,59
25124fe5-a1fe-490c-9636-008bd61bebf7,cmp76xcw602imny01vnsbwwy9,1_jf-0-0,featureFilm,cmp78242v02jyqm01qhg4rmq7,1_jf6160-0-0,segment,60
de5fc880-6051-4018-b0f5-b1da356587ca,cmp76xcw602imny01vnsbwwy9,1_jf-0-0,featureFilm,cmp78256t02kmqm01iuotw495,1_jf6161-0-0,segment,61
08859db5-9251-4b79-a4f7-7c71a4e7e569,cmp7826fv02lgqm01tb58itb3,1_mld-0-0,shortFilm,cmp7827jt02m0qm01al68d421,1_mld11-0-0,segment,1
ac04b7ec-3327-4c2e-90b5-9990affde597,cmp78288r02mcqm01w3ge27mh,1_riv-0-0,series,cmp7828xl02mqqm01q6de6rhd,1_riv_01-0-0,episode,1
5cfbd7fb-818e-405b-80f2-7efaed1a36da,cmp78288r02mcqm01w3ge27mh,1_riv-0-0,series,cmp782a1y02naqm018avh400x,1_riv_02-0-0,episode,2
9f0c4a7d-811a-455d-aefc-4477542d9212,cmp78288r02mcqm01w3ge27mh,1_riv-0-0,series,cmp782bfs02o6qm01y8kskciq,1_riv_03-0-0,episode,3
dec50153-28ee-467a-b0d0-b3b83174e528,cmp78288r02mcqm01w3ge27mh,1_riv-0-0,series,cmp782con02owqm01nyi66i4z,1_riv_04-0-0,episode,4
78cc9777-3b45-4fdb-aebc-ebbfe3061da5,cmp78288r02mcqm01w3ge27mh,1_riv-0-0,series,cmp782e2k02poqm01m72g3gtw,1_riv_05-0-0,episode,5
6a3c1351-43fa-48d0-af40-ad52602fef80,cmp78288r02mcqm01w3ge27mh,1_riv-0-0,series,cmp782fll02q4qm01oy4qow65,1_riv_06-0-0,episode,6
22dbb876-810d-429e-ba81-6ce66a72ac70,cmp78288r02mcqm01w3ge27mh,1_riv-0-0,series,cmp782gzk02qiqm01n463lpxu,1_riv_07-0-0,episode,7
3701c58e-0bd4-4bc6-8f24-6db70edc01e7,cmp78288r02mcqm01w3ge27mh,1_riv-0-0,series,cmp782ide02r0qm01kl9httbf,1_riv_08-0-0,episode,8
b8e84f85-795e-4747-8d44-67aedc86a210,cmp78288r02mcqm01w3ge27mh,1_riv-0-0,series,cmp782jrg02rqqm01kk4vpzg1,1_riv_09-0-0,episode,9
996056d3-d948-4879-b707-b7a15bb553e4,cmp78288r02mcqm01w3ge27mh,1_riv-0-0,series,cmp782lad02seqm01u6a4mhla,1_riv_10-0-0,episode,10
798cc48f-f83b-4678-834f-302da6504f46,cmp78288r02mcqm01w3ge27mh,1_riv-0-0,series,cmp782oyu02toqm01zm57embt,1_riv_11-0-0,episode,11
d54a9f30-c558-47ec-93bc-f2c35955484c,cmp78irij0awmqm018c0pq0mv,2_TWS,collection,cmp78ixt00b04qm01jzbpepp1,2_WayPatrick,series,2
c0b75428-48a4-4c8f-a4c1-f3333d3e3489,cmp78ixt00b04qm01jzbpepp1,2_WayPatrick,series,cmp78iyi40b0cqm012bav5ure,2_WayPatrick31Taken,episode,1
66c98ff8-8f6c-425c-80ea-2ed66972a9f6,cmp78ixt00b04qm01jzbpepp1,2_WayPatrick,series,cmp78j0690b1cqm01hexixp9z,2_WayPatrick32Calling,episode,2
8de9a2ee-f495-41ab-ad1b-bafa68c9b915,cmp78ixt00b04qm01jzbpepp1,2_WayPatrick,series,cmp78j24k0b2kqm01iz7v19dy,2_WayPatrick33Legacy,episode,3
9e3eedaf-d798-4c54-9450-73cff9898887,cmp78ixt00b04qm01jzbpepp1,2_WayPatrick,series,cmp78j4880b3qqm01fufkkq0e,2_WayPatrickTrailer,episode,4
928f7060-f4ce-473d-bb8c-46ef26b5a8f4,cmp78jclv0b8oqm0101iq0wo7,3_0-40DWJ,series,cmp78jdaz0b92qm01you32j2y,3_0-40DWJ_01-0-0,episode,1
6af6ec6b-5fa2-40d7-8ccf-f117699e3d28,cmp78jclv0b8oqm0101iq0wo7,3_0-40DWJ,series,cmp78jepl0b9uqm01xqpi0l2p,3_0-40DWJ_02-0-0,episode,2
3190169d-5e72-4d62-9e45-c44df6d0021a,cmp78jclv0b8oqm0101iq0wo7,3_0-40DWJ,series,cmp78jfz30ba8qm01spscfghp,3_0-40DWJ_03-0-0,episode,3
f67dad47-baad-4cc4-b27a-5006c79dce82,cmp78jclv0b8oqm0101iq0wo7,3_0-40DWJ,series,cmp78jh8c0baoqm011ywajqpf,3_0-40DWJ_04-0-0,episode,4
8616a241-083d-4db2-8893-52ff16eb5dba,cmp78jclv0b8oqm0101iq0wo7,3_0-40DWJ,series,cmp78jimz0bbeqm01grdpc729,3_0-40DWJ_05-0-0,episode,5
fa8add64-a12f-4752-80b3-74425c0d5091,cmp78jclv0b8oqm0101iq0wo7,3_0-40DWJ,series,cmp78jjwi0bc4qm013s6ufubo,3_0-40DWJ_06-0-0,episode,6
4bb56ba9-cee5-4820-b842-08e3cb4fed3e,cmp78jclv0b8oqm0101iq0wo7,3_0-40DWJ,series,cmp78jl5x0bcwqm01yxqt42e9,3_0-40DWJ_07-0-0,episode,7
875d37c7-af79-4ca5-bcbd-3115ff0daa42,cmp78jclv0b8oqm0101iq0wo7,3_0-40DWJ,series,cmp78jmfe0bdkqm01lvdxj41f,3_0-40DWJ_08-0-0,episode,8
eeb45742-d975-403f-8215-abfd6635fec3,cmp78jclv0b8oqm0101iq0wo7,3_0-40DWJ,series,cmp78jnoh0be8qm01xjz2ccp7,3_0-40DWJ_09-0-0,episode,9
17146473-93fd-43f7-bdaa-e33d79b3e7c6,cmp78jclv0b8oqm0101iq0wo7,3_0-40DWJ,series,cmp78jp2s0bf0qm012pkg82dj,3_0-40DWJ_10-0-0,episode,10
51dae20f-a713-4f9b-984f-bd01e75c6630,cmp78jclv0b8oqm0101iq0wo7,3_0-40DWJ,series,cmp78js920bg6qm013298wp2y,3_0-40DWJ_11-0-0,episode,11
73bdf35d-ae43-405b-a635-a5b3b91f5a00,cmp78jclv0b8oqm0101iq0wo7,3_0-40DWJ,series,cmp78jtic0bguqm01p6dbunal,3_0-40DWJ_12-0-0,episode,12
7d963123-0e16-49c8-8362-508142f0797d,cmp78jclv0b8oqm0101iq0wo7,3_0-40DWJ,series,cmp78jurx0bhkqm0196qgxt3l,3_0-40DWJ_13-0-0,episode,13
e1ddda89-ab32-4ca7-91eb-dbbad712b5d8,cmp78jclv0b8oqm0101iq0wo7,3_0-40DWJ,series,cmp78jw120bi8qm01ti0b9ifv,3_0-40DWJ_14-0-0,episode,14
2ec150a2-d53b-4e3b-b6e1-9e0750a14659,cmp78jclv0b8oqm0101iq0wo7,3_0-40DWJ,series,cmp78jxa70biuqm01juunsrcr,3_0-40DWJ_15-0-0,episode,15
98dfa35f-d843-4c95-8db6-32f1d3d3c21e,cmp78jclv0b8oqm0101iq0wo7,3_0-40DWJ,series,cmp78jyod0bjqqm0134kh3agl,3_0-40DWJ_16-0-0,episode,16
5fa1aea6-a698-4398-8a04-64ffbec3b3a8,cmp78jclv0b8oqm0101iq0wo7,3_0-40DWJ,series,cmp78jzxi0bkeqm018pqfpexx,3_0-40DWJ_17-0-0,episode,17
ddbc4808-ca8d-4114-a3f5-9497e0b52a5e,cmp78jclv0b8oqm0101iq0wo7,3_0-40DWJ,series,cmp78k1bw0bl2qm013yrlxklo,3_0-40DWJ_18-0-0,episode,18
632290ca-a934-494e-9a79-36ba32bdf03a,cmp78288r02mcqm01w3ge27mh,1_riv-0-0,series,cmp782qcu02ugqm01gk2e5c5y,1_riv_12-0-0,episode,12
c34abf8d-e530-4c48-8076-2632e027b083,cmp782rw502vaqm013oqeih1y,1_wjv-0-0,series,cmp782sl302vkqm015c9rezt5,1_wjv_01-0-0,episode,1
a55eb76e-a200-4d9c-a83a-6c919916f56a,cmp782rw502vaqm013oqeih1y,1_wjv-0-0,series,cmp782u9u02wgqm01zd3c1k02,1_wjv_02-0-0,episode,2
02fa267f-bde3-4f8f-b64d-65d08a00ad2c,cmp78jclv0b8oqm0101iq0wo7,3_0-40DWJ,series,cmp78k2kx0blqqm0176yn0eoo,3_0-40DWJ_19-0-0,episode,19
5256f592-0bf3-4325-a478-dc12b38aebe0,cmp78jclv0b8oqm0101iq0wo7,3_0-40DWJ,series,cmp78k3u80bmgqm01358hbt9g,3_0-40DWJ_20-0-0,episode,20
c3407130-92b3-489e-b824-f2dcbbb3f193,cmp78jclv0b8oqm0101iq0wo7,3_0-40DWJ,series,cmp78k53k0bn4qm018l3u4z0s,3_0-40DWJ_21-0-0,episode,21
a81a7e7a-fee2-4a0b-951f-09507263fecb,cmp78jclv0b8oqm0101iq0wo7,3_0-40DWJ,series,cmp78k6mv0bo0qm01c0w8pzqf,3_0-40DWJ_22-0-0,episode,22
fd05e6c5-218d-4e41-9e0b-170c2b70337b,cmp78jclv0b8oqm0101iq0wo7,3_0-40DWJ,series,cmp78k7r30bokqm01y9duyjhj,3_0-40DWJ_23-0-0,episode,23
5d7b9031-5908-4a57-b764-c1841fd4072b,cmp78jclv0b8oqm0101iq0wo7,3_0-40DWJ,series,cmp78k95c0bpcqm019ztt4q7l,3_0-40DWJ_24-0-0,episode,24
15a27494-037e-4138-ad99-1ae4bb0a0b9d,cmp782rw502vaqm013oqeih1y,1_wjv-0-0,series,cmp782vt302xaqm01spz8n4zr,1_wjv_03-0-0,episode,3
5cabb46e-6962-4c41-8326-8635cd5001d4,cmp782rw502vaqm013oqeih1y,1_wjv-0-0,series,cmp782xhf02y6qm016ct5x9ee,1_wjv_04-0-0,episode,4
41a0d9db-86d8-46c0-87a8-e121a8aa3c8e,cmp782rw502vaqm013oqeih1y,1_wjv-0-0,series,cmp782z0p02z0qm01w47mflhd,1_wjv_05-0-0,episode,5
78508deb-368e-4926-a72a-3340db938dd9,cmp7830yp02zwqm018xe9jso4,1_wl60-0-0,featureFilm,cmp7831nt0306qm01ju20rirb,1_wl604401-0-0,segment,1
350a720f-86d3-459f-81a9-1bda8a04973b,cmp7830yp02zwqm018xe9jso4,1_wl60-0-0,featureFilm,cmp7832cy030iqm01dtvqdcbn,1_wl604402-0-0,segment,2
5e88b13e-0a38-4fcc-ba7d-2bff08e05f8c,cmp7830yp02zwqm018xe9jso4,1_wl60-0-0,featureFilm,cmp7833rf0318qm01ntn1a3sj,1_wl604403-0-0,segment,3
151d6472-72d2-40cd-b187-f62a3e19211c,cmp7830yp02zwqm018xe9jso4,1_wl60-0-0,featureFilm,cmp78350m031sqm01a4aow3a3,1_wl604404-0-0,segment,4
6b26188d-2ff8-4897-95b4-d1899558b702,cmp7830yp02zwqm018xe9jso4,1_wl60-0-0,featureFilm,cmp78369u032kqm01hmndj6da,1_wl604405-0-0,segment,5
d5c19d6a-9875-457a-9090-0374169b9698,cmp7830yp02zwqm018xe9jso4,1_wl60-0-0,featureFilm,cmp7837dy0334qm01q50g3zmy,1_wl604406-0-0,segment,6
ec446074-cc59-4433-9088-da81000f45c8,cmp7830yp02zwqm018xe9jso4,1_wl60-0-0,featureFilm,cmp7838x5033yqm01j8n5pv6x,1_wl604407-0-0,segment,7
8b19c08b-f9d6-47df-b01f-00f9c74e6e54,cmp7830yp02zwqm018xe9jso4,1_wl60-0-0,featureFilm,cmp783a6f034qqm01s62wsnro,1_wl604408-0-0,segment,8
dfc799f2-ae54-4ec0-a9ac-165edbbab1ad,cmp7830yp02zwqm018xe9jso4,1_wl60-0-0,featureFilm,cmp783bfz035gqm01s7m5lkmd,1_wl604409-0-0,segment,9
5d106a9f-5325-4102-9788-110d85256781,cmp7830yp02zwqm018xe9jso4,1_wl60-0-0,featureFilm,cmp783cpb0368qm0166a59vtk,1_wl604410-0-0,segment,10
b00a3c32-4137-47ac-9a08-819f3980657b,cmp7830yp02zwqm018xe9jso4,1_wl60-0-0,featureFilm,cmp783dte036sqm0136t91sbk,1_wl604411-0-0,segment,11
8e36b6e6-a1ae-4688-a72c-84d22f4a1ad4,cmp7830yp02zwqm018xe9jso4,1_wl60-0-0,featureFilm,cmp783f2t037kqm01sjnvsg9p,1_wl604412-0-0,segment,12
f82684a8-85e3-42ba-83ef-929272136c11,cmp7830yp02zwqm018xe9jso4,1_wl60-0-0,featureFilm,cmp783gc8037wqm0132sbwrjj,1_wl604413-0-0,segment,13
3ca329c1-c0f1-4e33-b9d8-669a45417a9c,cmp7830yp02zwqm018xe9jso4,1_wl60-0-0,featureFilm,cmp783hvn038cqm01wgj6b5ij,1_wl604414-0-0,segment,14
fab5f374-0da5-4e58-9ce7-59a4da79b478,cmp7830yp02zwqm018xe9jso4,1_wl60-0-0,featureFilm,cmp783j4v038yqm01ypdplvu5,1_wl604415-0-0,segment,15
a1d41f34-9c96-4c56-818c-c0e35babc0ca,cmp7830yp02zwqm018xe9jso4,1_wl60-0-0,featureFilm,cmp783mpv03aiqm01z2mdfh5u,1_wl604416-0-0,segment,16
2607e582-3acf-4625-9608-d3205c2ead99,cmp7830yp02zwqm018xe9jso4,1_wl60-0-0,featureFilm,cmp783o3x03beqm01hlz0446n,1_wl604417-0-0,segment,17
c0c09427-7e0a-4113-aa8b-293c056bcfe5,cmp7830yp02zwqm018xe9jso4,1_wl60-0-0,featureFilm,cmp783pdg03byqm01a7bknam7,1_wl604418-0-0,segment,18
b135adf7-ae17-46e4-bf55-e2b9e178425a,cmp7830yp02zwqm018xe9jso4,1_wl60-0-0,featureFilm,cmp783r6t03d0qm01fhzfp9m1,1_wl604419-0-0,segment,19
54e8f1b7-9316-4de3-b576-e3f258333376,cmp7830yp02zwqm018xe9jso4,1_wl60-0-0,featureFilm,cmp783sq503duqm01nwvrb9up,1_wl604420-0-0,segment,20
f9b6cae4-d4f9-4327-968e-8a3b0d1c6bb5,cmp7830yp02zwqm018xe9jso4,1_wl60-0-0,featureFilm,cmp783u4m03emqm01e7rcb2ll,1_wl604421-0-0,segment,21
9247efbb-ac6f-4fa3-84be-d7a30881d51a,cmp7830yp02zwqm018xe9jso4,1_wl60-0-0,featureFilm,cmp783vir03feqm01iu0jas61,1_wl604422-0-0,segment,22
982888c9-2e48-40b3-9986-67d8c5842cd2,cmp7830yp02zwqm018xe9jso4,1_wl60-0-0,featureFilm,cmp783ws203g2qm01xxp4ag20,1_wl604423-0-0,segment,23
82d58f46-f870-4f45-ae2b-9582ec442c3f,cmp7830yp02zwqm018xe9jso4,1_wl60-0-0,featureFilm,cmp783yb803guqm01hd6u1z2u,1_wl604424-0-0,segment,24
cac42baf-43b4-44bb-9ef4-3bbbed60502e,cmp7830yp02zwqm018xe9jso4,1_wl60-0-0,featureFilm,cmp78405103hwqm01bph8tlma,1_wl604425-0-0,segment,25
faa5ad28-6c71-41d5-8fa0-e481d700002c,cmp7830yp02zwqm018xe9jso4,1_wl60-0-0,featureFilm,cmp7841tg03iqqm01hgrbvc0d,1_wl604426-0-0,segment,26
edfe2b2f-3f65-4705-9acb-cb041aaef3c6,cmp7830yp02zwqm018xe9jso4,1_wl60-0-0,featureFilm,cmp78433b03jeqm013sl33ot7,1_wl604427-0-0,segment,27
fc2c7b39-d0dd-45e2-b871-1b132e2da346,cmp7830yp02zwqm018xe9jso4,1_wl60-0-0,featureFilm,cmp78447r03k2qm019h2ambpl,1_wl604428-0-0,segment,28
7b43447c-21a3-499d-9086-de5b3bcca22d,cmp7830yp02zwqm018xe9jso4,1_wl60-0-0,featureFilm,cmp7845m303ksqm0132aumps1,1_wl604429-0-0,segment,29
ff07d5f5-d818-4c70-aa34-2ee93abb1e69,cmp7830yp02zwqm018xe9jso4,1_wl60-0-0,featureFilm,cmp78475n03lgqm01btiakdxi,1_wl604430-0-0,segment,30
38e0d4a7-24b8-44b8-b938-c1d0f46cb845,cmp7830yp02zwqm018xe9jso4,1_wl60-0-0,featureFilm,cmp7848kb03m2qm01l235ud3g,1_wl604431-0-0,segment,31
82affd5a-f208-48eb-81a9-e940b755ea23,cmp7830yp02zwqm018xe9jso4,1_wl60-0-0,featureFilm,cmp784a8l03muqm01xd7uvlyy,1_wl604432-0-0,segment,32
c37fc68d-6993-4885-9ae6-47e70a5e8c61,cmp7830yp02zwqm018xe9jso4,1_wl60-0-0,featureFilm,cmp784brr03ngqm01lum5ev1b,1_wl604433-0-0,segment,33
efbe8c2e-14f8-4a2e-b0f3-a7233362f7ff,cmp7830yp02zwqm018xe9jso4,1_wl60-0-0,featureFilm,cmp784e0403o8qm01961owusn,1_wl604434-0-0,segment,34
aec4f1e5-4faf-4c15-b757-c95b3a22c594,cmp7830yp02zwqm018xe9jso4,1_wl60-0-0,featureFilm,cmp784foe03oyqm01utwgwspo,1_wl604435-0-0,segment,35
75b6cc88-b2c0-4431-97fb-e6f909e07e3f,cmp7830yp02zwqm018xe9jso4,1_wl60-0-0,featureFilm,cmp784gnn03pcqm01zu9s4udw,1_wl604436-0-0,segment,36
5dfe07a1-0402-4430-8c16-3571f5a20ec6,cmp7830yp02zwqm018xe9jso4,1_wl60-0-0,featureFilm,cmp784i2103pyqm018w0kmgbb,1_wl604437-0-0,segment,37
1635dc07-d35e-4242-b77b-4fa577a3f589,cmp7830yp02zwqm018xe9jso4,1_wl60-0-0,featureFilm,cmp784jl703qsqm01yjx5akw4,1_wl604438-0-0,segment,38
67b890d4-569d-47a2-b83c-a437995a7ed1,cmp7830yp02zwqm018xe9jso4,1_wl60-0-0,featureFilm,cmp784l9h03roqm01o0sozw2g,1_wl604439-0-0,segment,39
9ae92240-dad3-4003-a363-848c23037491,cmp7830yp02zwqm018xe9jso4,1_wl60-0-0,featureFilm,cmp784mxc03smqm01gl0h2z62,1_wl604440-0-0,segment,40
c2e8690e-439e-443d-b105-53bb23114b2f,cmp7830yp02zwqm018xe9jso4,1_wl60-0-0,featureFilm,cmp784q6303tyqm01a23ainou,1_wl604441-0-0,segment,41
821105c7-ba98-4946-9a6c-de6e7cc6039c,cmp78jclv0b8oqm0101iq0wo7,3_0-40DWJ,series,cmp78kaom0bq8qm016hdwt6ky,3_0-40DWJ_25-0-0,episode,25
e4d65f20-e9d0-482e-be52-d9de6daaa02f,cmp78jclv0b8oqm0101iq0wo7,3_0-40DWJ,series,cmp78kc2n0br0qm011ls7s8yw,3_0-40DWJ_26-0-0,episode,26
562c2781-a4ed-4b3d-99be-c9838cb45811,cmp78jclv0b8oqm0101iq0wo7,3_0-40DWJ,series,cmp78kdbs0broqm014c5zaser,3_0-40DWJ_27-0-0,episode,27
c1074da3-363f-47ab-b803-2630bc09a2b6,cmp78jclv0b8oqm0101iq0wo7,3_0-40DWJ,series,cmp78kel40bscqm01i68tg6bl,3_0-40DWJ_28-0-0,episode,28
bdced9ed-1c11-48f2-9d7a-d38c1775a60e,cmp78jclv0b8oqm0101iq0wo7,3_0-40DWJ,series,cmp78kfu80bt0qm01ulhhliqj,3_0-40DWJ_29-0-0,episode,29
d840a517-692b-4f7a-9087-edfd893c4dd0,cmp78jclv0b8oqm0101iq0wo7,3_0-40DWJ,series,cmp78kh8k0btmqm01y85w2fgh,3_0-40DWJ_30-0-0,episode,30
1397f851-2fb2-48e9-b8b3-ebe428be1818,cmp78jclv0b8oqm0101iq0wo7,3_0-40DWJ,series,cmp78kimr0bu0qm015h25xpsy,3_0-40DWJ_31-0-0,episode,31
d5e77670-982f-4bdb-8b5b-873b29b00252,cmp78jclv0b8oqm0101iq0wo7,3_0-40DWJ,series,cmp78kk170busqm01ljf0us2q,3_0-40DWJ_32-0-0,episode,32
b952faaf-c079-4f49-a070-53b3e7562e6b,cmp78jclv0b8oqm0101iq0wo7,3_0-40DWJ,series,cmp78klav0bvgqm01guhbc9m8,3_0-40DWJ_33-0-0,episode,33
b40d9fa9-0873-446b-92f3-782c026a9bdc,cmp78jclv0b8oqm0101iq0wo7,3_0-40DWJ,series,cmp78kmpa0bw8qm01xyz2ciff,3_0-40DWJ_34-0-0,episode,34
79fa0b15-8d68-4cd3-b3e7-40e560784b2a,cmp78jclv0b8oqm0101iq0wo7,3_0-40DWJ,series,cmp78kntf0bwsqm01o9ks3kgr,3_0-40DWJ_35-0-0,episode,35
3f5b16f5-4bfd-4fbb-a439-6b4ab1de13f6,cmp78jclv0b8oqm0101iq0wo7,3_0-40DWJ,series,cmp78ksjj0bygqm018bpz5am2,3_0-40DWJ_36-0-0,episode,36
2f49d7b0-3689-4973-b9d0-d94164c2a03b,cmp78jclv0b8oqm0101iq0wo7,3_0-40DWJ,series,cmp78kuht0bz8qm01tf6utz86,3_0-40DWJ_37-0-0,episode,37
183a554c-5cb4-4efc-a39c-6e71b7424be6,cmp78jclv0b8oqm0101iq0wo7,3_0-40DWJ,series,cmp78kvm30bzsqm01agyn63pf,3_0-40DWJ_38-0-0,episode,38
dafcfde8-318a-4e9f-91fd-dca14cc55682,cmp78jclv0b8oqm0101iq0wo7,3_0-40DWJ,series,cmp78kx050c0kqm01zgxa3txe,3_0-40DWJ_39-0-0,episode,39
99d3d23e-1e33-4b35-8d17-621bb0cc7a01,cmp78jclv0b8oqm0101iq0wo7,3_0-40DWJ,series,cmp78kyjb0c1eqm01jhv9srtv,3_0-40DWJ_40-0-0,episode,40
88890885-1fab-44a3-99a0-705e46c18ea4,cmp78kzsl0c22qm014dy63z10,3_0-6DWJ-MAP,series,cmp78l0rq0c2gqm01xed2ktrt,3_0-6DWJ-MAP_01-0-0,episode,1
8bf65c3f-ccbb-4666-9318-b8914001e9cf,cmp78kzsl0c22qm014dy63z10,3_0-6DWJ-MAP,series,cmp78l2b80c38qm01o6ui1odi,3_0-6DWJ-MAP_02-0-0,episode,2
4363ebaf-5c05-454f-9c05-c3bafa6fdaf1,cmp78kzsl0c22qm014dy63z10,3_0-6DWJ-MAP,series,cmp78l3u90c44qm01z4wvt80n,3_0-6DWJ-MAP_03-0-0,episode,3
0a9aa130-f53c-4622-b813-781fcc9c686c,cmp78kzsl0c22qm014dy63z10,3_0-6DWJ-MAP,series,cmp78l53l0c4oqm01qaalf8ax,3_0-6DWJ-MAP_04-0-0,episode,4
a0b1b828-f4f2-4fe5-ae65-d167b351a0ab,cmp78kzsl0c22qm014dy63z10,3_0-6DWJ-MAP,series,cmp78l6rm0c5mqm016lvf37wg,3_0-6DWJ-MAP_05-0-0,episode,5
09805a66-8e24-4902-8849-1bde00c29bd8,cmp78kzsl0c22qm014dy63z10,3_0-6DWJ-MAP,series,cmp78l7vr0c66qm015g3qgkme,3_0-6DWJ-MAP_06-0-0,episode,6
c70b931e-0c1c-409d-af71-f7f0bc656dfd,cmp78l9f40c70qm019wag24z0,3_0-7DWJ-Grace-0-0,series,cmp78lkg40cc8qm01bgxwo2v4,3_0-7WDJ-Grace_01-0-0,episode,1
27ee0272-a5c8-4df6-a28e-c0f87ace4f9f,cmp78l9f40c70qm019wag24z0,3_0-7DWJ-Grace-0-0,series,cmp78llpc0ccwqm01d341h9zd,3_0-7WDJ-Grace_02-0-0,episode,2
889fecc5-851f-46b7-8248-a97796b37911,cmp78l9f40c70qm019wag24z0,3_0-7DWJ-Grace-0-0,series,cmp78lmyj0cdkqm015nyhmafk,3_0-7WDJ-Grace_03-0-0,episode,3
79b516e6-f0e8-47a6-ad20-c104e4ac1178,cmp78l9f40c70qm019wag24z0,3_0-7DWJ-Grace-0-0,series,cmp78lodi0cecqm014frwt4i8,3_0-7WDJ-Grace_04-0-0,episode,4
c68da0e0-7601-4aed-ab5d-226c71e3a260,cmp78l9f40c70qm019wag24z0,3_0-7DWJ-Grace-0-0,series,cmp78ls6g0cfoqm01knzyd23p,3_0-7WDJ-Grace_05-0-0,episode,5
99c08dbd-d317-4132-8100-1204dedfc3c6,cmp78l9f40c70qm019wag24z0,3_0-7DWJ-Grace-0-0,series,cmp78ltkn0cggqm01a3w0qwub,3_0-7WDJ-Grace_06-0-0,episode,6
021b4a6a-c493-4199-aeb2-337b709d10ac,cmp78l9f40c70qm019wag24z0,3_0-7DWJ-Grace-0-0,series,cmp78luyw0ch6qm019htfepf4,3_0-7WDJ-Grace_07-0-0,episode,7
8909962b-22a2-412a-b853-0c58c8f83a0f,cmp78la490c7aqm01d739kdej,3_0-7DWJ-WWJ,series,cmp78latd0c7mqm01wmf3nuag,3_0-7DWJ-WWJ_01-0-0,episode,1
7a2ee566-b917-4c92-be22-f626b0487c9b,cmp78la490c7aqm01d739kdej,3_0-7DWJ-WWJ,series,cmp78lc7q0c8eqm01hx51l7ms,3_0-7DWJ-WWJ_02-0-0,episode,2
16ee1f5e-9eb9-410d-b40c-f2eae93d67ef,cmp78la490c7aqm01d739kdej,3_0-7DWJ-WWJ,series,cmp78ldm00c96qm014fsxj8ov,3_0-7DWJ-WWJ_03-0-0,episode,3
751947e7-15e5-474c-b6c1-d56b42ac7bd2,cmp78la490c7aqm01d739kdej,3_0-7DWJ-WWJ,series,cmp78lev80c9uqm01j8w59szx,3_0-7DWJ-WWJ_04-0-0,episode,4
cd812717-79e2-44d5-b966-921c7dec5147,cmp78la490c7aqm01d739kdej,3_0-7DWJ-WWJ,series,cmp78lgek0caeqm01zdner07d,3_0-7DWJ-WWJ_05-0-0,episode,5
f39093e5-3093-41be-9d9f-a701b584810b,cmp78la490c7aqm01d739kdej,3_0-7DWJ-WWJ,series,cmp78lhnu0caqqm01qr91g64b,3_0-7DWJ-WWJ_06-0-0,episode,6
3e81953e-6a25-4fb8-a885-8254886e594b,cmp78la490c7aqm01d739kdej,3_0-7DWJ-WWJ,series,cmp78lj210cbiqm0188ztg8dc,3_0-7DWJ-WWJ_07-0-0,episode,7
0a001e9c-a23e-4733-b28c-2f4bee2cdece,cmp78lwd50chwqm01cds7243e,3_0-8DWJ-WIJ,series,cmp78lx270ciaqm016kwezuvy,3_0-8DWJ-WIJ_01-0-0,episode,1
d05ca512-37b4-4708-a6cf-295a3122ace3,cmp78lwd50chwqm01cds7243e,3_0-8DWJ-WIJ,series,cmp78lyqk0cj8qm01uyapvrmf,3_0-8DWJ-WIJ_02-0-0,episode,2
9beec732-6fce-4b56-9a45-77e87830f5a8,cmp78lwd50chwqm01cds7243e,3_0-8DWJ-WIJ,series,cmp78m04z0cjyqm01gjbwez34,3_0-8DWJ-WIJ_03-0-0,episode,3
0a8f6ec4-9251-4d8e-91b2-3fe9297d7116,cmp78lwd50chwqm01cds7243e,3_0-8DWJ-WIJ,series,cmp78m1e60ckmqm01fd2ckdww,3_0-8DWJ-WIJ_04-0-0,episode,4
139fd352-6edf-4695-9cba-3184ab3852ad,cmp78lwd50chwqm01cds7243e,3_0-8DWJ-WIJ,series,cmp78m32q0cliqm01rcyr5354,3_0-8DWJ-WIJ_05-0-0,episode,5
543db264-6fca-4cf7-9237-f96184a29e38,cmp78lwd50chwqm01cds7243e,3_0-8DWJ-WIJ,series,cmp78m4700cm2qm015328u2rj,3_0-8DWJ-WIJ_06-0-0,episode,6
4d116751-568b-4528-b382-47c01d6fef5c,cmp78lwd50chwqm01cds7243e,3_0-8DWJ-WIJ,series,cmp78m5g90cmqqm015ea51uwa,3_0-8DWJ-WIJ_07-0-0,episode,7
981ccd0d-a936-4141-9b2e-d2cb2a79b975,cmp78lwd50chwqm01cds7243e,3_0-8DWJ-WIJ,series,cmp78m6pr0cneqm01l1rlpmmg,3_0-8DWJ-WIJ_08-0-0,episode,8
21e1f1bc-16c6-4660-9afd-d0e005d3466d,cmp78m8930coaqm013fws3dmb,3_DWJPrayer-0-0,series,cmp78m8y30cooqm01hb2t8lkg,3_DWJPrayer0901-0-0,episode,1
beaaa864-66a2-4a89-b456-823a481be5e8,cmp78m8930coaqm013fws3dmb,3_DWJPrayer-0-0,series,cmp78ma7d0cpcqm01fpy4tdp0,3_DWJPrayer0902-0-0,episode,2
4f4a32b7-4085-4960-97c9-5be5d49d79dd,cmp78m8930coaqm013fws3dmb,3_DWJPrayer-0-0,series,cmp78mbgp0cq4qm01c3ptlt0q,3_DWJPrayer0903-0-0,episode,3
a286d7cc-a04b-48a6-a670-a618aa2f8466,cmp78m8930coaqm013fws3dmb,3_DWJPrayer-0-0,series,cmp78mcpx0cqsqm01ef4gd8ya,3_DWJPrayer0904-0-0,episode,4
2907f153-cae4-4ccb-8af4-45ad64503532,cmp78m8930coaqm013fws3dmb,3_DWJPrayer-0-0,series,cmp78me470crkqm01bg8429hf,3_DWJPrayer0905-0-0,episode,5
7f2b0681-5e03-4829-9029-29aa5f100884,cmp78m8930coaqm013fws3dmb,3_DWJPrayer-0-0,series,cmp78mfdo0cscqm01fsr0vkdc,3_DWJPrayer0906-0-0,episode,6
ab8b1185-4826-4f7f-83d3-b27b4dfe0af1,cmp78m8930coaqm013fws3dmb,3_DWJPrayer-0-0,series,cmp78mgx80csuqm014s7o94ny,3_DWJPrayer0907-0-0,episode,7
3044ef14-3506-408c-94e2-bf6343650ac6,cmp78m8930coaqm013fws3dmb,3_DWJPrayer-0-0,series,cmp78mi1d0ctaqm01fk5upfsp,3_DWJPrayer0908-0-0,episode,8
bf59d226-d262-4fdf-aeee-143554564094,cmp78m8930coaqm013fws3dmb,3_DWJPrayer-0-0,series,cmp78mjap0cu0qm01fk1jgfqi,3_DWJPrayer0909-0-0,episode,9
75c01a0f-a747-4bf5-ad96-2d2dd8657887,cmp78mkk30cumqm0167y3t5pt,3_IAm-0-0,series,cmp78ml990cuyqm01nijmmjf2,3_IAm1201-0-0,episode,1
3e824133-d5fc-4cf6-8869-dc8ee5de3a5a,cmp78mkk30cumqm0167y3t5pt,3_IAm-0-0,series,cmp78mmdh0cviqm0142js45mb,3_IAm1202-0-0,episode,2
559a952c-fb8c-4b25-8ed3-c8d272e17e3d,cmp78mkk30cumqm0167y3t5pt,3_IAm-0-0,series,cmp78mpsn0cwoqm01pgync2ie,3_IAm1203-0-0,episode,3
a5a32f09-e739-45af-b07b-6dc23f45367b,cmp78mkk30cumqm0167y3t5pt,3_IAm-0-0,series,cmp78mr260cxaqm018xvtumzv,3_IAm1204-0-0,episode,4
74ad343e-0b7e-493b-b548-98b469b3d8d5,cmp78mkk30cumqm0167y3t5pt,3_IAm-0-0,series,cmp78msgj0cy0qm01h1c8mvkr,3_IAm1205-0-0,episode,5
e739c31c-a829-46fa-af71-6275994b47b2,cmp78mkk30cumqm0167y3t5pt,3_IAm-0-0,series,cmp78mtuy0cyqqm01qov2lx1y,3_IAm1206-0-0,episode,6
0c684285-a756-4c89-b9e2-3dbe4c213dc6,cmp78mkk30cumqm0167y3t5pt,3_IAm-0-0,series,cmp78mv930cziqm01y85zj39m,3_IAm1207-0-0,episode,7
aea34567-06f2-4319-9ac0-1e1baccaf908,cmp78mkk30cumqm0167y3t5pt,3_IAm-0-0,series,cmp78mwnf0d08qm01jf02g77f,3_IAm1208-0-0,episode,8
aabb2a36-cc32-4f12-8b50-69dab410dcde,cmp78mkk30cumqm0167y3t5pt,3_IAm-0-0,series,cmp78my1p0d0yqm01r1o9qkgw,3_IAm1209-0-0,episode,9
3a34fcba-727b-4068-b8f5-427b8a4ddfa0,cmp78mkk30cumqm0167y3t5pt,3_IAm-0-0,series,cmp78mzg30d1oqm01xzmb3l5n,3_IAm1210-0-0,episode,10
d24809f2-792a-4428-ad2e-94b9d1f2b4f1,cmp78mkk30cumqm0167y3t5pt,3_IAm-0-0,series,cmp78n0ub0d2gqm01jjan6dx7,3_IAm1211-0-0,episode,11
41d42216-25d2-4498-8e77-a4722047b9ac,cmp78mkk30cumqm0167y3t5pt,3_IAm-0-0,series,cmp78n28z0d38qm01wak5fzof,3_IAm1212-0-0,episode,12
c1da82f8-bb63-4f12-a0d5-a28a0b6f71c3,cmp78n3da0d3sqm018j7rhuhe,3_RFD-0-0,series,cmp78n42e0d40qm01k5rvuxjp,3_RFD0701-0-0,episode,1
5d7bceb7-347e-4073-9db7-713937516fc4,cmp78n3da0d3sqm018j7rhuhe,3_RFD-0-0,series,cmp78n56q0d4kqm01fdoyhsur,3_RFD0702-0-0,episode,2
3cfb1951-700f-48f6-90b1-35f120b8056c,cmp78n3da0d3sqm018j7rhuhe,3_RFD-0-0,series,cmp78n6fv0d58qm018ridxt0d,3_RFD0703-0-0,episode,3
dc6e30eb-abd6-4d95-9b4a-234fd152c9d4,cmp78n3da0d3sqm018j7rhuhe,3_RFD-0-0,series,cmp78n7k20d5sqm019dch69w5,3_RFD0704-0-0,episode,4
cd3196f2-7328-49ad-a2d8-544912be3577,cmp78n3da0d3sqm018j7rhuhe,3_RFD-0-0,series,cmp78n8t80d6gqm01c9fnmj6i,3_RFD0705-0-0,episode,5
b0cbc63c-cf46-48c7-aee5-2afb340a3a10,cmp78n3da0d3sqm018j7rhuhe,3_RFD-0-0,series,cmp78na2e0d74qm01m0n16h4l,3_RFD0706-0-0,episode,6
6e7353bd-74f4-44f1-a79f-3523bc9a09bd,cmp78n3da0d3sqm018j7rhuhe,3_RFD-0-0,series,cmp78nb6k0d7mqm01y1zl5cho,3_RFD0707-0-0,episode,7
abaa0994-a2a7-4934-b4a7-82fbc6ec9d51,cmp78nf3o0d8kqm01vf8bq3pb,4_DealingWithSelfDoubt,series,cmp78o18u0digqm014ycrlvax,4_SelfDoubt1SelfDoubt,episode,1
edac4f51-62a4-467a-800e-834595541f2b,cmp78nf3o0d8kqm01vf8bq3pb,4_DealingWithSelfDoubt,series,cmp78o2id0dj4qm01f79ancn8,4_SelfDoubt2BeneathSurface,episode,2
17c7e3f0-8dde-4a88-a390-a798aa59506b,cmp7830yp02zwqm018xe9jso4,1_wl60-0-0,featureFilm,cmp784rfa03umqm01boyndwqw,1_wl604442-0-0,segment,42
81335ad3-3bec-4e0e-9fd2-9db94b7f10cd,cmp7830yp02zwqm018xe9jso4,1_wl60-0-0,featureFilm,cmp784sji03v6qm01t21d1tgi,1_wl604443-0-0,segment,43
cc538450-b857-4425-b8c8-66d472a98a63,cmp7830yp02zwqm018xe9jso4,1_wl60-0-0,featureFilm,cmp784tsl03vuqm01ce5oanh7,1_wl604444-0-0,segment,44
6138be22-863f-45fe-8317-3f87c88c2a5a,cmp784v1o03wmqm01oaw18rsz,1_wl7-0-0,series,cmp784vqw03wwqm01mv027dzk,1_wl71-0-0,episode,1
f930d05b-8105-4661-8dd2-55ab758f752c,cmp78nf3o0d8kqm01vf8bq3pb,4_DealingWithSelfDoubt,series,cmp78o3ru0djsqm019autb7re,4_SelfDoubt3LovedWorthy,episode,3
dfd0a05f-db03-447a-9d54-e05c490cfe8a,cmp78nfss0d8sqm01khtn9fpm,4_Injury,series,cmp78nghu0d92qm019kq319t3,4_Injury1Injury,episode,1
659c6fd5-30c9-450b-aed1-04e50ac0791c,cmp78nfss0d8sqm01khtn9fpm,4_Injury,series,cmp78nhre0d9mqm01cjsk58o9,4_Injury2AskingWhy,episode,2
7ed6cfea-2c3a-489a-80a2-6f68d57f80e2,cmp78nfss0d8sqm01khtn9fpm,4_Injury,series,cmp78nl5p0dasqm01e6p4h69u,4_Injury3AudienceOfOne,episode,3
7c960e85-59f2-4b77-812a-f3920f15889e,cmp78nfss0d8sqm01khtn9fpm,4_Injury,series,cmp78nmf70dbgqm0130ehjmox,4_Injury4FufillChrist,episode,4
ba9a0cfd-d639-4832-bd29-a2c0d11b5306,cmp78nfss0d8sqm01khtn9fpm,4_Injury,series,cmp78np2i0dcmqm01oahakcqt,4_Injury5Preview,episode,5
32f3d7f0-53b7-4faa-a98f-32d6fc0aeda0,cmp784v1o03wmqm01oaw18rsz,1_wl7-0-0,series,cmp784x5m03xoqm01v90agbfg,1_wl72-0-0,episode,2
ff27483f-54cd-4555-b586-df56f2aa586a,cmp784v1o03wmqm01oaw18rsz,1_wl7-0-0,series,cmp784yjy03yaqm01r5jzb97n,1_wl73-0-0,episode,3
dd50999c-f903-428d-a371-04828ee00a9d,cmp784v1o03wmqm01oaw18rsz,1_wl7-0-0,series,cmp784zt503z2qm01bbco8b9f,1_wl74-0-0,episode,4
752c6f41-7861-450e-8c0e-dde6449f395d,cmp784v1o03wmqm01oaw18rsz,1_wl7-0-0,series,cmp7851c703zyqm01xini23rf,1_wl75-0-0,episode,5
d802c6b1-c1f1-44a0-9e35-288dcb70e01e,cmp784v1o03wmqm01oaw18rsz,1_wl7-0-0,series,cmp78535e0412qm01npv5wx2v,1_wl76-0-0,episode,6
8fe7263d-bb6e-4201-8f2e-59179bd61098,cmp784v1o03wmqm01oaw18rsz,1_wl7-0-0,series,cmp7854jk041uqm018h0nfui1,1_wl77-0-0,episode,7
63c3f2e1-cfeb-4e23-a14e-95b07379a2f6,cmp78nr6b0ddkqm01wwdu3ed8,4_Loss,series,cmp78nrve0dduqm01lprjdof1,4_Loss1Loss,episode,1
2f57b992-ffbc-4dad-83ec-5454f4bf1592,cmp78nr6b0ddkqm01wwdu3ed8,4_Loss,series,cmp78nt4q0deiqm01o0x3r4z6,4_Loss2Forgiveness,episode,2
e02d29a4-dd94-429a-b2d7-aa2ac1ba51f7,cmp78nr6b0ddkqm01wwdu3ed8,4_Loss,series,cmp78nudz0df6qm01e5muk4xg,4_Loss3NotAlone,episode,3
3781eb74-7341-41bd-b6a4-3f2d8647fd1c,cmp78nr6b0ddkqm01wwdu3ed8,4_Loss,series,cmp78nvne0dfuqm01wxv5x66l,4_Loss4HopeInJesus,episode,4
7b41ca5b-deb3-4db2-b241-f1455b8ed935,cmp78nr6b0ddkqm01wwdu3ed8,4_Loss,series,cmp78nyb00dh4qm01h70gh9v2,4_Loss5Preview,episode,5
18dadc75-55f9-4ec1-9627-8eacdb64590c,cmp78o5vj0dkwqm01f8jr74nj,4_Win,series,cmp78o6pv0dl8qm01wgijmf4y,4_Win1Winning,episode,1
557807bd-2bac-42f5-9cdc-5f54fdc0fea1,cmp78o5vj0dkwqm01f8jr74nj,4_Win,series,cmp78o7z30dlyqm01t9jrey9f,4_Win2Threshold,episode,2
8d3a8b1c-20f0-4986-a56d-f236bf956abd,cmp78o5vj0dkwqm01f8jr74nj,4_Win,series,cmp78o98f0dmoqm01xy596uph,4_Win3GodPath,episode,3
8e3533af-14a3-4657-9102-a9afbc41f247,cmp78o5vj0dkwqm01f8jr74nj,4_Win,series,cmp78ocn40dnuqm01v83mfksk,4_Win4GoodNewsJesus,episode,4
1d112928-595d-4a27-8276-5265345946f2,cmp78o5vj0dkwqm01f8jr74nj,4_Win,series,cmp78ofat0douqm01tghdyu1m,4_Win5Preview,episode,5
7acc7108-1289-42ac-8c2e-c71740d798cf,cmrundr4a00j4n101knmywu3l,6_Acts,series,cmrundra400ken101firbcw1g,6_Acts0401,episode,1
f6235b2a-b483-4819-bbdb-97f89f738dde,cmrundr4a00j4n101knmywu3l,6_Acts,series,cmrundrbv00lun101ubxk6474,6_Acts0402,episode,2
b58dbb3c-2eaf-4ffa-b4c1-90b35ac9466d,cmrundr4a00j4n101knmywu3l,6_Acts,series,cmqp5oy1900nxks01j0xojbru,6_Acts0403,episode,3
5f44306e-ee2c-423d-aa49-bf8bcd278f3a,cmrundr4a00j4n101knmywu3l,6_Acts,series,cmqp5p6cy00pdks01npxdrik4,6_Acts0404,episode,4
0a3ef9a2-30f9-4147-8c33-1e207c78fb56,cmp78qddz0ehmqm01gqlznrz9,7_0-Easter,series,cmp78qe300ehqqm01yhguhkbq,7_0-Easter0103,episode,1
75813274-67f6-437e-b8a8-f20ae0616966,cmp78qddz0ehmqm01gqlznrz9,7_0-Easter,series,cmp78qfc60ei2qm018lffi0ds,7_0-Easter0203,episode,2
20e092cf-c982-4475-9fe5-52e5dda81d96,cmp78qddz0ehmqm01gqlznrz9,7_0-Easter,series,cmp78qglc0eiqqm01496f4pwj,7_0-Easter0303,episode,3
b4bc8776-0c4e-4a33-8fb7-bfe2f8628e73,cmp78qddz0ehmqm01gqlznrz9,7_0-Easter,series,cmp78qjq60ejyqm01j00footr,7_0-EasterTrailer,episode,4
1794c151-b449-4a48-b2f7-c89690902004,cmp78qkfc0ek6qm01afdlqhk7,7_0-ncs,series,cmp78ql4l0ekkqm01hw77tugo,7_0-ncs01,episode,1
7a64b5d2-4063-4a35-8ec2-980f99531495,cmp78qkfc0ek6qm01afdlqhk7,7_0-ncs,series,cmp78qmdu0el8qm01sgdt6nn8,7_0-ncs02,episode,2
37e984b7-ae79-4342-8e24-fb3caad7d3a8,cmp78qkfc0ek6qm01afdlqhk7,7_0-ncs,series,cmp78qnn50elwqm01dhkzqsf8,7_0-ncs03,episode,3
06d14b6c-6e85-4b14-82e5-229350a4a2ec,cmp78qown0emmqm01u1w7jmcc,7_0-nfs01,series,cmp78qpqu0emyqm01j4694114,7_0-nfs0101,episode,1
be924c9e-6f33-42b1-94b7-09872ac08750,cmp78qown0emmqm01u1w7jmcc,7_0-nfs01,series,cmp78qqzz0enmqm01cgrtv445,7_0-nfs0102,episode,2
3e0c8844-3e93-474c-a102-e0d4aca0a02b,cmp78qown0emmqm01u1w7jmcc,7_0-nfs01,series,cmp78qs920eo9qm01i275j4ue,7_0-nfs0103,episode,3
f960078a-a74f-40bf-8981-34a16ae2c859,cmp78qti80ep0qm01j25hcdig,7_0-nfs02,series,cmp78quc70epeqm01opga1s4w,7_0-nfs0201,episode,1
0c5a5148-234a-42d5-8300-b966575d4ad7,cmp78qti80ep0qm01j25hcdig,7_0-nfs02,series,cmp78qvla0eq2qm01nst6n2tl,7_0-nfs0202,episode,2
a92a8b53-f8be-4e5e-a254-d504330abb2d,cmp78qti80ep0qm01j25hcdig,7_0-nfs02,series,cmp78qwzn0equqm01t5ciai54,7_0-nfs0203,episode,3
c85d08fa-61f2-4d1a-99d0-2c351994f9ba,cmp78qy8u0eriqm01wmdnc319,7_0-nfs03,series,cmp78qz2z0erwqm01dgeoskdh,7_0-nfs0301,episode,1
902789ac-f7bf-4d56-a647-71ef3cd41897,cmp78qy8u0eriqm01wmdnc319,7_0-nfs03,series,cmp78r0c60eskqm01qc2qa7w7,7_0-nfs0302,episode,2
a28298ec-7070-4335-9bce-d4181dad79c7,cmp78qy8u0eriqm01wmdnc319,7_0-nfs03,series,cmp78r1li0et8qm01c1fw7dsr,7_0-nfs0303,episode,3
e8761b7e-a5a8-4c0d-b6b6-595ea526cbbd,cmp78r2pn0etuqm0178kitf9c,7_0-nfs04,series,cmp78r3jv0eu8qm01fe091nlj,7_0-nfs0401,episode,1
76034394-1989-4c4b-a688-bb7e9832fb05,cmp78r2pn0etuqm0178kitf9c,7_0-nfs04,series,cmp78r4t30euwqm01mpxetaxf,7_0-nfs0402,episode,2
35580e45-6f7b-4f19-ae98-b474fbf77e02,cmp787b84055eqm019ah22uf1,2_0-LeaderImpact,series,cmp787c27055iqm01a18hweui,2_0-LeaderImpact_01,episode,1
8b2d750c-1072-4721-a46a-c0d24ac69928,cmp787b84055eqm019ah22uf1,2_0-LeaderImpact,series,cmp787dbj055yqm010keumkuj,2_0-LeaderImpact_02,episode,2
68a8c126-942c-4bc2-aa23-dda4e06b6f0e,cmp787b84055eqm019ah22uf1,2_0-LeaderImpact,series,cmp787eks056mqm010hob49xt,2_0-LeaderImpact_03,episode,3
27d93cd3-c5d1-431a-abee-78bf1f89e332,cmp787b84055eqm019ah22uf1,2_0-LeaderImpact,series,cmp787fu0057aqm013iusxdq8,2_0-LeaderImpact_04,episode,4
1a59b0dd-6f86-4756-ae71-d349a5edcb00,cmp787b84055eqm019ah22uf1,2_0-LeaderImpact,series,cmp787h34057yqm01rcmtdiav,2_0-LeaderImpact_05,episode,5
454bea9f-a756-4dd4-9964-ed03184a9552,cmp787b84055eqm019ah22uf1,2_0-LeaderImpact,series,cmp787ici058mqm01apicuawl,2_0-LeaderImpact_06,episode,6
6dc52672-489e-41cc-8e05-068582df3683,cmp787b84055eqm019ah22uf1,2_0-LeaderImpact,series,cmp787jlp059aqm017jps0b27,2_0-LeaderImpact_07,episode,7
72013cd6-679e-44a7-a54a-656af1f8dc62,cmp787b84055eqm019ah22uf1,2_0-LeaderImpact,series,cmp787kv6059yqm01vnu2zf7y,2_0-LeaderImpact_08,episode,8
a8f39a97-4549-4e70-b4d2-aa89b099fda5,cmp787b84055eqm019ah22uf1,2_0-LeaderImpact,series,cmp787m4i05amqm01qezhn3b1,2_0-LeaderImpact_09,episode,9
6ccd7b36-7581-48e3-a25c-8be8f404a264,cmp787b84055eqm019ah22uf1,2_0-LeaderImpact,series,cmp787ndn05baqm017rxe3q3n,2_0-LeaderImpact_10,episode,10
e3af0c83-df62-4751-885f-deaa390b9e46,cmp787b84055eqm019ah22uf1,2_0-LeaderImpact,series,cmp787omu05byqm01meoc21ai,2_0-LeaderImpact_11,episode,11
a4ac563d-ed17-4293-9b4a-155a8db8b6df,cmp787b84055eqm019ah22uf1,2_0-LeaderImpact,series,cmp787sla05dcqm01zmpgwiig,2_0-LeaderImpact_12,episode,12
bc3d855f-471b-4c09-82ca-c5fcbe5e257e,cmp787b84055eqm019ah22uf1,2_0-LeaderImpact,series,cmp787tul05e0qm017jmelz6v,2_0-LeaderImpact_13,episode,13
2a9addb2-0170-4b3d-8c55-328722141830,cmp787b84055eqm019ah22uf1,2_0-LeaderImpact,series,cmp787v3r05eoqm01rgaq2yug,2_0-LeaderImpact_14,episode,14
fb592199-bfdb-43c9-95c0-745189e7024a,cmp787b84055eqm019ah22uf1,2_0-LeaderImpact,series,cmp787wcz05fcqm014hwzfy03,2_0-LeaderImpact_15,episode,15
687af791-fe2b-44ae-91c5-5eb68064599e,cmp787b84055eqm019ah22uf1,2_0-LeaderImpact,series,cmp787xmd05g0qm017qydj0wt,2_0-LeaderImpact_16,episode,16
d507e209-5c96-4d2e-915e-2f81bc242a70,cmp78r2pn0etuqm0178kitf9c,7_0-nfs04,series,cmp78r62l0evkqm01279m773p,7_0-nfs0403,episode,3
afa08ffc-92aa-46f6-86a3-216203b5f6ef,cmp78r7c10ew8qm01hsxp60fh,7_0-nfs05,series,cmp78r86j0ewoqm011irik4rq,7_0-nfs0501,episode,1
b62cd37b-b28e-45d6-9a55-a50356c8a885,cmp78r7c10ew8qm01hsxp60fh,7_0-nfs05,series,cmp78r9ax0exaqm01wzspgb9d,7_0-nfs0502,episode,2
4f121e8e-ff3f-4671-981a-0aa07dbbb054,cmp78r7c10ew8qm01hsxp60fh,7_0-nfs05,series,cmp78rafc0exuqm01spe48kpo,7_0-nfs0503,episode,3
1b994dae-d9b0-4206-acb5-b15ccb4a4f61,cmp78rfq40ez2qm010jof8mxc,7_0-nfs06,series,cmp78rh9d0ezmqm01t42p7ay6,7_0-nfs0601,episode,1
a1824ae1-ab64-4bc1-b60e-df9f38b04dee,cmp78rfq40ez2qm010jof8mxc,7_0-nfs06,series,cmp78rinn0f0aqm01x1vm4l31,7_0-nfs0602,episode,2
ecf84efd-c784-4fab-a36e-ba4cbb12e887,cmp78rfq40ez2qm010jof8mxc,7_0-nfs06,series,cmp78rk220f10qm01d2ra28ii,7_0-nfs0603,episode,3
c235c172-1af9-4c18-bb8a-ca2d65d2f903,cmp78rl6f0f1kqm01rvnjja6s,7_0-nfs07,series,cmp78rm0q0f1wqm01k573n7yz,7_0-nfs0701,episode,1
63f361f8-ee50-42bf-aa35-2812ce54b8a6,cmp78rl6f0f1kqm01rvnjja6s,7_0-nfs07,series,cmp78rn4w0f2kqm01nu2ax4l4,7_0-nfs0702,episode,2
3831fe82-4913-4dc2-8c22-8a6917269017,cmp78rl6f0f1kqm01rvnjja6s,7_0-nfs07,series,cmp78ro8z0f34qm018rlzlmys,7_0-nfs0703,episode,3
ec719451-f69b-43da-b898-995ffaeb732f,cmp78rpi30f3uqm01aa17n4b2,7_0-nfs08,series,cmp78rqcz0f46qm014dgeyyod,7_0-nfs0801,episode,1
350b4dfe-973c-48f5-9502-c6c3291dafc2,cmp78rpi30f3uqm01aa17n4b2,7_0-nfs08,series,cmp78rrhc0f4qqm01wtlmbn6o,7_0-nfs0802,episode,2
f682e225-8079-4fd9-9fdc-63e6dec52df3,cmp78rpi30f3uqm01aa17n4b2,7_0-nfs08,series,cmp78rsln0f5cqm01843kzoig,7_0-nfs0803,episode,3
0807fbe9-f6f9-4e83-8bf3-cdc3b6497143,cmp78rwxd0f7iqm01njx5upyd,7_0-nur,series,cmp78rxrf0f7wqm01oflrn5du,7_0-nur01,episode,1
2b88db7d-723f-47c8-88e1-6c5bc69fa378,cmp78rwxd0f7iqm01njx5upyd,7_0-nur,series,cmp78ryqk0f8cqm01qrjs2xr1,7_0-nur02,episode,2
01a925e1-b91f-46d0-85fc-81f6c3a6cadf,cmp78rwxd0f7iqm01njx5upyd,7_0-nur,series,cmp78rzuq0f8wqm01sdnrka8v,7_0-nur03,episode,3
543550f4-84b9-4065-b090-2b4fd93e8a4c,cmp78rwxd0f7iqm01njx5upyd,7_0-nur,series,cmp78s0z20f9gqm01ryd6u4xo,7_0-nur04,episode,4
fc6d0a8d-5676-4ace-a1ab-75426b10e678,cmp78rwxd0f7iqm01njx5upyd,7_0-nur,series,cmp78s2370fa4qm01alwjtimg,7_0-nur05,episode,5
b2be9b49-ee47-4f77-80fa-da8b8a9ec4ea,cmp78rwxd0f7iqm01njx5upyd,7_0-nur,series,cmp78s32j0famqm01oi1d2q94,7_0-nur06,episode,6
b385b531-07d3-4ab9-96c4-895a6512eab5,cmp78rwxd0f7iqm01njx5upyd,7_0-nur,series,cmp78s46p0fb6qm019zxtu9sx,7_0-nur07,episode,7
5b37e801-aaa1-44ca-92a1-f4f861ca6959,cmp78rwxd0f7iqm01njx5upyd,7_0-nur,series,cmp78s55r0fbmqm01lf35gajj,7_0-nur08,episode,8
94bd1dc8-d8a0-4c36-9d3a-9c3429931a08,cmp78rwxd0f7iqm01njx5upyd,7_0-nur,series,cmp78s64u0fc4qm015okj27pq,7_0-nur09,episode,9
6edaad75-faf7-4716-ae59-3793f9c946dc,cmp78rwxd0f7iqm01njx5upyd,7_0-nur,series,cmp78s7430fcmqm013zuiuyiv,7_0-nur10,episode,10
ff1c7330-7dfb-4a84-b811-c49c933a5710,cmp78sb2g0fdcqm01m6dzbrl3,7_KnowGod,series,cmp78sbrj0fdqqm01xv9rifgg,7_KnowGod0401,episode,1
e9fa3c25-7bfd-4fef-9f21-97a2884c2156,cmp78sb2g0fdcqm01m6dzbrl3,7_KnowGod,series,cmp78sd0r0fecqm01u120nkdb,7_KnowGod0402,episode,2
fe056a3d-ecba-445e-8b33-67bdf4696916,cmp78sb2g0fdcqm01m6dzbrl3,7_KnowGod,series,cmp78sek60ff8qm01jfg39e1c,7_KnowGod0403,episode,3
3c7984eb-8ef0-406e-b69a-2436ffb05216,cmp78sb2g0fdcqm01m6dzbrl3,7_KnowGod,series,cmp78sg8k0fg2qm012tvk7pt2,7_KnowGod0404,episode,4
b536fc7e-cb3d-41e5-a007-90366bcbbafc,cmp78si6z0fh8qm01s2jibtpq,7_Light,series,cmp78sivz0fhkqm01b7q3wosl,7_Light0111,episode,1
140550d8-ee2e-4009-beee-c36b6569bf52,cmp78si6z0fh8qm01s2jibtpq,7_Light,series,cmp78sk0f0fi4qm01udsjp0cq,7_Light0211,episode,2
79be600f-0aa6-48b1-8fec-18acb6edab9f,cmp78si6z0fh8qm01s2jibtpq,7_Light,series,cmp78sl4q0fioqm01hh99m17l,7_Light0311,episode,3
e7f8b665-1920-4958-abcc-11eb864310a0,cmp78si6z0fh8qm01s2jibtpq,7_Light,series,cmp78sm8x0fj8qm011d9a2h6s,7_Light0411,episode,4
e01a0985-34f2-41ff-970f-1ac745f5e860,cmp78si6z0fh8qm01s2jibtpq,7_Light,series,cmp78snd40fjsqm01uck64rfx,7_Light0511,episode,5
9508ce44-2baa-469d-8603-898f4d469503,cmp78si6z0fh8qm01s2jibtpq,7_Light,series,cmp78socf0fkaqm01komrb0sr,7_Light0611,episode,6
689f21d0-c2e5-46ab-b669-eecbc6a84c91,cmp78si6z0fh8qm01s2jibtpq,7_Light,series,cmp78spgt0fkuqm0184j1ltpi,7_Light0711,episode,7
2944602e-dc0f-4943-9f38-9c1a8a2a4e9e,cmp78si6z0fh8qm01s2jibtpq,7_Light,series,cmp78sqfz0flcqm01ycace13i,7_Light0811,episode,8
cd82f5ba-9c3d-4ba0-93d3-4fa168b4cbf4,cmp78si6z0fh8qm01s2jibtpq,7_Light,series,cmp78srf40fluqm017ff7fnv0,7_Light0911,episode,9
20a9a380-5867-4833-b7b5-3c5d4b3cb7de,cmp78si6z0fh8qm01s2jibtpq,7_Light,series,cmp78ssea0fm8qm0193811h4m,7_Light1011,episode,10
28f26bb7-6f05-4b29-99b5-4a59c5b72f1f,cmp78si6z0fh8qm01s2jibtpq,7_Light,series,cmp78stdh0fmqqm01ko3c74qp,7_Light1111,episode,11
2414c50d-d998-4566-a155-18cbcdb23e4c,cmp78sui00fncqm01nj865mnz,7_Origins,collection,cmp78sv740fnmqm01lh5en3z9,7_Origins1Master,series,1
e4f68942-b75c-49cd-8002-b441d980d17d,cmp78sui00fncqm01nj865mnz,7_Origins,collection,cmp78sz930fpoqm01v1jqgiwo,7_Origins2Worth,series,2
31fd6486-d109-4df7-94a7-45bf3651ba74,cmp78sui00fncqm01nj865mnz,7_Origins,collection,cmp78t5mb0fs6qm012udm9ya5,7_Origins3New,series,3
8426c45f-50bc-4af5-98f1-47aea722c1d9,cmp78sui00fncqm01nj865mnz,7_Origins,collection,cmp78t9oo0ftqqm0156h9dlmn,7_Origins4Connect,series,4
d483206b-5129-4eea-9012-401729faf01f,cmp78sui00fncqm01nj865mnz,7_Origins,collection,cmp78tdqg0fvsqm01fmjmv4wo,7_Origins5Story,series,5
2460d3e6-35c7-426c-bd04-9927359a24cf,cmp78sui00fncqm01nj865mnz,7_Origins,collection,cmp78thss0fxuqm01teh1psml,7_Origins6Guide,series,6
fa85803b-71f5-46f2-b66a-0c25112e78d7,cmp78sui00fncqm01nj865mnz,7_Origins,collection,cmp78tlul0fzwqm01ym3t7c28,7_Origins7Belong,series,7
9d596704-6135-4036-8ed0-afafd3580149,cmp78sui00fncqm01nj865mnz,7_Origins,collection,cmp78tpwt0g1sqm01uw1cca06,7_Origins8Journey,series,8
10d0a46f-9b00-4229-9e81-91ef237f836e,cmp78sui00fncqm01nj865mnz,7_Origins,collection,cmp78tyl80g4sqm01ru3fdulg,7_OriginsTrailer,shortFilm,9
fc35ba78-6cf5-4d45-a8c8-a836b03976c8,cmp78sv740fnmqm01lh5en3z9,7_Origins1Master,series,cmp78svwb0fnwqm0134m0d2vk,7_Origins1Master0103,episode,1
51edd37f-66b9-412b-853d-2773af7b6f2d,cmp78sv740fnmqm01lh5en3z9,7_Origins1Master,series,cmp78sx0n0foiqm01octkp6o2,7_Origins1Master0203,episode,2
9982de4b-eed3-4fc9-afbf-7e351f912c88,cmp78sv740fnmqm01lh5en3z9,7_Origins1Master,series,cmp78sy4x0fp4qm01evw0yhx4,7_Origins1Master0303,episode,3
d5463128-87c1-43a8-ab74-2d7fa76ffab1,cmp78sz930fpoqm01v1jqgiwo,7_Origins2Worth,series,cmp78szy70fq0qm01a6b51qll,7_Origins2Worth0103,episode,1
154fe2ed-0e16-4730-ad83-02b2d48c93f0,cmp78sz930fpoqm01v1jqgiwo,7_Origins2Worth,series,cmp78t12m0fqkqm01t20doxnx,7_Origins2Worth0203,episode,2
26713d80-69cc-41d0-b963-0bb07b5e925e,cmp78sz930fpoqm01v1jqgiwo,7_Origins2Worth,series,cmp78t4i00frmqm01tbk5h79q,7_Origins2Worth0303,episode,3
0cae737b-9a72-4753-b46b-bba546e6d21b,cmp78t5mb0fs6qm012udm9ya5,7_Origins3New,series,cmp78t6bf0fsiqm01wyauxrza,7_Origins3New0103,episode,1
76e1ba07-879d-411f-9e2f-19c8164f4823,cmp78t5mb0fs6qm012udm9ya5,7_Origins3New,series,cmp78t7fr0fswqm014tkmfmf3,7_Origins3New0203,episode,2
10a8a3b0-c55e-4bbb-8f87-00e3a893be0e,cmp78t5mb0fs6qm012udm9ya5,7_Origins3New,series,cmp78t8k60ft6qm01f85zcph4,7_Origins3New0303,episode,3
8b7a4bba-5040-4995-973c-6810f2e0be58,cmp78t9oo0ftqqm0156h9dlmn,7_Origins4Connect,series,cmp78tadp0ftyqm0121bbyn8h,7_Origins4Connect0103,episode,1
bf289b18-a109-4a13-a589-22ba216c953f,cmp78t9oo0ftqqm0156h9dlmn,7_Origins4Connect,series,cmp78tbhy0fukqm01z4xjh4h0,7_Origins4Connect0203,episode,2
8112c8b9-0b10-495f-83e7-4e1dd8161cc6,cmp78t9oo0ftqqm0156h9dlmn,7_Origins4Connect,series,cmp78tcmb0fv6qm01abptk9q2,7_Origins4Connect0303,episode,3
3bdb8517-2261-4703-b5a8-5c1987e580b4,cmp78tdqg0fvsqm01fmjmv4wo,7_Origins5Story,series,cmp78teft0fw0qm01nb23vsrd,7_Origins5Story0103,episode,1
646b882e-ee4b-432a-9f1b-5d9918b6bfd3,cmp78tdqg0fvsqm01fmjmv4wo,7_Origins5Story,series,cmp78tfk60fwoqm01bot758wk,7_Origins5Story0203,episode,2
ccc0d0bf-229a-4c5a-bb54-894beffe5543,cmp78tdqg0fvsqm01fmjmv4wo,7_Origins5Story,series,cmp78tgod0fxaqm01sqpnlhbk,7_Origins5Story0303,episode,3
6e63ec88-5fe4-4fc5-b144-1718653bf137,cmp78thss0fxuqm01teh1psml,7_Origins6Guide,series,cmp78tihz0fy4qm01432w2euq,7_Origins6Guide0103,episode,1
8dc518a8-a455-478a-a0e0-62eb45071a02,cmp78thss0fxuqm01teh1psml,7_Origins6Guide,series,cmp78tjm70fyqqm0148209twb,7_Origins6Guide0203,episode,2
95ca5272-8a77-4e14-9698-9f1250229af0,cmp78thss0fxuqm01teh1psml,7_Origins6Guide,series,cmp78tkqa0fzcqm01dle06nne,7_Origins6Guide0303,episode,3
edbf9a59-11df-4d92-99ba-5157fa13ddf3,cmp78tlul0fzwqm01ym3t7c28,7_Origins7Belong,series,cmp78tmjr0g04qm010c531ow5,7_Origins7Belong0103,episode,1
67bb0b95-2d3b-40de-9e04-dbc3ed3febd5,cmp78tlul0fzwqm01ym3t7c28,7_Origins7Belong,series,cmp78tno10g0oqm0161yuwa3f,7_Origins7Belong0203,episode,2
445b7c0b-3898-4128-bbdb-7737ba423eff,cmp78tlul0fzwqm01ym3t7c28,7_Origins7Belong,series,cmp78tosf0g18qm011x6j57g6,7_Origins7Belong0303,episode,3
d0db4b85-aa40-4c5a-a721-fa369709c539,cmp78tpwt0g1sqm01uw1cca06,7_Origins8Journey,series,cmp78tqlw0g22qm01b9fu76ru,7_Origins8Journey0103,episode,1
9d89fd63-18a4-4da3-a0d7-c49b60c31437,cmp78tpwt0g1sqm01uw1cca06,7_Origins8Journey,series,cmp78trq40g2mqm01ez6tkx4c,7_Origins8Journey0203,episode,2
ee49a150-d645-4ba9-81bf-6b346763f518,cmp78tpwt0g1sqm01uw1cca06,7_Origins8Journey,series,cmp78tsul0g38qm01cy6huirp,7_Origins8Journey0303,episode,3
c3ce80eb-e452-4ffd-bfbd-9f04bc6880f4,cmp78tzue0g52qm011y4elj91,8_NBC,series,cmp78u0jm0g5gqm01neigt55t,8_NBC01,episode,1
5535189c-2337-4b44-8af0-0d45bb530cca,cmp78tzue0g52qm011y4elj91,8_NBC,series,cmp78u2mp0g6aqm01nypgderz,8_NBC02,episode,2
4b5caf0b-f82f-494e-b220-159173e0cfde,cmp78tzue0g52qm011y4elj91,8_NBC,series,cmp78u4620g6mqm010vhdqlys,8_NBC03,episode,3
a5697f8e-311f-405d-af0c-7c2a931b082e,cmp78tzue0g52qm011y4elj91,8_NBC,series,cmp78u5kc0g7cqm01krgr389q,8_NBC04,episode,4
0d4c6570-2ffd-4b85-940b-618eedcbbfbc,cmp78tzue0g52qm011y4elj91,8_NBC,series,cmp78u73x0g86qm01ftezjq8q,8_NBC05,episode,5
c6534eb9-69d5-462c-b599-5b8472ad5880,cmp78tzue0g52qm011y4elj91,8_NBC,series,cmp78u8ie0g8sqm01slpd858g,8_NBC06,episode,6
db428d62-7792-456c-9137-dff5f7638ff3,cmp78tzue0g52qm011y4elj91,8_NBC,series,cmp78u9wo0g9eqm01c19mqui8,8_NBC07,episode,7
a2c82246-adcf-453e-98e3-3ad9da5cfde7,cmp78tzue0g52qm011y4elj91,8_NBC,series,cmp78ubb30ga0qm01pm6g81qx,8_NBC08,episode,8
a2750333-a6bc-4027-95fc-e877a8818907,cmp78tzue0g52qm011y4elj91,8_NBC,series,cmp78ucpj0gasqm01vv53dmnl,8_NBC09,episode,9
aa9c793c-48fc-4fd1-909f-842ae2239e90,cmp78tzue0g52qm011y4elj91,8_NBC,series,cmp78ue3w0gbkqm01npd6j7v2,8_NBC10,episode,10
37e89f4b-0f70-4291-8971-57c460a06373,cmp78uh6u0gd4qm01cyozt96v,9_0-TheSavior,featureFilm,cmp78uhw10gdcqm01ep9xvpwb,9_0-TheSavior5501,segment,1
a4faf61b-5680-4fea-a081-80ae40cdbd7f,cmp78uh6u0gd4qm01cyozt96v,9_0-TheSavior,featureFilm,cmp78uil50gdkqm01sqasz7zh,9_0-TheSavior5502,segment,2
f3204357-0f54-4315-ac6c-6edd65ea80fa,cmp78uh6u0gd4qm01cyozt96v,9_0-TheSavior,featureFilm,cmp78uja70gdsqm01h3ipmod2,9_0-TheSavior5503,segment,3
694a6b24-6ae2-4c5d-a22b-8909709f5d1a,cmp78uh6u0gd4qm01cyozt96v,9_0-TheSavior,featureFilm,cmp78ujzc0ge0qm017mv6mmyz,9_0-TheSavior5504,segment,4
9907d062-8c38-4926-a307-d7f4a5e2cb53,cmp78uh6u0gd4qm01cyozt96v,9_0-TheSavior,featureFilm,cmp78ukoe0ge8qm01v375cdy9,9_0-TheSavior5505,segment,5
59118cf9-35d4-4b0c-afda-8af130f928b9,cmp78uh6u0gd4qm01cyozt96v,9_0-TheSavior,featureFilm,cmp78uldk0gekqm01mfj2nwik,9_0-TheSavior5506,segment,6
2779c9c9-5c9a-4ab6-ab9c-cab480292b64,cmp78uh6u0gd4qm01cyozt96v,9_0-TheSavior,featureFilm,cmp78um2l0geuqm011c1uchv2,9_0-TheSavior5507,segment,7
cf7d5f09-7113-4196-b563-f15d03a0c79d,cmp78uh6u0gd4qm01cyozt96v,9_0-TheSavior,featureFilm,cmp78umrm0gf6qm014bqiprjb,9_0-TheSavior5508,segment,8
c8b8dc3a-9111-4f6d-b0cc-70d50308c678,cmp78uh6u0gd4qm01cyozt96v,9_0-TheSavior,featureFilm,cmp78ungq0gfgqm01uz159b5u,9_0-TheSavior5509,segment,9
625ff2d9-0f0d-4e4f-be2d-c9f02d063d9f,cmp78uh6u0gd4qm01cyozt96v,9_0-TheSavior,featureFilm,cmp78uo5s0gfsqm01z3kg72hq,9_0-TheSavior5510,segment,10
c112cff4-567d-4def-ad3f-0163625a21b8,cmp78uh6u0gd4qm01cyozt96v,9_0-TheSavior,featureFilm,cmp78uous0gg4qm01efwydmfq,9_0-TheSavior5511,segment,11
c808dfe5-4df5-4b5c-a179-e03f7a546fad,cmp78uh6u0gd4qm01cyozt96v,9_0-TheSavior,featureFilm,cmp78utff0ghcqm01ppype541,9_0-TheSavior5512,segment,12
c2b78486-8350-4cb3-b1d0-92865fe96ef7,cmp78uh6u0gd4qm01cyozt96v,9_0-TheSavior,featureFilm,cmp78uu4i0ghiqm01lqwq5erd,9_0-TheSavior5513,segment,13
b8ab5135-ef09-4930-aac9-f687c3b85a88,cmp78uh6u0gd4qm01cyozt96v,9_0-TheSavior,featureFilm,cmp78uutq0ghmqm012i32jf8u,9_0-TheSavior5514,segment,14
3dd7f214-b033-4313-b418-74fdd6b4a7e3,cmp78uh6u0gd4qm01cyozt96v,9_0-TheSavior,featureFilm,cmp78uviv0ghqqm01kuvm8o12,9_0-TheSavior5515,segment,15
7c8aafb0-0133-48df-a0e7-be7014dc1a24,cmp78uh6u0gd4qm01cyozt96v,9_0-TheSavior,featureFilm,cmp78uw7y0gi2qm01g5g2a3f1,9_0-TheSavior5516,segment,16
fb4b02bd-e01c-4034-8fec-3960956e81a0,cmp78uh6u0gd4qm01cyozt96v,9_0-TheSavior,featureFilm,cmp78uwx00giaqm012wz51d8k,9_0-TheSavior5517,segment,17
ce58eb4a-a0b5-4626-a71e-a8266ac51064,cmp78uh6u0gd4qm01cyozt96v,9_0-TheSavior,featureFilm,cmokmj8ka0njkqsccfvhbto3g,9_0-TheSavior5518,segment,18
29488109-a617-4b00-ba73-f680a31152a3,cmp78uh6u0gd4qm01cyozt96v,9_0-TheSavior,featureFilm,cmokmjc390nk2qscc79tyun6g,9_0-TheSavior5519,segment,19
bca869b1-2818-4367-897f-39316bd2b6fd,cmp78uh6u0gd4qm01cyozt96v,9_0-TheSavior,featureFilm,cmokmje5a0nkkqsccu84l0ibb,9_0-TheSavior5520,segment,20
32b612d0-08e9-4d7e-a359-032279c74da6,cmp78uh6u0gd4qm01cyozt96v,9_0-TheSavior,featureFilm,cmokmjg9y0nl2qscciaunwxzv,9_0-TheSavior5521,segment,21
8d313133-73e0-4a59-bdd5-b79bc97904aa,cmp78uh6u0gd4qm01cyozt96v,9_0-TheSavior,featureFilm,cmokmjigk0nlkqscch4r5mcho,9_0-TheSavior5522,segment,22
7f9fa837-3cd6-4ba4-a9e0-4df978e7fec7,cmp78uh6u0gd4qm01cyozt96v,9_0-TheSavior,featureFilm,cmokmjkmb0nm2qsccin5u7mb9,9_0-TheSavior5523,segment,23
1af8d7d9-d03d-4a9e-bc4f-3b1e03c06038,cmp78uh6u0gd4qm01cyozt96v,9_0-TheSavior,featureFilm,cmokmjmtw0nmkqscc82lh9e0a,9_0-TheSavior5524,segment,24
31cdd949-bdb6-4675-acdd-b5017b0a46d4,cmp78uh6u0gd4qm01cyozt96v,9_0-TheSavior,featureFilm,cmokmjoys0nn2qsccep2dhgi5,9_0-TheSavior5525,segment,25
a9a85b24-3e95-4e33-a190-0221b3c7ee35,cmp78uh6u0gd4qm01cyozt96v,9_0-TheSavior,featureFilm,cmokmjr330nnkqsccb3i2dvxp,9_0-TheSavior5526,segment,26
ee762838-6ede-4c1c-a4a0-7f6fa82a7500,cmp78uh6u0gd4qm01cyozt96v,9_0-TheSavior,featureFilm,cmokmjt860no2qsccji41znmx,9_0-TheSavior5527,segment,27
782ea69c-acea-4ccd-a44d-0cafd37fbc26,cmp787b84055eqm019ah22uf1,2_0-LeaderImpact,series,cmp787yvr05goqm01ei0vuzde,2_0-LeaderImpact_17,episode,17
8a17d925-eec2-4a06-9962-48fca61d3701,cmp787b84055eqm019ah22uf1,2_0-LeaderImpact,series,cmp78805505hcqm01gwtg1b8j,2_0-LeaderImpact_18,episode,18
1159c452-5a58-44f2-80a6-d59164bcfaf0,cmp787b84055eqm019ah22uf1,2_0-LeaderImpact,series,cmp7881ed05i0qm01xu2qhkx9,2_0-LeaderImpact_19,episode,19
ce3c18a9-13f0-4f87-b13c-7413f26169d1,cmp78uh6u0gd4qm01cyozt96v,9_0-TheSavior,featureFilm,cmokmjvee0nokqscct2gcke8g,9_0-TheSavior5528,segment,28
1c9718d0-48c8-48c2-92f9-e2b99da54dd5,cmp78uh6u0gd4qm01cyozt96v,9_0-TheSavior,featureFilm,cmokmjxgd0np2qscc8wpxr3ga,9_0-TheSavior5529,segment,29
057e9dbd-880c-4197-957c-257a8210946b,cmp787b84055eqm019ah22uf1,2_0-LeaderImpact,series,cmp7882nl05ioqm01q5vfgfts,2_0-LeaderImpact_20,episode,20
2e5647a9-d765-4148-a81b-891d434fdc48,cmp789gbw0670qm01s8a5xfuf,2_0-TruePurposeLife,collection,cmp7857by0438qm01qcccrvi9,2_0-1Torch,shortFilm,1
cd77b3ca-0552-405d-81a6-c28ce35292a3,cmp789gbw0670qm01s8a5xfuf,2_0-TruePurposeLife,collection,cmp7859u70444qm01j13w0rlc,2_0-2TorchHavePurpose,shortFilm,2
d014ba7c-45b7-44d4-8514-c034cb044a8c,cmp789gbw0670qm01s8a5xfuf,2_0-TruePurposeLife,collection,cmp785b30044wqm016336blly,2_0-3TorchLightPurpose,shortFilm,3
da3abe20-9a05-4c89-8f4d-8d73adc67518,cmp789gbw0670qm01s8a5xfuf,2_0-TruePurposeLife,collection,cmp7897mc0630qm01iou47ewd,2_0-The_Story,shortFilm,4
0cb87390-20c9-4c27-aaaa-70b7f56c0045,cmp789kya069iqm01dl60izf0,2_0-UseThisApp,series,cmp789lnh069sqm01p9n2v1qy,2_0-UseThisApp01,episode,1
390ad294-9d9f-42f4-9f19-3fa8816a041f,cmp789kya069iqm01dl60izf0,2_0-UseThisApp,series,cmp789mcn06a4qm01wxprdqtn,2_0-UseThisApp02,episode,2
fcddfdf5-cf40-4d7b-9725-2c3ef6de3ddd,cmp789kya069iqm01dl60izf0,2_0-UseThisApp,series,cmp789n1q06acqm011rvfmds5,2_0-UseThisApp03,episode,3
6f2d55c8-3108-4aad-8aa8-9a6533bbbddd,cmp789kya069iqm01dl60izf0,2_0-UseThisApp,series,cmp789nqz06akqm01ra0n3w3s,2_0-UseThisApp04,episode,4
c7cef9d0-2c53-4fad-a2ba-1fc6fb366112,cmp789kya069iqm01dl60izf0,2_0-UseThisApp,series,cmp789qoh06baqm01i5o979hk,2_0-UseThisApp05,episode,5
23192660-8bdc-458b-aae1-ac46dea6e73f,cmp789yod06fiqm016jakf0n8,2_0-WhatIsHome,collection,cmp786t9904wkqm01dfr7g30g,2_0-HappinessPuzzle,shortFilm,1
4da1ce02-56c9-4085-b61d-c6426b4a4563,cmp78uh6u0gd4qm01cyozt96v,9_0-TheSavior,featureFilm,cmokmjzny0npkqsccbkdpsupw,9_0-TheSavior5530,segment,30
1f383d4b-bf4e-4a00-a7c9-376a7c24d431,cmp78uh6u0gd4qm01cyozt96v,9_0-TheSavior,featureFilm,cmokmk1pp0nq2qsccusbrsbcm,9_0-TheSavior5531,segment,31
be15c0c4-5218-46dc-a647-f0b98ee45aaa,cmp78uh6u0gd4qm01cyozt96v,9_0-TheSavior,featureFilm,cmokmk3we0nqkqscc1tsx0rtj,9_0-TheSavior5532,segment,32
70f5efbc-696e-4389-9a90-4e3682724951,cmp78uh6u0gd4qm01cyozt96v,9_0-TheSavior,featureFilm,cmokmk6150nr2qsccdx3a99mi,9_0-TheSavior5533,segment,33
bd852704-7839-4976-8312-08b0478c42db,cmp78uh6u0gd4qm01cyozt96v,9_0-TheSavior,featureFilm,cmokmk82y0nrkqsccxxgw9m7f,9_0-TheSavior5534,segment,34
395fcc35-0158-44d3-b700-bf9328dfbfee,cmp789yod06fiqm016jakf0n8,2_0-WhatIsHome,collection,cmp788zsx05z6qm01cpr4z7dk,2_0-SongOfReeds,shortFilm,2
192c4440-e855-442a-a30b-b003edfdd153,cmp789yod06fiqm016jakf0n8,2_0-WhatIsHome,collection,cmp7863x604kaqm01l53cbrfw,2_0-Crushing,shortFilm,3
28f02590-0489-4753-b5ec-501ed5cab3e4,cmp789yod06fiqm016jakf0n8,2_0-WhatIsHome,collection,cmp785zq804hyqm015fx1di83,2_0-ComingHome,shortFilm,4
d35c924c-bd0d-4968-adba-6b1701c02ecc,cmp78a4og06ikqm01mur1757n,2_Acts-0-0,featureFilm,cmp78a5sv06j6qm018vqxw4u1,2_Acts7301-0-0,segment,1
f326d407-7d04-47c0-a0b6-c19ffbef780c,cmp78a4og06ikqm01mur1757n,2_Acts-0-0,featureFilm,cmp78a77q06jyqm01ropddpi4,2_Acts7302-0-0,segment,2
badb3b42-f970-4d47-8ace-dc2e6c5aaa55,cmp78a4og06ikqm01mur1757n,2_Acts-0-0,featureFilm,cmp78a8re06kkqm01d75tlxsi,2_Acts7303-0-0,segment,3
94a85e6e-7c1b-4ceb-94c7-04dc77ca40ca,cmp78a4og06ikqm01mur1757n,2_Acts-0-0,featureFilm,cmp78aab306l0qm016r3xhftc,2_Acts7304-0-0,segment,4
baeb439d-736d-4839-9061-235773217656,cmp78a4og06ikqm01mur1757n,2_Acts-0-0,featureFilm,cmp78abut06lqqm01xwsm03aq,2_Acts7305-0-0,segment,5
f67b8b19-cd6f-4f7b-b5c9-54ee0b3cf6e3,cmp78a4og06ikqm01mur1757n,2_Acts-0-0,featureFilm,cmp78adea06mmqm013pghh0l1,2_Acts7306-0-0,segment,6
274173ae-ae70-4e61-9d26-a35ce7b3d883,cmp78a4og06ikqm01mur1757n,2_Acts-0-0,featureFilm,cmp78aey406niqm01wxa0wuqp,2_Acts7307-0-0,segment,7
4bbed5db-1e6e-41de-907e-982810e5c568,cmp78a4og06ikqm01mur1757n,2_Acts-0-0,featureFilm,cmp78agcf06oaqm01w4k9ae5n,2_Acts7308-0-0,segment,8
6a89639e-fd28-4974-9374-a5d5044e2f46,cmp78a4og06ikqm01mur1757n,2_Acts-0-0,featureFilm,cmp78ahvr06p6qm016nkcsbzm,2_Acts7309-0-0,segment,9
427c9eb5-a803-465d-8ab6-a287b7379993,cmp78a4og06ikqm01mur1757n,2_Acts-0-0,featureFilm,cmp78ajf706q0qm01p47xdrd9,2_Acts7310-0-0,segment,10
887724e6-635c-43af-aea9-5037656eb562,cmp78a4og06ikqm01mur1757n,2_Acts-0-0,featureFilm,cmp78akyq06qwqm01i4ermvf5,2_Acts7311-0-0,segment,11
3fe35fad-bf57-4ffb-a843-37dae2d54911,cmp78a4og06ikqm01mur1757n,2_Acts-0-0,featureFilm,cmp78ami206rsqm01uzld7xsa,2_Acts7312-0-0,segment,12
71961e71-e83b-4f1e-9870-7c0d14017d8d,cmp78a4og06ikqm01mur1757n,2_Acts-0-0,featureFilm,cmp78ao1806smqm01hna7miau,2_Acts7313-0-0,segment,13
69545ee1-e965-4308-a2de-842b1969ab2d,cmp78a4og06ikqm01mur1757n,2_Acts-0-0,featureFilm,cmp78arkw06u0qm01yok0lxja,2_Acts7314-0-0,segment,14
e02461bf-11f2-44d9-9cf3-e1da3e68ec73,cmp78a4og06ikqm01mur1757n,2_Acts-0-0,featureFilm,cmp78at4d06uuqm01j82l89ak,2_Acts7315-0-0,segment,15
b2b9defe-a6d0-442b-9dd3-0af1cb593f2e,cmp78a4og06ikqm01mur1757n,2_Acts-0-0,featureFilm,cmp78auit06vmqm015u0hokkc,2_Acts7316-0-0,segment,16
ca8c55d9-cf36-4b3a-886c-00609e0ce27a,cmp78a4og06ikqm01mur1757n,2_Acts-0-0,featureFilm,cmp78avxg06weqm01f6k5s3v6,2_Acts7317-0-0,segment,17
3682479f-0b99-4391-94d2-8d14cb07e312,cmp78a4og06ikqm01mur1757n,2_Acts-0-0,featureFilm,cmp78axh006xaqm01y74xgsag,2_Acts7318-0-0,segment,18
ea1d4d59-096d-46b5-9277-5fa3a3fffaa3,cmp78a4og06ikqm01mur1757n,2_Acts-0-0,featureFilm,cmp78az0f06y6qm01qonc3tyh,2_Acts7319-0-0,segment,19
b685126a-d9af-40bc-964e-fe7cc435a236,cmp78a4og06ikqm01mur1757n,2_Acts-0-0,featureFilm,cmp78b0ew06yyqm01m5vjobgz,2_Acts7320-0-0,segment,20
c6c96a37-b6fd-474c-b4e1-21d36aa8f35e,cmp78a4og06ikqm01mur1757n,2_Acts-0-0,featureFilm,cmp78b1t206zuqm01m7a7y34n,2_Acts7321-0-0,segment,21
c7b8adf5-5349-4d1b-8250-c982aad0f77e,cmp78a4og06ikqm01mur1757n,2_Acts-0-0,featureFilm,cmp78b37i070mqm01n3vrxyea,2_Acts7322-0-0,segment,22
7f0961f3-495c-4ae8-857e-8f0d90f7438a,cmp78a4og06ikqm01mur1757n,2_Acts-0-0,featureFilm,cmp78b4ls071eqm01bdst1d5i,2_Acts7323-0-0,segment,23
c0a9e284-ae2d-4592-b1b1-44e48e92032c,cmp78a4og06ikqm01mur1757n,2_Acts-0-0,featureFilm,cmp78b6010726qm01cs4a69ra,2_Acts7324-0-0,segment,24
ec452c6b-895b-46b4-827a-8d1378129b4c,cmp78a4og06ikqm01mur1757n,2_Acts-0-0,featureFilm,cmp78b7e9072yqm01g3yuj1ps,2_Acts7325-0-0,segment,25
336249a8-31da-4008-b139-d8457823a100,cmp78a4og06ikqm01mur1757n,2_Acts-0-0,featureFilm,cmp78b8sm073qqm01325asjxv,2_Acts7326-0-0,segment,26
034c0ff5-a74f-4fad-9c4a-afac3fee2709,cmp78a4og06ikqm01mur1757n,2_Acts-0-0,featureFilm,cmp78babz074mqm015xg1jeca,2_Acts7327-0-0,segment,27
52ac7327-c398-41f3-8220-8b23d68f6124,cmp78a4og06ikqm01mur1757n,2_Acts-0-0,featureFilm,cmp78bc0e075mqm01r7kpdv0w,2_Acts7328-0-0,segment,28
ad96623c-e7b0-4952-bcd4-084abaca1779,cmp78a4og06ikqm01mur1757n,2_Acts-0-0,featureFilm,cmp78bdjj076aqm01h7m568yl,2_Acts7329-0-0,segment,29
d70942da-7dee-4cdf-be3b-7da77c9ee83a,cmp78a4og06ikqm01mur1757n,2_Acts-0-0,featureFilm,cmp78bexs076uqm01ml9bp43w,2_Acts7330-0-0,segment,30
a24975dc-038e-4623-b8a6-bde7196a3394,cmp78a4og06ikqm01mur1757n,2_Acts-0-0,featureFilm,cmp78bgc1077mqm01n5biqahl,2_Acts7331-0-0,segment,31
84be004c-3914-4d22-9e10-d1ce1fe0d5b1,cmp78a4og06ikqm01mur1757n,2_Acts-0-0,featureFilm,cmp78bhvb078gqm01fmlrrsgh,2_Acts7332-0-0,segment,32
64cfdbed-da7c-4caa-b4a3-96405084f72b,cmp78a4og06ikqm01mur1757n,2_Acts-0-0,featureFilm,cmp78bjer0798qm01pubm9tpf,2_Acts7333-0-0,segment,33
f5ace2b0-0152-4dd1-b421-42aa0e11a80d,cmp78a4og06ikqm01mur1757n,2_Acts-0-0,featureFilm,cmp78bkt6079yqm01uxg8en45,2_Acts7334-0-0,segment,34
aedeb970-746f-469c-92e5-3297370ece74,cmp78a4og06ikqm01mur1757n,2_Acts-0-0,featureFilm,cmp78bm7b07asqm01bjt1v9id,2_Acts7335-0-0,segment,35
f11b6101-3573-46e9-8fd2-89864b7ce045,cmp78a4og06ikqm01mur1757n,2_Acts-0-0,featureFilm,cmp78bnlf07bkqm01eqpb4v29,2_Acts7336-0-0,segment,36
9b65922c-0ff9-4746-b971-88fcbf3401e9,cmp78a4og06ikqm01mur1757n,2_Acts-0-0,featureFilm,cmp78bozk07caqm01kmnu6kyt,2_Acts7337-0-0,segment,37
3944b200-838e-4c82-b844-7cc0af35d167,cmp78a4og06ikqm01mur1757n,2_Acts-0-0,featureFilm,cmp78bqdq07d4qm01bb7cnn5r,2_Acts7338-0-0,segment,38
7abb701e-56ce-43fc-a377-54c2647b41ed,cmp78a4og06ikqm01mur1757n,2_Acts-0-0,featureFilm,cmp78btcb07ecqm01yev15enf,2_Acts7339-0-0,segment,39
4936974a-a788-41e2-8ab7-8e2be8d1c479,cmp78a4og06ikqm01mur1757n,2_Acts-0-0,featureFilm,cmp78buvj07f8qm015eoawb8j,2_Acts7340-0-0,segment,40
778aa71e-2d6d-428b-be6c-c7d7f18746d5,cmp78a4og06ikqm01mur1757n,2_Acts-0-0,featureFilm,cmp78bw9v07g0qm01hlg8zqjk,2_Acts7341-0-0,segment,41
185c3888-bc7f-4ea2-a22d-cc08a8872d85,cmp78a4og06ikqm01mur1757n,2_Acts-0-0,featureFilm,cmp78bxo007gsqm01qhfamqvf,2_Acts7342-0-0,segment,42
dfb91102-2255-465c-a4bc-1f31c8e810ba,cmp78uh6u0gd4qm01cyozt96v,9_0-TheSavior,featureFilm,cmokmka6n0ns2qsccohpgv4ci,9_0-TheSavior5535,segment,35
be29e89e-6e9e-4286-8659-1b8ebc90fe2a,cmp78uh6u0gd4qm01cyozt96v,9_0-TheSavior,featureFilm,cmokmkc8h0nskqscc98a4rmmd,9_0-TheSavior5536,segment,36
3f7a1581-5375-409d-bab2-6e30627ed83c,cmp78uh6u0gd4qm01cyozt96v,9_0-TheSavior,featureFilm,cmokmkeg40nt2qscc4bhuozkj,9_0-TheSavior5537,segment,37
2ce98ca3-748b-4d25-8578-ed3fdf2cbc35,cmp78uh6u0gd4qm01cyozt96v,9_0-TheSavior,featureFilm,cmokmkgjm0ntkqscc8f858o15,9_0-TheSavior5538,segment,38
15010b77-4954-433e-b896-a5bff20b5eb1,cmp78uh6u0gd4qm01cyozt96v,9_0-TheSavior,featureFilm,cmokmkioh0nu2qsccukpwkne9,9_0-TheSavior5539,segment,39
1f49f2f8-e405-45b0-9a3f-a40a61b6bc8d,cmp78uh6u0gd4qm01cyozt96v,9_0-TheSavior,featureFilm,cmokmkkw20nukqscc20phxbvc,9_0-TheSavior5540,segment,40
0429812d-493c-4c80-9597-717312c369c8,cmp78uh6u0gd4qm01cyozt96v,9_0-TheSavior,featureFilm,cmokmkn0w0nv2qscch63j1qi1,9_0-TheSavior5541,segment,41
ec424b6a-93f0-490f-bd92-56f50a18fcb4,cmp78uh6u0gd4qm01cyozt96v,9_0-TheSavior,featureFilm,cmokmkp5h0nvkqsccj7ysgsz2,9_0-TheSavior5542,segment,42
9687e7de-ae2d-41b3-a075-43dd3e384e71,cmp78uh6u0gd4qm01cyozt96v,9_0-TheSavior,featureFilm,cmokmkra70nw2qscc6utvnl84,9_0-TheSavior5543,segment,43
b6369db7-0e36-45fa-8877-194f98cb66cc,cmp78uh6u0gd4qm01cyozt96v,9_0-TheSavior,featureFilm,cmokmktdx0nwkqscc6i3u85cg,9_0-TheSavior5544,segment,44
83c7f6b6-af6d-4aec-8843-1067325bad7c,cmp78uh6u0gd4qm01cyozt96v,9_0-TheSavior,featureFilm,cmokmkvfq0nx2qscc142rzm1b,9_0-TheSavior5545,segment,45
4bbcaeed-a8c2-4fd3-8dd8-06122c8f7a90,cmp78uh6u0gd4qm01cyozt96v,9_0-TheSavior,featureFilm,cmokmkxpp0nxkqsccbgepffy0,9_0-TheSavior5546,segment,46
fa17fcc7-3bdb-45bc-964d-bd66c630ac53,cmp78uh6u0gd4qm01cyozt96v,9_0-TheSavior,featureFilm,cmokmkzs50ny2qsccxc77bgv4,9_0-TheSavior5547,segment,47
60baa54d-bdb2-4b8f-a2a1-190941286278,cmp78uh6u0gd4qm01cyozt96v,9_0-TheSavior,featureFilm,cmokml1vs0nykqscc8bgble8n,9_0-TheSavior5548,segment,48
fe7bd961-12e1-4bba-87e8-a086b0cf8247,cmp78uh6u0gd4qm01cyozt96v,9_0-TheSavior,featureFilm,cmokml41j0nz2qsccum7lf8kc,9_0-TheSavior5549,segment,49
d266b652-d280-4d2c-924b-b062d4a4b671,cmp78uh6u0gd4qm01cyozt96v,9_0-TheSavior,featureFilm,cmokml6590nzkqscc3u64ftr4,9_0-TheSavior5550,segment,50
7f9873e5-7543-4aab-9304-e614c2d1e884,cmp78a4og06ikqm01mur1757n,2_Acts-0-0,featureFilm,cmp78bz2507hiqm01qxi6vmn7,2_Acts7343-0-0,segment,43
a4ca8b6a-b353-4fcd-9dc6-656f09cc4c2c,cmp78a4og06ikqm01mur1757n,2_Acts-0-0,featureFilm,cmp78c0lc07icqm01qbsqnbal,2_Acts7344-0-0,segment,44
bb1c503b-8a9f-40d6-b0e5-0faeb4de2da3,cmp78a4og06ikqm01mur1757n,2_Acts-0-0,featureFilm,cmp78c1ze07j4qm01yeq291c6,2_Acts7345-0-0,segment,45
e82bbfdb-605d-4507-8ce2-802723832c7c,cmp78a4og06ikqm01mur1757n,2_Acts-0-0,featureFilm,cmp78c3dj07k2qm01bsoit4iq,2_Acts7346-0-0,segment,46
23555d7e-a99d-4932-8b3f-f77022a31ea5,cmp78a4og06ikqm01mur1757n,2_Acts-0-0,featureFilm,cmp78c4rm07kuqm01h6gkl6u7,2_Acts7347-0-0,segment,47
db3056e0-a2ba-4c19-a448-6bdd556aeaf7,cmp78a4og06ikqm01mur1757n,2_Acts-0-0,featureFilm,cmp78c65q07lmqm01283gsr2y,2_Acts7348-0-0,segment,48
ab993ecf-18c7-40c8-9382-3894f5c9674b,cmp78a4og06ikqm01mur1757n,2_Acts-0-0,featureFilm,cmp78c7jr07meqm01u4zuu1m1,2_Acts7349-0-0,segment,49
361de350-84aa-47ab-8c0d-06fa7efeb5a9,cmp78a4og06ikqm01mur1757n,2_Acts-0-0,featureFilm,cmp78c8xv07n6qm01ils0wgjw,2_Acts7350-0-0,segment,50
c2d1361b-c71e-42b3-a0c7-32df12501624,cmp78a4og06ikqm01mur1757n,2_Acts-0-0,featureFilm,cmp78cac407nyqm01kmigpdrr,2_Acts7351-0-0,segment,51
9e8fa579-ec56-47a0-b49d-f21d3a0f29e9,cmp78a4og06ikqm01mur1757n,2_Acts-0-0,featureFilm,cmp78cbqh07oqqm01kcpdrg5f,2_Acts7352-0-0,segment,52
3a3d99fa-50cd-4e76-857f-9d6e1f78be5d,cmp78a4og06ikqm01mur1757n,2_Acts-0-0,featureFilm,cmp78cd4k07pgqm01pdmgwop5,2_Acts7353-0-0,segment,53
529caaa8-7cb0-4191-aef8-e9d6a81598c7,cmp78a4og06ikqm01mur1757n,2_Acts-0-0,featureFilm,cmp78ceit07puqm01qwp9ounv,2_Acts7354-0-0,segment,54
76bfb269-081a-412d-9090-67066616a601,cmp78a4og06ikqm01mur1757n,2_Acts-0-0,featureFilm,cmp78cfxe07qcqm01q5k21a19,2_Acts7355-0-0,segment,55
cfe10fcc-50a9-4698-b653-9a1da25b63c1,cmp78a4og06ikqm01mur1757n,2_Acts-0-0,featureFilm,cmp78chbp07r2qm01emjwrzn4,2_Acts7356-0-0,segment,56
c072f996-20c0-4b06-a0a8-54e016bdd269,cmp78a4og06ikqm01mur1757n,2_Acts-0-0,featureFilm,cmp78cipx07rwqm01addt2tl0,2_Acts7357-0-0,segment,57
d50cc594-b6bc-4554-b49f-128363bccd48,cmp78a4og06ikqm01mur1757n,2_Acts-0-0,featureFilm,cmp78ck3z07soqm01at7yizev,2_Acts7358-0-0,segment,58
1a83d731-099f-448e-ae00-36d8f990527c,cmp78a4og06ikqm01mur1757n,2_Acts-0-0,featureFilm,cmp78clib07teqm0127rrohcf,2_Acts7359-0-0,segment,59
2389d22d-1bb8-40b9-b228-6a56a809dfbc,cmp78a4og06ikqm01mur1757n,2_Acts-0-0,featureFilm,cmp78cmwt07u4qm01bo27kq3m,2_Acts7360-0-0,segment,60
60ce8f6f-478d-41db-913d-21be59849c5e,cmp78a4og06ikqm01mur1757n,2_Acts-0-0,featureFilm,cmp78coay07uwqm0145u9x4fu,2_Acts7361-0-0,segment,61
db2aa519-77d2-4d2f-ae37-6a375dcf5b7f,cmp78a4og06ikqm01mur1757n,2_Acts-0-0,featureFilm,cmp78cpp407voqm01dtwb1v7i,2_Acts7362-0-0,segment,62
bc14e625-9dbf-4c15-ba53-83f1c36b03d9,cmp78a4og06ikqm01mur1757n,2_Acts-0-0,featureFilm,cmp78cr3b07wgqm01ulp35sy3,2_Acts7363-0-0,segment,63
bcab4621-93c3-4768-ac23-264f57b4aa2d,cmp78a4og06ikqm01mur1757n,2_Acts-0-0,featureFilm,cmp78cty207xmqm01oa52dysv,2_Acts7364-0-0,segment,64
547a6302-5465-4b80-878e-a3f8702430b1,cmp78a4og06ikqm01mur1757n,2_Acts-0-0,featureFilm,cmp78cvh907ygqm01lynuodlm,2_Acts7365-0-0,segment,65
fbf4d0e6-2443-446e-9f1d-fde43f2ba8d6,cmp78a4og06ikqm01mur1757n,2_Acts-0-0,featureFilm,cmp78cwvm07z8qm01gawoe4ub,2_Acts7366-0-0,segment,66
297556c3-c86a-4668-b0a7-9f13a40dff11,cmp78a4og06ikqm01mur1757n,2_Acts-0-0,featureFilm,cmp78cyet0802qm011jvp389s,2_Acts7367-0-0,segment,67
e9f8f0ae-0bd4-41c8-83b9-0b129ef43e3d,cmp78a4og06ikqm01mur1757n,2_Acts-0-0,featureFilm,cmp78czt9080sqm0146dacgka,2_Acts7368-0-0,segment,68
cd225008-c0ca-4e6b-95e7-d9d9b61bb960,cmp78a4og06ikqm01mur1757n,2_Acts-0-0,featureFilm,cmp78d17p081kqm01kzc9t5th,2_Acts7369-0-0,segment,69
4f439cfb-401a-4fab-93e0-546c817d67ee,cmp78a4og06ikqm01mur1757n,2_Acts-0-0,featureFilm,cmp78d2lx082cqm01z35jk1qj,2_Acts7370-0-0,segment,70
58971afb-713f-46f7-a6a1-cfb52a51ba7b,cmp78a4og06ikqm01mur1757n,2_Acts-0-0,featureFilm,cmp78d4090834qm01jqy10ebf,2_Acts7371-0-0,segment,71
ddf27f1a-eddb-4786-bfde-f1d329428fed,cmp78a4og06ikqm01mur1757n,2_Acts-0-0,featureFilm,cmp78d5eg083wqm01v20bbzde,2_Acts7372-0-0,segment,72
a3822e0c-0d1f-420b-82d6-4c89c2b5f8d1,cmp78uh6u0gd4qm01cyozt96v,9_0-TheSavior,featureFilm,cmokml8720o02qsccy74hz3or,9_0-TheSavior5551,segment,51
e082f893-aa51-4d62-acaf-ea41eba4f788,cmp78uh6u0gd4qm01cyozt96v,9_0-TheSavior,featureFilm,cmokmladi0o0kqsccm080rnio,9_0-TheSavior5552,segment,52
3e1460e2-7975-401c-9bc9-45fcc117ab1b,cmp78uh6u0gd4qm01cyozt96v,9_0-TheSavior,featureFilm,cmokmlcfb0o12qsccr4l882fe,9_0-TheSavior5553,segment,53
d28408d0-4b22-4775-9f78-833a472c5aab,cmp78uh6u0gd4qm01cyozt96v,9_0-TheSavior,featureFilm,cmokmlekb0o1kqsccx2r41i5t,9_0-TheSavior5554,segment,54
dd9232da-846d-4231-aa81-f7240f8793e0,cmp78a4og06ikqm01mur1757n,2_Acts-0-0,featureFilm,cmp78d6sn084oqm019pd0jurf,2_Acts7373-0-0,segment,73
c9586123-202d-47c9-b3b3-ca8dd282c9f9,cmp78df5l088uqm01qtkazzwe,2_BoA_BibleStudy-0-0,series,cmp78dhxo08agqm01ilfs941z,2_BoA_BibleStudy1201-0-0,episode,1
57ded9ba-662e-479d-8dbe-f9baa390838e,cmp78df5l088uqm01qtkazzwe,2_BoA_BibleStudy-0-0,series,cmp78dj1q08b0qm017hvknwns,2_BoA_BibleStudy1202-0-0,episode,2
67c912d9-ee7c-45d3-8a71-0ac027ed33b9,cmp78df5l088uqm01qtkazzwe,2_BoA_BibleStudy-0-0,series,cmp78dkft08bsqm01xroqrcwa,2_BoA_BibleStudy1203-0-0,episode,3
5224ecfe-98e1-4cb2-9a9f-623d32b77d6b,cmp78df5l088uqm01qtkazzwe,2_BoA_BibleStudy-0-0,series,cmp78dlox08ciqm01hvrnzeap,2_BoA_BibleStudy1204-0-0,episode,4
f74bae8c-56d8-4116-bcbf-3907e3cf4fa2,cmp78df5l088uqm01qtkazzwe,2_BoA_BibleStudy-0-0,series,cmp78dn3f08d8qm01yusna8zv,2_BoA_BibleStudy1205-0-0,episode,5
a6c3b2b0-e90a-4c18-b963-444243c89d0f,cmp78df5l088uqm01qtkazzwe,2_BoA_BibleStudy-0-0,series,cmp78docn08dwqm01j99arksc,2_BoA_BibleStudy1206-0-0,episode,6
b3831edd-e0a4-43db-8cc9-c06b8cbb18e5,cmp78df5l088uqm01qtkazzwe,2_BoA_BibleStudy-0-0,series,cmp78dpm008ekqm011s5xvbc0,2_BoA_BibleStudy1207-0-0,episode,7
83c69c16-8aac-4765-ae9e-78ff884726e6,cmp78df5l088uqm01qtkazzwe,2_BoA_BibleStudy-0-0,series,cmp78dqvd08f8qm01y6vf670c,2_BoA_BibleStudy1208-0-0,episode,8
1c2bf275-bde1-4e90-a305-6c7cd82288c2,cmp78df5l088uqm01qtkazzwe,2_BoA_BibleStudy-0-0,series,cmp78dsa208g0qm01oxocxj00,2_BoA_BibleStudy1209-0-0,episode,9
8dd6fc8d-8967-42ef-8c98-65ad20b2d081,cmp78df5l088uqm01qtkazzwe,2_BoA_BibleStudy-0-0,series,cmp78dxzt08huqm019jf33225,2_BoA_BibleStudy1210-0-0,episode,10
6ed38898-e22d-4bf4-a6a5-0cfd734f2125,cmp78df5l088uqm01qtkazzwe,2_BoA_BibleStudy-0-0,series,cmp78e02r08iqqm01akcbiwzc,2_BoA_BibleStudy1211-0-0,episode,11
cb22105e-37c4-4dd2-b1ba-5a4c18d2205c,cmp78df5l088uqm01qtkazzwe,2_BoA_BibleStudy-0-0,series,cmp78e1qu08jkqm01i9mhk6zc,2_BoA_BibleStudy1212-0-0,episode,12
9784b4dd-b354-4320-8b6a-4f1a67397136,cmp78eanq08o6qm01iokn7mwo,2_BrokenAndHealed,collection,cmp78e30308k6qm01w674orig,2_Broken1Vessel,shortFilm,1
27ef05a7-db97-4603-a766-a50db2451c72,cmp78eanq08o6qm01iokn7mwo,2_BrokenAndHealed,collection,cmp78e8ug08naqm01zq4hagcn,2_Broken5Kintsugi,episode,2
bf64e94a-10e2-457d-969e-5d7d74202a4d,cmp78eanq08o6qm01iokn7mwo,2_BrokenAndHealed,collection,cmp78e4e508kwqm01e0mh5z1n,2_Broken2Promise,shortFilm,3
18aa9e90-0ab1-49a6-80e4-10f3ad58087b,cmp78eanq08o6qm01iokn7mwo,2_BrokenAndHealed,collection,cmp78e5sc08loqm01xm3365bw,2_Broken3PickUp,shortFilm,4
0d9d83dc-258b-4d6b-87c0-63613f19280d,cmp78eanq08o6qm01iokn7mwo,2_BrokenAndHealed,collection,cmp78e7ld08mmqm016gyapanr,2_Broken4JimmyStory,shortFilm,5
3d53e9c7-39e8-4365-b1a4-be5a18739115,cmp78eanq08o6qm01iokn7mwo,2_BrokenAndHealed,collection,cmp7873nt051oqm01doj0s5lc,2_0-Jatku-Leiba,shortFilm,6
fc474b2d-4f0f-40ae-b6e8-5d7ce9ad9cf5,cmp78eanq08o6qm01iokn7mwo,2_BrokenAndHealed,collection,cmp786fiu04q4qm01r20nw7iv,2_0-FallingPlates,shortFilm,7
b58f1d7f-7c28-438c-add1-30572766d8ab,cmp78eeah08pmqm01s9a372zg,2_CSF,featureFilm,cmp78eg3q08qkqm01fhzryzah,2_CSF0201,segment,1
2ae74937-350f-445a-8d2b-acac56e1a9ad,cmp78eeah08pmqm01s9a372zg,2_CSF,featureFilm,cmp78ehcw08r8qm01vfxt6wwz,2_CSF0202,segment,2
79e6013a-640f-4239-93d3-ab9da0392b97,cmsd4biwp0d1jnx0mrsfit39n,2_ElCamImpulses,series,cmsd4biz00d2tnx0mqivuc29j,2_ElCamImpulses3301,episode,1
8533820b-ad7c-4a90-a82c-a499e75dd3cd,cmsd4biwp0d1jnx0mrsfit39n,2_ElCamImpulses,series,cmsd4bj9s0d7xnx0m05vcffbi,2_ElCamImpulses3302,episode,2
b8f7658e-2417-47e4-a0dc-4d013f9d4403,cmsd4biwp0d1jnx0mrsfit39n,2_ElCamImpulses,series,cmsd4bjhm0dcxnx0m43s36ntb,2_ElCamImpulses3303,episode,3
6f8d254a-5093-45e8-a98f-ec20caeaa968,cmsd4biwp0d1jnx0mrsfit39n,2_ElCamImpulses,series,cmsd4bklo0dhxnx0mphn2o4dd,2_ElCamImpulses3304,episode,4
d0159967-be9d-4851-9c23-3352d03f9237,cmsd4biwp0d1jnx0mrsfit39n,2_ElCamImpulses,series,cmsd4bkt50dmxnx0msnojezp6,2_ElCamImpulses3305,episode,5
efdfcc25-973a-43fa-bda5-ac5fbfdff85f,cmp78uh6u0gd4qm01cyozt96v,9_0-TheSavior,featureFilm,cmokmlgoc0o22qsccli5irftg,9_0-TheSavior5555,segment,55
71eeb754-8b95-4e9f-808e-9c32b4506ab8,cmokmlibp0o2bqsccix2nriff,9_CreationtoChrist,series,cmokmm04a0o6gqscc9wis2i28,9_CreationtoChristFull,episode,1
3d31d97d-0b77-48cc-a458-8521b68a2c86,cmokmlibp0o2bqsccix2nriff,9_CreationtoChrist,series,cmokmlkqf0o2kqscc9uu1hjtt,9_CreationtoChrist0701,episode,2
52708920-51ef-4adf-b765-13048a1f6b0a,cmokmlibp0o2bqsccix2nriff,9_CreationtoChrist,series,cmokmlnfe0o34qsccs0yihp4k,9_CreationtoChrist0702,episode,3
d45997b8-aa8f-4ce1-80b5-c666ca43118c,cmokmlibp0o2bqsccix2nriff,9_CreationtoChrist,series,cmokmlphf0o3oqscctk8w021p,9_CreationtoChrist0703,episode,4
c5032d99-23b2-4830-b6ab-5241158a1eda,cmokmlibp0o2bqsccix2nriff,9_CreationtoChrist,series,cmokmlrkp0o48qscct69q3uee,9_CreationtoChrist0704,episode,5
47a716b9-6eb6-4d8e-86d6-02fac79db07d,cmokmlibp0o2bqsccix2nriff,9_CreationtoChrist,series,cmokmltnh0o4sqscc538f8ft5,9_CreationtoChrist0705,episode,6
e685178b-ba2d-4e65-afdd-23597aaa432f,cmokmlibp0o2bqsccix2nriff,9_CreationtoChrist,series,cmokmlvtk0o5cqscc95pobxr0,9_CreationtoChrist0706,episode,7
29a0356f-5e22-417b-b8dd-cd5e7d08e3a3,cmokmlibp0o2bqsccix2nriff,9_CreationtoChrist,series,cmokmly270o5wqscc5gx00xhu,9_CreationtoChrist0707,episode,8
74df9eab-1889-49d8-9f21-c0c88f50b023,cmokmm2500o6zqsccbc2n3fgy,AFathersLove,collection,cmp785h7y0486qm01jamlmpdt,2_0-AltroMare,shortFilm,1
bbc2df55-4046-4b75-a6ac-d500c1231206,cmokmm2500o6zqsccbc2n3fgy,AFathersLove,collection,cmp78ja8f0b7gqm014v66lag1,2_WhyMadeAltroMare,shortFilm,2
1183babc-d7f2-492e-b74f-393834086d07,cmokmm2500o6zqsccbc2n3fgy,AFathersLove,collection,cmp78f0nd090oqm01rzlesgcf,2_FabioStory,shortFilm,3
9b4642a6-5790-4d1a-bfbb-9a3543171d6b,cmokmm2500o6zqsccbc2n3fgy,AFathersLove,collection,cmp78i1zp0ajsqm016byc5peo,2_OscarStory,shortFilm,4
c8520aa2-4c94-4eea-8ef8-0c74a55fabdf,cmokmm2500o6zqsccbc2n3fgy,AFathersLove,collection,cmp789xf206euqm010koenefm,2_0-WhatisChristianity,shortFilm,5
d02dc014-5fed-4e3d-b141-f9b445a91d10,cmokmm2500o6zqsccbc2n3fgy,AFathersLove,collection,cmp789ikc0684qm01yrkhxcle,2_0-UltimateSacrifice,shortFilm,6
f999eb0a-781a-4ecc-ac72-30ac1a50d872,cmokmm4cg0o79qscczm5c93ai,AIA-WC,collection,cmp78nckt0d80qm01c2a0649m,4_AIAWC-ThePrize_Falcao-0-0,segment,1
dfed7291-35fc-40e6-a970-97d4ad47d8d1,cmokmm4cg0o79qscczm5c93ai,AIA-WC,collection,cmp78neeg0d8eqm01qwqjoyaq,4_AIAWC-ThePrize_RVR-0-0,segment,2
03223997-c2eb-447f-be67-750a8a1192c1,cmokmm4cg0o79qscczm5c93ai,AIA-WC,collection,cmp78ndpc0d8aqm0161s1pdon,4_AIAWC-ThePrize_RTF-0-0,segment,3
02e0d6a3-3f4b-4967-8c97-093d451f1782,cmokmm61a0o7hqsccyuntzaum,Anticipate,collection,cmp78h2gq0a18qm01v6o717eh,2_GOJ4930-0-0,segment,1
8e5d3409-f5f9-47ae-ae17-a2dd0fb71335,cmsd4biwp0d1jnx0mrsfit39n,2_ElCamImpulses,series,cmsd4bkzh0drxnx0m74aedtq9,2_ElCamImpulses3306,episode,6
06be63ff-7b8a-4ed3-9975-8797ce346617,cmsd4biwp0d1jnx0mrsfit39n,2_ElCamImpulses,series,cmsd4bl5u0dwxnx0m5cf4kof2,2_ElCamImpulses3307,episode,7
2773f0d5-3bea-430b-b453-1c11b0163491,cmsd4biwp0d1jnx0mrsfit39n,2_ElCamImpulses,series,cmsd4blbm0e1xnx0mzoodt2ch,2_ElCamImpulses3308,episode,8
7fffc191-fbee-44f9-b92e-013112c262ed,cmsd4biwp0d1jnx0mrsfit39n,2_ElCamImpulses,series,cmsd4bli10e6xnx0m4cvy5i0i,2_ElCamImpulses3309,episode,9
9989f1e5-487d-4eaf-b2eb-203477c839b2,cmsd4biwp0d1jnx0mrsfit39n,2_ElCamImpulses,series,cmsd4blo40ebxnx0md6dwno4c,2_ElCamImpulses3310,episode,10
821a9357-da91-4590-ac4a-ba88b0165515,cmsd4biwp0d1jnx0mrsfit39n,2_ElCamImpulses,series,cmsd4bluj0egznx0mp20ylduy,2_ElCamImpulses3311,episode,11
ee5e6fbf-a7fd-43bb-8aee-eeddc2a98483,cmsd4biwp0d1jnx0mrsfit39n,2_ElCamImpulses,series,cmsd4bm1j0elznx0mx3kdcbkf,2_ElCamImpulses3312,episode,12
240d187b-784e-4be2-8bdb-32752abbe62d,cmsd4biwp0d1jnx0mrsfit39n,2_ElCamImpulses,series,cmsd4bm6l0eptnx0m6j742qxy,2_ElCamImpulses3313,episode,13
8c89e48c-06f0-43a0-889a-e0609b6d3cbb,cmsd4biwp0d1jnx0mrsfit39n,2_ElCamImpulses,series,cmsd4bme10euvnx0m898szklx,2_ElCamImpulses3314,episode,14
e81b3428-fdf4-4a0e-8513-ac74e8049a71,cmsd4biwp0d1jnx0mrsfit39n,2_ElCamImpulses,series,cmsd4bmkb0ezxnx0m7gy37sjf,2_ElCamImpulses3315,episode,15
9526747d-4813-4c21-8272-4796b41592b7,cmsd4biwp0d1jnx0mrsfit39n,2_ElCamImpulses,series,cmsd4bmqm0f55nx0myddbwr9r,2_ElCamImpulses3316,episode,16
db726ba9-8aa5-4a2a-b83b-2f3ce9415f9c,cmsd4biwp0d1jnx0mrsfit39n,2_ElCamImpulses,series,cmsd4bmx20fa9nx0myxq2v8jn,2_ElCamImpulses3317,episode,17
8f348388-eb53-42e0-ad4e-7f301f00f951,cmsd4biwp0d1jnx0mrsfit39n,2_ElCamImpulses,series,cmsd4bn2v0ff9nx0m07bpnkl1,2_ElCamImpulses3318,episode,18
fe4f5b26-14e7-406a-b77c-d030b974791d,cmsd4biwp0d1jnx0mrsfit39n,2_ElCamImpulses,series,cmsd4bn8m0fkbnx0mgrdq1sy1,2_ElCamImpulses3319,episode,19
fcece67c-ea88-4cdd-bc76-92f90998f80f,cmsd4biwp0d1jnx0mrsfit39n,2_ElCamImpulses,series,cmsd4bnes0fpbnx0m0g44ikl5,2_ElCamImpulses3320,episode,20
cd7a3daa-987c-46dd-a704-9862f7851f46,cmsd4biwp0d1jnx0mrsfit39n,2_ElCamImpulses,series,cmsd4bnlg0fubnx0mc74zqp32,2_ElCamImpulses3321,episode,21
eedcb483-dbc9-416d-957c-069b082deded,cmsd4biwp0d1jnx0mrsfit39n,2_ElCamImpulses,series,cmsd4bnru0fzbnx0mjwfk7cus,2_ElCamImpulses3322,episode,22
4df7aadc-46a2-4bf2-a610-db137b13778c,cmsd4biwp0d1jnx0mrsfit39n,2_ElCamImpulses,series,cmsd4bnxf0g4bnx0mdm1jzjtp,2_ElCamImpulses3323,episode,23
d34f00d8-b8b2-4f3d-b552-9c4927045186,cmsd4biwp0d1jnx0mrsfit39n,2_ElCamImpulses,series,cmsd4bo3k0g9dnx0mxgz8hh0f,2_ElCamImpulses3324,episode,24
6f3dee58-af2c-469c-abf3-687649dc03bb,cmsd4biwp0d1jnx0mrsfit39n,2_ElCamImpulses,series,cmsd4bo9e0gednx0muon6pjwe,2_ElCamImpulses3325,episode,25
8a88d13d-1cd9-46b0-ae31-983705b372f5,cmsd4biwp0d1jnx0mrsfit39n,2_ElCamImpulses,series,cmsd4bofq0gjdnx0m7lu41qb8,2_ElCamImpulses3326,episode,26
3da61c1d-8eb4-4df4-8822-517e2c0bdf72,cmsd4biwp0d1jnx0mrsfit39n,2_ElCamImpulses,series,cmsd4bolx0godnx0mc34pioik,2_ElCamImpulses3327,episode,27
80088be5-6c74-46a0-9df3-3cf0a764eaca,cmsd4biwp0d1jnx0mrsfit39n,2_ElCamImpulses,series,cmsd4borq0gtdnx0mh6gsxlfq,2_ElCamImpulses3328,episode,28
b890daad-9c54-41c3-ab2d-6e4bf7bfed6e,cmsd4biwp0d1jnx0mrsfit39n,2_ElCamImpulses,series,cmsd4bpf80gydnx0mowgpksqi,2_ElCamImpulses3329,episode,29
544ffd68-52b4-4ea8-b3d7-2b240dc89724,cmsd4biwp0d1jnx0mrsfit39n,2_ElCamImpulses,series,cmsd4bplr0h3hnx0mqzhetj4l,2_ElCamImpulses3330,episode,30
8a695a59-1249-416e-b4c0-26e495808a75,cmsd4biwp0d1jnx0mrsfit39n,2_ElCamImpulses,series,cmsd4bpso0h8hnx0mx9uwm6ks,2_ElCamImpulses3331,episode,31
2281a3d3-6d44-4ef5-a42a-efb2172e4bc0,cmsd4biwp0d1jnx0mrsfit39n,2_ElCamImpulses,series,cmsd4bpz00hdhnx0myjiikbxl,2_ElCamImpulses3332,episode,32
f15d8c63-ce70-4526-a6e0-7fbca92c202d,cmsd4biwp0d1jnx0mrsfit39n,2_ElCamImpulses,series,cmsd4bq5a0hihnx0mxve04kkt,2_ElCamImpulses3333,episode,33
89cb6b63-8483-4522-8e67-7084d421656d,cmsd4bqaw0hnhnx0m5s1pfvof,2_ElCamImpulsesVert,series,cmsd4bqcq0hornx0mkg0eiufn,2_ElCamImpulsesVert3301,episode,1
406d102b-5f13-4a0f-be74-1c551992b51e,cmsd4bqaw0hnhnx0m5s1pfvof,2_ElCamImpulsesVert,series,cmsd4bqeb0hq1nx0my35b0fga,2_ElCamImpulsesVert3302,episode,2
76306a3f-0f5c-4cde-b76e-379a21ae9e4d,cmsd4bqaw0hnhnx0m5s1pfvof,2_ElCamImpulsesVert,series,cmsd4bqfz0hrbnx0mewhyqoyy,2_ElCamImpulsesVert3303,episode,3
2389f4d3-0d03-47bc-8224-2c10b6060390,cmsd4bqaw0hnhnx0m5s1pfvof,2_ElCamImpulsesVert,series,cmsd4bqhp0hslnx0mw06nxb86,2_ElCamImpulsesVert3304,episode,4
9ad4811b-556c-47bf-aaaa-a53b35801ccd,cmsd4bqaw0hnhnx0m5s1pfvof,2_ElCamImpulsesVert,series,cmsd4bqj60htvnx0m4junofug,2_ElCamImpulsesVert3305,episode,5
f9af3d92-5d4b-4493-b4e0-cde324a8dafa,cmsd4bqaw0hnhnx0m5s1pfvof,2_ElCamImpulsesVert,series,cmsd4bqkw0hv5nx0mnbdmilu7,2_ElCamImpulsesVert3306,episode,6
c0c32e56-f6bc-4ae3-ac78-754060ef4743,cmsd4bqaw0hnhnx0m5s1pfvof,2_ElCamImpulsesVert,series,cmsd4bqmf0hwfnx0m8vkf7bhx,2_ElCamImpulsesVert3307,episode,7
82e0e114-3720-42f1-93ce-26c06aa19c5d,cmsd4bqaw0hnhnx0m5s1pfvof,2_ElCamImpulsesVert,series,cmsd4bqoc0hxpnx0m8xqoe660,2_ElCamImpulsesVert3308,episode,8
21ea043a-bbfa-4d33-84cc-28d9b9ae9cae,cmsd4bqaw0hnhnx0m5s1pfvof,2_ElCamImpulsesVert,series,cmsd4bqq60hyznx0m5i7lfwue,2_ElCamImpulsesVert3309,episode,9
619aa0c1-71e2-4966-873e-2ddd2e9cfabd,cmsd4bqaw0hnhnx0m5s1pfvof,2_ElCamImpulsesVert,series,cmsd4bqsg0i09nx0mpj770ep4,2_ElCamImpulsesVert3310,episode,10
c920d2cd-a1a2-4d24-b589-e542c6be7924,cmsd4bqaw0hnhnx0m5s1pfvof,2_ElCamImpulsesVert,series,cmsd4bquc0i1jnx0m3u49rqoq,2_ElCamImpulsesVert3311,episode,11
6124ef35-6f99-4654-9dca-7fe5cf88371b,cmsd4bqaw0hnhnx0m5s1pfvof,2_ElCamImpulsesVert,series,cmsd4bqw40i2tnx0mjana581l,2_ElCamImpulsesVert3312,episode,12
ba529c44-e137-47b1-a2fa-514e2d1f6828,cmsd4bqaw0hnhnx0m5s1pfvof,2_ElCamImpulsesVert,series,cmsd4bqxq0i43nx0m8zjhp77l,2_ElCamImpulsesVert3313,episode,13
6731f19d-469a-47b3-864b-c43a3498e143,cmsd4bqaw0hnhnx0m5s1pfvof,2_ElCamImpulsesVert,series,cmsd4bqz90i5dnx0myafymkcj,2_ElCamImpulsesVert3314,episode,14
b52e0dd0-a71e-48d9-bdf3-020cd92d43ec,cmsd4bqaw0hnhnx0m5s1pfvof,2_ElCamImpulsesVert,series,cmsd4br0r0i6nnx0mv7kbyf4o,2_ElCamImpulsesVert3315,episode,15
d4836b9a-5f1a-4c41-aa73-126564d03324,cmsd4bqaw0hnhnx0m5s1pfvof,2_ElCamImpulsesVert,series,cmsd4br2c0i7xnx0m2riuq0p8,2_ElCamImpulsesVert3316,episode,16
f994e9dd-85e2-4615-a510-5ff6437ef92c,cmsd4bqaw0hnhnx0m5s1pfvof,2_ElCamImpulsesVert,series,cmsd4br3w0i97nx0myiv7azum,2_ElCamImpulsesVert3317,episode,17
650666c7-fc8d-4958-95fc-b98dddf441eb,cmsd4bqaw0hnhnx0m5s1pfvof,2_ElCamImpulsesVert,series,cmsd4br610iahnx0mm1iqo4sk,2_ElCamImpulsesVert3318,episode,18
12c031c1-d43f-4e22-9737-ac2723215a40,cmsd4bqaw0hnhnx0m5s1pfvof,2_ElCamImpulsesVert,series,cmsd4br7p0ibrnx0m614bt2hz,2_ElCamImpulsesVert3319,episode,19
f2d1377a-f6b9-4221-8e38-fe9f105f9476,cmsd4bqaw0hnhnx0m5s1pfvof,2_ElCamImpulsesVert,series,cmsd4brkb0id1nx0mvd1ahql6,2_ElCamImpulsesVert3320,episode,20
2ce8534b-e914-4b34-a694-965d3f92c2fd,cmsd4bqaw0hnhnx0m5s1pfvof,2_ElCamImpulsesVert,series,cmsd4brly0iebnx0mahs6g6iq,2_ElCamImpulsesVert3321,episode,21
15241e19-1286-49d9-a6eb-95f5ce820afc,cmsd4bqaw0hnhnx0m5s1pfvof,2_ElCamImpulsesVert,series,cmsd4brnl0iflnx0mdjxwmxuc,2_ElCamImpulsesVert3322,episode,22
6f746390-759d-48e6-91fb-b11296958e90,cmsd4bqaw0hnhnx0m5s1pfvof,2_ElCamImpulsesVert,series,cmsd4brp90igvnx0mykrfohp1,2_ElCamImpulsesVert3323,episode,23
e93ab61b-c20f-4ae2-9f4f-925e800bfa2e,cmsd4bqaw0hnhnx0m5s1pfvof,2_ElCamImpulsesVert,series,cmsd4brr30ii5nx0m4auex4n7,2_ElCamImpulsesVert3324,episode,24
d7ee8074-8229-464f-bb2b-0567935cdcba,cmsd4bqaw0hnhnx0m5s1pfvof,2_ElCamImpulsesVert,series,cmsd4brsp0ijfnx0mgp5n700p,2_ElCamImpulsesVert3325,episode,25
a230dd48-6690-47aa-b9c2-299cd6610ce6,cmsd4bqaw0hnhnx0m5s1pfvof,2_ElCamImpulsesVert,series,cmsd4brua0ikpnx0m0a91v4rt,2_ElCamImpulsesVert3326,episode,26
2f7d2d68-2b87-4b26-8b5a-175b858538c7,cmsd4bqaw0hnhnx0m5s1pfvof,2_ElCamImpulsesVert,series,cmsd4brvw0ilznx0mbkoyrzpg,2_ElCamImpulsesVert3327,episode,27
f5294f80-6ca1-45b0-8b56-701e127b2bb5,cmsd4bqaw0hnhnx0m5s1pfvof,2_ElCamImpulsesVert,series,cmsd4brxu0in9nx0mc9hb8kzw,2_ElCamImpulsesVert3328,episode,28
723dfc0b-5f69-4a66-9fb7-3f337dafbd63,cmsd4bqaw0hnhnx0m5s1pfvof,2_ElCamImpulsesVert,series,cmsd4brzg0iojnx0mzosnw35y,2_ElCamImpulsesVert3329,episode,29
fb64ded8-b602-4494-b4bd-8c752d9ef5f4,cmsd4bqaw0hnhnx0m5s1pfvof,2_ElCamImpulsesVert,series,cmsd4bs140iptnx0m3ozqdspd,2_ElCamImpulsesVert3330,episode,30
b6027dc0-7792-424f-a4d9-f3b02826b950,cmsd4bqaw0hnhnx0m5s1pfvof,2_ElCamImpulsesVert,series,cmsd4bs2w0ir3nx0m0r02evde,2_ElCamImpulsesVert3331,episode,31
bfe2cad6-3f9f-4750-bd25-0d67e0ab2296,cmsd4bqaw0hnhnx0m5s1pfvof,2_ElCamImpulsesVert,series,cmsd4bs4p0isdnx0mze2dpo9u,2_ElCamImpulsesVert3332,episode,32
a37f6390-75eb-4dd6-b77f-17793733980d,cmsd4bqaw0hnhnx0m5s1pfvof,2_ElCamImpulsesVert,series,cmsd4bs6t0itnnx0mcd5t4oq9,2_ElCamImpulsesVert3333,episode,33
111c2ff7-4d4f-450c-bb96-bd4f0be3d627,cmp78elf608teqm015izariv4,2_ElCamWaySJEN,series,cmp78em4a08toqm01kfejtqnf,2_ElCamWaySJEN1Arrow,episode,1
c0160363-7b01-4d3e-b455-90b70a4966ce,cmp78elf608teqm015izariv4,2_ElCamWaySJEN,series,cmp78enih08ueqm01q8ozh3q9,2_ElCamWaySJEN2Parched,episode,2
d691b66c-e313-4497-9a3d-72bd27f8c2be,cmp78elf608teqm015izariv4,2_ElCamWaySJEN,series,cmp78eorq08v4qm015vwf8uze,2_ElCamWaySJEN3WalkingStick,episode,3
597be7fd-bd27-4dca-894b-e6019c1b6418,cmp78elf608teqm015izariv4,2_ElCamWaySJEN,series,cmp78eq0y08vsqm01ne3942j3,2_ElCamWaySJEN4StJames,episode,4
cf1f0610-6a10-4159-b5f8-82885d503a9d,cmp78elf608teqm015izariv4,2_ElCamWaySJEN,series,cmp78erp808woqm01qyhlkwe8,2_ElCamWaySJEN5Pain,episode,5
68be1cc2-521b-4329-95a9-ea690bdb222e,cmp78elf608teqm015izariv4,2_ElCamWaySJEN,series,cmp78et8i08xiqm014lort1mj,2_ElCamWaySJEN6Weight,episode,6
a4851d23-c142-4456-beeb-97f658410503,cmp78elf608teqm015izariv4,2_ElCamWaySJEN,series,cmp78euhm08y6qm01yggvwaei,2_ElCamWaySJEN7HopePeace,episode,7
d05a2ef4-c3ac-4932-8c92-687ba322fdfd,cmp78elf608teqm015izariv4,2_ElCamWaySJEN,series,cmp78evqr08ywqm01dwvs6jtr,2_ElCamWaySJEN8Invitation,episode,8
65cff8f9-fbe5-4ed9-b1e2-6b5afd75aeaa,cmp78elf608teqm015izariv4,2_ElCamWaySJEN,series,cmp78ezt9090cqm01zruq58de,2_ElCamWaySJENTrailer,episode,9
e86256c0-6328-4577-88af-21724e69a5cc,cmp78f1wi091gqm01ueskr34r,2_FileZero-0-0,series,cmp78f30m0922qm01c2tz8wgw,2_FileZero01-0-0,episode,1
98ffacae-acbf-43f9-ab12-d91e071eb7bc,cmp78f1wi091gqm01ueskr34r,2_FileZero-0-0,series,cmp78f49v092qqm01ofslmipu,2_FileZero02-0-0,episode,2
4df3c574-0c5e-42f3-9943-0ae7a36a6aa0,cmp78f1wi091gqm01ueskr34r,2_FileZero-0-0,series,cmp78f5j3093eqm015patfkh6,2_FileZero03-0-0,episode,3
bc4bfde6-de2d-478a-95b5-deb2ddc80de3,cmp78f1wi091gqm01ueskr34r,2_FileZero-0-0,series,cmp78f6sh0942qm01wtll65ia,2_FileZero04-0-0,episode,4
98b318e9-5467-4338-9468-1421b994e0a3,cmp78f1wi091gqm01ueskr34r,2_FileZero-0-0,series,cmp78f81i094qqm01wzh0gv4x,2_FileZero05-0-0,episode,5
39c7038d-ab3d-4ed3-abfb-200f8a93187c,cmp78f1wi091gqm01ueskr34r,2_FileZero-0-0,series,cmp78f9aq0958qm01yd9a2426,2_FileZero06-0-0,episode,6
beea4588-0f2f-4524-8c37-6c90c60a17be,cmp78f1wi091gqm01ueskr34r,2_FileZero-0-0,series,cmp78fak3095oqm0137xwd97o,2_FileZero07-0-0,episode,7
b2b25fee-c0e0-4840-a24b-7bce07fe3239,cmp78f1wi091gqm01ueskr34r,2_FileZero-0-0,series,cmp78fbyt096gqm01p9aiheqk,2_FileZero08-0-0,episode,8
b6c83e2d-7a65-4a03-924c-132e75cbc344,cmp78f1wi091gqm01ueskr34r,2_FileZero-0-0,series,cmp78fd830974qm01m74gf0xd,2_FileZero09-0-0,episode,9
5aa249d5-30d4-4e36-a9cf-f4a0f22f9e6f,cmp78f1wi091gqm01ueskr34r,2_FileZero-0-0,series,cmp78fehb097sqm014o3g8oyc,2_FileZero10-0-0,episode,10
be7218e2-211e-4c2c-ab96-b043134e10e9,cmp78f1wi091gqm01ueskr34r,2_FileZero-0-0,series,cmp78ffvb098iqm015wyxncro,2_FileZero11-0-0,episode,11
40f37fd1-1a59-4ff8-a693-392952064c9f,cmp78f1wi091gqm01ueskr34r,2_FileZero-0-0,series,cmp78fh4i099aqm01onwmr3wh,2_FileZero12-0-0,episode,12
496d500f-2939-4699-9aef-0e8afbf18ada,cmp78f1wi091gqm01ueskr34r,2_FileZero-0-0,series,cmp78fie4099wqm010whc9iad,2_FileZero13-0-0,episode,13
2661e4bf-ef61-4ae4-a353-9e035b49edda,cmp78f1wi091gqm01ueskr34r,2_FileZero-0-0,series,cmp78fjn809akqm01w06jcw8v,2_FileZero14-0-0,episode,14
9590a34a-07e2-4829-bf15-ec77e5685352,cmp78f1wi091gqm01ueskr34r,2_FileZero-0-0,series,cmp78fkwd09b8qm01zuj0c30q,2_FileZero15-0-0,episode,15
5eb87c64-5812-436e-9a39-d7a5a7375de1,cmp78fm5g09bwqm01zlnt2m3v,2_FourJPN,series,cmp78fmuk09c6qm01qnch5dxw,2_FourJPN0501,episode,1
bc7e761a-a70f-42a9-a2ce-1d800ef5c529,cmp78fm5g09bwqm01zlnt2m3v,2_FourJPN,series,cmp78foj509d8qm01e5fgqxho,2_FourJPN0502,episode,2
fa56706e-250b-4008-b553-24ee630605a4,cmp78fm5g09bwqm01zlnt2m3v,2_FourJPN,series,cmp78fqcg09e8qm014xo7miip,2_FourJPN0503,episode,3
6244c74e-0bf6-463b-8b3e-c1f72644a8a3,cmp78fm5g09bwqm01zlnt2m3v,2_FourJPN,series,cmp78fs5q09fcqm01b5zfvhjx,2_FourJPN0504,episode,4
fd3c71f8-0506-46af-b52e-c249a9e2775c,cmp78fm5g09bwqm01zlnt2m3v,2_FourJPN,series,cmp78ftu909gfqm01qmj8itpc,2_FourJPN0505,episode,5
4c155d3a-5141-4365-9690-e67e6442ed98,cmp78g1ug09kiqm01ftdtjxfr,2_GOJ-0-0,featureFilm,cmp78g2yp09l2qm01pqge539s,2_GOJ4901-0-0,segment,1
1a9a2265-9583-4c90-a31f-2a27b95effa5,cmp78g1ug09kiqm01ftdtjxfr,2_GOJ-0-0,featureFilm,cmp78g43309lkqm015f0u04h6,2_GOJ4902-0-0,segment,2
aedf1298-224e-40fa-91a5-c5e2dd642a7f,cmp78g1ug09kiqm01ftdtjxfr,2_GOJ-0-0,featureFilm,cmp78g57j09m0qm01305s6gqe,2_GOJ4903-0-0,segment,3
b0075f2a-dbe3-4be8-9e4c-e349fe1f4639,cmp78g1ug09kiqm01ftdtjxfr,2_GOJ-0-0,featureFilm,cmp78g6c209mgqm01vzr4yt27,2_GOJ4904-0-0,segment,4
24d61352-df7b-4bc1-bf6e-c8c4a7689660,cmp78g1ug09kiqm01ftdtjxfr,2_GOJ-0-0,featureFilm,cmp78g7g609muqm01xy3iulk0,2_GOJ4905-0-0,segment,5
3c0c4a05-d79c-439f-ab9d-f9e9080578df,cmp78g1ug09kiqm01ftdtjxfr,2_GOJ-0-0,featureFilm,cmp78g8ke09n4qm017vxz6mjz,2_GOJ4906-0-0,segment,6
77410211-2363-4c8a-be91-56a01316f1d6,cmp78g1ug09kiqm01ftdtjxfr,2_GOJ-0-0,featureFilm,cmp78g9ot09neqm01pgh7ii2i,2_GOJ4907-0-0,segment,7
4f7841ff-5ef9-40f9-b4e3-b3e858376076,cmp78g1ug09kiqm01ftdtjxfr,2_GOJ-0-0,featureFilm,cmp78gau109noqm01twevximr,2_GOJ4908-0-0,segment,8
91349fec-3ee4-4dac-a6f4-2b4474c9cd8e,cmp78g1ug09kiqm01ftdtjxfr,2_GOJ-0-0,featureFilm,cmp78gbyb09o2qm01ukmwzjmf,2_GOJ4909-0-0,segment,9
18a34066-fe16-4047-880e-7591bc020acf,cmp78g1ug09kiqm01ftdtjxfr,2_GOJ-0-0,featureFilm,cmp78gd2e09omqm01mew1nalg,2_GOJ4910-0-0,segment,10
dd63ad57-1ac6-4933-a6b7-7c8393b38d6b,cmp78g1ug09kiqm01ftdtjxfr,2_GOJ-0-0,featureFilm,cmp78ge6f09p0qm014qv9hwup,2_GOJ4911-0-0,segment,11
897c09bf-6ba8-4867-8b7c-62e40f771719,cmp78g1ug09kiqm01ftdtjxfr,2_GOJ-0-0,featureFilm,cmp78gfaq09pmqm014bvwlafz,2_GOJ4912-0-0,segment,12
83a2283e-d889-4df7-ac58-d80d10ad276e,cmp78g1ug09kiqm01ftdtjxfr,2_GOJ-0-0,featureFilm,cmp78ggey09q6qm01k0p29f6z,2_GOJ4913-0-0,segment,13
e9bd5c11-b3a2-498b-b637-1b3bdcc23014,cmp78g1ug09kiqm01ftdtjxfr,2_GOJ-0-0,featureFilm,cmp78gho309quqm01xw1ejowd,2_GOJ4914-0-0,segment,14
9d0cd70c-07a6-44d5-83fe-e703b79e6155,cmp78g1ug09kiqm01ftdtjxfr,2_GOJ-0-0,featureFilm,cmp78gis509riqm010ebw1sdl,2_GOJ4915-0-0,segment,15
da12ec2b-b036-4a38-ba1e-b6a660232cae,cmp78g1ug09kiqm01ftdtjxfr,2_GOJ-0-0,featureFilm,cmp78gjw509s0qm019sgeg0k4,2_GOJ4916-0-0,segment,16
527a26a4-cc0f-4444-a224-7aa1c65650bf,cmp78g1ug09kiqm01ftdtjxfr,2_GOJ-0-0,featureFilm,cmp78gl0g09siqm01mfumoada,2_GOJ4917-0-0,segment,17
77c5fc88-38ec-4c35-a0bc-6a142440d02a,cmp78g1ug09kiqm01ftdtjxfr,2_GOJ-0-0,featureFilm,cmp78gm4h09t2qm017owm1e34,2_GOJ4918-0-0,segment,18
67050076-7bf1-44b5-bcc6-c8d8dbc36cc0,cmp78g1ug09kiqm01ftdtjxfr,2_GOJ-0-0,featureFilm,cmp78gn8j09tmqm01mz7qdps3,2_GOJ4919-0-0,segment,19
1c20f947-2fb8-4243-96c2-75b8d432edde,cmp78g1ug09kiqm01ftdtjxfr,2_GOJ-0-0,featureFilm,cmp78gocn09u4qm01e43h5rjj,2_GOJ4920-0-0,segment,20
236159b9-c4b1-4b81-8fcf-c2fabc8a2f37,cmp78g1ug09kiqm01ftdtjxfr,2_GOJ-0-0,featureFilm,cmp78gph109uqqm01ojdur145,2_GOJ4921-0-0,segment,21
371a3cc8-b2a3-4a03-949d-0dfa649b3a67,cmp78g1ug09kiqm01ftdtjxfr,2_GOJ-0-0,featureFilm,cmp78gqq509vbqm01sqym2j8c,2_GOJ4922-0-0,segment,22
1bb3e66c-4d2c-4994-8c72-11778a6d2af4,cmp78g1ug09kiqm01ftdtjxfr,2_GOJ-0-0,featureFilm,cmp78grz809vyqm010eq9fqhm,2_GOJ4923-0-0,segment,23
4fb57be9-3aab-4bd9-bac9-75ad369aa1b5,cmp78g1ug09kiqm01ftdtjxfr,2_GOJ-0-0,featureFilm,cmp78gv2j09x8qm0155wcychx,2_GOJ4924-0-0,segment,24
04980ff5-4647-4474-80ba-5c305daab6fb,cmp78g1ug09kiqm01ftdtjxfr,2_GOJ-0-0,featureFilm,cmp78gwbl09xwqm014ml90qm5,2_GOJ4925-0-0,segment,25
91ef1a08-4b46-4d0d-91d4-5d45c1fc192a,cmp78g1ug09kiqm01ftdtjxfr,2_GOJ-0-0,featureFilm,cmp78gxfr09ykqm01fikwub8j,2_GOJ4926-0-0,segment,26
c8631285-36f1-443c-a2ab-9c31d164bdd0,cmp78g1ug09kiqm01ftdtjxfr,2_GOJ-0-0,featureFilm,cmp78gyk309z6qm01zururd5n,2_GOJ4927-0-0,segment,27
18ec0d2f-fa4b-4040-a0dd-2926b29b87f4,cmp78g1ug09kiqm01ftdtjxfr,2_GOJ-0-0,featureFilm,cmp78gztf09zuqm01rm1yr6rh,2_GOJ4928-0-0,segment,28
cf1b5a2c-6a41-4cfb-838b-1b24a0d3ebbd,cmp78g1ug09kiqm01ftdtjxfr,2_GOJ-0-0,featureFilm,cmp78h0xh0a0eqm01x4rwhdju,2_GOJ4929-0-0,segment,29
104940e0-025c-4446-9fa2-e99f2835ef86,cmp78g1ug09kiqm01ftdtjxfr,2_GOJ-0-0,featureFilm,cmp78h2gq0a18qm01v6o717eh,2_GOJ4930-0-0,segment,30
954c02c0-b0b0-45dc-a070-170fd1d8ef4c,cmp78g1ug09kiqm01ftdtjxfr,2_GOJ-0-0,featureFilm,cmp78h3ux0a21qm0130jkzsif,2_GOJ4931-0-0,segment,31
2a79226d-6454-45fa-a4e0-ed347b8ead7f,cmp78g1ug09kiqm01ftdtjxfr,2_GOJ-0-0,featureFilm,cmp78h5400a2sqm01xwk6xn42,2_GOJ4932-0-0,segment,32
2e2285fd-2fd3-4e70-b496-fbe7e48be666,cmp78g1ug09kiqm01ftdtjxfr,2_GOJ-0-0,featureFilm,cmp78h6d80a3iqm01n0wtdar2,2_GOJ4933-0-0,segment,33
7ddb09e7-a4f7-45a6-8a5f-c9f8019665d3,cmp78g1ug09kiqm01ftdtjxfr,2_GOJ-0-0,featureFilm,cmp78h7mb0a46qm0179gsvf7l,2_GOJ4934-0-0,segment,34
0c1aaa3c-6a66-4808-b0ea-2ac9acaa2ddb,cmp78g1ug09kiqm01ftdtjxfr,2_GOJ-0-0,featureFilm,cmp78h8vk0a4wqm01d6wrkmxg,2_GOJ4935-0-0,segment,35
c0cfc52e-6c45-4a76-85d6-15ea6a4da96e,cmp78g1ug09kiqm01ftdtjxfr,2_GOJ-0-0,featureFilm,cmp78ha540a5kqm01a0bmthb1,2_GOJ4936-0-0,segment,36
43d2ba3e-6c35-4053-b016-8c4486385c91,cmp78g1ug09kiqm01ftdtjxfr,2_GOJ-0-0,featureFilm,cmp78hbjh0a68qm01zkn0uxyh,2_GOJ4937-0-0,segment,37
1f304ba9-0d77-40f1-b506-d83353d3c160,cmp78g1ug09kiqm01ftdtjxfr,2_GOJ-0-0,featureFilm,cmp78hcsq0a6kqm01zwl0hhjp,2_GOJ4938-0-0,segment,38
3c6cde78-962e-4671-a6fa-90359dca2337,cmp78g1ug09kiqm01ftdtjxfr,2_GOJ-0-0,featureFilm,cmp78he1u0a6wqm01338uhg3k,2_GOJ4939-0-0,segment,39
35116e9b-d1ef-4e35-9082-ff5f90de2371,cmp78g1ug09kiqm01ftdtjxfr,2_GOJ-0-0,featureFilm,cmp78hfg70a7qqm01u65pmtgn,2_GOJ4940-0-0,segment,40
cd11ecd6-7863-4ce7-99a3-6ff4817d6c2f,cmp78g1ug09kiqm01ftdtjxfr,2_GOJ-0-0,featureFilm,cmp78hgpo0a8gqm01x6304z26,2_GOJ4941-0-0,segment,41
21988fdc-7887-4f3a-ae10-66f60854c80f,cmp78g1ug09kiqm01ftdtjxfr,2_GOJ-0-0,featureFilm,cmp78hhtq0a92qm01i1gtrihu,2_GOJ4942-0-0,segment,42
131a2488-449d-45fe-b5fa-5f81f4587649,cmp78g1ug09kiqm01ftdtjxfr,2_GOJ-0-0,featureFilm,cmp78hj2u0a9qqm01gs5ek7rv,2_GOJ4943-0-0,segment,43
94172697-edb4-4392-9abd-a60c22685a42,cmp78g1ug09kiqm01ftdtjxfr,2_GOJ-0-0,featureFilm,cmp78hkbw0aaeqm01t8t7ml86,2_GOJ4944-0-0,segment,44
ffb5e9fd-5027-4bd5-86e3-1f3018e3daa1,cmp78g1ug09kiqm01ftdtjxfr,2_GOJ-0-0,featureFilm,cmp78hlg90aayqm017z7hz9jn,2_GOJ4945-0-0,segment,45
75711b3c-4bbe-4581-89c0-861ff9c9518f,cmp78g1ug09kiqm01ftdtjxfr,2_GOJ-0-0,featureFilm,cmp78hn4k0abwqm01fw70nxqm,2_GOJ4946-0-0,segment,46
cd868da0-64de-41e3-bb69-77acb629d854,cmp78g1ug09kiqm01ftdtjxfr,2_GOJ-0-0,featureFilm,cmp78honq0acsqm011m51blda,2_GOJ4947-0-0,segment,47
8d922f97-c213-4137-919a-9ffa0af22d17,cmp78g1ug09kiqm01ftdtjxfr,2_GOJ-0-0,featureFilm,cmp78hpx50adgqm01tifgqzvl,2_GOJ4948-0-0,segment,48
3f2a3bc1-d7dc-4b13-83f5-2a53363ed1af,cmp78g1ug09kiqm01ftdtjxfr,2_GOJ-0-0,featureFilm,cmp78hsn50aekqm0188b8a5d6,2_GOJ4949-0-0,segment,49
4b8db73c-f500-4419-8434-d1dbcd34beaa,cmokmm61a0o7hqsccyuntzaum,Anticipate,collection,cmp78h5400a2sqm01xwk6xn42,2_GOJ4932-0-0,segment,2
444f60cb-4c23-4beb-a233-0d76b3f95ad8,cmokmm61a0o7hqsccyuntzaum,Anticipate,collection,cmp78h6d80a3iqm01n0wtdar2,2_GOJ4933-0-0,segment,3
601676eb-484c-4120-a520-843c18cf2521,cmokmm61a0o7hqsccyuntzaum,Anticipate,collection,cmp78h8vk0a4wqm01d6wrkmxg,2_GOJ4935-0-0,segment,4
7cd4ac1c-1145-42e4-906b-ddcec63f2da3,cmokmm61a0o7hqsccyuntzaum,Anticipate,collection,cmp78hgpo0a8gqm01x6304z26,2_GOJ4941-0-0,segment,5
dd30783a-aa22-4baa-ad84-d2e63f9d7cb5,cmokmm61a0o7hqsccyuntzaum,Anticipate,collection,cmp78hhtq0a92qm01i1gtrihu,2_GOJ4942-0-0,segment,6
2660fe9e-23d6-4237-b696-830dbb4348a5,cmokmm61a0o7hqsccyuntzaum,Anticipate,collection,cmp78hj2u0a9qqm01gs5ek7rv,2_GOJ4943-0-0,segment,7
d7061563-26fc-401d-823d-59456baf7351,cmokmm61a0o7hqsccyuntzaum,Anticipate,collection,cmp78hkbw0aaeqm01t8t7ml86,2_GOJ4944-0-0,segment,8
c0272448-a9ac-44a7-ba4f-1cf6900f5893,cmokmm61a0o7hqsccyuntzaum,Anticipate,collection,cmp78hlg90aayqm017z7hz9jn,2_GOJ4945-0-0,segment,9
b4541c6a-8382-4cd6-8d15-0ce45b01ad5a,cmokmm61a0o7hqsccyuntzaum,Anticipate,collection,cmp78hn4k0abwqm01fw70nxqm,2_GOJ4946-0-0,segment,10
01b3f39a-6f68-4795-b673-74874e8efdf4,cmokmm61a0o7hqsccyuntzaum,Anticipate,collection,cmp78honq0acsqm011m51blda,2_GOJ4947-0-0,segment,11
6077afab-ea26-4869-bb26-663a371d8040,cmokmm61a0o7hqsccyuntzaum,Anticipate,collection,cmp78hpx50adgqm01tifgqzvl,2_GOJ4948-0-0,segment,12
8d12bcfc-54fe-4250-bf1c-70a3a8778355,cmokmm61a0o7hqsccyuntzaum,Anticipate,collection,cmp781ggw0274qm01ypc4v694,1_jf6143-0-0,segment,13
f76d8eb0-6a8c-44d1-abca-032367b789a9,cmokmm61a0o7hqsccyuntzaum,Anticipate,collection,cmp781hpx027sqm011cbbc0mj,1_jf6144-0-0,segment,14
bea4b6d4-2b5a-4b8b-b61d-c8fb82614cca,cmokmm61a0o7hqsccyuntzaum,Anticipate,collection,cmp781ki5029cqm019dva2vgr,1_jf6146-0-0,segment,15
fb221270-7d2f-4c68-b5f4-e7138db9fb51,cmokmm61a0o7hqsccyuntzaum,Anticipate,collection,cmp781lr302a4qm01zn7s6fp4,1_jf6147-0-0,segment,16
36f47c0e-9e16-463a-a77f-53ef9913ad89,cmokmm61a0o7hqsccyuntzaum,Anticipate,collection,cmp781n0702asqm01imez2jbl,1_jf6148-0-0,segment,17
5ce2f6f9-ca68-496a-9ff8-924ec20ce819,cmokmm61a0o7hqsccyuntzaum,Anticipate,collection,cmp781o9502bkqm0142n8lmu0,1_jf6149-0-0,segment,18
d28b474f-1782-4652-9258-3544b2babddb,cmokmm61a0o7hqsccyuntzaum,Anticipate,collection,cmp781rkx02d0qm01g6gba41l,1_jf6150-0-0,segment,19
491af5c3-bde0-4219-b339-0d5b29fc103d,cmokmm61a0o7hqsccyuntzaum,Anticipate,collection,cmp781sp002dkqm01afgkh1cz,1_jf6151-0-0,segment,20
b0116923-f97b-43dc-af55-a0e4072931ea,cmokmm61a0o7hqsccyuntzaum,Anticipate,collection,cmp781vbz02f2qm01vhgb6zyx,1_jf6153-0-0,segment,21
3a533da4-4229-4089-a473-3b5ba45a4741,cmokmm61a0o7hqsccyuntzaum,Anticipate,collection,cmp781wg402fmqm01o6yursx9,1_jf6154-0-0,segment,22
ce893006-b535-423a-b3f1-a47d6aaaab96,cmokmm61a0o7hqsccyuntzaum,Anticipate,collection,cmp7826fv02lgqm01tb58itb3,1_mld-0-0,shortFilm,23
594c0609-14ec-442d-8694-78d890b1525d,cmokmm61a0o7hqsccyuntzaum,Anticipate,collection,cmp781xp402gaqm01ht1ni5bc,1_jf6155-0-0,segment,24
d4403465-92c3-4b83-b608-be8e02627527,cmokmm61a0o7hqsccyuntzaum,Anticipate,collection,cmp781z2y02h6qm01hf4rce96,1_jf6156-0-0,segment,25
326f5468-4b81-43bf-8bae-3a4480934cef,cmokmm61a0o7hqsccyuntzaum,Anticipate,collection,cmp7820bw02hyqm01ohu7uywa,1_jf6157-0-0,segment,26
df0e75da-39da-48ae-96b3-9a7d2f0c93d5,cmokmm61a0o7hqsccyuntzaum,Anticipate,collection,cmp7821ky02imqm01xfw7tsb0,1_jf6158-0-0,segment,27
50624151-166b-4e4e-b52d-135989265658,cmokmm61a0o7hqsccyuntzaum,Anticipate,collection,cmp7822u102jaqm01j4xg16xt,1_jf6159-0-0,segment,28
f9175f8e-9f03-4b36-865c-8d8c3e8f46a4,cmokmm61a0o7hqsccyuntzaum,Anticipate,collection,cmp78256t02kmqm01iuotw495,1_jf6161-0-0,segment,29
5074050e-48f4-47e8-ba97-bee26adf6122,cmokmmas60o7qqscc4z2ptbr7,BibleProject,collection,cmp76jjpv008eny01nws3xymj,11_Advent,series,1
8f1ba22a-b986-4c01-9258-df899ec91bb2,cmokmmas60o7qqscc4z2ptbr7,BibleProject,collection,cmp76lwkt00mony018yps99x6,11_Sermon,series,2
76c0d131-1289-48cd-b475-8a41deeff4d1,cmokmmas60o7qqscc4z2ptbr7,BibleProject,collection,cmp76o1d600tmny01285fi9j1,11_Shema,series,3
ab1f40c1-0a69-48fc-8373-76e814d1c204,cmokmmas60o7qqscc4z2ptbr7,BibleProject,collection,cmp76kf1f009wny01o6tspwyj,11_ReadBible,series,4
f0ff05a4-ef32-48b0-b116-69f23fdb3bba,cmokmmas60o7qqscc4z2ptbr7,BibleProject,collection,cmp76otan00w4ny01iqm6umfg,11_SpiritualBeings,series,5
d70d338d-b335-4cd7-a00d-a78f7ec505eb,cmokmmcmf0o7yqsccvffcd2mx,Christmas2018,collection,cmp78qkfc0ek6qm01afdlqhk7,7_0-ncs,series,1
fe17c7eb-ac6b-4243-8e15-b13d7be96e22,cmokmmcmf0o7yqsccvffcd2mx,Christmas2018,collection,cmp76jjpv008eny01nws3xymj,11_Advent,series,2
510dce85-8855-4733-a36a-286ee5d59d38,cmokmmcmf0o7yqsccvffcd2mx,Christmas2018,collection,cmp78614o04iuqm015kru03qe,2_0-ConsideringChristmas,shortFilm,3
bbc3eb94-318c-4038-9ea9-fbb8f660391e,cmokmmcmf0o7yqsccvffcd2mx,Christmas2018,collection,cmp78ozn00dwwqm01sup8j6s8,6_GOLuke2601,segment,4
17a87580-f2ce-42cc-b7bb-119e5beadac1,cmokmmcmf0o7yqsccvffcd2mx,Christmas2018,collection,cmp78p0c50dxaqm01ik7x2nld,6_GOLuke2602,segment,5
f60a306a-65f2-4d66-8109-ebba3e8ef3f6,cmokmmcmf0o7yqsccvffcd2mx,Christmas2018,collection,cmp78ptbr0e90qm017exd74l9,6_GOMatt2501,segment,6
71875bd6-8d64-43af-9dc9-0121ca792826,cmokmmcmf0o7yqsccvffcd2mx,Christmas2018,collection,cmp789diz065mqm010i8uk8ue,2_0-TimeForChange,shortFilm,7
5b2d52e6-e389-446f-8e72-6ccdba682a01,cmokmmcmf0o7yqsccvffcd2mx,Christmas2018,collection,cmp788cuv05nkqm01buvtedt8,2_0-Noelevator,shortFilm,8
b44351d9-7e21-4f3f-87a5-b74923af05ce,cmokmmcmf0o7yqsccvffcd2mx,Christmas2018,collection,cmp7893kk0618qm01u1awbujf,2_0-SupremeChristmas,shortFilm,9
fe32d03c-d80b-4466-9d34-786aa109a8a1,cmokmmcmf0o7yqsccvffcd2mx,Christmas2018,collection,cmp7892be060kqm0179va2q7s,2_0-Stunned,shortFilm,10
56a8ecf5-4c51-4f99-afe0-d01ae0246edf,cmokmmcmf0o7yqsccvffcd2mx,Christmas2018,collection,cmpkq7l3t000lqs01668yd66q,17_MakeWay,shortFilm,11
385d2441-8e76-4c21-927f-7335db763da2,cmokmmf5m0o86qscc4bftakhx,CS1,collection,cmp7826fv02lgqm01tb58itb3,1_mld-0-0,shortFilm,1
9c71378b-8eda-44b8-9769-e94d7244d453,cmokmmf5m0o86qscc4bftakhx,CS1,collection,cmp788a2505m6qm016vbgw620,2_0-MostlyTea,shortFilm,2
275e12cf-7cd6-4b74-ac5d-4e4b64ebdaa6,cmokmmf5m0o86qscc4bftakhx,CS1,collection,cmp786vcy04xiqm0111d7irqt,2_0-HarshVibe,shortFilm,3
f1982c16-f622-4337-a38b-084a9249963b,cmokmmf5m0o86qscc4bftakhx,CS1,collection,cmp788tss05vwqm019nio098n,2_0-RealityVR,shortFilm,4
e3244d55-2388-4ed1-b7ad-8e0e537ec2f6,cmokmmf5m0o86qscc4bftakhx,CS1,collection,cmp78ufi50gccqm0143hacxaw,9_0-TheProdigal,shortFilm,5
ffbc2911-be54-438a-8dbf-df25127def20,cmokmmf5m0o86qscc4bftakhx,CS1,collection,cmp785h7y0486qm01jamlmpdt,2_0-AltroMare,shortFilm,6
81c20a06-6bff-4c1b-8e7c-982135a9a50a,cmokmmf5m0o86qscc4bftakhx,CS1,collection,cmp785l9904agqm01k68fy47b,2_0-Blue,shortFilm,7
94e88b92-f068-4c48-a636-397bc7faaceb,cmokmmf5m0o86qscc4bftakhx,CS1,collection,cmokmq10f0ohvqsccjckax4si,Rescue,collection,8
b5fd15ef-c936-416e-b07f-2f2dae08c689,cmokmmf5m0o86qscc4bftakhx,CS1,collection,cmokmm2500o6zqsccbc2n3fgy,AFathersLove,collection,9
d3f25731-0fea-498a-aded-aa6851cde050,cmokmmf5m0o86qscc4bftakhx,CS1,collection,cmp789gbw0670qm01s8a5xfuf,2_0-TruePurposeLife,collection,10
e752dd5b-7c44-4e9a-9653-5fc60c7038fe,cmokmmf5m0o86qscc4bftakhx,CS1,collection,cmp78eanq08o6qm01iokn7mwo,2_BrokenAndHealed,collection,11
57f1ac99-0903-427b-99e6-e78ebf981844,cmokmmf5m0o86qscc4bftakhx,CS1,collection,cmp7855xq042gqm01frn2ryhu,2_0-1113,shortFilm,12
2a76a1c6-3894-48ad-83b0-e315fffb5631,cmokmmf5m0o86qscc4bftakhx,CS1,collection,cmp78j4xc0b44qm01ejb8ufxg,2_WhoIsMessiah,shortFilm,13
0b29f714-6487-40fa-964a-cd7f18772322,cmokmmf5m0o86qscc4bftakhx,CS1,collection,cmp785igu048wqm01j6qem2mj,2_0-AndreasStory,shortFilm,14
d0070fb4-0067-4c8b-9feb-e1965108a35a,cmokmmf5m0o86qscc4bftakhx,CS1,collection,cmp7862du04jkqm018je4rco9,2_0-Conversation,shortFilm,15
425b5b05-4120-4ddb-9a50-dc7b095ff736,cmokmmf5m0o86qscc4bftakhx,CS1,collection,cmp788yjl05yiqm01odwcbs9u,2_0-Solitude,shortFilm,16
c97c0d90-3ff1-4dbc-a8e6-f6147478da69,cmokmmf5m0o86qscc4bftakhx,CS1,collection,cmokmpvke0oggqscc6if3cd22,Perfect,collection,17
600e2f38-64f6-40de-bdff-c609033b5caf,cmokmmf5m0o86qscc4bftakhx,CS1,collection,cmp785ftr047kqm01sacq5y38,2_0-ADream,shortFilm,18
cf9849df-e54d-41e5-9aee-d5e9415d59b0,cmokmmf5m0o86qscc4bftakhx,CS1,collection,cmp78a0mq06ggqm01d99151af,2_0-Yol,shortFilm,19
4ea95971-d795-42ab-be12-aa8fe703a16a,cmokmmf5m0o86qscc4bftakhx,CS1,collection,cmp78719m050gqm01nsvzk219,2_0-IsBibleReliable,shortFilm,20
0405a65d-39d5-4a54-bb50-da8ec36cc457,cmokmmf5m0o86qscc4bftakhx,CS1,collection,cmp786n8504ucqm01530pj2mg,2_0-Happiness,shortFilm,21
27aedc03-449b-4bae-ba0b-19b0be62e06f,cmokmmf5m0o86qscc4bftakhx,CS1,collection,cmp7888sr05luqm01vwiswiy0,2_0-Medley,shortFilm,22
9c9c6c5c-6969-42f9-ab2a-aceb9543533c,cmokmmf5m0o86qscc4bftakhx,CS1,collection,cmokmpysx0ohcqsccm3d7jssu,PicketFence,shortFilm,23
725d2a00-b4cc-4971-bb0d-52d80ef125d8,cmokmmf5m0o86qscc4bftakhx,CS1,collection,cmp788r9r05uoqm0147zkptbk,2_0-Puzzler,shortFilm,24
fd9abeeb-7f13-4390-b2ea-905fd6dcf6ae,cmokmmf5m0o86qscc4bftakhx,CS1,collection,cmp786wma04y4qm01gib6v123,2_0-InfiniteAbyss,shortFilm,25
42ba443c-bce9-413e-9c15-dea16b189288,cmokmmf5m0o86qscc4bftakhx,CS1,collection,cmp789snh06c8qm01iwir3mbf,2_0-Vigilant,shortFilm,26
d02701ae-57bc-4c16-82bf-634b5c76c0d8,cmokmmf5m0o86qscc4bftakhx,CS1,collection,cmp785t5p04e8qm01vvkkkbi2,2_0-Breathe,shortFilm,27
934209a8-950c-443f-a366-daf5a549519a,cmokmmf5m0o86qscc4bftakhx,CS1,collection,cmp785mn704b8qm01s7dub0ju,2_0-BMe,shortFilm,28
19d5b86f-e0ca-43a2-824f-364117ec0b2d,cmokmmf5m0o86qscc4bftakhx,CS1,collection,cmp789jtq068wqm0158qirk9v,2_0-Uninvited,shortFilm,29
80b9f042-d9bc-418a-8eba-71102db6a357,cmokmmf5m0o86qscc4bftakhx,CS1,collection,cmp7866ad04lmqm018bil4dk6,2_0-Delight,shortFilm,30
f2debe85-e603-4274-a1cf-66e4701f92fe,cmokmmf5m0o86qscc4bftakhx,CS1,collection,cmp788o2k05tiqm01sij6gw00,2_0-Portions,shortFilm,31
c1e507c8-2807-4810-a78f-5c18957ccb7d,cmokmmf5m0o86qscc4bftakhx,CS1,collection,cmp7883wo05jcqm01eqmqoa6l,2_0-Legion,shortFilm,32
d34cbfdd-a376-4492-bc34-04fbbb3e8e37,cmokmmf5m0o86qscc4bftakhx,CS1,collection,cmp789h0y0678qm01s6jc6rr9,2_0-Tumlukden,shortFilm,33
395f3f0f-e831-4f3e-8cc3-e5eef216dd2c,cmokmmf5m0o86qscc4bftakhx,CS1,collection,cmp7896cw062oqm01iugdce5g,2_0-Theophilus,shortFilm,34
95f9c51c-7cc1-4179-9726-330ca05fc66c,cmokmmf5m0o86qscc4bftakhx,CS1,collection,cmp7887o305lcqm01wdp7wda2,2_0-Marea,shortFilm,35
d34db7c4-aed4-460e-9bdb-88ed1a1cedcd,cmokmmf5m0o86qscc4bftakhx,CS1,collection,cmp7878p9054cqm01ggtlttht,2_0-La_Busqueda_The_Search,shortFilm,36
e73036c0-911c-4329-9866-0d1403249fd0,cmokmmf5m0o86qscc4bftakhx,CS1,collection,cmp788gxh05pmqm013930lb1j,2_0-PaperHats,shortFilm,37
5968c166-7eea-45fd-9621-801e95466850,cmokmmf5m0o86qscc4bftakhx,CS1,collection,cmp7879yl0550qm01y63o273j,2_0-La-Liberte,shortFilm,38
00771a34-a132-49df-8888-8ddb4558d62c,cmokmmf5m0o86qscc4bftakhx,CS1,collection,cmp785utx04f8qm01ai2wvown,2_0-Brothers,shortFilm,39
09e64bf0-cb9a-4302-9b86-ac5af8ae987f,cmokmmf5m0o86qscc4bftakhx,CS1,collection,cmp78656a04l2qm01fkdb1vn5,2_0-Ctrl-Z,shortFilm,40
72fbe85d-db49-485c-80be-1eb70534156a,cmokmmf5m0o86qscc4bftakhx,CS1,collection,cmp7873nt051oqm01doj0s5lc,2_0-Jatku-Leiba,shortFilm,41
7801eacd-b7ae-44ae-b023-5c8c40ab1e58,cmokmmf5m0o86qscc4bftakhx,CS1,collection,cmp788ir005qoqm01m9933yj2,2_0-Pennyhouse,shortFilm,42
9de99df2-3a43-4d60-ab4d-fd9df0e42bf0,cmokmmf5m0o86qscc4bftakhx,CS1,collection,cmp785w3c04g0qm01p9xovcu9,2_0-Cabernet,shortFilm,43
f7221334-89f6-4f5f-a37e-ebb9c36083d9,cmokmmf5m0o86qscc4bftakhx,CS1,collection,cmp786a7s04nwqm01j3t9ozag,2_0-Doll-Face,shortFilm,44
4c0d073f-484b-46a9-a473-a6eaa96d13f7,cmokmmf5m0o86qscc4bftakhx,CS1,collection,cmp786bgz04omqm01cc3en8rp,2_0-Dont-Hold-Your-Breath,shortFilm,45
0a4b4cd5-6bd3-4a4c-8bcc-9b11aa55b096,cmokmmf5m0o86qscc4bftakhx,CS1,collection,cmp786cla04oyqm01rmxhllxy,2_0-Dying-Roads,shortFilm,46
7ba52eaf-796b-4cdd-8980-ceec2b4dcf2e,cmokmmf5m0o86qscc4bftakhx,CS1,collection,cmp786i1l04riqm01199y4ii0,2_0-Fracture,shortFilm,47
3f492f28-656b-4bff-8cee-d3384e06a658,cmokmmf5m0o86qscc4bftakhx,CS1,collection,cmp786gs404quqm01ktejdjfn,2_0-Flow,shortFilm,48
f871189c-d2b5-4082-be3e-e80d084aa8bf,cmokmmf5m0o86qscc4bftakhx,CS1,collection,cmp786loj04tiqm01w4s7qod6,2_0-Good,shortFilm,49
27e2f0ed-d8bb-49f7-a87b-0a982bba3028,cmokmmf5m0o86qscc4bftakhx,CS1,collection,cmp7872j30514qm0135d9z5cp,2_0-Jangled,shortFilm,50
ef7de976-5d3f-492d-83ee-dd32f4a13d52,cmokmmf5m0o86qscc4bftakhx,CS1,collection,cmp7877kr053sqm01ou6gg7qf,2_0-Just-An-Outside-Shot,shortFilm,51
9b0d2c0f-ba84-45b9-9a6b-f1263fe6d236,cmokmmf5m0o86qscc4bftakhx,CS1,collection,cmp786y6004yuqm018hfja0z1,2_0-In-Time,shortFilm,52
9199f4d1-c132-45ab-9148-a12e6d36e42e,cmokmmf5m0o86qscc4bftakhx,CS1,collection,cmp786zks04zkqm01ohvdlsef,2_0-Invisible,shortFilm,53
5402631b-c31b-45be-9147-335b6ddfcc54,cmokmmf5m0o86qscc4bftakhx,CS1,collection,cmp7886k105ksqm01eggwj430,2_0-LivingWord,shortFilm,54
0c737bb5-aae4-420d-b020-db0d1dd3aad9,cmokmmf5m0o86qscc4bftakhx,CS1,collection,cmp788bbh05mqqm01cfntz6ui,2_0-Nightwatch,shortFilm,55
e313e6e2-02d3-42df-a16f-50e09e93276e,cmokmmf5m0o86qscc4bftakhx,CS1,collection,cmp788e4705o6qm01yea1lqsb,2_0-Not-Evelyn-Cho,shortFilm,56
c9380d43-1e6c-4080-947b-2416502369cf,cmokmmf5m0o86qscc4bftakhx,CS1,collection,cmp7894tn061wqm017nxit2kl,2_0-Tarek,shortFilm,57
fc854777-ccaa-4981-9888-4e840eb67e00,cmokmmf5m0o86qscc4bftakhx,CS1,collection,cmp785cc3045kqm01134w0f1t,2_0-4Laws,shortFilm,58
6559fe8f-9139-4f26-8d34-dedc29d28f7b,cmokmmf5m0o86qscc4bftakhx,CS1,collection,cmp785rwh04dkqm018jd59kgi,2_0-Braverman-Account,shortFilm,59
4074ed6a-fda3-427e-a35f-0e76013d1740,cmokmmf5m0o86qscc4bftakhx,CS1,collection,cmp788sje05v8qm011o32emtj,2_0-Rain,shortFilm,60
a2e5d181-c384-42b2-87df-f4d52c71cf1e,cmokmmf5m0o86qscc4bftakhx,CS1,collection,cmp788v1x05wkqm01yddpyg8l,2_0-Rent-Check,shortFilm,61
3b5024af-3861-4705-8e00-38d51f9debb8,cmokmmf5m0o86qscc4bftakhx,CS1,collection,cmp7885au05k4qm01aex6a2sd,2_0-Leland-Sturgis,shortFilm,62
6d426db3-be21-4b64-928f-e882ca1280a1,cmokmmf5m0o86qscc4bftakhx,CS1,collection,cmp789esb0666qm0179xc88i7,2_0-To-Be-Like-You,shortFilm,63
dda94b80-9e13-4b04-b5f5-5cffc7e74191,cmokmmf5m0o86qscc4bftakhx,CS1,collection,cmp789ucc06d6qm01hkwh66g5,2_0-Vinyl,shortFilm,64
eb3ba731-81c9-4951-8be8-d124a130858f,cmokmmf5m0o86qscc4bftakhx,CS1,collection,cmp789w0p06e4qm01je988de3,2_0-Waiting-Alchemist,shortFilm,65
1ac30a4d-9923-408c-82f8-b941de441978,cmokmmf5m0o86qscc4bftakhx,CS1,collection,cmp789rdz06bkqm01b4l9sich,2_0-Venia,shortFilm,66
4dcd5479-04dd-45f7-af4a-c6180e9fcf2e,cmokmmovf0o8gqsccgq92uthc,DT1,collection,cmp76jdpf007uny01tk9bykiv,1_0-TrainV_1Install,shortFilm,1
50dd395f-9590-47a0-8ad0-e1b08bab5cf2,cmokmmovf0o8gqsccgq92uthc,DT1,collection,cmp76jenw007yny019461r86j,1_0-TrainV_2Find,shortFilm,2
1176cbcf-ca3a-4e23-8a01-e5529df6d1ad,cmokmmovf0o8gqsccgq92uthc,DT1,collection,cmp76jfmc0082ny01pdt7g5mr,1_0-TrainV_3Share,shortFilm,3
9d5bbb76-4ae0-442b-a79d-7a0f29913197,cmokmmovf0o8gqsccgq92uthc,DT1,collection,cmp76jgku0086ny012n2ce2av,1_0-TrainV_4Download,shortFilm,4
017783e8-4c2b-41e3-ae34-af20e30c5d86,cmokmmovf0o8gqsccgq92uthc,DT1,collection,cmp76jira008any01uqaknplu,1_0-TrainV_5Ministry,shortFilm,5
74d9e1b5-0801-49f7-8dee-7cad7faae25e,cmokmmqw20o8oqscc0agy3yqg,DWJ1,collection,cmp78m8930coaqm013fws3dmb,3_DWJPrayer-0-0,series,1
d4413d78-b883-4374-991a-fb4f7d275901,cmokmmqw20o8oqscc0agy3yqg,DWJ1,collection,cmp78l9f40c70qm019wag24z0,3_0-7DWJ-Grace-0-0,series,2
3af4367e-3206-4507-b645-49ba5a2c7f3c,cmokmmqw20o8oqscc0agy3yqg,DWJ1,collection,cmp78lwd50chwqm01cds7243e,3_0-8DWJ-WIJ,series,3
6678f0da-1770-424b-a635-1bd7c2edfddd,cmokmmqw20o8oqscc0agy3yqg,DWJ1,collection,cmp78la490c7aqm01d739kdej,3_0-7DWJ-WWJ,series,4
57d14db4-d999-434a-b669-277af25931f4,cmokmmqw20o8oqscc0agy3yqg,DWJ1,collection,cmp78kzsl0c22qm014dy63z10,3_0-6DWJ-MAP,series,5
3c55a2cb-7c60-4bc3-91a6-b2a629555664,cmokmmqw20o8oqscc0agy3yqg,DWJ1,collection,cmp78jclv0b8oqm0101iq0wo7,3_0-40DWJ,series,6
f473507a-d3c4-439a-88d3-45a6c9c77dcb,cmokmmsww0o8wqsccuqbtbs0v,EASTER1,collection,cmp786dzm04pcqm01d0ygjzag,2_0-EasterExplained,shortFilm,1
63315413-0604-46d0-840e-60d69dc002ba,cmokmmsww0o8wqsccuqbtbs0v,EASTER1,collection,cmp7826fv02lgqm01tb58itb3,1_mld-0-0,shortFilm,2
6d4cdef3-fbd0-43d4-b4ab-7cde7e55b617,cmokmmsww0o8wqsccuqbtbs0v,EASTER1,collection,cmp78ecr308osqm01ni0jvmpz,2_ChosenWitness,shortFilm,3
07c4c74b-188e-4637-b287-d1d8967d71fc,cmokmmsww0o8wqsccuqbtbs0v,EASTER1,collection,cmp7868sx04n4qm01fyxt4iaz,2_0-DidJesusHaveToDie,shortFilm,4
e7536f30-ee5c-4f17-954f-19bacdead8f0,cmokmmsww0o8wqsccuqbtbs0v,EASTER1,collection,cmp7874x0052cqm01n2ozu09e,2_0-JesusBackFromDead,shortFilm,5
3cf53a47-ce93-4ffc-8a07-bab4483f3369,cmokmmsww0o8wqsccuqbtbs0v,EASTER1,collection,cmp78qy8u0eriqm01wmdnc319,7_0-nfs03,series,6
395b505d-5985-4d19-bc0d-cbbc8cc9133a,cmokmmsww0o8wqsccuqbtbs0v,EASTER1,collection,cmp78qddz0ehmqm01gqlznrz9,7_0-Easter,series,7
9e94950a-4fe8-4e42-92f9-291f911f40e8,cmokmmsww0o8wqsccuqbtbs0v,EASTER1,collection,cmp7897mc0630qm01iou47ewd,2_0-The_Story,shortFilm,8
fe154908-dc0c-4d40-9d9b-0f26eee5db57,cmokmmsww0o8wqsccuqbtbs0v,EASTER1,collection,cmpkq7iia0001qs01ylugrna5,17_GoodFridayLive,shortFilm,9
f09420f3-c027-4b21-b069-84d8f2074f6a,cmokmmsww0o8wqsccuqbtbs0v,EASTER1,collection,cmpkq7l3t000lqs01668yd66q,17_MakeWay,shortFilm,10
f2034919-87de-47d9-a7ac-d5d1784c864e,cmokmmsww0o8wqsccuqbtbs0v,EASTER1,collection,cmp781ggw0274qm01ypc4v694,1_jf6143-0-0,segment,11
df4312a7-9779-4260-a596-2f4775cf5724,cmokmmsww0o8wqsccuqbtbs0v,EASTER1,collection,cmp781hpx027sqm011cbbc0mj,1_jf6144-0-0,segment,12
d94bd99c-0baf-4dd6-b01c-f392608019a1,cmokmmsww0o8wqsccuqbtbs0v,EASTER1,collection,cmp781j43028iqm0137cy8gsj,1_jf6145-0-0,segment,13
ed29e5a3-b283-4bc7-ab35-629d7a27c3b8,cmokmmsww0o8wqsccuqbtbs0v,EASTER1,collection,cmp781ki5029cqm019dva2vgr,1_jf6146-0-0,segment,14
f2a18d7d-4612-4e1f-8782-433fc7e159eb,cmokmmsww0o8wqsccuqbtbs0v,EASTER1,collection,cmp781lr302a4qm01zn7s6fp4,1_jf6147-0-0,segment,15
e6b103ac-c7d3-4fab-9cec-46f9c07c5661,cmokmmsww0o8wqsccuqbtbs0v,EASTER1,collection,cmp781n0702asqm01imez2jbl,1_jf6148-0-0,segment,16
94d3964e-ba42-42b9-a5b3-c6dfc9a93707,cmokmmsww0o8wqsccuqbtbs0v,EASTER1,collection,cmp781o9502bkqm0142n8lmu0,1_jf6149-0-0,segment,17
786a718f-1a05-40a8-a329-fa2b61f36f1b,cmokmmsww0o8wqsccuqbtbs0v,EASTER1,collection,cmp781rkx02d0qm01g6gba41l,1_jf6150-0-0,segment,18
312e5552-6ac1-4b3b-848b-a31c603a07c3,cmokmmsww0o8wqsccuqbtbs0v,EASTER1,collection,cmp781sp002dkqm01afgkh1cz,1_jf6151-0-0,segment,19
d6f6f33c-9cfd-45ba-9c48-6011070f1ded,cmokmmsww0o8wqsccuqbtbs0v,EASTER1,collection,cmp781u3402ecqm01b23l3zg0,1_jf6152-0-0,segment,20
7b843f94-3329-45ce-9b0f-2022a47ff6a4,cmokmmsww0o8wqsccuqbtbs0v,EASTER1,collection,cmp781vbz02f2qm01vhgb6zyx,1_jf6153-0-0,segment,21
d5616a74-9a4f-484e-9fe4-a2a2222684af,cmokmmsww0o8wqsccuqbtbs0v,EASTER1,collection,cmp781wg402fmqm01o6yursx9,1_jf6154-0-0,segment,22
d827125e-dc60-479b-a80b-276f610df628,cmokmmsww0o8wqsccuqbtbs0v,EASTER1,collection,cmp781xp402gaqm01ht1ni5bc,1_jf6155-0-0,segment,23
3deeb8bd-2e0f-443d-b993-3cd6df13d112,cmokmmsww0o8wqsccuqbtbs0v,EASTER1,collection,cmp781z2y02h6qm01hf4rce96,1_jf6156-0-0,segment,24
867bca59-e44f-41b0-a04b-db79ee5eeaef,cmokmmsww0o8wqsccuqbtbs0v,EASTER1,collection,cmp7820bw02hyqm01ohu7uywa,1_jf6157-0-0,segment,25
5cc40e6a-999a-4c4f-b759-1e8d9f70355b,cmokmmsww0o8wqsccuqbtbs0v,EASTER1,collection,cmp7821ky02imqm01xfw7tsb0,1_jf6158-0-0,segment,26
25dc464a-737d-4243-83de-070bb00929b2,cmokmmsww0o8wqsccuqbtbs0v,EASTER1,collection,cmp7822u102jaqm01j4xg16xt,1_jf6159-0-0,segment,27
2405966e-7a71-4213-9877-ddb44530a792,cmokmmsww0o8wqsccuqbtbs0v,EASTER1,collection,cmp78242v02jyqm01qhg4rmq7,1_jf6160-0-0,segment,28
12874275-1ff8-492a-8e18-b9e7f4361bbd,cmokmmsww0o8wqsccuqbtbs0v,EASTER1,collection,cmp78256t02kmqm01iuotw495,1_jf6161-0-0,segment,29
43961f88-111a-4ded-8ca4-f649ccbd9707,cmokmmxjp0o95qscc49jfz0gp,global_soccer_event_collection,collection,cmp78i8ai0an4qm01p7kvsxzt,2_PrayingHandsCTA,shortFilm,1
204b25dc-b544-4a75-b4c4-c935689dd37c,cmokmmxjp0o95qscc49jfz0gp,global_soccer_event_collection,collection,cmp789zdi06fwqm01zp26njvp,2_0-WhereYouBelong,shortFilm,2
721525e1-7c62-4bcb-9a77-75295c36fa8c,cmokmmxjp0o95qscc49jfz0gp,global_soccer_event_collection,collection,cmp78ig930aqyqm01zp8unv6y,2_TalkJesus,shortFilm,3
15984ec2-060d-4416-b794-f405680e108c,cmokmmxjp0o95qscc49jfz0gp,global_soccer_event_collection,collection,cmp78d8bs085kqm0122lpmjgd,2_AfterWin,shortFilm,4
d99d3549-ac92-4b8c-b3bb-f66af6c16576,cmokmmxjp0o95qscc49jfz0gp,global_soccer_event_collection,collection,cmp78i0gd0aiyqm01qn0mb9e6,2_NotEnoughCTA,shortFilm,5
0968df64-c934-460a-a9d4-af179e69b60c,cmokmmxjp0o95qscc49jfz0gp,global_soccer_event_collection,collection,cmp78hy2z0ahoqm01j97u77vi,2_JoyGoneCTA,shortFilm,6
6f505f28-1d06-4c3f-9625-4e0c7fe302f0,cmokmmxjp0o95qscc49jfz0gp,global_soccer_event_collection,collection,cmp78is7j0ax0qm01ywggpheu,2_UltimateCoach,shortFilm,7
4d9569b8-e05c-4203-bf46-f05fdbfa4726,cmokmmxjp0o95qscc49jfz0gp,global_soccer_event_collection,collection,cmp78dbt0087kqm01svz8xsu5,2_AskedQuestions,shortFilm,8
219b5253-4c0d-47ef-a697-99da4e0a7391,cmokmmxjp0o95qscc49jfz0gp,global_soccer_event_collection,collection,cmp78nckt0d80qm01c2a0649m,4_AIAWC-ThePrize_Falcao-0-0,segment,9
c26144f5-c80c-4174-8108-19958526c4f5,cmokmmxjp0o95qscc49jfz0gp,global_soccer_event_collection,collection,cmp78neeg0d8eqm01qwqjoyaq,4_AIAWC-ThePrize_RVR-0-0,segment,10
d09b6427-79f6-4e3b-b595-15ed2041d282,cmokmmxjp0o95qscc49jfz0gp,global_soccer_event_collection,collection,cmp78ndpc0d8aqm0161s1pdon,4_AIAWC-ThePrize_RTF-0-0,segment,11
e9f2fa03-4e63-48f0-aee7-10508214271a,cmokmmxjp0o95qscc49jfz0gp,global_soccer_event_collection,collection,cmp7877kr053sqm01ou6gg7qf,2_0-Just-An-Outside-Shot,shortFilm,12
fd106a5c-7aa3-47a5-a273-b37bdb55c7f1,cmokmmxjp0o95qscc49jfz0gp,global_soccer_event_collection,collection,cmrundqt300ecn101ev67rk4d,2_WCDJonesTestimony,shortFilm,13
1de0153e-36fb-4bc7-bd7b-4e3bd5aefd38,cmokmmxjp0o95qscc49jfz0gp,global_soccer_event_collection,collection,cmrundqv600fwn1019t7oeqr6,2_WCMMcKenzieTestimony,shortFilm,14
8c3aff59-69f9-4f71-a50d-d9547796c27a,cmokmmxjp0o95qscc49jfz0gp,global_soccer_event_collection,collection,cmrundqwx00hgn1017c7lk7r5,2_WCTBunburyTestimony,shortFilm,15
97d5d29e-f58d-4c74-87ed-e64654e54b6f,cmokmn0eq0o9dqscc1g2ul28r,GOJohnCollection,collection,cmp78oine0dqeqm012lxhbpzw,6_GOJohn2201,segment,1
4d7a62fd-efa3-4017-b83d-40ca46a80ec4,cmokmn0eq0o9dqscc1g2ul28r,GOJohnCollection,collection,cmp78ojck0dqmqm01tnf3btce,6_GOJohn2202,segment,2
508ddb63-b6c7-4801-bf0a-a3da81ba87a9,cmokmn0eq0o9dqscc1g2ul28r,GOJohnCollection,collection,cmp78ok1r0dqsqm01h7gpikwy,6_GOJohn2203,segment,3
06052a0f-faba-4cc0-8448-836425ba9167,cmokmn0eq0o9dqscc1g2ul28r,GOJohnCollection,collection,cmp78okqy0dr4qm01mtas7afl,6_GOJohn2204,segment,4
1f2d75a9-fb4b-4367-b69c-ac0c8be32cb3,cmokmn0eq0o9dqscc1g2ul28r,GOJohnCollection,collection,cmp78olg50drgqm016e39b3ou,6_GOJohn2205,segment,5
b198dc30-4d84-40a6-be7f-93f32faa7ecb,cmokmn0eq0o9dqscc1g2ul28r,GOJohnCollection,collection,cmp78om5b0droqm01lno0l5mr,6_GOJohn2206,segment,6
b44a5471-6f82-4811-be1c-9b3b2b93f44d,cmokmn0eq0o9dqscc1g2ul28r,GOJohnCollection,collection,cmp78omuc0drwqm011dwq8veh,6_GOJohn2207,segment,7
ed2948f5-9091-4ddd-ab40-7cb603af45ec,cmokmn0eq0o9dqscc1g2ul28r,GOJohnCollection,collection,cmp78onjv0ds8qm01rsdjtk6j,6_GOJohn2208,segment,8
1338194c-2109-4c3b-994c-eb8d4a538fec,cmokmn0eq0o9dqscc1g2ul28r,GOJohnCollection,collection,cmp78oo960dsiqm01dyfwoh30,6_GOJohn2209,segment,9
b767f99c-d9cc-40d8-827d-7afdf8d65919,cmokmn0eq0o9dqscc1g2ul28r,GOJohnCollection,collection,cmp78ooyd0dsuqm01zp70q5nd,6_GOJohn2210,segment,10
630e3d45-a6dd-445e-aee8-2eb27e0e9bc4,cmokmn0eq0o9dqscc1g2ul28r,GOJohnCollection,collection,cmp78opnk0dt2qm01f7h50wlr,6_GOJohn2211,segment,11
6c4b64a1-ab51-4193-af77-f922c65d887a,cmokmn0eq0o9dqscc1g2ul28r,GOJohnCollection,collection,cmp78oqd10dtaqm012vk1isnv,6_GOJohn2212,segment,12
4b8126cf-941b-4b63-ac61-fe897a763178,cmokmn0eq0o9dqscc1g2ul28r,GOJohnCollection,collection,cmp78or290dtoqm013h52p5ce,6_GOJohn2213,segment,13
f276a3fc-a930-4f69-b87c-c8224b1e16a0,cmokmn0eq0o9dqscc1g2ul28r,GOJohnCollection,collection,cmp78orrc0dtwqm01x6kesv91,6_GOJohn2214,segment,14
0168a1ae-7496-4e19-b8b4-41e22682d925,cmokmn0eq0o9dqscc1g2ul28r,GOJohnCollection,collection,cmp78osgj0du8qm010eqj1wa7,6_GOJohn2215,segment,15
b2d78b8a-a63b-4c02-8837-4e2631c7157b,cmokmn0eq0o9dqscc1g2ul28r,GOJohnCollection,collection,cmp78ot5j0duiqm0187dcz7nr,6_GOJohn2216,segment,16
2d40519a-408c-4a91-b71b-07e26550ad87,cmokmn0eq0o9dqscc1g2ul28r,GOJohnCollection,collection,cmp78otuk0dusqm01eid14v4b,6_GOJohn2217,segment,17
13a691b1-fa3a-4431-aff3-56cc7df55930,cmokmn0eq0o9dqscc1g2ul28r,GOJohnCollection,collection,cmp78ouju0dv0qm012ymqe7od,6_GOJohn2218,segment,18
02b06550-3bdb-4171-9850-c82d7848be77,cmokmn0eq0o9dqscc1g2ul28r,GOJohnCollection,collection,cmp78owu80dvqqm01wfk6gacf,6_GOJohn2219,segment,19
27b006c5-312f-4807-bb0c-13f168187aa6,cmokmn0eq0o9dqscc1g2ul28r,GOJohnCollection,collection,cmp78oxjd0dw2qm01omzu6pb1,6_GOJohn2220,segment,20
40e4cad4-ec27-43b4-84dc-e260e0477588,cmokmn0eq0o9dqscc1g2ul28r,GOJohnCollection,collection,cmp78oy8k0dwcqm01cyvxd3g5,6_GOJohn2221,segment,21
65bdc989-a458-4f6e-82e2-67649c2d98f9,cmokmn0eq0o9dqscc1g2ul28r,GOJohnCollection,collection,cmp78oyxq0dwoqm01ljicqbq0,6_GOJohn2222,segment,22
14d2c03d-4ea6-47f0-b2ef-c11a08970677,cmokmn48h0o9lqsccp37gsysy,GOLukeCollection,collection,cmp78ozn00dwwqm01sup8j6s8,6_GOLuke2601,segment,1
3bfa2196-91c2-462f-9e2f-ea8abfff9eb2,cmokmn48h0o9lqsccp37gsysy,GOLukeCollection,collection,cmp78p0c50dxaqm01ik7x2nld,6_GOLuke2602,segment,2
9500279b-9962-4062-8f3b-0a9197fb114b,cmokmn48h0o9lqsccp37gsysy,GOLukeCollection,collection,cmp78p1190dxmqm013bc90sb3,6_GOLuke2603,segment,3
52c4e02c-aba0-4d07-b8c6-4efc805d7444,cmokmn48h0o9lqsccp37gsysy,GOLukeCollection,collection,cmp78p1qd0dxwqm01d0rkqyg4,6_GOLuke2604,segment,4
6c581684-cb9a-4269-bd38-dde13e654e71,cmokmn48h0o9lqsccp37gsysy,GOLukeCollection,collection,cmp78p2fl0dy6qm01pn69l7f4,6_GOLuke2605,segment,5
2e7c700b-3291-4a42-b2ec-259c07d6fa21,cmokmn48h0o9lqsccp37gsysy,GOLukeCollection,collection,cmp78p34u0dyiqm017v5i1d54,6_GOLuke2606,segment,6
67acea29-ce8e-4e22-b4e7-3a970a2bcaa1,cmokmn48h0o9lqsccp37gsysy,GOLukeCollection,collection,cmp78p3u80dyuqm01kj6kkrc0,6_GOLuke2607,segment,7
163c2ed9-5ffa-4598-8811-3eb099dbb07d,cmokmn48h0o9lqsccp37gsysy,GOLukeCollection,collection,cmp78p4jj0dz4qm01wsk0sawt,6_GOLuke2608,segment,8
91087c7e-25d6-4074-b044-3abf68c9ed7a,cmokmn48h0o9lqsccp37gsysy,GOLukeCollection,collection,cmp78p58n0dzgqm018cqywhkl,6_GOLuke2609,segment,9
55233b34-020f-40a3-919d-bc4685b461b6,cmokmn48h0o9lqsccp37gsysy,GOLukeCollection,collection,cmp78p5xq0dzqqm014jkamsds,6_GOLuke2610,segment,10
63da154a-b375-493f-85ff-19d234ed6ad1,cmokmn48h0o9lqsccp37gsysy,GOLukeCollection,collection,cmp78p6mu0dzyqm01gkhlah7v,6_GOLuke2611,segment,11
78dc7bc3-aca9-4363-84fb-7382cc092a59,cmokmn48h0o9lqsccp37gsysy,GOLukeCollection,collection,cmp78p7bz0e0cqm01xmt8wt7m,6_GOLuke2612,segment,12
c7710f79-d6c2-4801-96d6-4f03977f6f80,cmokmn48h0o9lqsccp37gsysy,GOLukeCollection,collection,cmp78p8110e0oqm01jwhaljp8,6_GOLuke2613,segment,13
0916e5e8-326e-41c7-9070-4611728dfbcf,cmokmn48h0o9lqsccp37gsysy,GOLukeCollection,collection,cmp78p8qa0e0yqm01wexozbw9,6_GOLuke2614,segment,14
9dcb9f0d-e8d4-4b9e-a719-c78c2a88424f,cmokmn48h0o9lqsccp37gsysy,GOLukeCollection,collection,cmp78p9fa0e1aqm01dzyl2lof,6_GOLuke2615,segment,15
1bc61bc3-23d6-4864-b9c8-0767d30a8cdb,cmokmn48h0o9lqsccp37gsysy,GOLukeCollection,collection,cmp78pa4b0e1kqm01jg4bwvpf,6_GOLuke2616,segment,16
b18b6b94-b97c-4607-bea7-7249ed4a6a5e,cmokmn48h0o9lqsccp37gsysy,GOLukeCollection,collection,cmp78patk0e1wqm01tck73d3z,6_GOLuke2617,segment,17
5ea91ba1-9bdc-429e-91fb-6e2d3ea9f053,cmokmn48h0o9lqsccp37gsysy,GOLukeCollection,collection,cmp78pbiq0e20qm0108klwi9w,6_GOLuke2618,segment,18
dbccf42c-18d3-49e4-ba86-b9293ef528b3,cmokmn48h0o9lqsccp37gsysy,GOLukeCollection,collection,cmp78pc7v0e24qm01z1t3wvcn,6_GOLuke2619,segment,19
e395c0e0-f8f2-4097-a8e7-50212be838ae,cmokmn48h0o9lqsccp37gsysy,GOLukeCollection,collection,cmp78pcww0e28qm01jj66u2mt,6_GOLuke2620,segment,20
b7522513-3639-4f5b-b3b6-63cbe1f3e3ec,cmokmn48h0o9lqsccp37gsysy,GOLukeCollection,collection,cmp78pdm20e2cqm0135mytz9w,6_GOLuke2621,segment,21
e07b26d4-c404-4277-bda2-6a1ae31ccb2c,cmokmn48h0o9lqsccp37gsysy,GOLukeCollection,collection,cmp78pfdy0e2uqm018uypd0gt,6_GOLuke2622,segment,22
dd74d7ab-3f31-4b12-b06e-e43ff77e9942,cmokmn48h0o9lqsccp37gsysy,GOLukeCollection,collection,cmp78pg2y0e36qm01fxj69ee8,6_GOLuke2623,segment,23
c1c1414c-ea93-42d5-b322-3b6f7ad39cfc,cmokmn48h0o9lqsccp37gsysy,GOLukeCollection,collection,cmp78pgry0e3gqm017e2mcxvq,6_GOLuke2624,segment,24
eb45c270-374e-4c04-a283-6added7d29a2,cmokmn48h0o9lqsccp37gsysy,GOLukeCollection,collection,cmp78phh30e3sqm01feqeqcp6,6_GOLuke2625,segment,25
24e1acf8-baea-4174-a037-d757c1608378,cmokmn48h0o9lqsccp37gsysy,GOLukeCollection,collection,cmp78pi620e44qm014oe8ghxc,6_GOLuke2626,segment,26
aa030b62-939a-45aa-97e8-69419f8581bb,cmokmn8kx0o9tqsccq58ggufr,GOMarkCollection,collection,cmp78piv60e4gqm01w07amr6n,6_GOMark1501,segment,1
8ee65364-45e9-49ab-9a16-c702cf9ecccb,cmokmn8kx0o9tqsccq58ggufr,GOMarkCollection,collection,cmp78pjk90e4oqm01mtoknwes,6_GOMark1502,segment,2
9da35e46-c777-493b-b6f5-c627da0a51f9,cmokmn8kx0o9tqsccq58ggufr,GOMarkCollection,collection,cmp78pk9d0e50qm01o2sv8ilo,6_GOMark1503,segment,3
c046678b-e091-4ce8-b84f-2326353054f1,cmokmn8kx0o9tqsccq58ggufr,GOMarkCollection,collection,cmp78pkyd0e58qm017cijis9p,6_GOMark1504,segment,4
806022b9-2f45-477d-b16d-01d0d845e0eb,cmokmn8kx0o9tqsccq58ggufr,GOMarkCollection,collection,cmp78plnd0e5iqm01kzh0lr63,6_GOMark1505,segment,5
f644049b-9686-4881-a870-d34512152ffd,cmokmn8kx0o9tqsccq58ggufr,GOMarkCollection,collection,cmp78pmcg0e5uqm01vmz3e4g3,6_GOMark1506,segment,6
82799571-7370-4b11-bf72-1b1f56d7468e,cmokmn8kx0o9tqsccq58ggufr,GOMarkCollection,collection,cmp78pn1i0e64qm01nnnlhnxp,6_GOMark1507,segment,7
4d1dd5dd-2934-48f9-a0ed-040e1dabdcb1,cmokmn8kx0o9tqsccq58ggufr,GOMarkCollection,collection,cmp78pnqp0e6gqm01ia5uf1af,6_GOMark1508,segment,8
8d09c840-22ea-48ac-87db-bfbaee8157cd,cmokmn8kx0o9tqsccq58ggufr,GOMarkCollection,collection,cmp78pofr0e6uqm01oy81r1oq,6_GOMark1509,segment,9
fe57d65a-9faa-42b1-b579-3058e8735693,cmokmn8kx0o9tqsccq58ggufr,GOMarkCollection,collection,cmp78pp4v0e72qm013z3cede6,6_GOMark1510,segment,10
03d6decc-af5c-4993-a1fd-b316b1966457,cmokmn8kx0o9tqsccq58ggufr,GOMarkCollection,collection,cmp78ppu00e7gqm01u7lua8wx,6_GOMark1511,segment,11
4a81b32a-0415-4b69-b8b4-3af6a7e3a8a7,cmokmn8kx0o9tqsccq58ggufr,GOMarkCollection,collection,cmp78pqj20e7sqm01hlwfgvyo,6_GOMark1512,segment,12
506f84bf-3d10-41c4-b26c-26c1cbaf8d83,cmokmn8kx0o9tqsccq58ggufr,GOMarkCollection,collection,cmp78pr8b0e82qm01mk5w1ah3,6_GOMark1513,segment,13
42092bee-0236-4cf3-af4d-1a7432815d22,cmokmn8kx0o9tqsccq58ggufr,GOMarkCollection,collection,cmp78prxc0e8aqm01pqns9493,6_GOMark1514,segment,14
ad08b91b-f852-4aaf-baf1-57fc5be21290,cmokmn8kx0o9tqsccq58ggufr,GOMarkCollection,collection,cmp78psmf0e8mqm0160jb2590,6_GOMark1515,segment,15
52e8175c-76ab-4e7a-9a10-422279620749,cmokmnbls0oa1qscc5a0k9p1d,GOMattCollection,collection,cmp78ptbr0e90qm017exd74l9,6_GOMatt2501,segment,1
befb8885-45be-4f5b-9bfb-8fd7d5727a6d,cmokmnbls0oa1qscc5a0k9p1d,GOMattCollection,collection,cmp78pu140e9eqm0165n7pos3,6_GOMatt2502,segment,2
778669d6-cd4a-4ca1-98bb-9e2541b31d02,cmokmnbls0oa1qscc5a0k9p1d,GOMattCollection,collection,cmp78puq60e9sqm01nclqfyan,6_GOMatt2503,segment,3
846b7e6d-3736-4b28-af10-324455c575c3,cmokmnbls0oa1qscc5a0k9p1d,GOMattCollection,collection,cmp78pvfi0ea6qm01sly9efp0,6_GOMatt2504,segment,4
7753cc6e-c3d2-441a-a164-f60eca466862,cmokmnbls0oa1qscc5a0k9p1d,GOMattCollection,collection,cmp78pw4r0eakqm01cjd2ybps,6_GOMatt2505,segment,5
98bcaae0-a48f-4af3-9383-180decbb8732,cmokmnbls0oa1qscc5a0k9p1d,GOMattCollection,collection,cmp78py4e0eb8qm01d6g98vwe,6_GOMatt2506,segment,6
755898c3-28ab-45c8-ae22-c30ab4e60305,cmokmnbls0oa1qscc5a0k9p1d,GOMattCollection,collection,cmp78pytm0ebiqm01p0dmoogu,6_GOMatt2507,segment,7
bb11627c-5ff7-43dd-910c-8b9353daa99f,cmokmnbls0oa1qscc5a0k9p1d,GOMattCollection,collection,cmp78pzir0ebqqm01pojnwlb5,6_GOMatt2508,segment,8
65f2ed88-a563-47eb-b319-a9dcb1cb82d9,cmokmnbls0oa1qscc5a0k9p1d,GOMattCollection,collection,cmp78q0810ebyqm018ncypvxl,6_GOMatt2509,segment,9
fd363632-6da0-4ac6-899d-9fa9df9d4b7e,cmokmnbls0oa1qscc5a0k9p1d,GOMattCollection,collection,cmp78q0x90eccqm01y3pj1vd7,6_GOMatt2510,segment,10
c15e9dc5-a01d-45f7-92b6-a93650954ca3,cmokmnbls0oa1qscc5a0k9p1d,GOMattCollection,collection,cmp78q1mp0eckqm01egj54k5u,6_GOMatt2511,segment,11
f76d120d-8ccd-4d0c-8558-ae6b9f20bb72,cmokmnbls0oa1qscc5a0k9p1d,GOMattCollection,collection,cmp78q2bu0ecyqm01kd0ns9y5,6_GOMatt2512,segment,12
2e613fb3-d024-4c80-a0b6-8070cedbc80b,cmokmnbls0oa1qscc5a0k9p1d,GOMattCollection,collection,cmp78q30w0ed6qm0164p504cz,6_GOMatt2513,segment,13
9b934461-b13f-440b-905b-673f4f9cff27,cmokmnbls0oa1qscc5a0k9p1d,GOMattCollection,collection,cmp78q3pz0ediqm010sq77k4w,6_GOMatt2514,segment,14
49f34936-6b53-4fb4-8974-b7d24ff0fa27,cmokmnbls0oa1qscc5a0k9p1d,GOMattCollection,collection,cmp78q4ff0edsqm01o0hw3m6c,6_GOMatt2515,segment,15
d0b212ce-6bcb-4f93-ae96-8cf3ff9d9153,cmokmnbls0oa1qscc5a0k9p1d,GOMattCollection,collection,cmp78q54h0ee4qm01l9xgoqyv,6_GOMatt2516,segment,16
ca917141-eed9-45c2-8238-04da02e76904,cmokmnbls0oa1qscc5a0k9p1d,GOMattCollection,collection,cmp78q5tx0eeeqm01ivhoqkdq,6_GOMatt2517,segment,17
22d62a35-2c17-4de6-937b-95cabb25acfc,cmokmnbls0oa1qscc5a0k9p1d,GOMattCollection,collection,cmp78q6iz0eeqqm01ai5d39rh,6_GOMatt2518,segment,18
c83416a4-1c3f-42f9-b290-473809416640,cmokmnbls0oa1qscc5a0k9p1d,GOMattCollection,collection,cmp78q7850ef0qm01x4i37wir,6_GOMatt2519,segment,19
9f7ecaf5-fa8b-44ea-904b-3bd385f04d61,cmokmnbls0oa1qscc5a0k9p1d,GOMattCollection,collection,cmp78q7x80efaqm01leex4msl,6_GOMatt2520,segment,20
4da8afb1-30b9-41be-9d7b-5a6b012845d9,cmokmnbls0oa1qscc5a0k9p1d,GOMattCollection,collection,cmp78q8mr0efmqm014v63al5r,6_GOMatt2521,segment,21
ac96df1b-b462-4ecf-bf61-8bd2f258fd1b,cmokmnbls0oa1qscc5a0k9p1d,GOMattCollection,collection,cmp78q9by0efuqm0121vh671k,6_GOMatt2522,segment,22
358d37d6-d3d7-4601-b927-c72feb4e8d90,cmokmnbls0oa1qscc5a0k9p1d,GOMattCollection,collection,cmp78qa100eg8qm0175zbblxc,6_GOMatt2523,segment,23
3b8c94da-065e-4640-8c17-a944ab6eca42,cmokmnbls0oa1qscc5a0k9p1d,GOMattCollection,collection,cmp78qaq20eggqm01m93tmkpv,6_GOMatt2524,segment,24
b84b872f-344c-4616-97d7-17422eef0547,cmokmnbls0oa1qscc5a0k9p1d,GOMattCollection,collection,cmp78qbfc0egsqm0105gc7n5x,6_GOMatt2525,segment,25
e92ff454-8dc8-4627-a0f3-5c2f9c68f613,cmokmnfs70oa9qscczou4qk4w,GoodStory,collection,cmp78eeah08pmqm01s9a372zg,2_CSF,featureFilm,1
91eb933c-fc78-4585-9f9a-dc79fbff5670,cmokmnfs70oa9qscczou4qk4w,GoodStory,collection,cmp78eg3q08qkqm01fhzryzah,2_CSF0201,segment,2
6e34e35d-0d86-42fa-a930-fe64068ea182,cmokmnfs70oa9qscczou4qk4w,GoodStory,collection,cmp78ehcw08r8qm01vfxt6wwz,2_CSF0202,segment,3
bdfa788b-0354-4dff-8795-06d7733f15e5,cmokmnhhg0oahqsccz6i1ghnq,HalloweenCollection,collection,cmp78iezz0aqkqm01h5iq076e,2_SweetTooth,shortFilm,1
7da67b5c-3035-432d-b126-9983b578b61f,cmokmnhhg0oahqsccz6i1ghnq,HalloweenCollection,collection,cmp78ic2c0ap6qm017szchtv1,2_StoryBehindSweetTooth,shortFilm,2
5731dfe2-46b9-4ef7-aed6-515b195824a8,cmokmnhhg0oahqsccz6i1ghnq,HalloweenCollection,collection,cmp78hw4s0agoqm019g3jpd2k,2_JessicaStory,shortFilm,3
9a83b487-a39d-4f27-8da2-0c0764a4d533,cmokmnj3p0oapqscc3mmb9h0r,HopeCollection,collection,cmp78a25z06haqm01azdtnnqu,2_0-YoureNotHopeless,shortFilm,1
a4a2afa7-2f74-4657-a118-26cb37b4f2e5,cmokmnj3p0oapqscc3mmb9h0r,HopeCollection,collection,cmp78ilz60au6qm01t37q5fbf,2_ThereIsHopeAsia,shortFilm,2
ada81c6f-4cd3-4ee1-82ed-7b53cc1bd9a9,cmokmnj3p0oapqscc3mmb9h0r,HopeCollection,collection,cmp78indc0auyqm011kgcwmy8,2_ThereIsHopeMena,shortFilm,3
b753ecc5-5209-4b07-b812-96026852ae64,cmokmnj3p0oapqscc3mmb9h0r,HopeCollection,collection,cmp78iqtc0aweqm017h9gw9h4,2_ThereisHopeSports,shortFilm,4
3d2f7692-4fbf-41b9-bdc6-6001e4ef53b8,cmokmnj3p0oapqscc3mmb9h0r,HopeCollection,collection,cmp7886k105ksqm01eggwj430,2_0-LivingWord,shortFilm,5
6edd0cdc-4908-44e8-8a54-3a98802b9931,cmokmnj3p0oapqscc3mmb9h0r,HopeCollection,collection,cmp76s12x01mkny01ql91u74w,16_Hope,series,6
478d1de4-9486-4d05-a3ac-52b03d1074ab,cmokmnj3p0oapqscc3mmb9h0r,HopeCollection,collection,cmokmpvke0oggqscc6if3cd22,Perfect,collection,7
9b0016b8-fb2a-4204-9b99-3bd094b28563,cmokmnj3p0oapqscc3mmb9h0r,HopeCollection,collection,cmp78rinn0f0aqm01x1vm4l31,7_0-nfs0602,episode,8
b1b1fa1e-52c0-40bd-9dbf-c3b3b9cc282a,cmokmnj3p0oapqscc3mmb9h0r,HopeCollection,collection,cmp78a0mq06ggqm01d99151af,2_0-Yol,shortFilm,9
47e8dcff-ed45-4153-82fc-e4de9c1b11c4,cmokmnj3p0oapqscc3mmb9h0r,HopeCollection,collection,cmp785l9904agqm01k68fy47b,2_0-Blue,shortFilm,10
51b41394-8fc5-4af2-9ee9-ef0aa698353b,cmokmnliu0oaxqsccg4opus95,IsItWorthIt,collection,cmp78nfss0d8sqm01khtn9fpm,4_Injury,series,1
681d6274-f2c2-4916-ab40-55417e8b72c6,cmokmnliu0oaxqsccg4opus95,IsItWorthIt,collection,cmp78o5vj0dkwqm01f8jr74nj,4_Win,series,2
17c048ee-d781-428f-b3ea-bbbdec1d1b9e,cmokmnliu0oaxqsccg4opus95,IsItWorthIt,collection,cmp78nr6b0ddkqm01wwdu3ed8,4_Loss,series,3
55f01dac-d93a-4bec-91d4-e77f0e8883a2,cmokmnliu0oaxqsccg4opus95,IsItWorthIt,collection,cmp78nf3o0d8kqm01vf8bq3pb,4_DealingWithSelfDoubt,series,4
5543c3ce-3f59-4f65-99a3-ed9430226ecd,cmokmnliu0oaxqsccg4opus95,IsItWorthIt,collection,cmp785nwf04c0qm01h8l6tgao,2_0-BornToPlay,shortFilm,5
875f1625-1d22-4fbc-b920-df94c76fc472,cmokmnliu0oaxqsccg4opus95,IsItWorthIt,collection,cmp78o0ee0di2qm01sgvnqzuc,4_PrayerForOlympics,shortFilm,6
faa58622-992a-4c9e-a3bc-88d9bf69a682,cmokmnnkw0ob7qscc3ogitxpi,JF-Language-Stack,collection,cmokmnliu0oaxqsccg4opus95,IsItWorthIt,collection,1
427c7284-9b47-4305-94a4-deb7772aba1c,cmokmnnkw0ob7qscc3ogitxpi,JF-Language-Stack,collection,cmp789xf206euqm010koenefm,2_0-WhatisChristianity,shortFilm,2
69bb3439-6520-47ee-b9d4-0e13153c81a0,cmokmnnkw0ob7qscc3ogitxpi,JF-Language-Stack,collection,cmp76xcw602imny01vnsbwwy9,1_jf-0-0,featureFilm,3
504495b5-99d8-40fc-9461-6d8d01f16245,cmokmnnkw0ob7qscc3ogitxpi,JF-Language-Stack,collection,cmp78ecr308osqm01ni0jvmpz,2_ChosenWitness,shortFilm,4
ea0b79d6-c249-42c0-9619-cf54886c17d5,cmokmnnkw0ob7qscc3ogitxpi,JF-Language-Stack,collection,cmp78g1ug09kiqm01ftdtjxfr,2_GOJ-0-0,featureFilm,5
705cdefe-566b-46e1-a852-9e742941114f,cmokmnnkw0ob7qscc3ogitxpi,JF-Language-Stack,collection,cmp789yod06fiqm016jakf0n8,2_0-WhatIsHome,collection,6
c15fb257-bbfa-452e-b8a1-3579af7121c1,cmokmnnkw0ob7qscc3ogitxpi,JF-Language-Stack,collection,cmokmq2yr0oi4qsccitr54nts,Wonder,collection,7
e234f639-43f7-4688-9342-586a4bec05b3,cmokmnnkw0ob7qscc3ogitxpi,JF-Language-Stack,collection,cmp78elf608teqm015izariv4,2_ElCamWaySJEN,series,8
eeb33fa7-ad9a-40aa-8a43-41e9347ded8c,cmokmnnkw0ob7qscc3ogitxpi,JF-Language-Stack,collection,cmp782rw502vaqm013oqeih1y,1_wjv-0-0,series,9
ad3b4b79-504f-4931-8559-95c6e2503648,cmokmnnkw0ob7qscc3ogitxpi,JF-Language-Stack,collection,cmp7826fv02lgqm01tb58itb3,1_mld-0-0,shortFilm,10
dd38142c-c14f-4e87-9687-bd4ecd277a96,cmokmnnkw0ob7qscc3ogitxpi,JF-Language-Stack,collection,cmp784v1o03wmqm01oaw18rsz,1_wl7-0-0,series,11
0d32310c-1542-4ac6-969b-4cefe5838b59,cmokmnnkw0ob7qscc3ogitxpi,JF-Language-Stack,collection,cmokmpsx10og5qsccxzhk2m9q,Nua,collection,12
a0056d50-f296-4221-988e-cf671a68bd5b,cmokmnnkw0ob7qscc3ogitxpi,JF-Language-Stack,collection,cmp76iqkp006any014rbs7zdq,10_DarkroomFaith,series,13
6a22f374-2abd-45c9-b7ad-6bdbde0e54c6,cmokmnnkw0ob7qscc3ogitxpi,JF-Language-Stack,collection,cmp78rwxd0f7iqm01njx5upyd,7_0-nur,series,14
a75e7387-7cd7-4a6b-addb-c7c8394c153f,cmokmnnkw0ob7qscc3ogitxpi,JF-Language-Stack,collection,cmp76tnht01zgny01ueqzgv5x,1_cl-0-0,featureFilm,15
c6b7ce13-76ec-4eb8-b296-be8f6bec2964,cmokmnnkw0ob7qscc3ogitxpi,JF-Language-Stack,collection,cmp78f1wi091gqm01ueskr34r,2_FileZero-0-0,series,16
c290dd97-a387-466f-bf72-a680c3beb959,cmokmnnkw0ob7qscc3ogitxpi,JF-Language-Stack,collection,cmp78sui00fncqm01nj865mnz,7_Origins,collection,17
b7029f17-19e5-4d12-a6ad-8d05153f278f,cmokmnnkw0ob7qscc3ogitxpi,JF-Language-Stack,collection,cmokmpjtw0ofhqsccozenpulr,LUMOCollection,collection,18
3d6f963b-7292-4273-81ec-eeb58cbe9a3d,cmokmnnkw0ob7qscc3ogitxpi,JF-Language-Stack,collection,cmp786fiu04q4qm01r20nw7iv,2_0-FallingPlates,shortFilm,19
70c7f597-1c56-442c-9ee0-4cccd3f833a5,cmokmnnkw0ob7qscc3ogitxpi,JF-Language-Stack,collection,cmp76wzwj02f2ny01lwx9znca,1_fj-0-0,series,20
f989823e-e5f3-417e-829a-6c6e7c1b2086,cmokmnnkw0ob7qscc3ogitxpi,JF-Language-Stack,collection,cmokmnfs70oa9qscczou4qk4w,GoodStory,collection,21
6b7db981-97be-4a1d-88c5-4f1d57514a2a,cmokmnnkw0ob7qscc3ogitxpi,JF-Language-Stack,collection,cmp78ilz60au6qm01t37q5fbf,2_ThereIsHopeAsia,shortFilm,22
75f7b388-c9f2-426e-9ec3-07065e5134e0,cmokmnnkw0ob7qscc3ogitxpi,JF-Language-Stack,collection,cmp78indc0auyqm011kgcwmy8,2_ThereIsHopeMena,shortFilm,23
8ddfbfe2-ed0e-47da-967f-1f1ff1f5a4b3,cmokmnnkw0ob7qscc3ogitxpi,JF-Language-Stack,collection,cmp789h0y0678qm01s6jc6rr9,2_0-Tumlukden,shortFilm,24
4e828d4a-bddd-457d-9953-0333bfc30076,cmokmnnkw0ob7qscc3ogitxpi,JF-Language-Stack,collection,cmp7877kr053sqm01ou6gg7qf,2_0-Just-An-Outside-Shot,shortFilm,25
3a585057-2888-46b2-9c7f-f0b2b2a6ed36,cmokmnnkw0ob7qscc3ogitxpi,JF-Language-Stack,collection,cmp7886k105ksqm01eggwj430,2_0-LivingWord,shortFilm,26
f51c1426-9a20-49b2-b308-ef1c2d34198e,cmokmnnkw0ob7qscc3ogitxpi,JF-Language-Stack,collection,cmp789rdz06bkqm01b4l9sich,2_0-Venia,shortFilm,27
beca6fde-429c-48ef-a847-27665525b136,cmokmnnkw0ob7qscc3ogitxpi,JF-Language-Stack,collection,cmp788a2505m6qm016vbgw620,2_0-MostlyTea,shortFilm,28
d6212ddd-fcab-458a-a735-97cb928b97aa,cmokmnnkw0ob7qscc3ogitxpi,JF-Language-Stack,collection,cmp78ufi50gccqm0143hacxaw,9_0-TheProdigal,shortFilm,29
15bdf1b8-337a-469a-8cd3-ef37713887b0,cmokmnnkw0ob7qscc3ogitxpi,JF-Language-Stack,collection,cmp78tzue0g52qm011y4elj91,8_NBC,series,30
9e69dc5b-08a2-4c6b-aa6f-327297866a2f,cmokmnnkw0ob7qscc3ogitxpi,JF-Language-Stack,collection,cmp78uh6u0gd4qm01cyozt96v,9_0-TheSavior,featureFilm,31
3fc6d86f-315c-4fe6-bbda-141fb87b1392,cmokmnnkw0ob7qscc3ogitxpi,JF-Language-Stack,collection,cmp78ohe30dpqqm01pez2knec,6_0-TheCovenant,shortFilm,32
408f300a-e9ad-4e6c-ad9c-06340582ee24,cmokmnnkw0ob7qscc3ogitxpi,JF-Language-Stack,collection,cmokmpvke0oggqscc6if3cd22,Perfect,collection,33
51e0b4bb-27fc-4796-b5d4-43d1afb86ee6,cmokmnnkw0ob7qscc3ogitxpi,JF-Language-Stack,collection,cmp785ftr047kqm01sacq5y38,2_0-ADream,shortFilm,34
e0a8a8f4-365c-4bdc-8f72-84457cd113d2,cmokmnnkw0ob7qscc3ogitxpi,JF-Language-Stack,collection,cmp78j4xc0b44qm01ejb8ufxg,2_WhoIsMessiah,shortFilm,35
0a92cfda-e9eb-4dcf-bd81-9d0fa7fb3537,cmokmnnkw0ob7qscc3ogitxpi,JF-Language-Stack,collection,cmp785h7y0486qm01jamlmpdt,2_0-AltroMare,shortFilm,36
c41ed5a1-d5db-4551-8d9e-2ce087aec907,cmokmnnkw0ob7qscc3ogitxpi,JF-Language-Stack,collection,cmokmpm9m0ofxqsccffdmrpux,MAG1,featureFilm,37
8a99eec0-d8f2-4dcf-aa4d-63f1bed8177a,cmokmnnkw0ob7qscc3ogitxpi,JF-Language-Stack,collection,cmp78a25z06haqm01azdtnnqu,2_0-YoureNotHopeless,shortFilm,38
e9f8878e-f168-4128-b226-b6114428fa3d,cmokmnnkw0ob7qscc3ogitxpi,JF-Language-Stack,collection,cmp785mn704b8qm01s7dub0ju,2_0-BMe,shortFilm,39
4407246b-4d3f-4261-9125-1c9acb555511,cmokmnnkw0ob7qscc3ogitxpi,JF-Language-Stack,collection,cmp7873nt051oqm01doj0s5lc,2_0-Jatku-Leiba,shortFilm,40
ff905bff-7aa0-476e-9b0f-7ecfe23aa8b1,cmokmnnkw0ob7qscc3ogitxpi,JF-Language-Stack,collection,cmp78qc4j0eh2qm01vnifofpr,6_HowHaveRelationshipWithGod,shortFilm,41
de77cd75-0dca-415c-b605-0113ceb6d17c,cmokmnnkw0ob7qscc3ogitxpi,JF-Language-Stack,collection,cmp7883wo05jcqm01eqmqoa6l,2_0-Legion,shortFilm,42
4ff4ecbf-2d15-4e96-a824-c2e4adc42d97,cmokmnnkw0ob7qscc3ogitxpi,JF-Language-Stack,collection,cmp785igu048wqm01j6qem2mj,2_0-AndreasStory,shortFilm,43
a19a6c7d-74fb-4d15-9db2-920955b7edf1,cmokmnnkw0ob7qscc3ogitxpi,JF-Language-Stack,collection,cmp7897mc0630qm01iou47ewd,2_0-The_Story,shortFilm,44
93339750-27b3-4a4c-865f-80220278ad83,cmokmnnkw0ob7qscc3ogitxpi,JF-Language-Stack,collection,cmp786y6004yuqm018hfja0z1,2_0-In-Time,shortFilm,45
afd7bfb6-a5ab-447e-8cad-2bcb312ff54a,cmokmnnkw0ob7qscc3ogitxpi,JF-Language-Stack,collection,cmp78288r02mcqm01w3ge27mh,1_riv-0-0,series,46
7ae34cf2-40b0-4804-a076-72394b671342,cmokmnnkw0ob7qscc3ogitxpi,JF-Language-Stack,collection,cmp78i39a0akiqm01smvurvm1,2_PI,collection,47
ba9cfbc1-3b2d-4fd8-836e-a9fc38a31a53,cmokmnnkw0ob7qscc3ogitxpi,JF-Language-Stack,collection,cmp788o2k05tiqm01sij6gw00,2_0-Portions,shortFilm,48
6c6aaf8d-0723-4815-a189-e1c8678fad86,cmokmnnkw0ob7qscc3ogitxpi,JF-Language-Stack,collection,cmp789zdi06fwqm01zp26njvp,2_0-WhereYouBelong,shortFilm,49
d4581b8b-3a4d-4c99-a92f-2965eab0ec8a,cmokmnnkw0ob7qscc3ogitxpi,JF-Language-Stack,collection,cmp78a4og06ikqm01mur1757n,2_Acts-0-0,featureFilm,50
8134df34-09ff-424c-bbd6-2425fe75c0df,cmokmnnkw0ob7qscc3ogitxpi,JF-Language-Stack,collection,cmp785w3c04g0qm01p9xovcu9,2_0-Cabernet,shortFilm,51
f37fe113-f7b1-4cdc-884b-cc593ceb982a,cmokmnnkw0ob7qscc3ogitxpi,JF-Language-Stack,collection,cmp78656a04l2qm01fkdb1vn5,2_0-Ctrl-Z,shortFilm,52
d625469f-a067-4c07-aa32-45c6462c75ff,cmokmnnkw0ob7qscc3ogitxpi,JF-Language-Stack,collection,cmp788bbh05mqqm01cfntz6ui,2_0-Nightwatch,shortFilm,53
5cd79357-b073-4afd-8db4-650a4cbbea59,cmokmnnkw0ob7qscc3ogitxpi,JF-Language-Stack,collection,cmp788e4705o6qm01yea1lqsb,2_0-Not-Evelyn-Cho,shortFilm,54
ac38704c-7add-4a2c-8481-4b05868b376f,cmokmnnkw0ob7qscc3ogitxpi,JF-Language-Stack,collection,cmp788sje05v8qm011o32emtj,2_0-Rain,shortFilm,55
43b0be24-3c3f-4fdb-9093-51aa8e254678,cmokmnnkw0ob7qscc3ogitxpi,JF-Language-Stack,collection,cmp78719m050gqm01nsvzk219,2_0-IsBibleReliable,shortFilm,56
e5852113-3123-44cb-8968-1b0b90ddfaca,cmokmnnkw0ob7qscc3ogitxpi,JF-Language-Stack,collection,cmokmm2500o6zqsccbc2n3fgy,AFathersLove,collection,57
8ec4ad53-6d59-4b77-8fa4-e61a34b85b3c,cmokmnnkw0ob7qscc3ogitxpi,JF-Language-Stack,collection,cmp76ub2c020ony014bfw5nxd,1_cl13-0-0,series,58
18ba641d-44c4-4435-8dab-e417de25c8fc,cmokmnnkw0ob7qscc3ogitxpi,JF-Language-Stack,collection,cmp785utx04f8qm01ai2wvown,2_0-Brothers,shortFilm,59
0d9e430c-9f30-46ba-8289-cb71a393e5eb,cmokmnnkw0ob7qscc3ogitxpi,JF-Language-Stack,collection,cmp788ir005qoqm01m9933yj2,2_0-Pennyhouse,shortFilm,60
35477cfe-ba37-4a4f-b56d-c295e1ac1e7b,cmokmnnkw0ob7qscc3ogitxpi,JF-Language-Stack,collection,cmp789w0p06e4qm01je988de3,2_0-Waiting-Alchemist,shortFilm,61
e906034d-2be7-40d3-83ab-c6c513e912e6,cmokmnnkw0ob7qscc3ogitxpi,JF-Language-Stack,collection,cmp7896cw062oqm01iugdce5g,2_0-Theophilus,shortFilm,62
a7105331-fe44-429b-bf82-d40852284b89,cmokmnnkw0ob7qscc3ogitxpi,JF-Language-Stack,collection,cmp785ym204heqm01l9a2se3b,2_0-Coffee-Shop,shortFilm,63
201d2cac-8cf0-4bdc-9d9d-85089a1177b1,cmokmnnkw0ob7qscc3ogitxpi,JF-Language-Stack,collection,cmp789esb0666qm0179xc88i7,2_0-To-Be-Like-You,shortFilm,64
3095481b-3c02-44b7-89c0-440939ec69a4,cmokmnnkw0ob7qscc3ogitxpi,JF-Language-Stack,collection,cmp786loj04tiqm01w4s7qod6,2_0-Good,shortFilm,65
bdd03467-3723-4266-9e96-58c832e48acd,cmokmnnkw0ob7qscc3ogitxpi,JF-Language-Stack,collection,cmp7879yl0550qm01y63o273j,2_0-La-Liberte,shortFilm,66
977e114d-0faf-40d7-a8d5-ea14b9226ade,cmokmnnkw0ob7qscc3ogitxpi,JF-Language-Stack,collection,cmp7888sr05luqm01vwiswiy0,2_0-Medley,shortFilm,67
9cd5ff5e-3358-4538-b15a-3a0572555257,cmokmnnkw0ob7qscc3ogitxpi,JF-Language-Stack,collection,cmp785t5p04e8qm01vvkkkbi2,2_0-Breathe,shortFilm,68
f6e1fc52-03dc-4334-ad00-760f03391e97,cmokmnnkw0ob7qscc3ogitxpi,JF-Language-Stack,collection,cmp78lwd50chwqm01cds7243e,3_0-8DWJ-WIJ,series,69
a377f420-8987-4a56-95c8-a407d8bcae0b,cmokmnnkw0ob7qscc3ogitxpi,JF-Language-Stack,collection,cmp78a0mq06ggqm01d99151af,2_0-Yol,shortFilm,70
61c61de4-9dbe-4393-97fe-8075a3a57932,cmokmnnkw0ob7qscc3ogitxpi,JF-Language-Stack,collection,cmp785l9904agqm01k68fy47b,2_0-Blue,shortFilm,71
5cda3842-37c3-4b2f-8f39-4a4464ce98ef,cmokmnnkw0ob7qscc3ogitxpi,JF-Language-Stack,collection,cmp786a7s04nwqm01j3t9ozag,2_0-Doll-Face,shortFilm,72
a54ea254-e4d2-49ce-b0bb-756b9b23fe93,cmokmnnkw0ob7qscc3ogitxpi,JF-Language-Stack,collection,cmp7887o305lcqm01wdp7wda2,2_0-Marea,shortFilm,73
8bc79e21-d37d-406b-bfe8-db42ffedcfa1,cmokmnnkw0ob7qscc3ogitxpi,JF-Language-Stack,collection,cmp788r9r05uoqm0147zkptbk,2_0-Puzzler,shortFilm,74
94241266-7991-4dd2-b5e8-cb7c16fa89fc,cmokmnnkw0ob7qscc3ogitxpi,JF-Language-Stack,collection,cmp786cla04oyqm01rmxhllxy,2_0-Dying-Roads,shortFilm,75
2472f557-c981-409b-8d3c-f8f6801217dc,cmokmnnkw0ob7qscc3ogitxpi,JF-Language-Stack,collection,cmp7866ad04lmqm018bil4dk6,2_0-Delight,shortFilm,76
a3dda9d7-e0e1-4c66-9c3d-43f1252c55f8,cmokmnnkw0ob7qscc3ogitxpi,JF-Language-Stack,collection,cmp786wma04y4qm01gib6v123,2_0-InfiniteAbyss,shortFilm,77
c599bcff-0177-4093-8d8b-cde9b4e45696,cmokmnnkw0ob7qscc3ogitxpi,JF-Language-Stack,collection,cmp786n8504ucqm01530pj2mg,2_0-Happiness,shortFilm,78
72ddb658-a84a-4851-8ebd-69e5e8359093,cmokmnnkw0ob7qscc3ogitxpi,JF-Language-Stack,collection,cmp7872j30514qm0135d9z5cp,2_0-Jangled,shortFilm,79
5960ed06-02e5-4517-8d60-74397f5bb3f3,cmokmnnkw0ob7qscc3ogitxpi,JF-Language-Stack,collection,cmp786gs404quqm01ktejdjfn,2_0-Flow,shortFilm,80
815ec4c7-fd1a-424c-9b50-a8bca4c31794,cmokmnnkw0ob7qscc3ogitxpi,JF-Language-Stack,collection,cmp788gxh05pmqm013930lb1j,2_0-PaperHats,shortFilm,81
ca406e27-f11c-4efc-b88b-22460b66f4ca,cmokmnnkw0ob7qscc3ogitxpi,JF-Language-Stack,collection,cmp786zks04zkqm01ohvdlsef,2_0-Invisible,shortFilm,82
d4a9ed37-3d2b-453d-a057-280c85a5bc74,cmokmnnkw0ob7qscc3ogitxpi,JF-Language-Stack,collection,cmp78m8930coaqm013fws3dmb,3_DWJPrayer-0-0,series,83
9272c072-c19b-4863-af2a-317c1b1ed220,cmokmnnkw0ob7qscc3ogitxpi,JF-Language-Stack,collection,cmp789kya069iqm01dl60izf0,2_0-UseThisApp,series,84
d9090620-8204-40b9-bc06-82215f365ac7,cmokmnz3d0oblqsccr1n190bg,JFM1,collection,cmp76xcw602imny01vnsbwwy9,1_jf-0-0,featureFilm,1
26315a89-eedb-4326-8cb9-1007362de1d7,cmokmnz3d0oblqsccr1n190bg,JFM1,collection,cmp78ecr308osqm01ni0jvmpz,2_ChosenWitness,shortFilm,2
8a2d33d8-2a36-4b4a-9339-46dd3f512472,cmokmnz3d0oblqsccr1n190bg,JFM1,collection,cmp78g1ug09kiqm01ftdtjxfr,2_GOJ-0-0,featureFilm,3
53580ab5-bfae-4bf1-ba5e-06766a58c2c9,cmokmnz3d0oblqsccr1n190bg,JFM1,collection,cmp78sb2g0fdcqm01m6dzbrl3,7_KnowGod,series,4
328fb718-4176-4b4f-b1c8-278cc3878e62,cmokmnz3d0oblqsccr1n190bg,JFM1,collection,cmrundr4a00j4n101knmywu3l,6_Acts,series,5
2c126d56-16de-4a93-a1d9-a200bb5d1885,cmokmnz3d0oblqsccr1n190bg,JFM1,collection,cmp76q8cb015yny01un3jpzcv,13_0-RPGospel,featureFilm,6
98fde09d-ba25-4c5f-812a-9dab2a2a3384,cmokmnz3d0oblqsccr1n190bg,JFM1,collection,cmp789yod06fiqm016jakf0n8,2_0-WhatIsHome,collection,7
e539833b-70a4-4ff4-878c-e8533d81957d,cmokmnz3d0oblqsccr1n190bg,JFM1,collection,cmokmpm9m0ofxqsccffdmrpux,MAG1,featureFilm,8
909f4fdc-f9f0-46aa-8731-b1519f76a0f2,cmokmnz3d0oblqsccr1n190bg,JFM1,collection,cmp78tzue0g52qm011y4elj91,8_NBC,series,9
0f82cf73-bced-42dc-9dee-158dbfbf1e71,cmokmnz3d0oblqsccr1n190bg,JFM1,collection,cmp76tnht01zgny01ueqzgv5x,1_cl-0-0,featureFilm,10
5a496b7e-2eff-4976-a15c-e2fc1e4fb1a2,cmokmnz3d0oblqsccr1n190bg,JFM1,collection,cmokmq2yr0oi4qsccitr54nts,Wonder,collection,11
1fe24ad2-bfe0-47ce-8f96-827a7746cf5e,cmokmnz3d0oblqsccr1n190bg,JFM1,collection,cmp78irij0awmqm018c0pq0mv,2_TWS,collection,12
e9784df7-68c3-42ab-9da1-c612cfdf9464,cmokmnz3d0oblqsccr1n190bg,JFM1,collection,cmokmpsx10og5qsccxzhk2m9q,Nua,collection,13
7279c461-9d6a-4ee7-ba40-1795c3c90891,cmokmnz3d0oblqsccr1n190bg,JFM1,collection,cmokmmas60o7qqscc4z2ptbr7,BibleProject,collection,14
d307c8fa-4962-498f-9e1d-1d82f99ae0f9,cmokmnz3d0oblqsccr1n190bg,JFM1,collection,cmp76tk7g01yuny01608091b1,16_shine_collection,collection,15
7c6ac1d9-e45e-480e-ba20-a56bc90431de,cmokmnz3d0oblqsccr1n190bg,JFM1,collection,cmokmofhg0od3qsccepzlc8v7,JFP-Interests-Evangelism,collection,16
0bf1543f-dbbe-4341-ab7a-5c8efa517b10,cmokmnz3d0oblqsccr1n190bg,JFM1,collection,cmp78i39a0akiqm01smvurvm1,2_PI,collection,17
8ca7db54-55b6-483a-8aab-2c155ff6c900,cmokmnz3d0oblqsccr1n190bg,JFM1,collection,cmp76iqkp006any014rbs7zdq,10_DarkroomFaith,series,18
17617fe8-98dc-4b90-a87b-286e9d3743c5,cmokmnz3d0oblqsccr1n190bg,JFM1,collection,cmp78si6z0fh8qm01s2jibtpq,7_Light,series,19
c35030a3-fa70-418d-99bd-a621f6031cb7,cmokmnz3d0oblqsccr1n190bg,JFM1,collection,cmp78f1wi091gqm01ueskr34r,2_FileZero-0-0,series,20
e831b25d-0e4c-48c7-a260-e64225fd662a,cmokmnz3d0oblqsccr1n190bg,JFM1,collection,cmp78sui00fncqm01nj865mnz,7_Origins,collection,21
ddfa4e0c-f5b4-458a-ba8c-05dda32e4bb5,cmokmnz3d0oblqsccr1n190bg,JFM1,collection,cmp76pk43012gny013f7l5nn1,12_Washi,series,22
7ec3d184-1b0a-4f62-bf3b-1d359e7b0167,cmokmnz3d0oblqsccr1n190bg,JFM1,collection,cmp76wzwj02f2ny01lwx9znca,1_fj-0-0,series,23
ae17ece6-130e-4f48-aa13-b8831161b827,cmokmnz3d0oblqsccr1n190bg,JFM1,collection,cmokmnfs70oa9qscczou4qk4w,GoodStory,collection,24
a3683ecc-de12-4db9-9633-1ab1156863ab,cmokmnz3d0oblqsccr1n190bg,JFM1,collection,cmp78288r02mcqm01w3ge27mh,1_riv-0-0,series,25
ed4189b2-2cd6-463c-9d52-7abd6731cd87,cmokmnz3d0oblqsccr1n190bg,JFM1,collection,cmp782rw502vaqm013oqeih1y,1_wjv-0-0,series,26
2c15893c-2a56-42eb-95c4-0d9ca6983e1a,cmokmnz3d0oblqsccr1n190bg,JFM1,collection,cmp78a4og06ikqm01mur1757n,2_Acts-0-0,featureFilm,27
10ada662-39e8-4504-8b37-cffb7d728834,cmokmnz3d0oblqsccr1n190bg,JFM1,collection,cmokmnj3p0oapqscc3mmb9h0r,HopeCollection,collection,28
46b19cff-1788-4f83-a50f-6d880732853e,cmokmnz3d0oblqsccr1n190bg,JFM1,collection,cmokmmf5m0o86qscc4bftakhx,CS1,collection,29
c1c8bd7a-891e-40c7-bf78-3dbd33e2781d,cmokmnz3d0oblqsccr1n190bg,JFM1,collection,cmokmmqw20o8oqscc0agy3yqg,DWJ1,collection,30
20b2c85e-7da0-436d-8218-a3be8b286da5,cmokmnz3d0oblqsccr1n190bg,JFM1,collection,cmokmpe950oerqsccqs56mnip,LOJS,collection,31
e219897b-bd28-4226-b05e-b1484ed60ab7,cmokmnz3d0oblqsccr1n190bg,JFM1,collection,cmp76ub2c020ony014bfw5nxd,1_cl13-0-0,series,32
7a9ebdfb-5a26-45b2-acc7-7a9907605fda,cmokmnz3d0oblqsccr1n190bg,JFM1,collection,cmp784v1o03wmqm01oaw18rsz,1_wl7-0-0,series,33
b4b0e66a-53af-40ce-83d6-537501d29371,cmokmnz3d0oblqsccr1n190bg,JFM1,collection,cmp789kya069iqm01dl60izf0,2_0-UseThisApp,series,34
ff8e2900-c4f4-4e14-8da4-3404396fe4d6,cmokmnz3d0oblqsccr1n190bg,JFM1,collection,cmokmpjtw0ofhqsccozenpulr,LUMOCollection,collection,35
86204782-0402-49bd-946b-a789f7ddbe06,cmokmnz3d0oblqsccr1n190bg,JFM1,collection,cmp78uh6u0gd4qm01cyozt96v,9_0-TheSavior,featureFilm,36
184eead0-bb6e-4418-88d7-176691ce1a62,cmokmnz3d0oblqsccr1n190bg,JFM1,collection,cmp78ohe30dpqqm01pez2knec,6_0-TheCovenant,shortFilm,37
4fa54766-0889-45d5-8dfb-6e2e923e0c67,cmokmnz3d0oblqsccr1n190bg,JFM1,collection,cmp78de1c088kqm01mbc02riu,2_Augustine,featureFilm,38
1c362c1c-5a4c-432b-83a4-634cf8e99f4f,cmokmo58r0oc3qsccw31ii57u,JFP-Classic,collection,cmp76xcw602imny01vnsbwwy9,1_jf-0-0,featureFilm,1
82839440-a664-4f41-bbb9-e20ad6547ce2,cmokmo58r0oc3qsccw31ii57u,JFP-Classic,collection,cmp76tnht01zgny01ueqzgv5x,1_cl-0-0,featureFilm,2
c4572451-d6ee-4184-bcc5-0b3e4ff1c29a,cmokmo58r0oc3qsccw31ii57u,JFP-Classic,collection,cmokmpm9m0ofxqsccffdmrpux,MAG1,featureFilm,3
efa71f6b-cf1f-47e3-a622-a6e5c077a4a8,cmokmo58r0oc3qsccw31ii57u,JFP-Classic,collection,cmp78g1ug09kiqm01ftdtjxfr,2_GOJ-0-0,featureFilm,4
4d5d7e82-5412-4f86-a029-2519a1e5a0f9,cmokmo58r0oc3qsccw31ii57u,JFP-Classic,collection,cmp78288r02mcqm01w3ge27mh,1_riv-0-0,series,5
206db607-0cb1-4444-aebf-6ab77d497663,cmokmo58r0oc3qsccw31ii57u,JFP-Classic,collection,cmp782rw502vaqm013oqeih1y,1_wjv-0-0,series,6
9888b9cf-6419-4853-b7c8-5fada2cfcf89,cmokmo58r0oc3qsccw31ii57u,JFP-Classic,collection,cmp76wzwj02f2ny01lwx9znca,1_fj-0-0,series,7
53d254c1-2ae3-4307-8e0d-1c183e82b2ab,cmokmo7a70ocbqscceaqf21oa,JFP-Featured,collection,cmokmmxjp0o95qscc49jfz0gp,global_soccer_event_collection,collection,1
1105bf2f-0a51-49ca-8faf-fde7b89be408,cmokmo7a70ocbqscceaqf21oa,JFP-Featured,collection,cmp78a3kb06i0qm01pmdl8yqn,2_2026AppUpdate,shortFilm,2
878c4efc-7190-4e99-9cf8-b6e75bd13252,cmokmo7a70ocbqscceaqf21oa,JFP-Featured,collection,cmokmmsww0o8wqsccuqbtbs0v,EASTER1,collection,3
59cf8aff-364d-48e1-9566-b0bb3e7fc2e8,cmokmo7a70ocbqscceaqf21oa,JFP-Featured,collection,cmp78ecr308osqm01ni0jvmpz,2_ChosenWitness,shortFilm,4
d7982762-940e-4bb1-b854-805dd6d04ff3,cmokmo7a70ocbqscceaqf21oa,JFP-Featured,collection,cmp78ixt00b04qm01jzbpepp1,2_WayPatrick,series,5
dc653135-70f7-4c12-b523-6f9d5aa3485c,cmokmo7a70ocbqscceaqf21oa,JFP-Featured,collection,cmp786fiu04q4qm01r20nw7iv,2_0-FallingPlates,shortFilm,6
6c8066d7-04a1-4a34-8c63-e423002a915f,cmokmo7a70ocbqscceaqf21oa,JFP-Featured,collection,cmp785t5p04e8qm01vvkkkbi2,2_0-Breathe,shortFilm,7
7cf0cc31-0008-49c2-8084-b2b24d8af162,cmokmo7a70ocbqscceaqf21oa,JFP-Featured,collection,cmp7883wo05jcqm01eqmqoa6l,2_0-Legion,shortFilm,8
7894ecdc-486d-40d5-a06d-5710fdcc3b0a,cmokmo7a70ocbqscceaqf21oa,JFP-Featured,collection,cmp7854jk041uqm018h0nfui1,1_wl77-0-0,episode,9
1a67ad7a-61f4-410d-84ef-a72816eddfaa,cmokmo7a70ocbqscceaqf21oa,JFP-Featured,collection,cmp77215v035qny01cod5dhhk,1_jf6119-0-0,segment,10
2710a43c-05a1-4af2-8ef8-f3503e02b9fc,cmokmo7a70ocbqscceaqf21oa,JFP-Featured,collection,cmp7887o305lcqm01wdp7wda2,2_0-Marea,shortFilm,11
2d75d50c-4bb8-432d-a9c7-415fd73e0631,cmokmo7a70ocbqscceaqf21oa,JFP-Featured,collection,cmp786cla04oyqm01rmxhllxy,2_0-Dying-Roads,shortFilm,12
e8303e10-1a7f-41b6-a3ee-a79d4ed5b612,cmokmo7a70ocbqscceaqf21oa,JFP-Featured,collection,cmp770vlq030sny01aei6iwin,1_jf6114-0-0,segment,13
a74d81b5-0598-4104-8e30-a0ae77df0d8f,cmokmo7a70ocbqscceaqf21oa,JFP-Featured,collection,cmp7826fv02lgqm01tb58itb3,1_mld-0-0,shortFilm,14
10a5a98f-5d96-4075-a95a-8f4c9cd17c1d,cmokmo7a70ocbqscceaqf21oa,JFP-Featured,collection,cmp788gxh05pmqm013930lb1j,2_0-PaperHats,shortFilm,15
1097a180-35b9-4152-832c-f465b9939042,cmokmoaax0oclqscc0oxyneom,JFP-Interests,collection,cmokmofhg0od3qsccepzlc8v7,JFP-Interests-Evangelism,collection,1
5c23657e-75f7-44fa-ac2a-b3e48da6d2b9,cmokmoaax0oclqscc0oxyneom,JFP-Interests,collection,cmokmp0wk0oebqsccu6yxd9cl,JFP-Interests-Training,collection,2
d28688ff-a6a5-4262-ac9c-d9bb2bd34357,cmokmoaax0oclqscc0oxyneom,JFP-Interests,collection,cmokmopz90odlqsccd0iybru9,JFP-Interests-Relationships,collection,3
7492f803-74da-4e74-9e5a-e97292373614,cmokmoaax0oclqscc0oxyneom,JFP-Interests,collection,cmokmp3cs0oejqsccfv6u9q5l,JFP-Interests-Women-Resources,collection,4
5f1f9932-0a84-4ee1-b2ce-e64ef65cb819,cmokmoaax0oclqscc0oxyneom,JFP-Interests,collection,cmokmoy3g0oe3qscc9x8uxosr,JFP-Interests-Student-Resources,collection,5
00a95a38-a1ee-41d9-85b5-e8e432600048,cmokmoaax0oclqscc0oxyneom,JFP-Interests,collection,cmokmocio0octqsccfsbpykqk,JFP-Interests-Discipleship,collection,6
a76c9ff2-9159-4f53-83d3-dcd1b652a08d,cmokmoaax0oclqscc0oxyneom,JFP-Interests,collection,cmokmovkd0odtqsccoeohg36q,JFP-Interests-Sports,collection,7
c689e9a0-e5ec-41e5-9f02-a679991b36b5,cmokmoaax0oclqscc0oxyneom,JFP-Interests,collection,cmokmojsu0oddqsccqpkx8od3,JFP-Interests-Family,collection,8
f6f4f719-3d6e-4c8a-9f3a-ecb24ed03325,cmokmocio0octqsccfsbpykqk,JFP-Interests-Discipleship,collection,cmp78tzue0g52qm011y4elj91,8_NBC,series,1
de918423-285c-425f-98b7-d9732c4aa93d,cmokmocio0octqsccfsbpykqk,JFP-Interests-Discipleship,collection,cmp782rw502vaqm013oqeih1y,1_wjv-0-0,series,2
445bffb0-1b74-4cf4-9b73-215f75b8b72e,cmokmocio0octqsccfsbpykqk,JFP-Interests-Discipleship,collection,cmp78288r02mcqm01w3ge27mh,1_riv-0-0,series,3
9b166167-588c-4533-aa6f-71ed712ca4c7,cmokmocio0octqsccfsbpykqk,JFP-Interests-Discipleship,collection,cmp78sui00fncqm01nj865mnz,7_Origins,collection,4
e8b67f1a-1c4b-48cd-adbf-bcce11c4708a,cmokmocio0octqsccfsbpykqk,JFP-Interests-Discipleship,collection,cmp76wzwj02f2ny01lwx9znca,1_fj-0-0,series,5
75a9aa5f-9fab-44d7-bbd1-bca571525f92,cmokmocio0octqsccfsbpykqk,JFP-Interests-Discipleship,collection,cmp787b84055eqm019ah22uf1,2_0-LeaderImpact,series,6
550c9c6f-e154-4337-8f1b-b661651ee554,cmokmocio0octqsccfsbpykqk,JFP-Interests-Discipleship,collection,cmokmmas60o7qqscc4z2ptbr7,BibleProject,collection,7
07ae4eb6-84f0-415b-909b-56eaa936cba1,cmokmocio0octqsccfsbpykqk,JFP-Interests-Discipleship,collection,cmp78mkk30cumqm0167y3t5pt,3_IAm-0-0,series,8
8d44a017-2144-4389-b732-44a5e79a155b,cmokmocio0octqsccfsbpykqk,JFP-Interests-Discipleship,collection,cmp78n3da0d3sqm018j7rhuhe,3_RFD-0-0,series,9
367279d2-7d88-40a4-b7c3-77f4b4bae7a3,cmokmocio0octqsccfsbpykqk,JFP-Interests-Discipleship,collection,cmp78m8930coaqm013fws3dmb,3_DWJPrayer-0-0,series,10
77fc5d96-5c53-44f3-bad8-20161b9996dd,cmokmocio0octqsccfsbpykqk,JFP-Interests-Discipleship,collection,cmp78kzsl0c22qm014dy63z10,3_0-6DWJ-MAP,series,11
7bf7d2e3-b369-4053-9668-ce5b654e51d3,cmokmocio0octqsccfsbpykqk,JFP-Interests-Discipleship,collection,cmp78l9f40c70qm019wag24z0,3_0-7DWJ-Grace-0-0,series,12
4543f17f-3a89-4b17-89a8-8044302c4aca,cmokmocio0octqsccfsbpykqk,JFP-Interests-Discipleship,collection,cmp78la490c7aqm01d739kdej,3_0-7DWJ-WWJ,series,13
6a10b034-257f-4385-8666-985bd7c60067,cmokmocio0octqsccfsbpykqk,JFP-Interests-Discipleship,collection,cmp78lwd50chwqm01cds7243e,3_0-8DWJ-WIJ,series,14
627d32bf-2b4b-49f6-8a0b-b1740fc61514,cmokmofhg0od3qsccepzlc8v7,JFP-Interests-Evangelism,collection,cmp78ijls0asyqm01u2faga78,2_The_Four_Collection,collection,1
7d66d2b9-bf95-4529-acde-20541710fd53,cmokmofhg0od3qsccepzlc8v7,JFP-Interests-Evangelism,collection,cmp7897mc0630qm01iou47ewd,2_0-The_Story,shortFilm,2
fa75e4a3-dd70-4abb-8324-dcffffdc42b7,cmokmofhg0od3qsccepzlc8v7,JFP-Interests-Evangelism,collection,cmp785cc3045kqm01134w0f1t,2_0-4Laws,shortFilm,3
7f942850-fa4c-4e0a-9c8b-cf1697c11985,cmokmofhg0od3qsccepzlc8v7,JFP-Interests-Evangelism,collection,cmp786fiu04q4qm01r20nw7iv,2_0-FallingPlates,shortFilm,4
6e54903e-c812-426e-85cf-d33247722ec0,cmokmofhg0od3qsccepzlc8v7,JFP-Interests-Evangelism,collection,cmp78fvxi09hsqm01voyhcz5j,2_FourPerfectLove,shortFilm,5
dea4d1ab-86ce-4bcc-b883-00486deb0468,cmokmofhg0od3qsccepzlc8v7,JFP-Interests-Evangelism,collection,cmp78256t02kmqm01iuotw495,1_jf6161-0-0,segment,6
f44fde33-20c0-48c8-aefe-8ef150a20470,cmokmofhg0od3qsccepzlc8v7,JFP-Interests-Evangelism,collection,cmp7877kr053sqm01ou6gg7qf,2_0-Just-An-Outside-Shot,shortFilm,7
19aee43e-8276-422e-8e20-40879ab75d51,cmokmofhg0od3qsccepzlc8v7,JFP-Interests-Evangelism,collection,cmp785ym204heqm01l9a2se3b,2_0-Coffee-Shop,shortFilm,8
c55f06dc-86ad-4488-a2b9-1c738f55f3a1,cmokmofhg0od3qsccepzlc8v7,JFP-Interests-Evangelism,collection,cmp78hsn50aekqm0188b8a5d6,2_GOJ4949-0-0,segment,9
551c92ca-eab9-4a04-857b-ba52109608ac,cmokmofhg0od3qsccepzlc8v7,JFP-Interests-Evangelism,collection,cmp786jl004s8qm0156qwbsum,2_0-GodsRescuePlan,shortFilm,10
4ffaf1c3-71a1-42a3-82b3-bf2895cf4ad7,cmokmofhg0od3qsccepzlc8v7,JFP-Interests-Evangelism,collection,cmp78sb2g0fdcqm01m6dzbrl3,7_KnowGod,series,11
8ad3be9d-da00-48e0-af70-fb1b8e9e8378,cmokmofhg0od3qsccepzlc8v7,JFP-Interests-Evangelism,collection,cmp76pk43012gny013f7l5nn1,12_Washi,series,12
60a34fbc-76d7-4d11-a2eb-3fefc96e0cde,cmokmofhg0od3qsccepzlc8v7,JFP-Interests-Evangelism,collection,cmp78qc4j0eh2qm01vnifofpr,6_HowHaveRelationshipWithGod,shortFilm,13
68779b2e-21a0-4a5e-a46a-bad1dc147499,cmokmofhg0od3qsccepzlc8v7,JFP-Interests-Evangelism,collection,cmp785zq804hyqm015fx1di83,2_0-ComingHome,shortFilm,14
e1cf5dac-2ed5-4021-babc-adfc96df57d9,cmokmofhg0od3qsccepzlc8v7,JFP-Interests-Evangelism,collection,cmp789xf206euqm010koenefm,2_0-WhatisChristianity,shortFilm,15
677b6195-32fa-4247-9779-bcaee3466d37,cmokmofhg0od3qsccepzlc8v7,JFP-Interests-Evangelism,collection,cmp76q8cb015yny01un3jpzcv,13_0-RPGospel,featureFilm,16
3e7a4fe9-c224-4f87-b4a3-74ac55ab56f0,cmokmofhg0od3qsccepzlc8v7,JFP-Interests-Evangelism,collection,cmp785nwf04c0qm01h8l6tgao,2_0-BornToPlay,shortFilm,17
2b2d9348-4f7c-4116-839b-d864247eb358,cmokmofhg0od3qsccepzlc8v7,JFP-Interests-Evangelism,collection,cmp78rtpv0f5uqm017egfrikt,7_0-nfs09,shortFilm,18
25cadc9b-7ab8-487a-a4a2-33ce9b6ad1b6,cmokmofhg0od3qsccepzlc8v7,JFP-Interests-Evangelism,collection,cmp788wvc05xkqm01sl29fu01,2_0-Restored,shortFilm,19
e54c7f6f-78b8-455f-af2e-2b537f9741df,cmokmofhg0od3qsccepzlc8v7,JFP-Interests-Evangelism,collection,cmp78nmf70dbgqm0130ehjmox,4_Injury4FufillChrist,episode,20
734f0759-fa32-4075-b6f7-1a5a4f76b3d8,cmokmofhg0od3qsccepzlc8v7,JFP-Interests-Evangelism,collection,cmp78ocn40dnuqm01v83mfksk,4_Win4GoodNewsJesus,episode,21
6e7e2c46-2ae4-49c4-b93c-f4b402867959,cmokmofhg0od3qsccepzlc8v7,JFP-Interests-Evangelism,collection,cmp78nvne0dfuqm01wxv5x66l,4_Loss4HopeInJesus,episode,22
7b29d95b-fd1b-4157-8192-684780607db8,cmokmofhg0od3qsccepzlc8v7,JFP-Interests-Evangelism,collection,cmp78u0jm0g5gqm01neigt55t,8_NBC01,episode,23
c72a92aa-7e65-4702-bc5e-f6ddab6e0777,cmokmofhg0od3qsccepzlc8v7,JFP-Interests-Evangelism,collection,cmokmlibp0o2bqsccix2nriff,9_CreationtoChrist,series,24
2dc03d62-a605-4afc-b644-15a603c9377f,cmokmofhg0od3qsccepzlc8v7,JFP-Interests-Evangelism,collection,cmp78ndpc0d8aqm0161s1pdon,4_AIAWC-ThePrize_RTF-0-0,segment,25
90d917d1-0337-4afa-af45-2e6bf73aa9d2,cmokmojsu0oddqsccqpkx8od3,JFP-Interests-Family,collection,cmp785t5p04e8qm01vvkkkbi2,2_0-Breathe,shortFilm,1
ebdb383e-c8df-4e5e-87c8-2061fd4fd724,cmokmojsu0oddqsccqpkx8od3,JFP-Interests-Family,collection,cmp789jtq068wqm0158qirk9v,2_0-Uninvited,shortFilm,2
629d65f4-5f62-4a8c-b694-58a4dbefcad9,cmokmojsu0oddqsccqpkx8od3,JFP-Interests-Family,collection,cmp7866ad04lmqm018bil4dk6,2_0-Delight,shortFilm,3
ad32b75a-c7b4-41f2-b7e9-9cc57c32f3d5,cmokmojsu0oddqsccqpkx8od3,JFP-Interests-Family,collection,cmp7828xl02mqqm01q6de6rhd,1_riv_01-0-0,episode,4
778858c5-f96f-42fb-b943-a9077ca7c1d6,cmokmojsu0oddqsccqpkx8od3,JFP-Interests-Family,collection,cmp785utx04f8qm01ai2wvown,2_0-Brothers,shortFilm,5
2715b426-e018-4410-abf8-7f1533f0a111,cmokmojsu0oddqsccqpkx8od3,JFP-Interests-Family,collection,cmp78f1wi091gqm01ueskr34r,2_FileZero-0-0,series,6
244bf891-d220-4c81-ab40-9aad3c2e9521,cmokmojsu0oddqsccqpkx8od3,JFP-Interests-Family,collection,cmp782u9u02wgqm01zd3c1k02,1_wjv_02-0-0,episode,7
92dd34e1-aa48-4785-9db8-e4c2d9bdd53f,cmokmojsu0oddqsccqpkx8od3,JFP-Interests-Family,collection,cmp76tnht01zgny01ueqzgv5x,1_cl-0-0,featureFilm,8
21431a12-fbe3-459a-b73b-da2e318f869a,cmokmojsu0oddqsccqpkx8od3,JFP-Interests-Family,collection,cmp76zyw002wyny013kze3wcq,1_jf6109-0-0,segment,9
79e9d0ba-1fef-4298-b816-48f611b57dd7,cmokmojsu0oddqsccqpkx8od3,JFP-Interests-Family,collection,cmp789rdz06bkqm01b4l9sich,2_0-Venia,shortFilm,10
fa7488c3-9ac9-4e2e-9626-624b61415936,cmokmojsu0oddqsccqpkx8od3,JFP-Interests-Family,collection,cmp788sje05v8qm011o32emtj,2_0-Rain,shortFilm,11
9dec3969-7caa-424a-958f-694475328758,cmokmojsu0oddqsccqpkx8od3,JFP-Interests-Family,collection,cmp7873nt051oqm01doj0s5lc,2_0-Jatku-Leiba,shortFilm,12
7b136a90-bc6f-46f0-8e8d-c72a49135ce7,cmokmojsu0oddqsccqpkx8od3,JFP-Interests-Family,collection,cmp7878p9054cqm01ggtlttht,2_0-La_Busqueda_The_Search,shortFilm,13
08b7acd9-026c-42f1-8077-b5642bd9f83f,cmokmojsu0oddqsccqpkx8od3,JFP-Interests-Family,collection,cmp7887o305lcqm01wdp7wda2,2_0-Marea,shortFilm,14
4785d05a-bb17-4ce5-bc43-cd6f5e8d78b3,cmokmojsu0oddqsccqpkx8od3,JFP-Interests-Family,collection,cmp788v1x05wkqm01yddpyg8l,2_0-Rent-Check,shortFilm,15
eeb9d645-3c4e-4f82-9d75-ff4ea3dd2481,cmokmojsu0oddqsccqpkx8od3,JFP-Interests-Family,collection,cmp7894tn061wqm017nxit2kl,2_0-Tarek,shortFilm,16
870573af-b5b9-4b6e-b780-7d100682dadd,cmokmojsu0oddqsccqpkx8od3,JFP-Interests-Family,collection,cmp789esb0666qm0179xc88i7,2_0-To-Be-Like-You,shortFilm,17
686711f1-7b1c-4f40-b542-73ac1895dcd2,cmokmojsu0oddqsccqpkx8od3,JFP-Interests-Family,collection,cmp789w0p06e4qm01je988de3,2_0-Waiting-Alchemist,shortFilm,18
7be82585-ee2a-476b-8035-8235ffc5312c,cmokmojsu0oddqsccqpkx8od3,JFP-Interests-Family,collection,cmp786i1l04riqm01199y4ii0,2_0-Fracture,shortFilm,19
6c3608ce-5fb1-4ffb-a340-b21590408357,cmokmojsu0oddqsccqpkx8od3,JFP-Interests-Family,collection,cmp782a1y02naqm018avh400x,1_riv_02-0-0,episode,20
218ebf07-a56b-43d5-a17b-3554420b5d2c,cmokmojsu0oddqsccqpkx8od3,JFP-Interests-Family,collection,cmp782bfs02o6qm01y8kskciq,1_riv_03-0-0,episode,21
53988530-3656-450f-907a-afc626f69b7d,cmokmojsu0oddqsccqpkx8od3,JFP-Interests-Family,collection,cmp782con02owqm01nyi66i4z,1_riv_04-0-0,episode,22
7083c8b6-b9c7-4e24-bfea-e3bf45973bb7,cmokmojsu0oddqsccqpkx8od3,JFP-Interests-Family,collection,cmp782e2k02poqm01m72g3gtw,1_riv_05-0-0,episode,23
301a022e-7410-433f-94b5-7d1955fdb90a,cmokmojsu0oddqsccqpkx8od3,JFP-Interests-Family,collection,cmp782fll02q4qm01oy4qow65,1_riv_06-0-0,episode,24
37a54cf8-a405-49f9-aacb-31cdcb39ad68,cmokmojsu0oddqsccqpkx8od3,JFP-Interests-Family,collection,cmp782gzk02qiqm01n463lpxu,1_riv_07-0-0,episode,25
2f9ba602-9893-4a2b-9167-3180c75362da,cmokmojsu0oddqsccqpkx8od3,JFP-Interests-Family,collection,cmp782ide02r0qm01kl9httbf,1_riv_08-0-0,episode,26
44fa9829-f1be-45af-8b4b-64962c4a952c,cmokmojsu0oddqsccqpkx8od3,JFP-Interests-Family,collection,cmp782jrg02rqqm01kk4vpzg1,1_riv_09-0-0,episode,27
eae396d3-8584-4774-aea0-eba4f61e90ee,cmokmojsu0oddqsccqpkx8od3,JFP-Interests-Family,collection,cmp782lad02seqm01u6a4mhla,1_riv_10-0-0,episode,28
6985cc12-ac49-4c05-a22a-af51a51ef53f,cmokmojsu0oddqsccqpkx8od3,JFP-Interests-Family,collection,cmp782oyu02toqm01zm57embt,1_riv_11-0-0,episode,29
f8e0f571-04e6-4692-8868-19d1e6cf99b1,cmokmojsu0oddqsccqpkx8od3,JFP-Interests-Family,collection,cmp782qcu02ugqm01gk2e5c5y,1_riv_12-0-0,episode,30
f1868c29-02af-477e-970c-eb35d2cf9e49,cmokmojsu0oddqsccqpkx8od3,JFP-Interests-Family,collection,cmp784vqw03wwqm01mv027dzk,1_wl71-0-0,episode,31
c5dd2b78-e471-4b0f-8f88-a10e83c5ca92,cmokmojsu0oddqsccqpkx8od3,JFP-Interests-Family,collection,cmp784yjy03yaqm01r5jzb97n,1_wl73-0-0,episode,32
8c37ff2d-02cb-49ff-8730-ee6f82e64b01,cmokmojsu0oddqsccqpkx8od3,JFP-Interests-Family,collection,cmp7851c703zyqm01xini23rf,1_wl75-0-0,episode,33
bf349032-56ae-4a77-af4a-413b56b176ea,cmokmojsu0oddqsccqpkx8od3,JFP-Interests-Family,collection,cmp782sl302vkqm015c9rezt5,1_wjv_01-0-0,episode,34
5e86723a-2649-4725-bd64-88944f6713ef,cmokmojsu0oddqsccqpkx8od3,JFP-Interests-Family,collection,cmp76ycuv02n0ny01faav3nae,1_jf6101-0-0,segment,35
81227cf4-2140-4fd4-9ced-13ffb2b4e5a2,cmokmojsu0oddqsccqpkx8od3,JFP-Interests-Family,collection,cmp76yw1102qiny01sjxaygvh,1_jf6103-0-0,segment,36
089cb626-f281-42a0-af87-121987fdbba6,cmokmojsu0oddqsccqpkx8od3,JFP-Interests-Family,collection,cmp76x1k102fgny01kvc8ihuz,1_fj_1-0-0,episode,37
ee294d42-08da-4b62-a7c4-d3d11cdd411c,cmokmojsu0oddqsccqpkx8od3,JFP-Interests-Family,collection,cmp76x3qs02g6ny01w7ib1isb,1_fj_2-0-0,episode,38
68817608-f729-4518-9a09-ea1ba634ad03,cmokmojsu0oddqsccqpkx8od3,JFP-Interests-Family,collection,cmp76x62n02guny01kfxrc6xh,1_fj_3-0-0,episode,39
77c350e2-ebeb-4eae-897a-32c1ddcdc1a2,cmokmojsu0oddqsccqpkx8od3,JFP-Interests-Family,collection,cmp76x7zm02hmny01s42epzaf,1_fj_4-0-0,episode,40
ca77a21c-ee98-46c5-b250-1db2de6b3bcb,cmokmojsu0oddqsccqpkx8od3,JFP-Interests-Family,collection,cmp76xa1k02i4ny01h0tb4rj6,1_fj_5-0-0,episode,41
939e3f90-66b9-4127-8d5e-f07d2962591d,cmokmojsu0oddqsccqpkx8od3,JFP-Interests-Family,collection,cmp788bbh05mqqm01cfntz6ui,2_0-Nightwatch,shortFilm,42
f2aaabae-7b66-4bdf-b2ef-0e6b70c46c36,cmokmopz90odlqsccd0iybru9,JFP-Interests-Relationships,collection,cmp789jtq068wqm0158qirk9v,2_0-Uninvited,shortFilm,1
4d7de2e3-7699-4daa-b766-4a3409230738,cmokmopz90odlqsccd0iybru9,JFP-Interests-Relationships,collection,cmp7866ad04lmqm018bil4dk6,2_0-Delight,shortFilm,2
d7517678-4ba7-460f-b2c7-1194a42c79dc,cmokmopz90odlqsccd0iybru9,JFP-Interests-Relationships,collection,cmp782gzk02qiqm01n463lpxu,1_riv_07-0-0,episode,3
6898fbd1-e411-4df1-9c4c-a13c6b22e173,cmokmopz90odlqsccd0iybru9,JFP-Interests-Relationships,collection,cmp782u9u02wgqm01zd3c1k02,1_wjv_02-0-0,episode,4
ff14bc2b-071a-446f-9018-c8ff4ca0af26,cmokmopz90odlqsccd0iybru9,JFP-Interests-Relationships,collection,cmp782jrg02rqqm01kk4vpzg1,1_riv_09-0-0,episode,5
66dcb867-d4f8-41d7-a17b-2d61c6404727,cmokmopz90odlqsccd0iybru9,JFP-Interests-Relationships,collection,cmp78f1wi091gqm01ueskr34r,2_FileZero-0-0,series,6
5486abae-01bf-4d7d-ab56-661b0282b7e0,cmokmopz90odlqsccd0iybru9,JFP-Interests-Relationships,collection,cmp785w3c04g0qm01p9xovcu9,2_0-Cabernet,shortFilm,7
53211e9c-ac4b-430b-ba55-722b7f28c5a7,cmokmopz90odlqsccd0iybru9,JFP-Interests-Relationships,collection,cmp782oyu02toqm01zm57embt,1_riv_11-0-0,episode,8
02c44f90-f7ad-46a5-91eb-bbadac295165,cmokmopz90odlqsccd0iybru9,JFP-Interests-Relationships,collection,cmp76x62n02guny01kfxrc6xh,1_fj_3-0-0,episode,9
62b1a92b-46fd-468e-ae15-ab77f7547f19,cmokmopz90odlqsccd0iybru9,JFP-Interests-Relationships,collection,cmp784vqw03wwqm01mv027dzk,1_wl71-0-0,episode,10
01f0b562-bb4f-4c10-ae2e-8b79338a496e,cmokmopz90odlqsccd0iybru9,JFP-Interests-Relationships,collection,cmp78i39a0akiqm01smvurvm1,2_PI,collection,11
5ed4d7a4-2ec5-4a5c-b4ca-3040d970a9d8,cmokmopz90odlqsccd0iybru9,JFP-Interests-Relationships,collection,cmp7885au05k4qm01aex6a2sd,2_0-Leland-Sturgis,shortFilm,12
5a2082d3-507f-4a33-9c06-3e7ebdef9d45,cmokmopz90odlqsccd0iybru9,JFP-Interests-Relationships,collection,cmp789w0p06e4qm01je988de3,2_0-Waiting-Alchemist,shortFilm,13
5433077e-2867-4d6a-90ca-700fed835836,cmokmopz90odlqsccd0iybru9,JFP-Interests-Relationships,collection,cmp78lwd50chwqm01cds7243e,3_0-8DWJ-WIJ,series,14
0b4f1410-2c31-431f-a3c6-f9b42ab9226f,cmokmopz90odlqsccd0iybru9,JFP-Interests-Relationships,collection,cmp7894tn061wqm017nxit2kl,2_0-Tarek,shortFilm,15
1cef64f6-1a16-4e77-85c0-a36948632d3b,cmokmopz90odlqsccd0iybru9,JFP-Interests-Relationships,collection,cmp76tnht01zgny01ueqzgv5x,1_cl-0-0,featureFilm,16
b62c86c9-140e-4814-9519-ef2d520a1762,cmokmopz90odlqsccd0iybru9,JFP-Interests-Relationships,collection,cmp7854jk041uqm018h0nfui1,1_wl77-0-0,episode,17
6c121cf3-f931-4544-a323-b521abcb9680,cmokmopz90odlqsccd0iybru9,JFP-Interests-Relationships,collection,cmp786fiu04q4qm01r20nw7iv,2_0-FallingPlates,shortFilm,18
84116041-4d15-4066-bc51-0859feb6aa25,cmokmopz90odlqsccd0iybru9,JFP-Interests-Relationships,collection,cmp788gxh05pmqm013930lb1j,2_0-PaperHats,shortFilm,19
357a90ad-f217-40e0-97e1-001a9973c703,cmokmopz90odlqsccd0iybru9,JFP-Interests-Relationships,collection,cmp76yn4x02owny01ta34f78o,1_jf6102-0-0,segment,20
60299cbf-aac1-4102-ace1-df99e8db1daa,cmokmopz90odlqsccd0iybru9,JFP-Interests-Relationships,collection,cmp76zyw002wyny013kze3wcq,1_jf6109-0-0,segment,21
155c18b6-7e3c-47ff-bc8e-7ab56049dc40,cmokmopz90odlqsccd0iybru9,JFP-Interests-Relationships,collection,cmp784x5m03xoqm01v90agbfg,1_wl72-0-0,episode,22
53f69fe9-3ce0-4a10-8c28-595ced0874fd,cmokmopz90odlqsccd0iybru9,JFP-Interests-Relationships,collection,cmp7828xl02mqqm01q6de6rhd,1_riv_01-0-0,episode,23
3713d315-743c-4ccb-9fd3-a66c24bb5294,cmokmopz90odlqsccd0iybru9,JFP-Interests-Relationships,collection,cmp782a1y02naqm018avh400x,1_riv_02-0-0,episode,24
cce06737-01e1-4688-be98-c9a23bb7b1d6,cmokmopz90odlqsccd0iybru9,JFP-Interests-Relationships,collection,cmp782bfs02o6qm01y8kskciq,1_riv_03-0-0,episode,25
05c12368-c352-4ef1-85d7-fecf38770a2d,cmokmopz90odlqsccd0iybru9,JFP-Interests-Relationships,collection,cmp782con02owqm01nyi66i4z,1_riv_04-0-0,episode,26
c9276a9b-601e-4a24-9797-c9c43b5da665,cmokmopz90odlqsccd0iybru9,JFP-Interests-Relationships,collection,cmp782ide02r0qm01kl9httbf,1_riv_08-0-0,episode,27
8ef8b7d0-8a39-49a5-91d9-cab811f32090,cmokmopz90odlqsccd0iybru9,JFP-Interests-Relationships,collection,cmp782sl302vkqm015c9rezt5,1_wjv_01-0-0,episode,28
c395c0e0-ed8b-4a76-bd04-6673c51567ad,cmokmopz90odlqsccd0iybru9,JFP-Interests-Relationships,collection,cmp7878p9054cqm01ggtlttht,2_0-La_Busqueda_The_Search,shortFilm,29
31feb0f9-9882-49bb-a4d2-7c68f5842f09,cmokmopz90odlqsccd0iybru9,JFP-Interests-Relationships,collection,cmp785utx04f8qm01ai2wvown,2_0-Brothers,shortFilm,30
132e19fb-ccaa-4942-9bea-db663039c4ea,cmokmopz90odlqsccd0iybru9,JFP-Interests-Relationships,collection,cmp785ym204heqm01l9a2se3b,2_0-Coffee-Shop,shortFilm,31
007534e7-1f38-47b4-a564-79fa29676e36,cmokmopz90odlqsccd0iybru9,JFP-Interests-Relationships,collection,cmp78656a04l2qm01fkdb1vn5,2_0-Ctrl-Z,shortFilm,32
38071a2c-0245-4915-8dc7-5bca643c4a6d,cmokmopz90odlqsccd0iybru9,JFP-Interests-Relationships,collection,cmp7877kr053sqm01ou6gg7qf,2_0-Just-An-Outside-Shot,shortFilm,33
31d63348-6ee9-477b-94a0-886ca4d10b0b,cmokmopz90odlqsccd0iybru9,JFP-Interests-Relationships,collection,cmp788e4705o6qm01yea1lqsb,2_0-Not-Evelyn-Cho,shortFilm,34
bfcbe463-77f5-45a1-9128-bb6162e1df1b,cmokmopz90odlqsccd0iybru9,JFP-Interests-Relationships,collection,cmp788v1x05wkqm01yddpyg8l,2_0-Rent-Check,shortFilm,35
45a1dc13-851f-4ed6-8367-5980667e4951,cmokmopz90odlqsccd0iybru9,JFP-Interests-Relationships,collection,cmp789rdz06bkqm01b4l9sich,2_0-Venia,shortFilm,36
8410f1bb-f69f-4d09-a7c0-df58da612f1c,cmokmopz90odlqsccd0iybru9,JFP-Interests-Relationships,collection,cmp786i1l04riqm01199y4ii0,2_0-Fracture,shortFilm,37
e9b6dfa3-c628-4cb1-913f-f2300941b393,cmokmovkd0odtqsccoeohg36q,JFP-Interests-Sports,collection,cmokmmxjp0o95qscc49jfz0gp,global_soccer_event_collection,collection,1
2d74011a-e5ca-48e1-ade9-74bb6eb862a4,cmokmovkd0odtqsccoeohg36q,JFP-Interests-Sports,collection,cmp78iqtc0aweqm017h9gw9h4,2_ThereisHopeSports,shortFilm,2
da4be8fb-47d4-4cda-9be2-5bdc699bff61,cmokmovkd0odtqsccoeohg36q,JFP-Interests-Sports,collection,cmp785nwf04c0qm01h8l6tgao,2_0-BornToPlay,shortFilm,3
057f4e98-a81e-4f19-941b-4bd5d1780d8c,cmokmovkd0odtqsccoeohg36q,JFP-Interests-Sports,collection,cmp789zdi06fwqm01zp26njvp,2_0-WhereYouBelong,shortFilm,4
a5409158-d0c7-4d28-99dd-dac633c75174,cmokmovkd0odtqsccoeohg36q,JFP-Interests-Sports,collection,cmp78nckt0d80qm01c2a0649m,4_AIAWC-ThePrize_Falcao-0-0,segment,5
7e3208d3-d180-4366-976d-d1cb5349df1c,cmokmovkd0odtqsccoeohg36q,JFP-Interests-Sports,collection,cmp7877kr053sqm01ou6gg7qf,2_0-Just-An-Outside-Shot,shortFilm,6
9916219d-3017-49e1-ba3b-bd71f2b88a66,cmokmovkd0odtqsccoeohg36q,JFP-Interests-Sports,collection,cmp78neeg0d8eqm01qwqjoyaq,4_AIAWC-ThePrize_RVR-0-0,segment,7
0a890ed0-1334-4c10-91be-6b87f3e5767d,cmokmovkd0odtqsccoeohg36q,JFP-Interests-Sports,collection,cmp78ndpc0d8aqm0161s1pdon,4_AIAWC-ThePrize_RTF-0-0,segment,8
1bce2733-a02e-41ac-a4ca-77ba52a63358,cmokmovkd0odtqsccoeohg36q,JFP-Interests-Sports,collection,cmp789qoh06baqm01i5o979hk,2_0-UseThisApp05,episode,9
ad518b3b-92e3-4966-8fea-d18f0729b95e,cmokmovkd0odtqsccoeohg36q,JFP-Interests-Sports,collection,cmpek9992019ekh01xb2fm2wg,17_RunRace,shortFilm,10
730c0c27-d996-4f4a-a2aa-3001e9d0f8c5,cmokmovkd0odtqsccoeohg36q,JFP-Interests-Sports,collection,cmpek97l8018wkh01gs7yl6f1,17_BibleSport,shortFilm,11
f688afff-41e8-4df8-8258-b723929b723a,cmokmoy3g0oe3qscc9x8uxosr,JFP-Interests-Student-Resources,collection,cmp785mn704b8qm01s7dub0ju,2_0-BMe,shortFilm,1
9a2c9953-f25a-4aa8-9e2a-32179434318a,cmokmoy3g0oe3qscc9x8uxosr,JFP-Interests-Student-Resources,collection,cmp78f1wi091gqm01ueskr34r,2_FileZero-0-0,series,2
1e34c22d-d626-4cb2-85a4-d46a792a7959,cmokmoy3g0oe3qscc9x8uxosr,JFP-Interests-Student-Resources,collection,cmp786fiu04q4qm01r20nw7iv,2_0-FallingPlates,shortFilm,3
817ccc50-dee7-4b8a-9c15-aee17a09c1df,cmokmoy3g0oe3qscc9x8uxosr,JFP-Interests-Student-Resources,collection,cmp76tk7g01yuny01608091b1,16_shine_collection,collection,4
16c782d4-641b-477f-ab9b-98a76325afd7,cmokmoy3g0oe3qscc9x8uxosr,JFP-Interests-Student-Resources,collection,cmp76iqkp006any014rbs7zdq,10_DarkroomFaith,series,5
53c70fb9-06aa-4e31-8797-9f4ef80488dc,cmokmoy3g0oe3qscc9x8uxosr,JFP-Interests-Student-Resources,collection,cmokmpsx10og5qsccxzhk2m9q,Nua,collection,6
179accc2-61c3-45b4-90eb-05e50e693b5d,cmokmoy3g0oe3qscc9x8uxosr,JFP-Interests-Student-Resources,collection,cmp7878p9054cqm01ggtlttht,2_0-La_Busqueda_The_Search,shortFilm,7
a8de1db0-9c95-4665-a1ea-65ccb4594ffa,cmokmoy3g0oe3qscc9x8uxosr,JFP-Interests-Student-Resources,collection,cmp786a7s04nwqm01j3t9ozag,2_0-Doll-Face,shortFilm,8
e1349863-bd48-4902-a1fd-059bb0de44f9,cmokmoy3g0oe3qscc9x8uxosr,JFP-Interests-Student-Resources,collection,cmokmmas60o7qqscc4z2ptbr7,BibleProject,collection,9
10b7953c-68be-4199-9012-bf0556ed4fd9,cmokmoy3g0oe3qscc9x8uxosr,JFP-Interests-Student-Resources,collection,cmp7879yl0550qm01y63o273j,2_0-La-Liberte,shortFilm,10
854e51a4-b2ca-4013-ae79-771feabea915,cmokmoy3g0oe3qscc9x8uxosr,JFP-Interests-Student-Resources,collection,cmp785ym204heqm01l9a2se3b,2_0-Coffee-Shop,shortFilm,11
a28035b6-18da-4cb1-b8f1-31e929a6ae2d,cmokmoy3g0oe3qscc9x8uxosr,JFP-Interests-Student-Resources,collection,cmp7872j30514qm0135d9z5cp,2_0-Jangled,shortFilm,12
7c07abe0-570e-45e1-937f-65d8b550e650,cmokmoy3g0oe3qscc9x8uxosr,JFP-Interests-Student-Resources,collection,cmp788sje05v8qm011o32emtj,2_0-Rain,shortFilm,13
3ee2d7c0-7987-4fe3-90b5-fc0d22d8eb73,cmokmoy3g0oe3qscc9x8uxosr,JFP-Interests-Student-Resources,collection,cmp786i1l04riqm01199y4ii0,2_0-Fracture,shortFilm,14
ff81da99-9112-4a44-9252-14d71b7a159c,cmokmoy3g0oe3qscc9x8uxosr,JFP-Interests-Student-Resources,collection,cmp76tnht01zgny01ueqzgv5x,1_cl-0-0,featureFilm,15
8c31c4ad-4f60-4278-ba73-e69f9bda5320,cmokmoy3g0oe3qscc9x8uxosr,JFP-Interests-Student-Resources,collection,cmp785cc3045kqm01134w0f1t,2_0-4Laws,shortFilm,16
63c22b6a-b275-486e-9dad-9fd94d10b1c3,cmokmp0wk0oebqsccu6yxd9cl,JFP-Interests-Training,collection,cmp789lnh069sqm01p9n2v1qy,2_0-UseThisApp01,episode,1
a1b72016-4965-4f67-87bd-4acfc771f0ad,cmokmp0wk0oebqsccu6yxd9cl,JFP-Interests-Training,collection,cmp789mcn06a4qm01wxprdqtn,2_0-UseThisApp02,episode,2
4d159064-32e1-4c84-90db-4e9a80aec62a,cmokmp0wk0oebqsccu6yxd9cl,JFP-Interests-Training,collection,cmp789n1q06acqm011rvfmds5,2_0-UseThisApp03,episode,3
c7fdaae0-7656-4edb-b3f9-8b3513f50f58,cmokmp0wk0oebqsccu6yxd9cl,JFP-Interests-Training,collection,cmp789nqz06akqm01ra0n3w3s,2_0-UseThisApp04,episode,4
179661c5-8863-4217-9402-00e35e7e17f1,cmokmp0wk0oebqsccu6yxd9cl,JFP-Interests-Training,collection,cmp789qoh06baqm01i5o979hk,2_0-UseThisApp05,episode,5
fdfa8651-a76e-461b-bb83-bb5f20b5d887,cmokmp0wk0oebqsccu6yxd9cl,JFP-Interests-Training,collection,cmp76xa1k02i4ny01h0tb4rj6,1_fj_5-0-0,episode,6
02fdf1f8-9b3e-403e-8b05-9d5e8766e13b,cmokmp0wk0oebqsccu6yxd9cl,JFP-Interests-Training,collection,cmp782qcu02ugqm01gk2e5c5y,1_riv_12-0-0,episode,7
da8669cf-0b4c-4eb0-b828-8b82812950a9,cmokmp0wk0oebqsccu6yxd9cl,JFP-Interests-Training,collection,cmp780viu01xcqm01yhmyjm2b,1_jf6126-0-0,segment,8
48e38d5c-a48e-4461-ad88-a4f7c6645319,cmokmp0wk0oebqsccu6yxd9cl,JFP-Interests-Training,collection,cmp78242v02jyqm01qhg4rmq7,1_jf6160-0-0,segment,9
e9478619-3c52-4aca-bbed-799a9f0dd7dd,cmokmp0wk0oebqsccu6yxd9cl,JFP-Interests-Training,collection,cmp785cc3045kqm01134w0f1t,2_0-4Laws,shortFilm,10
9bb61205-2046-41a0-a885-cebd01246ad6,cmokmp3cs0oejqsccfv6u9q5l,JFP-Interests-Women-Resources,collection,cmp78ecr308osqm01ni0jvmpz,2_ChosenWitness,shortFilm,1
187449b1-1258-4132-8aa6-dd723af412fa,cmokmp3cs0oejqsccfv6u9q5l,JFP-Interests-Women-Resources,collection,cmokmpm9m0ofxqsccffdmrpux,MAG1,featureFilm,2
aeeeb362-dd98-430b-aea5-83022380b0d7,cmokmp3cs0oejqsccfv6u9q5l,JFP-Interests-Women-Resources,collection,cmp78288r02mcqm01w3ge27mh,1_riv-0-0,series,3
6f2104ea-b6e1-49aa-9701-91abd898f60b,cmokmp3cs0oejqsccfv6u9q5l,JFP-Interests-Women-Resources,collection,cmp785ym204heqm01l9a2se3b,2_0-Coffee-Shop,shortFilm,4
4e04cd45-376f-4354-8db8-1ab2d1cfe3a0,cmokmp3cs0oejqsccfv6u9q5l,JFP-Interests-Women-Resources,collection,cmp786a7s04nwqm01j3t9ozag,2_0-Doll-Face,shortFilm,5
e4cbfabf-f68d-478b-bc90-30d78ba96771,cmokmp3cs0oejqsccfv6u9q5l,JFP-Interests-Women-Resources,collection,cmp7872j30514qm0135d9z5cp,2_0-Jangled,shortFilm,6
e8a57bc3-7164-421d-b18a-30e25c617519,cmokmp3cs0oejqsccfv6u9q5l,JFP-Interests-Women-Resources,collection,cmp7854jk041uqm018h0nfui1,1_wl77-0-0,episode,7
dff4bf6c-8cc1-441d-a368-1266ce238611,cmokmp3cs0oejqsccfv6u9q5l,JFP-Interests-Women-Resources,collection,cmp7828xl02mqqm01q6de6rhd,1_riv_01-0-0,episode,8
308f1bbb-8a10-4ab1-bf3c-4666ed440b9c,cmokmp3cs0oejqsccfv6u9q5l,JFP-Interests-Women-Resources,collection,cmp7713o2031uny01awgrln0v,1_jf6115-0-0,segment,9
6252994f-f1f2-4e8b-91a6-b4478eec7174,cmokmp3cs0oejqsccfv6u9q5l,JFP-Interests-Women-Resources,collection,cmp784x5m03xoqm01v90agbfg,1_wl72-0-0,episode,10
2bdf82b7-d84b-4d0c-a7f1-dd37ea105423,cmokmp3cs0oejqsccfv6u9q5l,JFP-Interests-Women-Resources,collection,cmp76xcw602imny01vnsbwwy9,1_jf-0-0,featureFilm,11
05323871-15d3-4c8d-aabe-8ff222a42bff,cmokmp3cs0oejqsccfv6u9q5l,JFP-Interests-Women-Resources,collection,cmp76yn4x02owny01ta34f78o,1_jf6102-0-0,segment,12
321788ab-ea27-42ce-87eb-69bf19ea01d5,cmokmp3cs0oejqsccfv6u9q5l,JFP-Interests-Women-Resources,collection,cmp770vlq030sny01aei6iwin,1_jf6114-0-0,segment,13
fd5ff08f-3780-41a1-ace5-5d2de243025d,cmokmp3cs0oejqsccfv6u9q5l,JFP-Interests-Women-Resources,collection,cmp782a1y02naqm018avh400x,1_riv_02-0-0,episode,14
81ed9e3a-4bdd-4cb1-bc14-fc60503eb003,cmokmp3cs0oejqsccfv6u9q5l,JFP-Interests-Women-Resources,collection,cmp782bfs02o6qm01y8kskciq,1_riv_03-0-0,episode,15
8fd9ecf4-2e83-48a6-aa41-882132ca5ed2,cmokmp3cs0oejqsccfv6u9q5l,JFP-Interests-Women-Resources,collection,cmp782con02owqm01nyi66i4z,1_riv_04-0-0,episode,16
25926ae1-0838-49ff-9acd-5a026595dfe2,cmokmp3cs0oejqsccfv6u9q5l,JFP-Interests-Women-Resources,collection,cmp782e2k02poqm01m72g3gtw,1_riv_05-0-0,episode,17
b3fb2cc6-0d1a-42d7-98cc-0f4e24bb3c86,cmokmp3cs0oejqsccfv6u9q5l,JFP-Interests-Women-Resources,collection,cmp782fll02q4qm01oy4qow65,1_riv_06-0-0,episode,18
68036ba3-2027-4819-8ed0-4e20b69055c6,cmokmp3cs0oejqsccfv6u9q5l,JFP-Interests-Women-Resources,collection,cmp782gzk02qiqm01n463lpxu,1_riv_07-0-0,episode,19
2be2e459-afad-4322-9ac0-a3760b42e5d8,cmokmp3cs0oejqsccfv6u9q5l,JFP-Interests-Women-Resources,collection,cmp782ide02r0qm01kl9httbf,1_riv_08-0-0,episode,20
74bb3655-e2ca-4cf5-bed2-c30eb6c5de43,cmokmp3cs0oejqsccfv6u9q5l,JFP-Interests-Women-Resources,collection,cmp782jrg02rqqm01kk4vpzg1,1_riv_09-0-0,episode,21
bcba7cd3-1ea1-4e44-a4a1-aad95631a8a7,cmokmp3cs0oejqsccfv6u9q5l,JFP-Interests-Women-Resources,collection,cmp782lad02seqm01u6a4mhla,1_riv_10-0-0,episode,22
49c3ad65-1bf4-43c8-b6e5-e7d1ef48363c,cmokmp3cs0oejqsccfv6u9q5l,JFP-Interests-Women-Resources,collection,cmp782oyu02toqm01zm57embt,1_riv_11-0-0,episode,23
63164434-52eb-4311-a6ad-416626340d2d,cmokmp3cs0oejqsccfv6u9q5l,JFP-Interests-Women-Resources,collection,cmp782qcu02ugqm01gk2e5c5y,1_riv_12-0-0,episode,24
084c7f6b-3e75-4a25-b119-997e3491cec6,cmokmp3cs0oejqsccfv6u9q5l,JFP-Interests-Women-Resources,collection,cmp782sl302vkqm015c9rezt5,1_wjv_01-0-0,episode,25
aa931aab-fd02-4825-8eff-44100389ac01,cmokmp3cs0oejqsccfv6u9q5l,JFP-Interests-Women-Resources,collection,cmp78309r02zoqm01731wmiad,1_wl-0-0,featureFilm,26
76d1b89e-2d1f-4c68-a838-0941fda8cf65,cmokmp3cs0oejqsccfv6u9q5l,JFP-Interests-Women-Resources,collection,cmp784vqw03wwqm01mv027dzk,1_wl71-0-0,episode,27
4360affc-4f3d-459e-9e47-e2d3a7e46779,cmokmp3cs0oejqsccfv6u9q5l,JFP-Interests-Women-Resources,collection,cmp784yjy03yaqm01r5jzb97n,1_wl73-0-0,episode,28
494229b4-d74e-481a-b7e0-ba493a3bb1a3,cmokmp3cs0oejqsccfv6u9q5l,JFP-Interests-Women-Resources,collection,cmp784zt503z2qm01bbco8b9f,1_wl74-0-0,episode,29
fdf64dd1-0bff-4ce3-b7be-e687bef68123,cmokmp3cs0oejqsccfv6u9q5l,JFP-Interests-Women-Resources,collection,cmp7851c703zyqm01xini23rf,1_wl75-0-0,episode,30
c74d52a3-64db-4f3f-a91a-71d5ff8a240a,cmokmp3cs0oejqsccfv6u9q5l,JFP-Interests-Women-Resources,collection,cmp78535e0412qm01npv5wx2v,1_wl76-0-0,episode,31
3ab967d4-d6b8-419e-8e6e-57702a742cbb,cmokmp3cs0oejqsccfv6u9q5l,JFP-Interests-Women-Resources,collection,cmp786bgz04omqm01cc3en8rp,2_0-Dont-Hold-Your-Breath,shortFilm,32
f6989d02-2fe3-422d-9159-da749d8768d5,cmokmp3cs0oejqsccfv6u9q5l,JFP-Interests-Women-Resources,collection,cmp7873nt051oqm01doj0s5lc,2_0-Jatku-Leiba,shortFilm,33
0ef42f3b-8d08-4072-ae02-bda0bf1b4a29,cmokmp3cs0oejqsccfv6u9q5l,JFP-Interests-Women-Resources,collection,cmp7878p9054cqm01ggtlttht,2_0-La_Busqueda_The_Search,shortFilm,34
c0cba9ff-0dad-4f06-87e4-e3b0144eb4b6,cmokmp3cs0oejqsccfv6u9q5l,JFP-Interests-Women-Resources,collection,cmp788e4705o6qm01yea1lqsb,2_0-Not-Evelyn-Cho,shortFilm,35
4a9dba29-8228-4925-9638-ded290b24dfe,cmokmp3cs0oejqsccfv6u9q5l,JFP-Interests-Women-Resources,collection,cmp78jclv0b8oqm0101iq0wo7,3_0-40DWJ,series,36
4dceda1e-fcf4-4554-885a-f6e0791067de,cmokmp3cs0oejqsccfv6u9q5l,JFP-Interests-Women-Resources,collection,cmp7831nt0306qm01ju20rirb,1_wl604401-0-0,segment,37
e0e1533d-3831-46d6-a52b-498af58874b4,cmokmp3cs0oejqsccfv6u9q5l,JFP-Interests-Women-Resources,collection,cmp7832cy030iqm01dtvqdcbn,1_wl604402-0-0,segment,38
c8125b08-19c9-4cd5-b602-719753ade322,cmokmp3cs0oejqsccfv6u9q5l,JFP-Interests-Women-Resources,collection,cmp7833rf0318qm01ntn1a3sj,1_wl604403-0-0,segment,39
ba9a3d9e-24ac-4046-8bc2-b7746da4b4d0,cmokmp3cs0oejqsccfv6u9q5l,JFP-Interests-Women-Resources,collection,cmp78350m031sqm01a4aow3a3,1_wl604404-0-0,segment,40
4d740432-44ab-48cd-8c9c-e0018e31cdea,cmokmp3cs0oejqsccfv6u9q5l,JFP-Interests-Women-Resources,collection,cmp78369u032kqm01hmndj6da,1_wl604405-0-0,segment,41
11019eed-3b28-4212-bff4-7a237858bc70,cmokmp3cs0oejqsccfv6u9q5l,JFP-Interests-Women-Resources,collection,cmp7837dy0334qm01q50g3zmy,1_wl604406-0-0,segment,42
565bff56-5fcc-4850-8494-1ef50ddf5c5a,cmokmp3cs0oejqsccfv6u9q5l,JFP-Interests-Women-Resources,collection,cmp7838x5033yqm01j8n5pv6x,1_wl604407-0-0,segment,43
d8332b37-7c9c-451d-9c66-4ca2b55249ca,cmokmp3cs0oejqsccfv6u9q5l,JFP-Interests-Women-Resources,collection,cmp783a6f034qqm01s62wsnro,1_wl604408-0-0,segment,44
df748b6e-0a6a-463a-944a-bbe71ab81eea,cmokmp3cs0oejqsccfv6u9q5l,JFP-Interests-Women-Resources,collection,cmp783bfz035gqm01s7m5lkmd,1_wl604409-0-0,segment,45
899c5ceb-46b9-4d11-b42e-9af603eca142,cmokmp3cs0oejqsccfv6u9q5l,JFP-Interests-Women-Resources,collection,cmp783cpb0368qm0166a59vtk,1_wl604410-0-0,segment,46
088f013c-4f82-40e3-b161-d8768315c07c,cmokmp3cs0oejqsccfv6u9q5l,JFP-Interests-Women-Resources,collection,cmp783dte036sqm0136t91sbk,1_wl604411-0-0,segment,47
56aa438b-7f16-439c-b678-680b81e22390,cmokmp3cs0oejqsccfv6u9q5l,JFP-Interests-Women-Resources,collection,cmp783f2t037kqm01sjnvsg9p,1_wl604412-0-0,segment,48
22c0f0b0-ddbd-4e6b-88f9-7637b2814584,cmokmp3cs0oejqsccfv6u9q5l,JFP-Interests-Women-Resources,collection,cmp783gc8037wqm0132sbwrjj,1_wl604413-0-0,segment,49
2495976a-7363-4291-a18c-cca7842267f3,cmokmp3cs0oejqsccfv6u9q5l,JFP-Interests-Women-Resources,collection,cmp783hvn038cqm01wgj6b5ij,1_wl604414-0-0,segment,50
54236ca7-b014-47fd-bd88-a06752cc4ba7,cmokmp3cs0oejqsccfv6u9q5l,JFP-Interests-Women-Resources,collection,cmp783j4v038yqm01ypdplvu5,1_wl604415-0-0,segment,51
7714cb78-2e0a-4e14-9a29-07e550d190c0,cmokmp3cs0oejqsccfv6u9q5l,JFP-Interests-Women-Resources,collection,cmp783mpv03aiqm01z2mdfh5u,1_wl604416-0-0,segment,52
0fc79d7d-f928-46a9-bdf6-22389b58e6de,cmokmp3cs0oejqsccfv6u9q5l,JFP-Interests-Women-Resources,collection,cmp783o3x03beqm01hlz0446n,1_wl604417-0-0,segment,53
c68e8e27-1ccd-4576-983f-7b25cb98f9fc,cmokmp3cs0oejqsccfv6u9q5l,JFP-Interests-Women-Resources,collection,cmp783pdg03byqm01a7bknam7,1_wl604418-0-0,segment,54
dc4943c5-77eb-49a8-9f4b-f91639a1e623,cmokmp3cs0oejqsccfv6u9q5l,JFP-Interests-Women-Resources,collection,cmp783r6t03d0qm01fhzfp9m1,1_wl604419-0-0,segment,55
04882d4e-bed1-4957-8526-2565694a8e04,cmokmp3cs0oejqsccfv6u9q5l,JFP-Interests-Women-Resources,collection,cmp783sq503duqm01nwvrb9up,1_wl604420-0-0,segment,56
c6b4737d-e1e3-4e70-be22-4070cc8ed328,cmokmp3cs0oejqsccfv6u9q5l,JFP-Interests-Women-Resources,collection,cmp783u4m03emqm01e7rcb2ll,1_wl604421-0-0,segment,57
87e302dc-6d34-48c2-8c16-1973b3e6e1d2,cmokmp3cs0oejqsccfv6u9q5l,JFP-Interests-Women-Resources,collection,cmp783vir03feqm01iu0jas61,1_wl604422-0-0,segment,58
7401d74e-89f4-47ec-a693-5bb96a10eb11,cmokmp3cs0oejqsccfv6u9q5l,JFP-Interests-Women-Resources,collection,cmp783ws203g2qm01xxp4ag20,1_wl604423-0-0,segment,59
8968d7b5-c671-46b7-8633-407f81a0cd6d,cmokmp3cs0oejqsccfv6u9q5l,JFP-Interests-Women-Resources,collection,cmp783yb803guqm01hd6u1z2u,1_wl604424-0-0,segment,60
4e4ee552-dec2-4800-a5ec-447e36b46194,cmokmp3cs0oejqsccfv6u9q5l,JFP-Interests-Women-Resources,collection,cmp78405103hwqm01bph8tlma,1_wl604425-0-0,segment,61
6bf1e747-d1a8-4a98-b685-ec3a160ec955,cmokmp3cs0oejqsccfv6u9q5l,JFP-Interests-Women-Resources,collection,cmp7841tg03iqqm01hgrbvc0d,1_wl604426-0-0,segment,62
9a857077-3c85-4e05-b4c8-6a873a488f6d,cmokmp3cs0oejqsccfv6u9q5l,JFP-Interests-Women-Resources,collection,cmp78433b03jeqm013sl33ot7,1_wl604427-0-0,segment,63
a41b1f90-92f5-4d77-bf02-5ded5f47a342,cmokmp3cs0oejqsccfv6u9q5l,JFP-Interests-Women-Resources,collection,cmp78447r03k2qm019h2ambpl,1_wl604428-0-0,segment,64
bd721e0b-10af-42e8-99ec-e23dbdd16806,cmokmp3cs0oejqsccfv6u9q5l,JFP-Interests-Women-Resources,collection,cmp7845m303ksqm0132aumps1,1_wl604429-0-0,segment,65
69a1f0d3-ee53-4940-9cb4-7a0de2776c3c,cmokmp3cs0oejqsccfv6u9q5l,JFP-Interests-Women-Resources,collection,cmp78475n03lgqm01btiakdxi,1_wl604430-0-0,segment,66
c0cc4347-7503-4894-b904-88e4bdb9efd2,cmokmp3cs0oejqsccfv6u9q5l,JFP-Interests-Women-Resources,collection,cmp7848kb03m2qm01l235ud3g,1_wl604431-0-0,segment,67
7bd95742-c2f7-455f-8b6f-fbd87417c2ee,cmokmp3cs0oejqsccfv6u9q5l,JFP-Interests-Women-Resources,collection,cmp784a8l03muqm01xd7uvlyy,1_wl604432-0-0,segment,68
70cbdba0-e97c-438b-9946-9b80609ef4a8,cmokmp3cs0oejqsccfv6u9q5l,JFP-Interests-Women-Resources,collection,cmp784brr03ngqm01lum5ev1b,1_wl604433-0-0,segment,69
441e65c8-93d8-40cc-a3ed-18da10808047,cmokmp3cs0oejqsccfv6u9q5l,JFP-Interests-Women-Resources,collection,cmp784e0403o8qm01961owusn,1_wl604434-0-0,segment,70
1fb16e13-f05f-4903-b7f5-c064f6488387,cmokmp3cs0oejqsccfv6u9q5l,JFP-Interests-Women-Resources,collection,cmp784foe03oyqm01utwgwspo,1_wl604435-0-0,segment,71
79a13e2e-0e14-473c-9540-18126b701529,cmokmp3cs0oejqsccfv6u9q5l,JFP-Interests-Women-Resources,collection,cmp784gnn03pcqm01zu9s4udw,1_wl604436-0-0,segment,72
940ca590-c41f-422c-8b52-8e939e4d9e56,cmokmp3cs0oejqsccfv6u9q5l,JFP-Interests-Women-Resources,collection,cmp784i2103pyqm018w0kmgbb,1_wl604437-0-0,segment,73
0eb974a4-d47f-4780-91f4-3387ab133002,cmokmp3cs0oejqsccfv6u9q5l,JFP-Interests-Women-Resources,collection,cmp784jl703qsqm01yjx5akw4,1_wl604438-0-0,segment,74
0ffd9188-cd47-4102-aed8-2090d7059e24,cmokmp3cs0oejqsccfv6u9q5l,JFP-Interests-Women-Resources,collection,cmp784l9h03roqm01o0sozw2g,1_wl604439-0-0,segment,75
590c54c6-fea5-49aa-aa33-cf45b06a700f,cmokmp3cs0oejqsccfv6u9q5l,JFP-Interests-Women-Resources,collection,cmp784mxc03smqm01gl0h2z62,1_wl604440-0-0,segment,76
d6426015-0137-4c56-be9c-006797451baa,cmokmp3cs0oejqsccfv6u9q5l,JFP-Interests-Women-Resources,collection,cmp784q6303tyqm01a23ainou,1_wl604441-0-0,segment,77
13ad2874-5c2f-40d5-ac16-043e3a10b9c2,cmokmp3cs0oejqsccfv6u9q5l,JFP-Interests-Women-Resources,collection,cmp784rfa03umqm01boyndwqw,1_wl604442-0-0,segment,78
0a976c06-ae9d-4dc5-b0a8-7b17ff3ff874,cmokmp3cs0oejqsccfv6u9q5l,JFP-Interests-Women-Resources,collection,cmp784sji03v6qm01t21d1tgi,1_wl604443-0-0,segment,79
2caa7113-21cd-4bc9-b067-3d272159d20b,cmokmp3cs0oejqsccfv6u9q5l,JFP-Interests-Women-Resources,collection,cmp784tsl03vuqm01ce5oanh7,1_wl604444-0-0,segment,80
1f08ea8d-2eaf-45f9-821d-ca53c2288c1c,cmokmpe950oerqsccqs56mnip,LOJS,collection,cmp78mkk30cumqm0167y3t5pt,3_IAm-0-0,series,1
ba41c012-2c87-4691-a557-5970629513d4,cmokmpe950oerqsccqs56mnip,LOJS,collection,cmp78n3da0d3sqm018j7rhuhe,3_RFD-0-0,series,2
722a9223-4b4a-4d57-acbe-5ac6d2812573,cmokmpfra0oezqsccro47rskf,LOVE40,collection,cmp7887o305lcqm01wdp7wda2,2_0-Marea,shortFilm,1
701ce0b7-750c-44d2-9003-2ffb5d49871a,cmokmpfra0oezqsccro47rskf,LOVE40,collection,cmp786y6004yuqm018hfja0z1,2_0-In-Time,shortFilm,2
d7e3f17c-764a-469f-8fe6-3cb2e6c86f8d,cmokmpfra0oezqsccro47rskf,LOVE40,collection,cmp7879yl0550qm01y63o273j,2_0-La-Liberte,shortFilm,3
698cfff7-d0bb-40bc-8a04-6e7606c8c684,cmokmpfra0oezqsccro47rskf,LOVE40,collection,cmp78350m031sqm01a4aow3a3,1_wl604404-0-0,segment,4
115261dd-84cd-4d54-af3b-ccd98f9d6f64,cmokmpfra0oezqsccro47rskf,LOVE40,collection,cmp7878p9054cqm01ggtlttht,2_0-La_Busqueda_The_Search,shortFilm,5
54444082-47e7-4196-9726-ab37de65b088,cmokmpfra0oezqsccro47rskf,LOVE40,collection,cmp789rdz06bkqm01b4l9sich,2_0-Venia,shortFilm,6
3bb776ab-94d3-4bef-b10a-a3827f7d2a9b,cmokmpfra0oezqsccro47rskf,LOVE40,collection,cmp7832cy030iqm01dtvqdcbn,1_wl604402-0-0,segment,7
598ffd60-e7d0-4cfe-a168-88675d64d43d,cmokmpfra0oezqsccro47rskf,LOVE40,collection,cmp7873nt051oqm01doj0s5lc,2_0-Jatku-Leiba,shortFilm,8
17e21093-3431-4b24-b3a4-0caa9ca49f6a,cmokmpfra0oezqsccro47rskf,LOVE40,collection,cmp785w3c04g0qm01p9xovcu9,2_0-Cabernet,shortFilm,9
1ceda511-3522-4645-846a-a893fb500dc4,cmokmpfra0oezqsccro47rskf,LOVE40,collection,cmp786cla04oyqm01rmxhllxy,2_0-Dying-Roads,shortFilm,10
e83edc25-8e1a-4458-8ca1-32ba7c900eb4,cmokmpfra0oezqsccro47rskf,LOVE40,collection,cmp7811mf0208qm01k646orfo,1_jf6131-0-0,segment,11
03bfa40c-6e3c-4e2c-b5c7-229dd5d7e3c0,cmokmpfra0oezqsccro47rskf,LOVE40,collection,cmp788sje05v8qm011o32emtj,2_0-Rain,shortFilm,12
0df25721-d23c-470a-9a88-4b52e8c69103,cmokmpfra0oezqsccro47rskf,LOVE40,collection,cmp7886k105ksqm01eggwj430,2_0-LivingWord,shortFilm,13
cb7f45dd-a6ae-4a77-8376-8e12f73366ea,cmokmpfra0oezqsccro47rskf,LOVE40,collection,cmp7826fv02lgqm01tb58itb3,1_mld-0-0,shortFilm,14
0b44b39a-8968-4785-8c92-f785eac26910,cmokmpfra0oezqsccro47rskf,LOVE40,collection,cmp7896cw062oqm01iugdce5g,2_0-Theophilus,shortFilm,15
c3679ba7-7877-4f25-9f77-c003b5d1b148,cmokmpfra0oezqsccro47rskf,LOVE40,collection,cmp786fiu04q4qm01r20nw7iv,2_0-FallingPlates,shortFilm,16
caa7e0e2-d8e0-4e86-987a-bc411a61b1ad,cmokmpfra0oezqsccro47rskf,LOVE40,collection,cmp78256t02kmqm01iuotw495,1_jf6161-0-0,segment,17
8bd6fde0-3e83-47dd-b337-c115af105ccd,cmokmpjtw0ofhqsccozenpulr,LUMOCollection,collection,cmokmnbls0oa1qscc5a0k9p1d,GOMattCollection,collection,1
8527c997-20cc-4443-bf04-0b8405929935,cmokmpjtw0ofhqsccozenpulr,LUMOCollection,collection,cmokmn8kx0o9tqsccq58ggufr,GOMarkCollection,collection,2
65c6c275-30fb-4398-9580-de7d2214bb42,cmokmpjtw0ofhqsccozenpulr,LUMOCollection,collection,cmokmn48h0o9lqsccp37gsysy,GOLukeCollection,collection,3
97322a08-4ffd-4758-b2f1-7a98ee48c28a,cmokmpjtw0ofhqsccozenpulr,LUMOCollection,collection,cmokmn0eq0o9dqscc1g2ul28r,GOJohnCollection,collection,4
74d3e0e6-032a-4844-8586-677c8be6b475,cmokmpjtw0ofhqsccozenpulr,LUMOCollection,collection,cmp78qc4j0eh2qm01vnifofpr,6_HowHaveRelationshipWithGod,shortFilm,5
5122333a-b005-4d1c-a3d2-afd5ce6495db,cmokmpjtw0ofhqsccozenpulr,LUMOCollection,collection,cmrundr4a00j4n101knmywu3l,6_Acts,series,6
790aa785-23e1-47e7-aaca-45dad4458d45,cmokmpm9m0ofxqsccffdmrpux,MAG1,featureFilm,cmp7831nt0306qm01ju20rirb,1_wl604401-0-0,segment,1
6f91859e-dcb8-4f72-a295-e42fcf6f8461,cmokmpm9m0ofxqsccffdmrpux,MAG1,featureFilm,cmp7832cy030iqm01dtvqdcbn,1_wl604402-0-0,segment,2
bc8caa26-9349-46be-9021-db5c89bb2722,cmokmpm9m0ofxqsccffdmrpux,MAG1,featureFilm,cmp7833rf0318qm01ntn1a3sj,1_wl604403-0-0,segment,3
9be102e7-15f8-4f8c-93de-e57d20a422c2,cmokmpm9m0ofxqsccffdmrpux,MAG1,featureFilm,cmp78350m031sqm01a4aow3a3,1_wl604404-0-0,segment,4
ce88fd46-bb2d-4f54-9bb1-b64ac97a7d12,cmokmpm9m0ofxqsccffdmrpux,MAG1,featureFilm,cmp78369u032kqm01hmndj6da,1_wl604405-0-0,segment,5
ae99ba5d-646b-436e-b952-fd4b1d53ea5f,cmokmpm9m0ofxqsccffdmrpux,MAG1,featureFilm,cmp7837dy0334qm01q50g3zmy,1_wl604406-0-0,segment,6
95c8305d-f4b8-416a-8756-8eb747475869,cmokmpm9m0ofxqsccffdmrpux,MAG1,featureFilm,cmp7838x5033yqm01j8n5pv6x,1_wl604407-0-0,segment,7
6d057f24-abb9-4fac-a9f8-1ca4f4aeffda,cmokmpm9m0ofxqsccffdmrpux,MAG1,featureFilm,cmp783a6f034qqm01s62wsnro,1_wl604408-0-0,segment,8
6bb49e38-fc32-4cd9-be77-74c783c4fd77,cmokmpm9m0ofxqsccffdmrpux,MAG1,featureFilm,cmp783bfz035gqm01s7m5lkmd,1_wl604409-0-0,segment,9
bb58bc76-92e8-49f0-97b3-d1a00e1a7a1b,cmokmpm9m0ofxqsccffdmrpux,MAG1,featureFilm,cmp783cpb0368qm0166a59vtk,1_wl604410-0-0,segment,10
965b2f46-d41e-489b-b3a9-f97164e18d4a,cmokmpm9m0ofxqsccffdmrpux,MAG1,featureFilm,cmp783dte036sqm0136t91sbk,1_wl604411-0-0,segment,11
d2b185b1-c69d-4dba-9964-5371120e690b,cmokmpm9m0ofxqsccffdmrpux,MAG1,featureFilm,cmp783f2t037kqm01sjnvsg9p,1_wl604412-0-0,segment,12
cdcb27b6-b8e9-4d6a-8139-1118892ddc9f,cmokmpm9m0ofxqsccffdmrpux,MAG1,featureFilm,cmp783gc8037wqm0132sbwrjj,1_wl604413-0-0,segment,13
6dc68909-ecf0-460d-8db8-08a71a9966bf,cmokmpm9m0ofxqsccffdmrpux,MAG1,featureFilm,cmp783hvn038cqm01wgj6b5ij,1_wl604414-0-0,segment,14
f5a59ef2-9dac-4851-900e-d8dbb511ec9a,cmokmpm9m0ofxqsccffdmrpux,MAG1,featureFilm,cmp783j4v038yqm01ypdplvu5,1_wl604415-0-0,segment,15
ea0285e5-959c-4b01-baea-82ca50720cb0,cmokmpm9m0ofxqsccffdmrpux,MAG1,featureFilm,cmp783mpv03aiqm01z2mdfh5u,1_wl604416-0-0,segment,16
1f82ca61-a323-4774-930d-d2c2d9bb4ec3,cmokmpm9m0ofxqsccffdmrpux,MAG1,featureFilm,cmp783o3x03beqm01hlz0446n,1_wl604417-0-0,segment,17
9fec145e-f3f2-4be2-9eaa-a7f28d8d7e90,cmokmpm9m0ofxqsccffdmrpux,MAG1,featureFilm,cmp783pdg03byqm01a7bknam7,1_wl604418-0-0,segment,18
3ca27be4-673b-4eb9-b5e7-cdded8a03cb4,cmokmpm9m0ofxqsccffdmrpux,MAG1,featureFilm,cmp783r6t03d0qm01fhzfp9m1,1_wl604419-0-0,segment,19
33cffaac-a151-44c1-ab5c-05ea854f8ab0,cmokmpm9m0ofxqsccffdmrpux,MAG1,featureFilm,cmp783sq503duqm01nwvrb9up,1_wl604420-0-0,segment,20
028fe7e2-8ece-4a33-96e7-7a050d7fbe08,cmokmpm9m0ofxqsccffdmrpux,MAG1,featureFilm,cmp783u4m03emqm01e7rcb2ll,1_wl604421-0-0,segment,21
fea6cb0d-9900-46ff-9b55-9fdb1fc07afa,cmokmpm9m0ofxqsccffdmrpux,MAG1,featureFilm,cmp783vir03feqm01iu0jas61,1_wl604422-0-0,segment,22
f113fd8e-b384-4bbe-a2bf-3091495a481b,cmokmpm9m0ofxqsccffdmrpux,MAG1,featureFilm,cmp783ws203g2qm01xxp4ag20,1_wl604423-0-0,segment,23
4eeba96f-ec52-4e53-83d3-30e9b1af6f7e,cmokmpm9m0ofxqsccffdmrpux,MAG1,featureFilm,cmp783yb803guqm01hd6u1z2u,1_wl604424-0-0,segment,24
5ac22dc4-7cc8-4788-99d1-6f9896f64817,cmokmpm9m0ofxqsccffdmrpux,MAG1,featureFilm,cmp78405103hwqm01bph8tlma,1_wl604425-0-0,segment,25
b0cc2836-4688-495e-b0d1-a314034ee833,cmokmpm9m0ofxqsccffdmrpux,MAG1,featureFilm,cmp7841tg03iqqm01hgrbvc0d,1_wl604426-0-0,segment,26
933ca47e-7d38-4abd-b85b-f9becbe8b5d3,cmokmpm9m0ofxqsccffdmrpux,MAG1,featureFilm,cmp78433b03jeqm013sl33ot7,1_wl604427-0-0,segment,27
60390694-f27d-4268-9b10-d53904cb38cb,cmokmpm9m0ofxqsccffdmrpux,MAG1,featureFilm,cmp78447r03k2qm019h2ambpl,1_wl604428-0-0,segment,28
8fa2645b-793d-43ae-9636-fbf165deb7de,cmokmpm9m0ofxqsccffdmrpux,MAG1,featureFilm,cmp7845m303ksqm0132aumps1,1_wl604429-0-0,segment,29
ec370b26-defe-4b40-bec8-f6b4322b8d99,cmokmpm9m0ofxqsccffdmrpux,MAG1,featureFilm,cmp78475n03lgqm01btiakdxi,1_wl604430-0-0,segment,30
46c01b2b-8f64-4c71-8578-dbaef0ce1d55,cmokmpm9m0ofxqsccffdmrpux,MAG1,featureFilm,cmp7848kb03m2qm01l235ud3g,1_wl604431-0-0,segment,31
21dbabf3-42bc-4b3e-bb2e-37acca324c85,cmokmpm9m0ofxqsccffdmrpux,MAG1,featureFilm,cmp784a8l03muqm01xd7uvlyy,1_wl604432-0-0,segment,32
56b3c135-a901-407e-bea4-ae83db38a4e8,cmokmpm9m0ofxqsccffdmrpux,MAG1,featureFilm,cmp784brr03ngqm01lum5ev1b,1_wl604433-0-0,segment,33
6a3ed3c9-5433-40b0-b96d-80769039efa4,cmokmpm9m0ofxqsccffdmrpux,MAG1,featureFilm,cmp784e0403o8qm01961owusn,1_wl604434-0-0,segment,34
33402d37-68d6-4fe3-bfb0-eb24869365f6,cmokmpm9m0ofxqsccffdmrpux,MAG1,featureFilm,cmp784foe03oyqm01utwgwspo,1_wl604435-0-0,segment,35
bbf08334-fa17-4af5-9a24-4b3a8a59187f,cmokmpm9m0ofxqsccffdmrpux,MAG1,featureFilm,cmp784gnn03pcqm01zu9s4udw,1_wl604436-0-0,segment,36
01c2deb3-c5e3-4e36-b913-4cd40b59b1fe,cmokmpm9m0ofxqsccffdmrpux,MAG1,featureFilm,cmp784i2103pyqm018w0kmgbb,1_wl604437-0-0,segment,37
f855585c-e9e8-44e4-8dd1-1d9a645c75bc,cmokmpm9m0ofxqsccffdmrpux,MAG1,featureFilm,cmp784jl703qsqm01yjx5akw4,1_wl604438-0-0,segment,38
fb2060d3-0098-4825-b70d-6106616e34c5,cmokmpm9m0ofxqsccffdmrpux,MAG1,featureFilm,cmp784l9h03roqm01o0sozw2g,1_wl604439-0-0,segment,39
9500d0d2-b999-4c34-a500-08b5a7ee52df,cmokmpm9m0ofxqsccffdmrpux,MAG1,featureFilm,cmp784mxc03smqm01gl0h2z62,1_wl604440-0-0,segment,40
9ec47533-a9a6-4274-a8be-b0983f5d2788,cmokmpm9m0ofxqsccffdmrpux,MAG1,featureFilm,cmp784q6303tyqm01a23ainou,1_wl604441-0-0,segment,41
b204258b-aa75-403c-89d3-12c8e5eab3cc,cmokmpm9m0ofxqsccffdmrpux,MAG1,featureFilm,cmp784rfa03umqm01boyndwqw,1_wl604442-0-0,segment,42
ed02878c-3331-4102-804f-93a026d8f392,cmokmpm9m0ofxqsccffdmrpux,MAG1,featureFilm,cmp784sji03v6qm01t21d1tgi,1_wl604443-0-0,segment,43
3ebc8b05-435d-499b-95d0-2fe1e2850c99,cmokmpm9m0ofxqsccffdmrpux,MAG1,featureFilm,cmp784tsl03vuqm01ce5oanh7,1_wl604444-0-0,segment,44
b95c7a1c-d9e1-4efb-8e40-4310c00e4ae5,cmokmpm9m0ofxqsccffdmrpux,MAG1,featureFilm,cmp78309r02zoqm01731wmiad,1_wl-0-0,featureFilm,45
fa10d4d6-1915-4596-ae8e-5d53a3d409f1,cmokmpm9m0ofxqsccffdmrpux,MAG1,featureFilm,cmp789aux0646qm018jaj93zo,2_0-ThisIsFreedom,shortFilm,46
43232239-9101-4389-a93c-11851ca01cae,cmokmpsx10og5qsccxzhk2m9q,Nua,collection,cmp78qown0emmqm01u1w7jmcc,7_0-nfs01,series,1
e2d5a5ee-e6b8-480a-8435-c5f3a3674e56,cmokmpsx10og5qsccxzhk2m9q,Nua,collection,cmp78qti80ep0qm01j25hcdig,7_0-nfs02,series,2
970f6338-2ba5-400f-9769-1672cd54e5f6,cmokmpsx10og5qsccxzhk2m9q,Nua,collection,cmp78qy8u0eriqm01wmdnc319,7_0-nfs03,series,3
26f0800d-6712-421a-a109-e195fa8e9741,cmokmpsx10og5qsccxzhk2m9q,Nua,collection,cmp78r2pn0etuqm0178kitf9c,7_0-nfs04,series,4
52138e62-8e67-4582-99aa-200e423dccc0,cmokmpsx10og5qsccxzhk2m9q,Nua,collection,cmp78r7c10ew8qm01hsxp60fh,7_0-nfs05,series,5
984a1a18-663f-4d4f-b6a3-3bbf5980eed7,cmokmpsx10og5qsccxzhk2m9q,Nua,collection,cmp78rfq40ez2qm010jof8mxc,7_0-nfs06,series,6
38d4000c-66e0-4469-a9e8-cfbc955078e0,cmokmpsx10og5qsccxzhk2m9q,Nua,collection,cmp78rl6f0f1kqm01rvnjja6s,7_0-nfs07,series,7
7da12a7f-2dd7-40b6-a9d0-f46c59f3e3fd,cmokmpsx10og5qsccxzhk2m9q,Nua,collection,cmp78rpi30f3uqm01aa17n4b2,7_0-nfs08,series,8
ae2d86c9-1612-493a-ac20-c53ce49f71df,cmokmpsx10og5qsccxzhk2m9q,Nua,collection,cmp78rtpv0f5uqm017egfrikt,7_0-nfs09,shortFilm,9
e5ce51c9-1f36-4ba7-bf1b-86f79248bf12,cmokmpsx10og5qsccxzhk2m9q,Nua,collection,cmp78ruz30f6iqm018xds7fl8,7_0-nfs10,shortFilm,10
38b8dbab-e768-43b5-911e-87f3e1ae377a,cmokmpvke0oggqscc6if3cd22,Perfect,collection,cmp788leu05s4qm0177zb9mmr,2_0-PerfectAlternate,shortFilm,1
8fd1f8dd-c765-4494-9160-82efac5081a7,cmokmpysx0ohcqsccm3d7jssu,PicketFence,shortFilm,cmp78912705zwqm01o670g4m5,2_0-StoryBehindPicketFence,segment,1
ed0123a3-cda4-4660-8c1f-17f434d20cf8,cmokmq10f0ohvqsccjckax4si,Rescue,collection,cmp786vcy04xiqm0111d7irqt,2_0-HarshVibe,shortFilm,1
5311038f-e9e5-4e6d-80cf-d54f621fe6f2,cmokmq10f0ohvqsccjckax4si,Rescue,collection,cmp78ejll08seqm01cgy8gy00,2_dont_miss_door,episode,2
2c25f0df-bc5f-407f-bdaa-ccd707700992,cmokmq10f0ohvqsccjckax4si,Rescue,collection,cmp78iao30aocqm01hq6jbeoq,2_rescue_shepherd_and_door,episode,3
87a15f74-5cb5-492e-81ed-52ee47252973,cmokmq10f0ohvqsccjckax4si,Rescue,collection,cmp78hubi0aflqm015cm1dkq6,2_harsh_vibe_explanation,episode,4
30a60e88-e8b9-4736-85fe-b7a0b835e3a0,cmokmq10f0ohvqsccjckax4si,Rescue,collection,cmp786jl004s8qm0156qwbsum,2_0-GodsRescuePlan,shortFilm,5
ce54a170-b210-48d0-9c82-413190b2f57f,cmokmq2yr0oi4qsccitr54nts,Wonder,collection,cmp786jl004s8qm0156qwbsum,2_0-GodsRescuePlan,shortFilm,1
28c08953-b72a-4126-a526-b89140b0487f,cmokmq2yr0oi4qsccitr54nts,Wonder,collection,cmp788wvc05xkqm01sl29fu01,2_0-Restored,shortFilm,2
e4c51fd3-a2cc-4768-854d-610c744f8464,cmokmq2yr0oi4qsccitr54nts,Wonder,collection,cmp785jq0049mqm01hnp767i4,2_0-BibleTrusted,shortFilm,3
8bbcc004-bde7-4e9e-8f7c-5086df5a3b63,cmokmq2yr0oi4qsccitr54nts,Wonder,collection,cmp785xcu04gqqm01ijnm2je0,2_0-CanKnowGod,shortFilm,4
ef35b574-543a-45de-8752-a27e6490d811,cmokmq2yr0oi4qsccitr54nts,Wonder,collection,cmp78766g0530qm01emxuvw08,2_0-JesusReally,shortFilm,5
56502bed-9b40-4183-a0a4-1757c95e5681,cmokmq2yr0oi4qsccitr54nts,Wonder,collection,cmp7868sx04n4qm01fyxt4iaz,2_0-DidJesusHaveToDie,shortFilm,6
60eba825-960c-4997-a171-d99e1ab06f83,cmokmq2yr0oi4qsccitr54nts,Wonder,collection,cmp7874x0052cqm01n2ozu09e,2_0-JesusBackFromDead,shortFilm,7
5c68b39d-bfdd-4746-9adb-931819986a42,cmokmq2yr0oi4qsccitr54nts,Wonder,collection,cmp788fiz05owqm011u2xdc2w,2_0-OneGod,shortFilm,8
d8532047-5a06-4d1a-aef4-55f66bc681c5,cmokmq5660oicqscc7qitao5u,WYDCollection,collection,cmp783a6f034qqm01s62wsnro,1_wl604408-0-0,segment,1
ea77b161-81f0-4f13-aa24-165a95434130,cmokmq5660oicqscc7qitao5u,WYDCollection,collection,cmp7866ad04lmqm018bil4dk6,2_0-Delight,shortFilm,2
183f9405-baa7-4ddd-807a-c9a541539f00,cmokmq5660oicqscc7qitao5u,WYDCollection,collection,cmp786n8504ucqm01530pj2mg,2_0-Happiness,shortFilm,3
e1d88d96-fbce-4e8f-bcc3-201e98d6165f,cmokmq5660oicqscc7qitao5u,WYDCollection,collection,cmp786zks04zkqm01ohvdlsef,2_0-Invisible,shortFilm,4
df404af0-1923-4dfb-8b0e-9fafc0c1be80,cmokmq5660oicqscc7qitao5u,WYDCollection,collection,cmp78a0mq06ggqm01d99151af,2_0-Yol,shortFilm,5
1dfaa32e-7e6d-4cb2-b4f6-d51d3281dec1,cmokmq5660oicqscc7qitao5u,WYDCollection,collection,cmp7887o305lcqm01wdp7wda2,2_0-Marea,shortFilm,6
5e2774ca-5917-4042-b005-a3e7fccb2899,cmokmq5660oicqscc7qitao5u,WYDCollection,collection,cmp7883wo05jcqm01eqmqoa6l,2_0-Legion,shortFilm,7
76a9c6da-9ed4-4c61-8800-42ae1da40d2e,cmokmq5660oicqscc7qitao5u,WYDCollection,collection,cmp78a25z06haqm01azdtnnqu,2_0-YoureNotHopeless,shortFilm,8
869ed0b5-a778-431c-bd12-e3a2cf4a8c18,cmokmq5660oicqscc7qitao5u,WYDCollection,collection,cmp78rinn0f0aqm01x1vm4l31,7_0-nfs0602,episode,9
befe1b36-444e-4bb6-aecc-cd29dbe94d4e,cmokmq5660oicqscc7qitao5u,WYDCollection,collection,cmp7838x5033yqm01j8n5pv6x,1_wl604407-0-0,segment,10
c1a74ab4-22a8-40f5-bcf9-7c5ef2d6c887,cmokmq5660oicqscc7qitao5u,WYDCollection,collection,cmp78p7bz0e0cqm01xmt8wt7m,6_GOLuke2612,segment,11
b88ff293-82d4-40cf-8a6b-72c2a7a5a3c0,cmokmq5660oicqscc7qitao5u,WYDCollection,collection,cmp786fiu04q4qm01r20nw7iv,2_0-FallingPlates,shortFilm,12
9bab5e82-035d-4afb-83de-c11ba88753e0,cmp76iqkp006any014rbs7zdq,10_DarkroomFaith,series,cmp76fgcs001cny01a685m112,10_Darkroom01Doubt,episode,1
b39eb32c-21b2-40a1-b12f-01a90f0ffdef,cmp76iqkp006any014rbs7zdq,10_DarkroomFaith,series,cmp76flka001ony014vkgxyjl,10_Darkroom02Church,episode,2
400e4a08-252a-4ef9-ad55-008e1de3be62,cmp76iqkp006any014rbs7zdq,10_DarkroomFaith,series,cmp76fsje0022ny01c89ibun6,10_Darkroom03Sin,episode,3
372e9158-ad33-4584-b466-b5300b778bbb,cmp76iqkp006any014rbs7zdq,10_DarkroomFaith,series,cmp76fz8p002iny01fjtsfju9,10_Darkroom04Science,episode,4
0a32a732-0557-46a8-aec3-dca0ac645961,cmp76iqkp006any014rbs7zdq,10_DarkroomFaith,series,cmp76g4q3002wny01very7csl,10_Darkroom05Religion,episode,5
9afd38a7-ed27-4a66-98f1-9ee40a8ef3e8,cmp76iqkp006any014rbs7zdq,10_DarkroomFaith,series,cmp76geui003any0144dgswd6,10_Darkroom06Suffering,episode,6
9480330a-bc71-4f01-85f7-0af3f05d06e8,cmp76iqkp006any014rbs7zdq,10_DarkroomFaith,series,cmp76gs4a003qny010bcs7ag0,10_Darkroom07Bible,episode,7
28215d12-2514-481e-ba59-2ef291e333b6,cmp76iqkp006any014rbs7zdq,10_DarkroomFaith,series,cmp76h0gs0044ny01kpsgjamo,10_Darkroom08Purpose,episode,8
2139f2f2-c0f5-46f2-aa20-8f8d655ac949,cmp76iqkp006any014rbs7zdq,10_DarkroomFaith,series,cmp76h7zf004gny01dgda140w,10_Darkroom09Identity,episode,9
a5898a62-6ba1-462f-96e5-d753f2b67230,cmp76iqkp006any014rbs7zdq,10_DarkroomFaith,series,cmp76hg6x004uny01paumr04m,10_Darkroom10Justice,episode,10
27835adb-6712-4441-856e-06112ecadbac,cmp76iqkp006any014rbs7zdq,10_DarkroomFaith,series,cmp76huak0056ny01fdctsvy2,10_Darkroom11Afterlife,episode,11
597aec64-18fe-44be-b323-cb7201e9d555,cmp76iqkp006any014rbs7zdq,10_DarkroomFaith,series,cmp76i4zh005kny01e4lm4daw,10_Darkroom12Mission,episode,12
b2c91c45-985f-4032-ad18-57fae33bba43,cmp76iqkp006any014rbs7zdq,10_DarkroomFaith,series,cmp76idbs005wny01rp3y3ez6,10_Darkroom13Supernatural,episode,13
3ed33436-7db0-4f4b-9e21-878a0e5a466e,cmp76iqkp006any014rbs7zdq,10_DarkroomFaith,series,cmp76fdgi0010ny017qq1dmyq,10_Darkroom00Trailer30sec,episode,14
936d9919-57d5-4392-a1a3-e6d98f021c76,cmp76iqkp006any014rbs7zdq,10_DarkroomFaith,series,cmp76fefb0014ny01grk9fmxv,10_Darkroom00Trailer60sec,episode,15
61aceb30-bc47-47ce-b90c-a21d8853291b,cmp76iqkp006any014rbs7zdq,10_DarkroomFaith,series,cmp76fchw000wny01oypnsqby,10_Darkroom00Trailer2min,episode,16
387aee3f-a4a4-4008-a2d6-e9b5cd06198e,cmp76iqkp006any014rbs7zdq,10_DarkroomFaith,series,cmp76ffeb0018ny0162a81so0,10_Darkroom00TrailerFull,episode,17
e121ff62-9854-4716-b878-da0b43e74de8,cmp76jjpv008eny01nws3xymj,11_Advent,series,cmp76jnoj008iny01nk8c0u9n,11_Advent0104,episode,1
64675822-5e96-41d6-a635-0e60f70878f8,cmp76jjpv008eny01nws3xymj,11_Advent,series,cmp76jvcy008wny012l9njp0o,11_Advent0204,episode,2
5b022d0b-bee2-40a9-a46d-86dec1585835,cmp76jjpv008eny01nws3xymj,11_Advent,series,cmp76k1420098ny01qfdqru2w,11_Advent0304,episode,3
186e8d1b-814d-4dcd-8baf-7d178f5d6f1f,cmp76jjpv008eny01nws3xymj,11_Advent,series,cmp76k8r5009kny01zfr58abw,11_Advent0404,episode,4
d892a4f3-486a-430c-9be7-5ddd340855fa,cmp76kf1f009wny01o6tspwyj,11_ReadBible,series,cmp76kj0300a0ny01p171plvi,11_ReadBible1901,episode,1
106b2f31-71a3-456d-8f05-15cd3af998c2,cmp76kf1f009wny01o6tspwyj,11_ReadBible,series,cmp76kl2300ainy01pfsrotb8,11_ReadBible1902,episode,2
c24d25cf-b61a-47a2-85a1-b685fd8bbe01,cmp76kf1f009wny01o6tspwyj,11_ReadBible,series,cmp76knit00ayny01kp9u44i8,11_ReadBible1903,episode,3
708f9283-f90d-4502-8d73-6490e77a497f,cmp76kf1f009wny01o6tspwyj,11_ReadBible,series,cmp76kp0y00bany01kfq72n9a,11_ReadBible1904,episode,4
ae140a38-2e57-4bd8-bed9-579a85d13947,cmp76kf1f009wny01o6tspwyj,11_ReadBible,series,cmp76krcs00bmny01j2yvfdap,11_ReadBible1905,episode,5
a8ca10c0-7f98-4c14-922d-32bb41315513,cmp76kf1f009wny01o6tspwyj,11_ReadBible,series,cmp76kt9v00c4ny01qc5akzzz,11_ReadBible1906,episode,6
e2598150-5205-4181-9997-6f4dbc963e32,cmp76kf1f009wny01o6tspwyj,11_ReadBible,series,cmp76kwk500d4ny0144tyiwms,11_ReadBible1907,episode,7
2a5a2b1a-96b8-4711-a875-050f096d8ae2,cmp76kf1f009wny01o6tspwyj,11_ReadBible,series,cmp76kyqz00dony015cy82l0b,11_ReadBible1908,episode,8
e8e571ba-cdcb-47c5-b5fd-afa8b0ca51a9,cmp76kf1f009wny01o6tspwyj,11_ReadBible,series,cmp76l2b700esny01rtfkdznl,11_ReadBible1909,episode,9
f6c32d31-32ec-4acc-aed5-4e8f9b0d2a37,cmp76kf1f009wny01o6tspwyj,11_ReadBible,series,cmp76l3yc00f6ny01yhz09vbt,11_ReadBible1910,episode,10
c2dfd4b2-8102-49c2-9f4a-44a0368761a7,cmp76kf1f009wny01o6tspwyj,11_ReadBible,series,cmp76l6fb00funy01qkg4dhgb,11_ReadBible1911,episode,11
186573fa-3b4a-4134-b96f-1f41efd4549c,cmp76kf1f009wny01o6tspwyj,11_ReadBible,series,cmp76l7sj00g4ny014lv432yy,11_ReadBible1912,episode,12
4545476e-ff02-4aec-846a-961fc28d3db1,cmp76kf1f009wny01o6tspwyj,11_ReadBible,series,cmp76lbmm00hcny01am1nd6yc,11_ReadBible1913,episode,13
88332eba-0245-412e-87dd-c086c9c221f8,cmp76kf1f009wny01o6tspwyj,11_ReadBible,series,cmp76ld4v00hony01624zpkww,11_ReadBible1914,episode,14
bfe3896a-190b-4a50-ac62-0e9a38782d92,cmp76kf1f009wny01o6tspwyj,11_ReadBible,series,cmp76lfgq00iany01f48lejft,11_ReadBible1915,episode,15
deacf4cc-f196-4766-9f86-25a662b71f64,cmp76kf1f009wny01o6tspwyj,11_ReadBible,series,cmp76lj5x00jgny01ykidyzln,11_ReadBible1916,episode,16
f5df8f34-7b87-4ba0-a872-c4fb9a276ebb,cmp76kf1f009wny01o6tspwyj,11_ReadBible,series,cmp76lm1j00kany01oo760qwx,11_ReadBible1917,episode,17
d1b6c964-1ce4-4404-83f4-c6a0787c1eb8,cmp76kf1f009wny01o6tspwyj,11_ReadBible,series,cmp76lodh00kyny014hqzwwdi,11_ReadBible1918,episode,18
72c54a61-93e7-4a5b-bb9a-8e17454b77f0,cmp76kf1f009wny01o6tspwyj,11_ReadBible,series,cmp76ltff00lsny015n9l3ptz,11_ReadBible1919,episode,19
316338b2-f519-4dd4-bfb2-4234c10dcc31,cmp76lwkt00mony018yps99x6,11_Sermon,series,cmp76m0ol00ncny01evrbhk7v,11_Sermon0110,episode,1
07ad00a8-7081-431b-b888-1b3d33176419,cmp76lwkt00mony018yps99x6,11_Sermon,series,cmp76m82w00o0ny01zajn20u6,11_Sermon0210,episode,2
ecdc0f4c-4346-446f-81f4-77ae047ef504,cmp76lwkt00mony018yps99x6,11_Sermon,series,cmp76mgal00oqny01i2icuvik,11_Sermon0310,episode,3
39ffb352-5a67-4052-89b9-70af27838452,cmp76lwkt00mony018yps99x6,11_Sermon,series,cmp76msmi00psny015tnr9w4r,11_Sermon0410,episode,4
7b5af608-9000-4cf1-a78d-860c5c4b8f7b,cmp76lwkt00mony018yps99x6,11_Sermon,series,cmp76myry00qiny013hh6jspu,11_Sermon0510,episode,5
ec921759-7ebd-4971-893e-81c21466992d,cmp76lwkt00mony018yps99x6,11_Sermon,series,cmp76n6zf00qsny01m75o56sw,11_Sermon0610,episode,6
87a5f4ef-104c-46de-b2c4-3d4b8b772253,cmp76lwkt00mony018yps99x6,11_Sermon,series,cmp76nd5000rgny01a2iyer7r,11_Sermon0710,episode,7
4ea2978c-dd71-42df-8791-9deaec838592,cmp76lwkt00mony018yps99x6,11_Sermon,series,cmp76njkj00s2ny01l3p3luu7,11_Sermon0810,episode,8
18155789-0c49-40e2-833a-d6aaa95be13e,cmp76lwkt00mony018yps99x6,11_Sermon,series,cmp76norp00scny01k2hgi1mm,11_Sermon0910,episode,9
5abda82a-99c1-4ec4-a557-0ac8221adb71,cmp76lwkt00mony018yps99x6,11_Sermon,series,cmp76nuj500t0ny01towb86f2,11_Sermon1010,episode,10
ed455f00-535d-4222-8d79-9f0024cf0236,cmp76o1d600tmny01285fi9j1,11_Shema,series,cmp76o60s00tqny01whkiuzn5,11_Shema0106,episode,1
cbf7355d-7510-4630-afa0-1a8be5ecac8a,cmp76o1d600tmny01285fi9j1,11_Shema,series,cmp76o8me00u0ny01z3ldehok,11_Shema0206,episode,2
290ddeec-2d95-46d9-832e-9f45b9a89899,cmp76o1d600tmny01285fi9j1,11_Shema,series,cmp76ocq200ufny01jqxi0y5q,11_Shema0306,episode,3
88b71112-f11b-4110-b498-4e9d797b5a7d,cmp76o1d600tmny01285fi9j1,11_Shema,series,cmp76ohdr00uyny01umzsm5yx,11_Shema0406,episode,4
2b082e6d-28ee-4162-995e-b610590b8afb,cmp76o1d600tmny01285fi9j1,11_Shema,series,cmp76om1a00v8ny01didn3zy1,11_Shema0506,episode,5
fa53ec74-5882-471b-a4a0-3f93e284dc37,cmp76o1d600tmny01285fi9j1,11_Shema,series,cmp76opqk00vuny019g8wnxro,11_Shema0606,episode,6
08d85b57-f5ee-4e15-bb16-e11223588cf5,cmp76otan00w4ny01iqm6umfg,11_SpiritualBeings,series,cmp76ovwc00weny01a0r4acpt,11_SpiritualBeings0801,episode,1
5ed26b0c-5401-4441-a0e8-76d442b8803d,cmp76otan00w4ny01iqm6umfg,11_SpiritualBeings,series,cmp76oyro00x6ny01mcgpr5tk,11_SpiritualBeings0802,episode,2
9346607e-3b77-4aaf-9ebd-5d4b91d30d91,cmp76otan00w4ny01iqm6umfg,11_SpiritualBeings,series,cmp76p1ig00xuny017mwdl4u8,11_SpiritualBeings0803,episode,3
d917e0ef-0ef8-40b2-bf77-9b30548a6ba8,cmp76otan00w4ny01iqm6umfg,11_SpiritualBeings,series,cmp76p44500yeny01ucqmfyf4,11_SpiritualBeings0804,episode,4
73bef315-8578-48fa-977b-f7bf5b9f9fc8,cmp76otan00w4ny01iqm6umfg,11_SpiritualBeings,series,cmp76p79l00z4ny01mtqh2azm,11_SpiritualBeings0805,episode,5
f83d67f6-d4d4-4e4a-851b-6dca8adcbc45,cmp76otan00w4ny01iqm6umfg,11_SpiritualBeings,series,cmp76pbgy010gny0145m57e64,11_SpiritualBeings0806,episode,6
3d81c42f-f42e-4be3-8a75-97f3e8172ed0,cmp76otan00w4ny01iqm6umfg,11_SpiritualBeings,series,cmp76pehw0116ny01zbohiqy6,11_SpiritualBeings0807,episode,7
4c3cc499-0abd-4c86-82f7-eeb19e3d262a,cmp76otan00w4ny01iqm6umfg,11_SpiritualBeings,series,cmp76phdf011uny01ko049ndw,11_SpiritualBeings0808,episode,8
02992622-22dc-489f-be78-80e7fc31bee2,cmp76pk43012gny013f7l5nn1,12_Washi,series,cmp76pm5x012kny01qtringec,12_Washi0105,episode,1
4896892d-b84c-437f-b63e-1c6819fa1036,cmp76pk43012gny013f7l5nn1,12_Washi,series,cmp76psll0136ny010nm46rsf,12_Washi0205,episode,2
385a9a26-18be-440e-b7f7-275b7414613d,cmp76pk43012gny013f7l5nn1,12_Washi,series,cmp76pwan014cny01z1qxbwqh,12_Washi0305,episode,3
f946a8b3-2a1a-4bac-bb23-a96c56e2e5f1,cmp76pk43012gny013f7l5nn1,12_Washi,series,cmp76pz6b0152ny01ej35b8jt,12_Washi0405,episode,4
31bc3dea-8d5c-4cd3-b5b8-14ba34d70c18,cmp76pk43012gny013f7l5nn1,12_Washi,series,cmp76q3yo015iny018p0lqd13,12_Washi0505,episode,5
a7dd6f06-a3fb-4421-9da1-4bf20ba1e866,cmp76q8cb015yny01un3jpzcv,13_0-RPGospel,featureFilm,cmp76qppj018mny015pvabvcm,13_0-RPGospelIntro,segment,1
e6aa661d-4435-4140-8d78-82a7df200780,cmp76q8cb015yny01un3jpzcv,13_0-RPGospel,featureFilm,cmp76qc17016uny01m09z6eqc,13_0-RPGospel0401,segment,2
c9e2fdf1-18b1-4d04-ab3a-f7e1b0df858f,cmp76q8cb015yny01un3jpzcv,13_0-RPGospel,featureFilm,cmp76qfgf0174ny01i2eybcde,13_0-RPGospel0402,segment,3
ca7e2360-730c-4049-b9a1-ab6cbfc9ac55,cmp76q8cb015yny01un3jpzcv,13_0-RPGospel,featureFilm,cmp76qiql017mny01wtxnof0p,13_0-RPGospel0403,segment,4
40324b0e-52cd-4ae6-acbf-3d58bdcb66fc,cmp76q8cb015yny01un3jpzcv,13_0-RPGospel,featureFilm,cmp76qm5l0180ny01dmo8anvs,13_0-RPGospel0404,segment,5
81d4f7ca-8c72-4aa2-9294-fc5db25a8156,cmp76qsaz018qny011ocsop83,14_TPP,featureFilm,cmp76qxrt019wny01j8yxdm8e,14_TPP1601,segment,1
c12c6e45-adf8-48c9-a445-a47eb1e11036,cmp76qsaz018qny011ocsop83,14_TPP,featureFilm,cmp76qyqa01a0ny01x3j6ldrl,14_TPP1602,segment,2
665d5f33-60a6-4a57-a7e2-86fe064da493,cmp76qsaz018qny011ocsop83,14_TPP,featureFilm,cmp76r03r01a4ny010e05aqh7,14_TPP1603,segment,3
189224f7-fb25-44a6-bcd1-dc952c8f2ba6,cmp76qsaz018qny011ocsop83,14_TPP,featureFilm,cmp76r1gx01a8ny0197s9s2zr,14_TPP1604,segment,4
d32aec9b-339a-4b3e-8b08-c5eb7846c9a4,cmp76qsaz018qny011ocsop83,14_TPP,featureFilm,cmp76r2u401agny01zeqe4fnb,14_TPP1605,segment,5
04ab5f52-8d06-455d-a667-5965d3485102,cmp76qsaz018qny011ocsop83,14_TPP,featureFilm,cmp76r47b01asny01adqfm103,14_TPP1606,segment,6
5083b9e4-01f1-4edc-b1c7-bc7bd65c6ad7,cmp76qsaz018qny011ocsop83,14_TPP,featureFilm,cmp76r5kh01b6ny015zx7a5tu,14_TPP1607,segment,7
787ba428-ea15-4d9a-9950-aff35f546740,cmp76qsaz018qny011ocsop83,14_TPP,featureFilm,cmp76r6xm01bkny01dvae1z7x,14_TPP1608,segment,8
31f7ddf9-5b46-444e-b14b-ea13616150c6,cmp76qsaz018qny011ocsop83,14_TPP,featureFilm,cmp76r8au01byny01cc7m8rm1,14_TPP1609,segment,9
496668b9-5ff0-48d4-9e6d-de69d0c29681,cmp76qsaz018qny011ocsop83,14_TPP,featureFilm,cmp76rblz01d0ny01nbgah37u,14_TPP1610,segment,10
b3f91b57-e8c8-4157-9559-f95f9c2b1f27,cmp76qsaz018qny011ocsop83,14_TPP,featureFilm,cmp76rcz401d6ny011xata5ko,14_TPP1611,segment,11
ea38e99c-4245-4827-ad99-cb6953847625,cmp76qsaz018qny011ocsop83,14_TPP,featureFilm,cmp76reck01dkny01pisi41ma,14_TPP1612,segment,12
4d4b8af5-99d5-4667-994b-da4483c64a24,cmp76qsaz018qny011ocsop83,14_TPP,featureFilm,cmp76rfps01e0ny01df10b7n0,14_TPP1613,segment,13
e0646fc8-6f76-406f-b4b9-45724cb192b7,cmp76qsaz018qny011ocsop83,14_TPP,featureFilm,cmp76rh2x01eany017mpc45ql,14_TPP1614,segment,14
56a1500a-f52d-4ed0-ad15-c3ba5af465c7,cmp76qsaz018qny011ocsop83,14_TPP,featureFilm,cmp76rig701eqny01knbsagza,14_TPP1615,segment,15
f02bc66d-ed3c-49c7-aca1-a3464783aaaf,cmp76qsaz018qny011ocsop83,14_TPP,featureFilm,cmp76rjti01f8ny01dt8b2vw2,14_TPP1616,segment,16
