videoId,coreVideoId,editionId,dubRows
cmp783f2t037kqm01sjnvsg9p,1_wl604412-0-0,cmp723lon07yvo001sy0l7g2z,240
cmp783gc8037wqm0132sbwrjj,1_wl604413-0-0,cmp722q1t07smo001ha7km59n,240
cmp783mpv03aiqm01z2mdfh5u,1_wl604416-0-0,cmp722n3007s1o001tpadtlpq,240
cmp783pdg03byqm01a7bknam7,1_wl604418-0-0,cmp7216sp07hpo001kekrxtvc,240
cmp783r6t03d0qm01fhzfp9m1,1_wl604419-0-0,cmp721fxr07jio001shuiskvb,240
cmokmoaax0oclqscc0oxyneom,JFP-Interests,cmp720rw407ero0015th174ut,2311
cmp7841tg03iqqm01hgrbvc0d,1_wl604426-0-0,cmp721wsy07muo001qpahtgh8,240
cmp784mxc03smqm01gl0h2z62,1_wl604440-0-0,cmp721tzs07mao001czgx4bhd,240
cmp784rfa03umqm01boyndwqw,1_wl604442-0-0,cmp723fsa07xpo0017x1xhrtz,240
cmp76vgs00264ny01k1zzyhhn,1_cl1306-0-0,cmp723hw607y4o001c5qn3buc,190
cmp76wd1p02bgny01dzlo0i1q,1_cl1311-0-0,cmp724azv083vo001fiy90185,190
cmp76ycuv02n0ny01faav3nae,1_jf6101-0-0,cmp71zpda0775o0018obgnxbe,1592
cmp76z3kf02rcny01tualv0bi,1_jf6104-0-0,cmp720gil07cio001dnfysvxl,1591
cmp76zc2202seny01di1ovnfl,1_jf6105-0-0,cmp71zyxz0791o00172vpngvg,1592
cmp76znob02v8ny01ihd4kfn8,1_jf6107-0-0,cmp7250q3088yo001k8gzha0f,1592
cmp76zyw002wyny013kze3wcq,1_jf6109-0-0,cmp723kzf07yqo001i1a1zi2m,1592
cmp770s6p030iny01x4utu5qu,1_jf6113-0-0,cmp7212ku07gvo001cc4iu3l8,1592
cmp770vlq030sny01aei6iwin,1_jf6114-0-0,cmp71zfss0759o001r2as3luo,1593
cmp7713o2031uny01awgrln0v,1_jf6115-0-0,cmp72116907glo0011gh7411u,1593
cmp771a3k032qny01hegqvskc,1_jf6116-0-0,cmp720cfx07bpo001qialrt60,1592
cmp77215v035qny01cod5dhhk,1_jf6119-0-0,cmp7222f907nyo001pa1gsxg7,1593
cmp7818yu0234qm0115sjnjwf,1_jf6137-0-0,cmp722v3x07tmo001q5g1g97a,1593
cmp781f7z026gqm01103hj6ac,1_jf6142-0-0,cmp720hcy07coo001y07yca0j,1594
cmokmmsww0o8wqsccuqbtbs0v,EASTER1,cmp724iux085fo0011vp7tafr,2282
cmp781hpx027sqm011cbbc0mj,1_jf6144-0-0,cmp7233zb07vdo00187lk4vhh,1594
cmp781j43028iqm0137cy8gsj,1_jf6145-0-0,cmp7213a407h0o001rs3azxib,1595
cmp781ki5029cqm019dva2vgr,1_jf6146-0-0,cmp7247wc0839o0019tor4sw1,1595
cmp781n0702asqm01imez2jbl,1_jf6148-0-0,cmp723utz080oo00132tkxzog,1594
cmp781rkx02d0qm01g6gba41l,1_jf6150-0-0,cmp71zs1o077oo0012bf28pl3,1592
cmp781z2y02h6qm01hf4rce96,1_jf6156-0-0,cmp71zf8m0755o00104ru34ol,1591
cmp7822u102jaqm01j4xg16xt,1_jf6159-0-0,cmp722dst07q7o001m3gorcpx,1591
cmp782bfs02o6qm01y8kskciq,1_riv_03-0-0,cmp721ee507j7o001l3meh8dk,40
cmp782con02owqm01nyi66i4z,1_riv_04-0-0,cmp721ndz07kzo0012tbhy182,40
cmp782gzk02qiqm01n463lpxu,1_riv_07-0-0,cmp7209rs07b6o00155wvmjz2,40
cmp7833rf0318qm01ntn1a3sj,1_wl604403-0-0,cmp7240qj081uo001t72ufhxn,240
cmp78350m031sqm01a4aow3a3,1_wl604404-0-0,cmp72196t07i6o001h2r6dhvp,240
cmp783a6f034qqm01s62wsnro,1_wl604408-0-0,cmp7208nf07ayo001gsxp8mxu,240
cmp783j4v038yqm01ypdplvu5,1_wl604415-0-0,cmp7249b0083jo001osaoa3gs,240
cmp7848kb03m2qm01l235ud3g,1_wl604431-0-0,cmp723e3m07xdo001czd112kv,240
cmp784i2103pyqm018w0kmgbb,1_wl604437-0-0,cmp724xcn088ao001hhv7jeb9,240
cmp784l9h03roqm01o0sozw2g,1_wl604439-0-0,cmp7204fn07a4o001hhckfs6n,240
cmp770cpx02zuny0159xq2baq,1_jf6111-0-0,cmp72382007w6o001qz4k6eaz,1593
cmp78108i01zoqm01crjhima3,1_jf6130-0-0,cmp72363007vso001uj6r639a,1593
cmp781442020wqm01wzskn84a,1_jf6133-0-0,cmp7230b507uno001s7cbt8ea,1593
cmp7817uv022kqm01ix93s1ap,1_jf6136-0-0,cmp723pwi07zpo0012y8k9rae,1593
cmp781u3402ecqm01b23l3zg0,1_jf6152-0-0,cmp720tfu07f2o001pa1yvzod,1596
cmp781xp402gaqm01ht1ni5bc,1_jf6155-0-0,cmp721yhn07n6o001tuf2z5ek,1592
cmp78242v02jyqm01qhg4rmq7,1_jf6160-0-0,cmp71zvk6078do0019ywr0oao,1590
cmp76xcw602imny01vnsbwwy9,1_jf-0-0,cmp722p2707sfo001piphemoe,694
cmp76zhss02tqny01s96y2h23,1_jf6106-0-0,cmp723sq20809o001i0rtjvki,687
cmp7704wz02yony019ilsp8o5,1_jf6110-0-0,cmp723hr407y3o001or2gpvfj,685
cmp7713o2031uny01awgrln0v,1_jf6115-0-0,cmp722m3m07ruo001jtcg1j7d,684
cmp77215v035qny01cod5dhhk,1_jf6119-0-0,cmp723jpz07yho001jaci6gde,684
cmp780u4p01wkqm01fwx40y62,1_jf6125-0-0,cmp71zoy10772o001iq168vzw,686
cmp780wwr01y2qm015r29r0b7,1_jf6127-0-0,cmp720y3007fzo00107aav6l0,684
cmp780y0q01yqqm0130nrc1aa,1_jf6128-0-0,cmp72040i07a1o001ftl7k1d5,686
cmp7811mf0208qm01k646orfo,1_jf6131-0-0,cmp723aq407wpo001g3v8z4d0,684
cmp781442020wqm01wzskn84a,1_jf6133-0-0,cmp722ipy07r6o001c8adwwtl,684
cmp781cq20252qm01qs5gp3wj,1_jf6140-0-0,cmp720ntg07dyo001fcnl5pbc,683
cmp781f7z026gqm01103hj6ac,1_jf6142-0-0,cmp720313079uo001a3aw6wfa,683
cmp781ggw0274qm01ypc4v694,1_jf6143-0-0,cmp7238rf07wbo001b69o18ak,684
cmp781rkx02d0qm01g6gba41l,1_jf6150-0-0,cmp72344d07veo00106f7owhq,685
cmp781sp002dkqm01afgkh1cz,1_jf6151-0-0,cmp722aus07pmo001k9j1lwqe,683
cmp781u3402ecqm01b23l3zg0,1_jf6152-0-0,cmp724n2q0869o001mtghzuam,681
cmp781vbz02f2qm01vhgb6zyx,1_jf6153-0-0,cmp7227wl07p1o001v67dwudb,681
cmp781xp402gaqm01ht1ni5bc,1_jf6155-0-0,cmp723zw2081oo001eo97wsf3,682
cmp781z2y02h6qm01hf4rce96,1_jf6156-0-0,cmp722exd07qfo001xqvts2ie,683
cmp7822u102jaqm01j4xg16xt,1_jf6159-0-0,cmp721dox07j2o001bzwt22x3,683
cmp78256t02kmqm01iuotw495,1_jf6161-0-0,cmp720z7j07g7o001t420ihiy,691
cmp76z3kf02rcny01tualv0bi,1_jf6104-0-0,cmp724qqw086zo001o7r15ynn,686
cmp76znob02v8ny01ihd4kfn8,1_jf6107-0-0,cmp71zm4x076io001mq9u5xzd,685
cmp76zt5402w8ny01d40vgm3l,1_jf6108-0-0,cmp723k0207yjo001ze7p2aq1,684
cmokmmf5m0o86qscc4bftakhx,CS1,cmp723qlw07zuo001ra46ldrz,567
cmokmnj3p0oapqscc3mmb9h0r,HopeCollection,cmp7234tk07vjo001lu7ch3h8,183
cmp770vlq030sny01aei6iwin,1_jf6114-0-0,cmp723taf080do001pzhpxx1h,684
cmp771a3k032qny01hegqvskc,1_jf6116-0-0,cmp724e32084ho0019xt64re6,685
cmp78108i01zoqm01crjhima3,1_jf6130-0-0,cmp724hle0856o001aig1i7g5,684
cmp7818yu0234qm0115sjnjwf,1_jf6137-0-0,cmp722h6907qvo001sv36vmj1,684
cmp781a7u023sqm01m8t6iodb,1_jf6138-0-0,cmp723w3g080xo001twijlhpr,685
cmp781n0702asqm01imez2jbl,1_jf6148-0-0,cmp722juj07reo001pqldjnr0,683
cmp7821ky02imqm01xfw7tsb0,1_jf6158-0-0,cmp724cyo0849o001xok37t9c,681
cmp78242v02jyqm01qhg4rmq7,1_jf6160-0-0,cmp720365079vo001jmzivjnb,684
cmp76zc2202seny01di1ovnfl,1_jf6105-0-0,cmp71zy8l078wo001es3gvykx,685
cmp770s6p030iny01x4utu5qu,1_jf6113-0-0,cmp720h2v07cmo0018vel0a9q,685
cmp772850036iny018pw1rf4l,1_jf6120-0-0,cmp723rqm0802o001le9w149i,685
cmp772fnl0378ny0123drbwkv,1_jf6121-0-0,cmp721ca807iso001der20u76,685
cmp772lje0384ny01i93ilpw5,1_jf6122-0-0,cmp721r6n07lqo001wqoc904e,685
cmp772qlm038yny012n1dj5bo,1_jf6123-0-0,cmp7251pg0895o001ycu3wo3e,683
cmp772wm6039any017xhjufmj,1_jf6124-0-0,cmp71zjbh075yo001s091ah21,684
cmp780z4o01z8qm01u3foeyt3,1_jf6129-0-0,cmp720ac507bao001yqvv6pbi,686
cmp784v1o03wmqm01oaw18rsz,1_wl7-0-0,cmp7219m207i9o001mswn5ak0,247
cmp781bgy024gqm01g2fapf1j,1_jf6139-0-0,cmp71zpsf0778o0015ln35hh4,683
cmp781o9502bkqm0142n8lmu0,1_jf6149-0-0,cmp7226s407oto0011baohcv5,684
cmp7820bw02hyqm01ohu7uywa,1_jf6157-0-0,cmp724izy085go001i7m9ejhk,682
cmp76yn4x02owny01ta34f78o,1_jf6102-0-0,cmp720o8l07e1o0014b2iwpna,1593
cmp76zt5402w8ny01d40vgm3l,1_jf6108-0-0,cmp71zlzu076ho001fg6qren9,1593
cmp770j0i0306ny01nbq1ops3,1_jf6112-0-0,cmp71zj6f075xo0012qixaqyd,1590
cmp771jse033kny01qmrt171s,1_jf6117-0-0,cmp7221kz07nso001fz0qts5k,1593
cmp781a7u023sqm01m8t6iodb,1_jf6138-0-0,cmp71zpic0776o0018c36kytr,1592
cmp781dz2025qqm01knlnvek0,1_jf6141-0-0,cmp7246wz0832o001kcxufsam,1593
cmp781lr302a4qm01zn7s6fp4,1_jf6147-0-0,cmp7237cp07w1o001y6o7bl11,1593
cmp781wg402fmqm01o6yursx9,1_jf6154-0-0,cmp722ljg07rqo001wtc60adg,1594
cmp7821ky02imqm01xfw7tsb0,1_jf6158-0-0,cmp721bpy07ioo00105767yql,1593
cmp771uqg034yny01v3bxv5st,1_jf6118-0-0,cmp723bzp07wyo001m06mamkw,1593
cmp772fnl0378ny0123drbwkv,1_jf6121-0-0,cmp7246mt0830o0019j43489l,1592
cmp772qlm038yny012n1dj5bo,1_jf6123-0-0,cmp71zsw0077uo0011bny082n,1594
cmp780z4o01z8qm01u3foeyt3,1_jf6129-0-0,cmp720icj07cvo001zzuitcf0,1591
cmp7812vb020kqm01q84umus6,1_jf6132-0-0,cmp7228br07p4o001vz53pjeu,1591
cmp7816lx0220qm01ykkcxrwi,1_jf6135-0-0,cmp71zzd70794o001z6usqxlb,1592
cmp781cq20252qm01qs5gp3wj,1_jf6140-0-0,cmp724akm083so0011ctr0n06,1594
cmp781ggw0274qm01ypc4v694,1_jf6143-0-0,cmp720lpq07djo001prix4z8h,1593
cmp781o9502bkqm0142n8lmu0,1_jf6149-0-0,cmp7205p707ado001f2cp1y8y,1593
cmp781sp002dkqm01afgkh1cz,1_jf6151-0-0,cmp723igd07y8o001u77ezuko,1594
cmokmojsu0oddqsccqpkx8od3,JFP-Interests-Family,cmp724kek085qo0011waa3cs2,2290
cmp781vbz02f2qm01vhgb6zyx,1_jf6153-0-0,cmp722ltk07rso001ac9ulpxq,1596
cmp76unn6021yny01h0w0kt63,1_cl1302-0-0,cmp7239go07wgo001b5dz0rir,190
cmp76uvun0236ny0141akqr2x,1_cl1303-0-0,cmp721j6707k5o001sop0w0np,190
cmp76v85w0252ny01ubhry9ma,1_cl1305-0-0,cmp724lt70860o001msojcu5j,190
cmp7820bw02hyqm01ohu7uywa,1_jf6157-0-0,cmp723p2607zjo001vtv472py,1592
cmp76vo1m026ony0167zywy1j,1_cl1307-0-0,cmp723nii07z8o001hxgf7zcw,190
cmokmm61a0o7hqsccyuntzaum,Anticipate,cmp724zql088ro0010alq6kq9,2279
cmp772wm6039any017xhjufmj,1_jf6124-0-0,cmp724z1c088mo001i2mpmxl6,1593
cmp780u4p01wkqm01fwx40y62,1_jf6125-0-0,cmp7220gf07nko001rx8xabc7,1591
cmp780y0q01yqqm0130nrc1aa,1_jf6128-0-0,cmp7224o707oeo001oowlvuie,1591
cmp7811mf0208qm01k646orfo,1_jf6131-0-0,cmp723f2z07xko001c35t46m1,1593
cmp7815cy021cqm015l1l0yqs,1_jf6134-0-0,cmp721j1407k4o001fag29kdr,1593
cmp76zyw002wyny013kze3wcq,1_jf6109-0-0,cmp720lal07dgo001u6rh4121,685
cmp7812vb020kqm01q84umus6,1_jf6132-0-0,cmp723sas0806o0013yaxp8bk,686
cmp76vu1z0274ny016gdd8vgs,1_cl1308-0-0,cmp7213k807h2o001yoods06s,190
cmp76vz3x028qny0121ycvs4b,1_cl1309-0-0,cmp7234jh07vho001odr64dhn,190
cmp76wrjz02dqny01yc338u7u,1_cl1313-0-0,cmp724yh6088io001zo0k0q83,190
cmp781bgy024gqm01g2fapf1j,1_jf6139-0-0,cmp720uuj07fco001vzhya3xm,1594
cmp76wk5s02cwny01g0gjc6xc,1_cl1312-0-0,cmp72135207gzo001jlgdvfzx,190
cmp76yn4x02owny01ta34f78o,1_jf6102-0-0,cmp7205ua07aeo001pbzuya9r,684
cmp76yw1102qiny01sjxaygvh,1_jf6103-0-0,cmp720eet07c3o001g2yiwsni,684
cmp7815cy021cqm015l1l0yqs,1_jf6134-0-0,cmp72372j07vzo0019dbiopdf,684
cmp781dz2025qqm01knlnvek0,1_jf6141-0-0,cmp724pr4086so001nlssghmb,684
cmp781ki5029cqm019dva2vgr,1_jf6146-0-0,cmp71zntk076uo001pa9uarrx,682
cmp7832cy030iqm01dtvqdcbn,1_wl604402-0-0,cmp721cph07ivo0019iaebqhu,240
cmp786gs404quqm01ktejdjfn,2_0-Flow,cmp72191q07i5o0017dpilnxx,179
cmp783bfz035gqm01s7m5lkmd,1_wl604409-0-0,cmp720kgc07dao001xuuwbk40,240
cmp783sq503duqm01nwvrb9up,1_wl604420-0-0,cmp7217x807hxo001u9bmrz3u,240
cmp783ws203g2qm01xxp4ag20,1_wl604423-0-0,cmp71zl57076bo001t3dnnwn8,240
cmp78433b03jeqm013sl33ot7,1_wl604427-0-0,cmp721g2s07jjo001w2s2kh6n,240
cmp78475n03lgqm01btiakdxi,1_wl604430-0-0,cmp7248qm083fo001vy24yg7o,240
cmp784brr03ngqm01lum5ev1b,1_wl604433-0-0,cmp7251fd0893o0019ff237zm,240
cmp772850036iny018pw1rf4l,1_jf6120-0-0,cmp7235sx07vqo001etir5qgo,1592
cmp780viu01xcqm01yhmyjm2b,1_jf6126-0-0,cmp724dds084co001s6iplmn7,1591
cmp780wwr01y2qm015r29r0b7,1_jf6127-0-0,cmp722omx07sco001infmsngo,1593
cmp78256t02kmqm01iuotw495,1_jf6161-0-0,cmp722mdr07rwo0010pds5of8,1583
cmp76zhss02tqny01s96y2h23,1_jf6106-0-0,cmp71zpxi0779o001n4msrowg,1590
cmp7704wz02yony019ilsp8o5,1_jf6110-0-0,cmp72097l07b2o001ri8ucht8,1592
cmokmp0wk0oebqsccu6yxd9cl,JFP-Interests-Training,cmp724hgc0855o001shfc9mmt,2277
cmp76wzwj02f2ny01lwx9znca,1_fj-0-0,cmp723k5407yko0016bd4zgmd,22
cmokmnz3d0oblqsccr1n190bg,JFM1,cmp724xhq088bo001vlr4jy3l,2320
cmokmofhg0od3qsccepzlc8v7,JFP-Interests-Evangelism,cmp71zvzc078go001dvkgtfn7,2312
cmokmpfra0oezqsccro47rskf,LOVE40,cmp720wj907foo001lvew4z2n,2286
cmp770j0i0306ny01nbq1ops3,1_jf6112-0-0,cmp72069h07aho001psnsl57d,687
cmp780viu01xcqm01yhmyjm2b,1_jf6126-0-0,cmp723ywk081ho001n5neqcpg,686
cmp78ijls0asyqm01u2faga78,2_The_Four_Collection,cmp725c4908b7o0013wilgdm6,179
cmp7816lx0220qm01ykkcxrwi,1_jf6135-0-0,cmp7244iy082lo001eck75ey8,685
cmp771jse033kny01qmrt171s,1_jf6117-0-0,cmp724vds087wo00149n89bra,684
cmp781hpx027sqm011cbbc0mj,1_jf6144-0-0,cmp721agg07ifo001rf88x7ue,683
cmp76ycuv02n0ny01faav3nae,1_jf6101-0-0,cmp7208dc07awo00106mizoww,678
cmp781lr302a4qm01zn7s6fp4,1_jf6147-0-0,cmp724dy0084go0019wxbndcx,684
cmp7817uv022kqm01ix93s1ap,1_jf6136-0-0,cmp724mdg0864o001wjng4l34,684
cmp76xcw602imny01vnsbwwy9,1_jf-0-0,cmp71zmk2076lo001oo2174vh,1587
cmp76yw1102qiny01sjxaygvh,1_jf6103-0-0,cmp7217cy07hto001mleai5ss,1593
cmokmocio0octqsccfsbpykqk,JFP-Interests-Discipleship,cmp71zsbs077qo001ecw266i6,2220
cmokmq5660oicqscc7qitao5u,WYDCollection,cmp723wnq0811o0014k5hj03m,487
cmokmnnkw0ob7qscc3ogitxpi,JF-Language-Stack,cmp724r660872o00127fzoleg,2320
cmp76ub2c020ony014bfw5nxd,1_cl13-0-0,cmp7204uu07a7o001p9b94466,193
cmp782rw502vaqm013oqeih1y,1_wjv-0-0,cmp7246ru0831o001ja4wo5ch,123
cmokmovkd0odtqsccoeohg36q,JFP-Interests-Sports,cmp7216xr07hqo001dgcqegk9,90
cmp78369u032kqm01hmndj6da,1_wl604405-0-0,cmp71zvf4078co0015f8183nz,240
cmp7837dy0334qm01q50g3zmy,1_wl604406-0-0,cmp7245ng082to001qik7jlgy,240
cmp7838x5033yqm01j8n5pv6x,1_wl604407-0-0,cmp71zhhe075lo001o2teahl9,240
cmp783vir03feqm01iu0jas61,1_wl604422-0-0,cmp723al207woo001u8vta2jv,240
cmp783yb803guqm01hd6u1z2u,1_wl604424-0-0,cmp72358r07vmo001ysx0etqt,240
cmp78447r03k2qm019h2ambpl,1_wl604428-0-0,cmp7223yu07o9o001yfk6z46n,240
cmp783hvn038cqm01wgj6b5ij,1_wl604414-0-0,cmp72415o081xo001dk82r9ke,240
cmp783u4m03emqm01e7rcb2ll,1_wl604421-0-0,cmp7248bh083co001lgwelfth,240
cmp78405103hwqm01bph8tlma,1_wl604425-0-0,cmp722n8207s2o001oqwhbf4f,240
cmp784a8l03muqm01xd7uvlyy,1_wl604432-0-0,cmp721yws07n9o001mh7pi5k7,240
cmp784q6303tyqm01a23ainou,1_wl604441-0-0,cmp723xn30818o001tnvb7cqt,240
cmp782qcu02ugqm01gk2e5c5y,1_riv_12-0-0,cmp723nxr07zbo001ibn1idqo,40
cmp784tsl03vuqm01ce5oanh7,1_wl604444-0-0,cmp7236sb07vxo001e76ls4mi,240
cmp771uqg034yny01v3bxv5st,1_jf6118-0-0,cmp720lzu07dlo001pnibn0u3,684
cmp781wg402fmqm01o6yursx9,1_jf6154-0-0,cmp7236d607vuo001s6o7hku8,683
cmp7831nt0306qm01ju20rirb,1_wl604401-0-0,cmp722f2f07qgo001ud09njil,240
cmp7888sr05luqm01vwiswiy0,2_0-Medley,cmp723zgw081lo001h8efbhsn,178
cmp784sji03v6qm01t21d1tgi,1_wl604443-0-0,cmp723cjx07x2o001fxf442lg,240
cmokmopz90odlqsccd0iybru9,JFP-Interests-Relationships,cmp71zn9b076qo001xv6z3ab3,2291
cmp770cpx02zuny0159xq2baq,1_jf6111-0-0,cmp72396k07weo00176i6riv9,684
cmp781j43028iqm0137cy8gsj,1_jf6145-0-0,cmp723kpc07yoo001kafnqh0b,682
cmp76w7uq02asny011hnrh6om,1_cl1310-0-0,cmp722l4907rno0018u8c785h,190
cmp783cpb0368qm0166a59vtk,1_wl604410-0-0,cmp72120m07gro001glb6rcwe,240
cmp783o3x03beqm01hlz0446n,1_wl604417-0-0,cmp723wim0810o001vadyd8rj,240
cmp784e0403o8qm01961owusn,1_wl604434-0-0,cmp722m8p07rvo001iw57gu6l,240
cmp772lje0384ny01i93ilpw5,1_jf6122-0-0,cmp71zsgt077ro001u7fjxbte,1592
cmokmo58r0oc3qsccw31ii57u,JFP-Classic,cmp7218wo07i4o001zc0dy76k,2306
cmp76jjpv008eny01nws3xymj,11_Advent,cmp72272907ovo001icx786t0,41
cmokmo7a70ocbqscceaqf21oa,JFP-Featured,cmp720j6w07d1o0013xkumysj,2291
cmokmp3cs0oejqsccfv6u9q5l,JFP-Interests-Women-Resources,cmp723d4507x6o001z6fulwoc,2307
cmokmmas60o7qqscc4z2ptbr7,BibleProject,cmp7209mq07b5o001vimovxfu,46
cmp784jl703qsqm01yjx5akw4,1_wl604438-0-0,cmp7244y4082oo001b417wul0,240
cmp784foe03oyqm01utwgwspo,1_wl604435-0-0,cmp7240vk081vo001owf3kl03,240
cmp76v2040248ny01vwz4gka2,1_cl1304-0-0,cmp721taj07m5o001gs0w692a,190
cmp78a0mq06ggqm01d99151af,2_0-Yol,cmp724kop085so001u0pf1uv0,179
cmp78a4og06ikqm01mur1757n,2_Acts-0-0,cmp724b9z083xo001m3up07u5,9
cmp783dte036sqm0136t91sbk,1_wl604411-0-0,cmp723nsn07zao001bf77pmks,240
cmp76uecu0216ny01eel7sonr,1_cl1301-0-0,cmp721bft07imo001wc21x943,190
cmp7845m303ksqm0132aumps1,1_wl604429-0-0,cmp721v4b07mio001mazwb1bp,240
cmp78a5sv06j6qm018vqxw4u1,2_Acts7301-0-0,cmp7245xj082vo001rvs9xbmw,9
cmp784gnn03pcqm01zu9s4udw,1_wl604436-0-0,cmp722tzf07teo001evdw2rvp,240
cmp78qown0emmqm01u1w7jmcc,7_0-nfs01,cmp7210h007ggo001jidhnawo,18
cmokmpm9m0ofxqsccffdmrpux,MAG1,cmp723eir07xgo001px6jzphk,22
cmokmmqw20o8oqscc0agy3yqg,DWJ1,cmp721bv307ipo001ykzjikqk,27
cmrundr4a00j4n101knmywu3l,6_Acts,b89a0f0f-438b-472b-8276-d37ac97a08a4,31
cmp78abut06lqqm01xwsm03aq,2_Acts7305-0-0,cmp721t5i07m4o001lysd63fe,9
cmp78agcf06oaqm01w4k9ae5n,2_Acts7308-0-0,cmp7231ky07uwo001zec8r988,9
cmp78288r02mcqm01w3ge27mh,1_riv-0-0,cmp722x7t07u1o001f0qrs6tp,40
cmp782e2k02poqm01m72g3gtw,1_riv_05-0-0,cmp723r6c07zyo0012o2ckzcj,40
cmp782jrg02rqqm01kk4vpzg1,1_riv_09-0-0,cmp722ta607t9o00177h93u6o,40
cmp782lad02seqm01u6a4mhla,1_riv_10-0-0,cmp724f2g084oo001nci3fi1t,40
cmp7828xl02mqqm01q6de6rhd,1_riv_01-0-0,cmp720arb07bdo001n4x18r6k,40
cmp78ami206rsqm01uzld7xsa,2_Acts7312-0-0,cmp720vz207fko0018wkq0npb,9
cmp76xcw602imny01vnsbwwy9,1_jf-0-0,2e5de1ca-06b2-465a-b85b-8be1c86f180f,3
cmp78avxg06weqm01f6k5s3v6,2_Acts7317-0-0,cmp722a5i07pho0010pc6wdxx,9
cmp78b4ls071eqm01bdst1d5i,2_Acts7323-0-0,cmp72007k079ao0012qr65k0v,9
cmp78b7e9072yqm01g3yuj1ps,2_Acts7325-0-0,cmp721zm207neo001zhb2wlrd,9
cmp78bc0e075mqm01r7kpdv0w,2_Acts7328-0-0,cmp724apq083to00113yq2awa,9
cmp78bnlf07bkqm01eqpb4v29,2_Acts7336-0-0,cmp723i1707y5o0015fykwp96,9
cmp78buvj07f8qm015eoawb8j,2_Acts7340-0-0,cmp722ddo07q4o0018g7oag5l,9
cmp78ajf706q0qm01p47xdrd9,2_Acts7310-0-0,cmp7216il07hno001pmh837zs,9
cmp78bz2507hiqm01qxi6vmn7,2_Acts7343-0-0,cmp723wxu0813o00110dd1e1p,9
cmp78auit06vmqm015u0hokkc,2_Acts7316-0-0,cmp72073u07ano0014jspcxsb,9
cmp78614o04iuqm015kru03qe,2_0-ConsideringChristmas,cmp72248z07obo001iwoutnme,13
cmp78u2mp0g6aqm01nypgderz,8_NBC02,cmp721e4107j5o001r7zfelhz,40
cmp78u4620g6mqm010vhdqlys,8_NBC03,cmp7214em07h8o0011hh038is,40
cmp78u73x0g86qm01ftezjq8q,8_NBC05,cmp721rgs07lso001xq3omma3,40
cmp78u9wo0g9eqm01c19mqui8,8_NBC07,cmp722w8e07tuo001gnztppo3,40
cmp78ucpj0gasqm01vv53dmnl,8_NBC09,cmp72054z07a9o0014sr8si8q,40
cmokmlphf0o3oqscctk8w021p,9_CreationtoChrist0703,cmokmlqvm0o43qscco8j3t5d3,45
cmp78b6010726qm01cs4a69ra,2_Acts7324-0-0,cmp71zi6n075qo001u6740565,9
cmp76k8r5009kny01zfr58abw,11_Advent0404,cmp724mxp0868o001qiys9uo6,39
cmp78ceit07puqm01qwp9ounv,2_Acts7354-0-0,cmp724x7k0889o001konac84w,9
cmp78bdjj076aqm01h7m568yl,2_Acts7329-0-0,cmp7205f207abo0017ewb84hw,9
cmp78bexs076uqm01ml9bp43w,2_Acts7330-0-0,cmp721jqj07k9o0017k1keu9v,9
cmokmltnh0o4sqscc538f8ft5,9_CreationtoChrist0705,cmokmlv460o57qscctuwvks93,45
cmp76k1420098ny01qfdqru2w,11_Advent0304,cmp724xrt088do001sbgu3mjw,39
cmp76kp0y00bany01kfq72n9a,11_ReadBible1904,cmp720hs907cro001gyre0pz0,28
cmp76kwk500d4ny0144tyiwms,11_ReadBible1907,cmp724n7u086ao001llrme0z1,27
cmp76lfgq00iany01f48lejft,11_ReadBible1915,cmp722kk207rjo00174iiex7d,24
cmp76lodh00kyny014hqzwwdi,11_ReadBible1918,cmp71zkfu0766o001jsi5klxt,23
cmp76ltff00lsny015n9l3ptz,11_ReadBible1919,cmp720t0p07ezo001j5hpgv49,23
cmp78coay07uwqm0145u9x4fu,2_Acts7361-0-0,cmp723z6p081jo001m0airn89,9
cmp78cpp407voqm01dtwb1v7i,2_Acts7362-0-0,cmp721cfb07ito001j913hfwz,9
cmp76kt9v00c4ny01qc5akzzz,11_ReadBible1906,cmp723y7a081co001l0b8htoc,27
cmp76l6fb00funy01qkg4dhgb,11_ReadBible1911,cmp724bf1083yo001kea3l7zu,24
cmp76l7sj00g4ny014lv432yy,11_ReadBible1912,cmp71zmu5076no001lc19m1f9,24
cmp76ld4v00hony01624zpkww,11_ReadBible1914,cmp724a0a083oo0018tu37jao,23
cmp76oyro00x6ny01mcgpr5tk,11_SpiritualBeings0802,cmp720irr07cyo001uov65i8c,16
cmp76p1ig00xuny017mwdl4u8,11_SpiritualBeings0803,cmp721wiu07mso0011pjrjdfa,16
cmp76pbgy010gny0145m57e64,11_SpiritualBeings0806,cmp723gcm07xto001kl6glrb9,16
cmp78656a04l2qm01fkdb1vn5,2_0-Ctrl-Z,1b42c18d-134e-4fc6-91b7-8021c88d8ac7,1
cmp78i6bz0am4qm0170zdznjy,2_PIPerception,cmp724f7i084po001vmux7rou,2
cmp78itw00axyqm01s4n0q51d,2_UltimateCoachVert,cmp7254dn089oo001unjcqpmh,10
cmp78qpqu0emyqm01j4694114,7_0-nfs0101,cmp7247730834o0013p6yofok,14
cmp78qvla0eq2qm01nst6n2tl,7_0-nfs0202,cmp7213ud07h4o001bkmwp8ej,14
cmp78rk220f10qm01d2ra28ii,7_0-nfs0603,cmp724vsz087zo001cwm96yda,15
cmp78rn4w0f2kqm01nu2ax4l4,7_0-nfs0702,cmp721ymp07n7o001of3hhxv6,14
cmp78rsln0f5cqm01843kzoig,7_0-nfs0803,cmp71ztgb077yo001ezh90c9g,14
cmp78ubb30ga0qm01pm6g81qx,8_NBC08,cmp71zods076yo001oshcc91g,40
cmp78ue3w0gbkqm01npd6j7v2,8_NBC10,cmp723l9i07yso001ugqjuyo9,40
cmokmlnfe0o34qsccs0yihp4k,9_CreationtoChrist0702,cmokmlos50o3jqsccay74orfz,45
cmokmlvtk0o5cqscc95pobxr0,9_CreationtoChrist0706,cmokmlxct0o5rqsccq6h9pzvy,45
cmp76krcs00bmny01j2yvfdap,11_ReadBible1905,cmp7242020823o001oy5j0989,27
cmp76l3yc00f6ny01yhz09vbt,11_ReadBible1910,cmp724i5l085ao001u83si6ft,24
cmp76lj5x00jgny01ykidyzln,11_ReadBible1916,cmp722ku607rlo001tziwvnj5,23
cmp76qc17016uny01m09z6eqc,13_0-RPGospel0401,cmp723kka07yno001f0gi0ttj,180
cmp76xcw602imny01vnsbwwy9,1_jf-0-0,cmp720bgl07bio001eykq6hd5,10
cmp78is7j0ax0qm01ywggpheu,2_UltimateCoach,cmp7253te089ko001lqzuoj4p,37
cmp782a1y02naqm018avh400x,1_riv_02-0-0,cmp722ei807qco001nvd02fcj,40
cmp782oyu02toqm01zm57embt,1_riv_11-0-0,cmp724ja2085io001clqxk2zx,40
cmp78bqdq07d4qm01bb7cnn5r,2_Acts7338-0-0,cmp720gdj07cho0014bt7j6o8,9
cmp76l2b700esny01rtfkdznl,11_ReadBible1909,cmp71zi1l075po001ndzyam2q,24
cmp78u8ie0g8sqm01slpd858g,8_NBC06,cmp7212aq07gto001sfch9fko,40
cmp78d5eg083wqm01v20bbzde,2_Acts7372-0-0,cmp721gcy07jlo0012d23dslq,9
cmp78d6sn084oqm019pd0jurf,2_Acts7373-0-0,cmp723ibb07y7o0011rhvu1ne,9
cmp78df5l088uqm01qtkazzwe,2_BoA_BibleStudy-0-0,cmp721rqy07luo001dvmsrwei,7
cmp78dj1q08b0qm017hvknwns,2_BoA_BibleStudy1202-0-0,cmp721qmf07lmo0010zkg2g3c,7
cmp78dlox08ciqm01hvrnzeap,2_BoA_BibleStudy1204-0-0,cmp72130107gyo001w3b0vlxn,7
cmp78u0jm0g5gqm01neigt55t,8_NBC01,cmp720l0i07deo001nkksda14,40
cmp78dn3f08d8qm01yusna8zv,2_BoA_BibleStudy1205-0-0,cmp723mj407z1o001jtstwdqg,7
cmp78dpm008ekqm011s5xvbc0,2_BoA_BibleStudy1207-0-0,cmp7235iu07voo001gml88hjc,7
cmp78dqvd08f8qm01y6vf670c,2_BoA_BibleStudy1208-0-0,cmp722z6m07ufo001tltsbybz,7
cmp76x62n02guny01kfxrc6xh,1_fj_3-0-0,cmp724ipu085eo001jkytw6kf,20
cmp78c1ze07j4qm01yeq291c6,2_Acts7345-0-0,cmp7232af07v1o0015x8c4b6i,9
cmqp5p6cy00pdks01npxdrik4,6_Acts0404,1811d11d-a158-493d-8bcc-2c8d298bf7fd,31
cmokmpjtw0ofhqsccozenpulr,LUMOCollection,cmp72439h082co0015nst7ebw,60
cmokmq2yr0oi4qsccitr54nts,Wonder,cmp7200rr079eo001wbokxqki,31
cmp782xhf02y6qm016ct5x9ee,1_wjv_04-0-0,cmp722d3l07q2o001pnvh6nnt,120
cmp782z0p02z0qm01w47mflhd,1_wjv_05-0-0,cmp722vt807tro001h15v52qj,120
cmokmmxjp0o95qscc49jfz0gp,global_soccer_event_collection,cmp7253e6089ho001m5iqxnm5,81
cmp789gbw0670qm01s8a5xfuf,2_0-TruePurposeLife,cmp724wd60883o00192zr4ldo,23
cmp76x7zm02hmny01s42epzaf,1_fj_4-0-0,cmp723yhe081eo001tdsqvskw,20
cmp76xcw602imny01vnsbwwy9,1_jf-0-0,cmp7226i007oro0018gagum9k,8
cmokmoy3g0oe3qscc9x8uxosr,JFP-Interests-Student-Resources,cmp724nx6086fo001ib34cl81,277
cmp78ck3z07soqm01at7yizev,2_Acts7358-0-0,cmp71ztlc077zo001je2osjbq,9
cmp78cr3b07wgqm01ulp35sy3,2_Acts7363-0-0,cmp722nd407s3o001apqybd5u,9
cmp76x1k102fgny01kvc8ihuz,1_fj_1-0-0,cmp724lj4085yo001j8vinjeh,20
cmp784x5m03xoqm01v90agbfg,1_wl72-0-0,cmp722fhl07qjo001z2e5eg3i,247
cmp7854jk041uqm018h0nfui1,1_wl77-0-0,cmp72524n0898o0019c8y9fua,247
cmp76x3qs02g6ny01w7ib1isb,1_fj_2-0-0,cmp72220407nvo001dclo7dtb,20
cmp78u5kc0g7cqm01krgr389q,8_NBC04,cmp724le2085xo0012jh1da0x,40
cmp78cwvm07z8qm01gawoe4ub,2_Acts7366-0-0,cmp724l8z085wo001torn94cq,9
cmp78cyet0802qm011jvp389s,2_Acts7367-0-0,cmp721xse07n1o00178uob3l4,9
cmp78d17p081kqm01kzc9t5th,2_Acts7369-0-0,cmp720rr207eqo001fqm2qv3h,9
cmp78d2lx082cqm01z35jk1qj,2_Acts7370-0-0,cmp721vym07moo0012oveixxt,9
cmokmlibp0o2bqsccix2nriff,9_CreationtoChrist,cmp723v94080ro0014h5xcjy2,46
cmp786a7s04nwqm01j3t9ozag,2_0-Doll-Face,cmp71zzi90795o001yte4a19b,179
cmp789ucc06d6qm01hkwh66g5,2_0-Vinyl,cmp71zhmg075mo001el6mp0kc,179
cmp76xa1k02i4ny01h0tb4rj6,1_fj_5-0-0,cmp72011v079go001twzuih4e,20
cmp7866ad04lmqm018bil4dk6,2_0-Delight,cmp723tpl080go001pg6e54c9,180
cmokmly270o5wqscc5gx00xhu,9_CreationtoChrist0707,cmokmlzgj0o6bqsccmggbbp2z,44
cmokmm04a0o6gqscc9wis2i28,9_CreationtoChristFull,cmokmm1lc0o6vqscc7ei279fg,45
cmp7826fv02lgqm01tb58itb3,1_mld-0-0,cmp7246hr082zo001p4i1p4he,281
cmp7887o305lcqm01wdp7wda2,2_0-Marea,cmp723i6807y6o001e38assoo,179
cmp788gxh05pmqm013930lb1j,2_0-PaperHats,cmp724ohk086jo001bwqt9jqi,179
cmp76o8me00u0ny01z3ldehok,11_Shema0206,cmp722fcj07qio0014c1iklot,17
cmp76ohdr00uyny01umzsm5yx,11_Shema0406,cmp722hvl07r0o001382f5jup,19
cmp76pehw0116ny01zbohiqy6,11_SpiritualBeings0807,cmp724p6s086oo001otwfh17x,16
cmp7855xq042gqm01frn2ryhu,2_0-1113,cmp7225xr07ono001trcakdzj,179
cmp7857by0438qm01qcccrvi9,2_0-1Torch,cmp721mts07kvo001uzyl2h23,1
cmp785b30044wqm016336blly,2_0-3TorchLightPurpose,cmp723z1m081io001kvf8d17r,1
cmp785ftr047kqm01sacq5y38,2_0-ADream,cmp720qhj07eho0019nkb4mj6,4
cmp76qppj018mny015pvabvcm,13_0-RPGospelIntro,cmp723b0707wro001g4l6oulh,179
cmokmpsx10og5qsccxzhk2m9q,Nua,cmp71zu5l0783o001bjx55sfm,18
cmp78eanq08o6qm01iokn7mwo,2_BrokenAndHealed,cmp722bk207pro001w7fc75wk,62
cmp785ym204heqm01l9a2se3b,2_0-Coffee-Shop,cmp7200wt079fo001ys3wblek,2
cmokmq10f0ohvqsccjckax4si,Rescue,cmp71zwtu078mo001a8mfk721,31
cmp785zq804hyqm015fx1di83,2_0-ComingHome,cmp723uox080no001ul921r65,4
cmqp5oy1900nxks01j0xojbru,6_Acts0403,26b69027-f14c-4f36-8f96-2bfacaa8005b,31
cmp76jvcy008wny012l9njp0o,11_Advent0204,cmp722uen07tho001gyvp851x,39
cmp76knit00ayny01kp9u44i8,11_ReadBible1903,cmp7230g707uoo001twomqt80,29
cmp76kyqz00dony015cy82l0b,11_ReadBible1908,cmp71ztqd0780o00166138wd6,27
cmp76qsaz018qny011ocsop83,14_TPP,cmp723ymf081fo001xrce9y3q,27
cmp785nwf04c0qm01h8l6tgao,2_0-BornToPlay,cmp7242f80826o001dvez7tqf,3
cmp78nhre0d9mqm01cjsk58o9,4_Injury2AskingWhy,cmp720e9s07c2o001k8lmfnje,3
cmp78nyb00dh4qm01h70gh9v2,4_Loss5Preview,cmp722r1f07sto001iyw1b9t4,1
cmp78o3ru0djsqm019autb7re,4_SelfDoubt3LovedWorthy,cmp722ced07pxo001lqdcapl6,1
cmokmlkqf0o2kqscc9uu1hjtt,9_CreationtoChrist0701,cmokmlmm50o2zqscc7i07ashp,45
cmp786y6004yuqm018hfja0z1,2_0-In-Time,cmp7230vh07uro0019c5xbb13,14
cmp7873nt051oqm01doj0s5lc,2_0-Jatku-Leiba,cmp71zkky0767o001bz4rpqzt,12
cmp7874x0052cqm01n2ozu09e,2_0-JesusBackFromDead,cmp7235dt07vno001gqdkmvl0,26
cmp787b84055eqm019ah22uf1,2_0-LeaderImpact,cmp72481e083ao001ullach3f,1
cmp787c27055iqm01a18hweui,2_0-LeaderImpact_01,cmp71zxe2078qo0013lh81a6h,1
cmp787jlp059aqm017jps0b27,2_0-LeaderImpact_07,cmp71zetf0752o001ejcim90q,1
cmp787kv6059yqm01vnu2zf7y,2_0-LeaderImpact_08,cmp722x2s07u0o001c360r5c4,1
cmp787m4i05amqm01qezhn3b1,2_0-LeaderImpact_09,cmp71zejc0750o00119z3n6dy,1
cmp787omu05byqm01meoc21ai,2_0-LeaderImpact_11,cmp7220qj07nmo001mcu4fgoq,1
cmp787tul05e0qm017jmelz6v,2_0-LeaderImpact_13,cmp7243ei082do001j2gpxev4,1
cmokmlrkp0o48qscct69q3uee,9_CreationtoChrist0704,cmokmlszj0o4nqscct1hyox4o,45
cmp76o1d600tmny01285fi9j1,11_Shema,cmp721c0407iqo001mxe77yty,19
cmp7886k105ksqm01eggwj430,2_0-LivingWord,cmp720gsr07cko00187aes78p,9
cmp788bbh05mqqm01cfntz6ui,2_0-Nightwatch,cmp72172t07hro001dtee16au,3
cmp782vt302xaqm01spz8n4zr,1_wjv_03-0-0,cmp720ynb07g3o001cn235k8x,120
cmp78tzue0g52qm011y4elj91,8_NBC,cmp7249q7083mo0016i6dyxgq,42
cmp788leu05s4qm0177zb9mmr,2_0-PerfectAlternate,cmp720f4107c8o001fqbaec2l,1
cmp788r9r05uoqm0147zkptbk,2_0-Puzzler,cmp722jab07rao001y9jmgyn1,179
cmp788sje05v8qm011o32emtj,2_0-Rain,cmp71zsqy077to001lotapedz,14
cmp785w3c04g0qm01p9xovcu9,2_0-Cabernet,cmp7217i007huo001d3m2ck5j,15
cmp782sl302vkqm015c9rezt5,1_wjv_01-0-0,cmp724p1r086no001xjf1zwbd,120
cmp782u9u02wgqm01zd3c1k02,1_wjv_02-0-0,cmp721kav07kdo001klag0qn6,120
cmp788tss05vwqm019nio098n,2_0-RealityVR,cmp720uzl07fdo0014zfhv7fp,1
cmp789aux0646qm018jaj93zo,2_0-ThisIsFreedom,cmp7204kp07a5o00156yvm2v6,1
cmp789diz065mqm010i8uk8ue,2_0-TimeForChange,cmp724ena084lo0010bx6faw5,1
cmp789ikc0684qm01yrkhxcle,2_0-UltimateSacrifice,cmp721oxm07lao001y8z405hh,1
cmp789kya069iqm01dl60izf0,2_0-UseThisApp,cmp721iw307k3o001ywxhf4wa,14
cmp789lnh069sqm01p9n2v1qy,2_0-UseThisApp01,cmp723aay07wmo001sp2wyxyo,14
cmokmn8kx0o9tqsccq58ggufr,GOMarkCollection,cmp724rqf0876o001gp14qufj,56
cmp76lbmm00hcny01am1nd6yc,11_ReadBible1913,cmp723h6v07xzo001mc9nfrb3,25
cmp76nd5000rgny01a2iyer7r,11_Sermon0710,cmp724o7f086ho001145l6qzs,6
cmp76norp00scny01k2hgi1mm,11_Sermon0910,cmp720jby07d2o001fk5exzzx,6
cmp76o60s00tqny01whkiuzn5,11_Shema0106,cmp71zlfn076do001jj1gui4r,17
cmp76ovwc00weny01a0r4acpt,11_SpiritualBeings0801,cmp72243y07oao0015l3wigg1,15
cmp76p44500yeny01ucqmfyf4,11_SpiritualBeings0804,cmp7248lk083eo001q0u2fz0i,16
cmp76phdf011uny01ko049ndw,11_SpiritualBeings0808,cmp723lek07yto0011xdret6a,16
cmp785cc3045kqm01134w0f1t,2_0-4Laws,cmp720a7007b9o001x68edbtz,3
cmp76kl2300ainy01pfsrotb8,11_ReadBible1902,cmp721wds07mro001d40qggfg,28
cmp76opqk00vuny019g8wnxro,11_Shema0606,cmp723jav07yeo0017ge8ha6f,17
cmp76msmi00psny015tnr9w4r,11_Sermon0410,cmp723a0u07wko001wicxvy7m,7
cmp76om1a00v8ny01didn3zy1,11_Shema0506,cmp720pn607ebo001r6vefyle,17
cmp76p79l00z4ny01mtqh2azm,11_SpiritualBeings0805,cmp71zmz7076oo0018g4093ol,16
cmp786dzm04pcqm01d0ygjzag,2_0-EasterExplained,cmp71zydn078xo001470k3p14,6
cmp78i8ai0an4qm01p7kvsxzt,2_PrayingHandsCTA,cmp725394089go001jv80kl76,11
cmp78ihxh0aryqm01ncu2gg08,2_TalkJesusVert,cmp72548l089no001fzhdd7ur,9
cmp78qz2z0erwqm01dgeoskdh,7_0-nfs0301,cmp724ns5086eo001gqp1iidf,14
cmp78r0c60eskqm01qc2qa7w7,7_0-nfs0302,cmp7232uq07v5o00164zd7dus,10
cmp78r1li0et8qm01c1fw7dsr,7_0-nfs0303,cmp723av507wqo001dq7zcopk,14
cmp78r3jv0eu8qm01fe091nlj,7_0-nfs0401,cmp724ei8084ko001anv5a3nk,14
cmp78rafc0exuqm01spe48kpo,7_0-nfs0503,cmp71zu0j0782o00133bccule,14
cmp78rrhc0f4qqm01wtlmbn6o,7_0-nfs0802,cmp722nsd07s6o001nh9clg46,14
cmp78ruz30f6iqm018xds7fl8,7_0-nfs10,cmp724588082qo0018bo3hyql,14
cmp78u8ie0g8sqm01slpd858g,8_NBC06,cmp724m3d0862o001mo5k64y9,2
cmp78u9wo0g9eqm01c19mqui8,8_NBC07,cmp71zgi1075eo001tudc4ibi,2
cmp78ue3w0gbkqm01npd6j7v2,8_NBC10,cmp722rbi07svo001a7012n2c,2
cmp7883wo05jcqm01eqmqoa6l,2_0-Legion,cmp721pct07ldo001a7oynjsx,200
cmp76fz8p002iny01fjtsfju9,10_Darkroom04Science,cmp723w8i080yo0019n5w0bbp,4
cmp76g4q3002wny01very7csl,10_Darkroom05Religion,cmp720ez007c7o001j6feim5m,4
cmp76kj0300a0ny01p171plvi,11_ReadBible1901,cmp720we807fno001dp4fp8nt,28
cmp76qyqa01a0ny01x3j6ldrl,14_TPP1602,cmp721zw807ngo001co8ubrxf,2
cmp76r03r01a4ny010e05aqh7,14_TPP1603,cmp720rm007epo00186ftk1hb,2
cmp76r47b01asny01adqfm103,14_TPP1606,cmp71zfip0757o00171sl6on9,2
cmp78iyi40b0cqm012bav5ure,2_WayPatrick31Taken,cmp7252ou089co001orbm9csk,3
cmp78j0690b1cqm01hexixp9z,2_WayPatrick32Calling,cmp7252tw089do001v10jpeu8,3
cmp78j4880b3qqm01fufkkq0e,2_WayPatrickTrailer,cmp725341089fo00156m79o71,3
cmp789zdi06fwqm01zp26njvp,2_0-WhereYouBelong,cmp7210w507gjo0016x9mud7l,77
cmp78ig930aqyqm01zp8unv6y,2_TalkJesus,cmp72543k089mo001ezos9vbg,33
cmp76jnoj008iny01nk8c0u9n,11_Advent0104,cmp7224e107oco001i6cpqepf,1
cmp76om1a00v8ny01didn3zy1,11_Shema0506,cmp722xmz07u4o001lo6ly640,1
cmp76opqk00vuny019g8wnxro,11_Shema0606,cmp720oio07e3o001855sqoio,1
cmp76k1420098ny01qfdqru2w,11_Advent0304,cmp720mez07doo001gtj9vz7e,1
cmp76oyro00x6ny01mcgpr5tk,11_SpiritualBeings0802,cmp723mdz07z0o001sb4jb2o5,1
cmp76p1ig00xuny017mwdl4u8,11_SpiritualBeings0803,cmp720w9607fmo001idj1qmn8,1
cmp76p79l00z4ny01mtqh2azm,11_SpiritualBeings0805,cmp722afn07pjo001nsbuir6z,1
cmp76pehw0116ny01zbohiqy6,11_SpiritualBeings0807,cmp722pro07sko0019qelzh05,1
cmp76phdf011uny01ko049ndw,11_SpiritualBeings0808,cmp722y2407u7o001ct2bi142,1
cmp78ubb30ga0qm01pm6g81qx,8_NBC08,cmp721kv207kho001sy7mjvh0,2
cmp78ucpj0gasqm01vv53dmnl,8_NBC09,cmp720bqo07bko001h2bnnztw,2
cmp785xcu04gqqm01ijnm2je0,2_0-CanKnowGod,cmp722hqk07qzo0017f4yjxz2,26
cmp785jq0049mqm01hnp767i4,2_0-BibleTrusted,cmp724vnv087yo001ron1trz3,30
cmp788wvc05xkqm01sl29fu01,2_0-Restored,cmp720hn707cqo0012fy8uuc5,26
cmokmmcmf0o7yqsccvffcd2mx,Christmas2018,cmp720ysd07g4o001otlsatbi,66
cmp76geui003any0144dgswd6,10_Darkroom06Suffering,cmp721la807kko001j43szsp2,7
cmp76gs4a003qny010bcs7ag0,10_Darkroom07Bible,cmp72500t088to00177iuye2m,7
cmp76lwkt00mony018yps99x6,11_Sermon,cmp72296307pao001aju611l8,12
cmp78gis509riqm010ebw1sdl,2_GOJ4915-0-0,cmp724bk3083zo0010c0sxx3m,25
cmp78f1wi091gqm01ueskr34r,2_FileZero-0-0,cmp7202bj079po0011fxx8pck,13
cmp788fiz05owqm011u2xdc2w,2_0-OneGod,cmp724rb80873o001vflvg001,26
cmp78f9aq0958qm01yd9a2426,2_FileZero06-0-0,cmp723j5q07ydo001t4d6lfro,8
cmp78f5j3093eqm015patfkh6,2_FileZero03-0-0,cmp721a6c07ido00156trf5gq,8
cmp78jclv0b8oqm0101iq0wo7,3_0-40DWJ,cmp72187d07hzo001f70zglbl,26
cmp78l9f40c70qm019wag24z0,3_0-7DWJ-Grace-0-0,cmp721moq07kuo001qk3nylzu,13
cmp76s12x01mkny01ql91u74w,16_Hope,cmp725b9r08b1o0018ermrlbm,1
cmokmm4cg0o79qscczm5c93ai,AIA-WC,cmp724gbw084xo001gw9e7h6f,42
cmp78p2fl0dy6qm01pn69l7f4,6_GOLuke2605,cmp71zuan0784o001bt6c7h1x,55
cmp78ooyd0dsuqm01zp70q5nd,6_GOJohn2210,cmp7233p307vbo001dpz5m259,55
cmp78p58n0dzgqm018cqywhkl,6_GOLuke2609,cmp720n9a07duo0019l0wfcv9,55
cmp78oyxq0dwoqm01ljicqbq0,6_GOJohn2222,cmp7247h60836o0015qbfsfga,54
cmp78ppu00e7gqm01u7lua8wx,6_GOMark1511,cmp720lko07dio001q43vp8qd,56
cmp78p0c50dxaqm01ik7x2nld,6_GOLuke2602,cmp721gs807joo00102n1rcxq,55
cmp78ptbr0e90qm017exd74l9,6_GOMatt2501,cmp71zt14077vo001l5qtqt78,53
cmp78pkyd0e58qm017cijis9p,6_GOMark1504,cmp722sv107t6o001g3mmm4s2,56
cmp78pmcg0e5uqm01vmz3e4g3,6_GOMark1506,cmp7241uy0822o0010x2atbeq,56
cmp78pn1i0e64qm01nnnlhnxp,6_GOMark1507,cmp7237wy07w5o001eh20b52j,56
cmp78pnqp0e6gqm01ia5uf1af,6_GOMark1508,cmp721ghz07jmo001080ca4fy,56
cmp78r7c10ew8qm01hsxp60fh,7_0-nfs05,cmp723jky07ygo001xspzq8h0,18
cmp78rl6f0f1kqm01rvnjja6s,7_0-nfs07,cmp724och086io001fl1sic7q,18
cmp78t9oo0ftqqm0156h9dlmn,7_Origins4Connect,cmp721det07j0o001yibkn449,6
cmp78qkfc0ek6qm01afdlqhk7,7_0-ncs,cmp721mem07kso0017tgjjwgx,2
cmp78qti80ep0qm01j25hcdig,7_0-nfs02,cmp721jb907k6o0015203cr7z,18
cmp78rpi30f3uqm01aa17n4b2,7_0-nfs08,cmp720dpj07byo0019ru0kgnd,18
cmp78r2pn0etuqm0178kitf9c,7_0-nfs04,cmp72291107p9o001dc5rohpc,18
cmp78sv740fnmqm01lh5en3z9,7_Origins1Master,cmp720blm07bjo0012vy6q86t,6
cmp78qy8u0eriqm01wmdnc319,7_0-nfs03,cmp720daa07bvo001ubvc1xem,18
cmp78si6z0fh8qm01s2jibtpq,7_Light,cmp7242ze082ao001rvobfvqu,3
cmp78sz930fpoqm01v1jqgiwo,7_Origins2Worth,cmp722mnv07ryo00163k3tmn6,6
cmp78ukoe0ge8qm01v375cdy9,9_0-TheSavior5505,cmp7238c307w8o0010fus88wd,3
cmp784vqw03wwqm01mv027dzk,1_wl71-0-0,cmp71zynq078zo0013nsfcrog,247
cmp7851c703zyqm01xini23rf,1_wl75-0-0,cmp723mt707z3o0018hi9f0h9,247
cmp78535e0412qm01npv5wx2v,1_wl76-0-0,cmp720sge07evo001az8ojzgw,247
cmp784zt503z2qm01bbco8b9f,1_wl74-0-0,cmp72206b07nio001x6zrvl8b,247
cmp7827jt02m0qm01al68d421,1_mld11-0-0,cmp724sao087ao001k2r3vm9u,263
cmp78309r02zoqm01731wmiad,1_wl-0-0,cmp7223oq07o7o001iflfx0gq,233
cmp76qiql017mny01wtxnof0p,13_0-RPGospel0403,cmp72377n07w0o0014bgnol9j,180
cmp76qm5l0180ny01dmo8anvs,13_0-RPGospel0404,cmp724tu9087lo001pactrjdu,180
cmp784yjy03yaqm01r5jzb97n,1_wl73-0-0,cmp720d5807buo001j84cu4lp,247
cmp76q8cb015yny01un3jpzcv,13_0-RPGospel,cmp723ndg07z7o001vqvoah2w,180
cmp76qfgf0174ny01i2eybcde,13_0-RPGospel0402,cmp721uu507mgo001i21q218f,180
cmp76mgal00oqny01i2icuvik,11_Sermon0310,cmp721cuj07iwo001nrd74fab,11
cmp76njkj00s2ny01l3p3luu7,11_Sermon0810,cmp720s1607eso001jeydkjvn,6
cmp782fll02q4qm01oy4qow65,1_riv_06-0-0,cmp71znjg076so001tba5p3kp,40
cmp7830yp02zwqm018xe9jso4,1_wl60-0-0,cmp72125o07gso001ap50wy91,229
cmp76tnht01zgny01ueqzgv5x,1_cl-0-0,cmp71zgx8075ho0019gl3c1n7,29
cmp76tnht01zgny01ueqzgv5x,1_cl-0-0,cmp72168h07hlo001ooudypa6,141
cmp782ide02r0qm01kl9httbf,1_riv_08-0-0,cmp722zqv07ujo001em7pq8wt,40
cmp7826fv02lgqm01tb58itb3,1_mld-0-0,cmp721pmy07lfo001p633dkps,7
cmp76uecu0216ny01eel7sonr,1_cl1301-0-0,cmp723xx6081ao0011g0u2woh,3
cmp76uvun0236ny0141akqr2x,1_cl1303-0-0,cmp724bz80842o0014pfh7g3e,3
cmp76w7uq02asny011hnrh6om,1_cl1310-0-0,cmp71zmp3076mo001kfckd8u1,3
cmp782vt302xaqm01spz8n4zr,1_wjv_03-0-0,cmp720awd07beo001neewtu0y,3
cmp7831nt0306qm01ju20rirb,1_wl604401-0-0,cmp7237rv07w4o0019fbwlahh,6
cmp783sq503duqm01nwvrb9up,1_wl604420-0-0,cmp722wxq07tzo001blzlpy78,6
cmp783vir03feqm01iu0jas61,1_wl604422-0-0,cmp7236i707vvo0013wpgksd8,6
cmp783yb803guqm01hd6u1z2u,1_wl604424-0-0,cmp722d8m07q3o00146mjxoq1,6
cmp78433b03jeqm013sl33ot7,1_wl604427-0-0,cmp721vjg07mlo001xxjick79,6
cmp7848kb03m2qm01l235ud3g,1_wl604431-0-0,cmp723h1u07xyo001m6ftjoer,6
cmp784foe03oyqm01utwgwspo,1_wl604435-0-0,cmp723on107zgo001wry2anul,6
cmp784l9h03roqm01o0sozw2g,1_wl604439-0-0,cmp72078w07aoo001ebzqs4sk,6
cmp76v2040248ny01vwz4gka2,1_cl1304-0-0,cmp722b4w07poo001mzdr652z,3
cmp76vo1m026ony0167zywy1j,1_cl1307-0-0,cmp720ukc07fao001k4nv52ae,3
cmp76vu1z0274ny016gdd8vgs,1_cl1308-0-0,cmp722jpi07rdo001tdhcndfm,3
cmp76wd1p02bgny01dzlo0i1q,1_cl1311-0-0,cmp724j50085ho001o3jvb19k,3
cmp782u9u02wgqm01zd3c1k02,1_wjv_02-0-0,cmp722l9b07roo0014ff6yipj,3
cmp7830yp02zwqm018xe9jso4,1_wl60-0-0,cmp721abe07ieo001b7dpa43d,13
cmokmn0eq0o9dqscc1g2ul28r,GOJohnCollection,cmp7251zk0897o0018dur1z7h,56
cmp78309r02zoqm01731wmiad,1_wl-0-0,cmp723doh07xao001dt9z5llk,14
cmp76jfmc0082ny01pdt7g5mr,1_0-TrainV_3Share,cmp722utu07tko001qqpj1rjh,3
cmp76tnht01zgny01ueqzgv5x,1_cl-0-0,cmp724s5m0879o001gqoexi95,23
cmp76pk43012gny013f7l5nn1,12_Washi,cmp720kqf07dco001550zhf3t,2
cmp76kf1f009wny01o6tspwyj,11_ReadBible,cmp7212fs07guo0013emadscx,29
cmp76otan00w4ny01iqm6umfg,11_SpiritualBeings,cmp7221q007nto001o6qhikau,18
cmp786vcy04xiqm0111d7irqt,2_0-HarshVibe,cmp721uz807mho001kblbuh6x,1
cmp78i39a0akiqm01smvurvm1,2_PI,cmp720n4807dto001cygtnaip,19
cmp76pwan014cny01z1qxbwqh,12_Washi0305,cmp724szz087fo001phkq961q,2
cmokmn48h0o9lqsccp37gsysy,GOLukeCollection,cmp724aae083qo001ujpeekxu,56
cmokmnbls0oa1qscc5a0k9p1d,GOMattCollection,cmp724y1x088fo001e8wpyykb,56
cmp78itw00axyqm01s4n0q51d,2_UltimateCoachVert,80d94eff-9e98-4b16-ae4c-ee18ac8bde94,27
cmp78rfq40ez2qm010jof8mxc,7_0-nfs06,cmp72262t07ooo001xu1y8poo,18
cmp78369u032kqm01hmndj6da,1_wl604405-0-0,cmp722dnr07q6o0017xn0ozf4,6
cmp783cpb0368qm0166a59vtk,1_wl604410-0-0,cmp71zfxu075ao0016elrz25m,6
cmp783f2t037kqm01sjnvsg9p,1_wl604412-0-0,cmp721g7u07jko0019xdkkewy,6
cmp783pdg03byqm01a7bknam7,1_wl604418-0-0,cmp720eox07c5o001y728is83,6
cmp7845m303ksqm0132aumps1,1_wl604429-0-0,cmp722wnm07txo001pdfa9t5x,6
cmp784i2103pyqm018w0kmgbb,1_wl604437-0-0,cmp7207o307aro001dkmghaz1,6
cmp784jl703qsqm01yjx5akw4,1_wl604438-0-0,cmp7219r507iao001r75n66l4,6
cmp784mxc03smqm01gl0h2z62,1_wl604440-0-0,cmp724vy10880o001c7ns0hsv,6
cmp76pm5x012kny01qtringec,12_Washi0105,cmp7241fs081zo001f5ihuz8p,2
cmokmpm9m0ofxqsccffdmrpux,MAG1,cmp723tkj080fo001vo58agqg,215
cmokmm2500o6zqsccbc2n3fgy,AFathersLove,cmp71zqx2077go001dyfa5amx,18
cmokmpm9m0ofxqsccffdmrpux,MAG1,cmp723q6r07zro001gzfgdx9e,13
cmp7868sx04n4qm01fyxt4iaz,2_0-DidJesusHaveToDie,cmp721l0407kio001itmqrkf0,30
cmp76jdpf007uny01tk9bykiv,1_0-TrainV_1Install,cmp720uf907f9o001tio1gcny,3
cmp76wk5s02cwny01g0gjc6xc,1_cl1312-0-0,cmp723c4r07wzo00161p2no2d,3
cmp76wrjz02dqny01yc338u7u,1_cl1313-0-0,cmp724gw30851o001kjskxn9g,3
cmp76jgku0086ny012n2ce2av,1_0-TrainV_4Download,cmp720cq007bro0014dm4imky,3
cmp76f8sr000kny01zh3xk4xn,0_JesusVisionJFP,cmp7223em07o5o001zaag9am4,5
cmp76fefb0014ny01grk9fmxv,10_Darkroom00Trailer60sec,cmp723r1507zxo0015pzor2dw,1
cmp76flka001ony014vkgxyjl,10_Darkroom02Church,cmp71zyip078yo001rtal6tfy,4
cmp76h0gs0044ny01kpsgjamo,10_Darkroom08Purpose,cmp724c9d0844o001ktzufzxk,7
cmrundrbv00lun101ubxk6474,6_Acts0402,e992b942-b7e2-4823-b287-e9e99d3910eb,31
cmp78nfss0d8sqm01khtn9fpm,4_Injury,cmp71zhwk075oo001gcl5iswj,9
cmp78nghu0d92qm019kq319t3,4_Injury1Injury,cmp71zr23077ho001stkek1mk,6
cmp78nhre0d9mqm01cjsk58o9,4_Injury2AskingWhy,cmp720odn07e2o00139xpw5f8,6
cmp78nr6b0ddkqm01wwdu3ed8,4_Loss,cmp723esx07xio001gvix4nxv,8
cmp78nrve0dduqm01lprjdof1,4_Loss1Loss,cmp72410m081wo001n6363ojz,5
cmp78o0ee0di2qm01sgvnqzuc,4_PrayerForOlympics,cmp722jfd07rbo0012ijctzku,2
cmp78o5vj0dkwqm01f8jr74nj,4_Win,cmp7206yt07amo001nqcj6292,10
cmp78o7z30dlyqm01t9jrey9f,4_Win2Threshold,cmp7211lg07goo001olst71jb,7
cmp78o98f0dmoqm01xy596uph,4_Win3GodPath,cmp723ueu080lo0019rmt88pk,7
cmp78ddc6088gqm01c211ze4q,2_AskedQuestionsVert,cmp7254xw089so001izbajeab,3
cmp78neeg0d8eqm01qwqjoyaq,4_AIAWC-ThePrize_RVR-0-0,cmp720neb07dvo001be08v0sn,3
cmp78nf3o0d8kqm01vf8bq3pb,4_DealingWithSelfDoubt,cmp72163f07hko001dejurw1v,2
cmp78nl5p0dasqm01e6p4h69u,4_Injury3AudienceOfOne,cmp71zeea074zo0015w0jrfb8,6
cmp78nmf70dbgqm0130ehjmox,4_Injury4FufillChrist,cmp722lyl07rto001s14pxsfj,4
cmp78i7l80amqqm01l56vl7ax,2_PrayingHands,cmp72552y089to001j5nph4mq,11
cmp78irij0awmqm018c0pq0mv,2_TWS,cmp7252eq089ao001rcteafoy,3
cmokmnhhg0oahqsccz6i1ghnq,HalloweenCollection,cmp724ctl0848o0017hvrfghy,5
cmp78ixt00b04qm01jzbpepp1,2_WayPatrick,cmp7252js089bo001bti3d00o,3
cmp76sdk601rany01pfpe43mn,16_Hope0303,cmp725bp008b4o001cycm4by1,1
cmp76jnoj008iny01nk8c0u9n,11_Advent0104,cmp724mnk0866o001fsfj5d8l,39
cmp78nqh90dd8qm01epafd9hs,4_Injury5Preview9x16,cmp723t0b080bo00138qkozw6,1
cmp78sb2g0fdcqm01m6dzbrl3,7_KnowGod,cmp724x2i0888o001ziw4trhb,5
cmokmnliu0oaxqsccg4opus95,IsItWorthIt,cmp72443t082io001bkgwnebt,15
cmp78nudz0df6qm01e5muk4xg,4_Loss3NotAlone,cmp71znoi076to001gm8ist85,5
cmp78sui00fncqm01nj865mnz,7_Origins,cmp723ohy07zfo001xxhbs8l5,6
cmp78i9z20ao2qm01ceqmkaoi,2_PrayingHandsVert,cmp7253oc089jo001jixwulj5,12
cmp78sg8k0fg2qm012tvk7pt2,7_KnowGod0404,cmp7206jk07ajo001wg4cnn1h,5
cmp78o18u0digqm014ycrlvax,4_SelfDoubt1SelfDoubt,cmp724sfp087bo00124q7k0sw,1
cmp76x7zm02hmny01s42epzaf,1_fj_4-0-0,cmp71zqcr077co0013chrilfw,2
cmp7833rf0318qm01ntn1a3sj,1_wl604403-0-0,cmp722c9b07pwo001p5fv4unp,6
cmp78350m031sqm01a4aow3a3,1_wl604404-0-0,cmp722xhy07u3o00124qcmiau,6
cmp78405103hwqm01bph8tlma,1_wl604425-0-0,cmp720dkd07bxo0017yie2u4m,6
cmp78475n03lgqm01btiakdxi,1_wl604430-0-0,cmp724536082po0013rjbfqg3,6
cmp784a8l03muqm01xd7uvlyy,1_wl604432-0-0,cmp721f3f07jco0014m2yo8mu,6
cmp784brr03ngqm01lum5ev1b,1_wl604433-0-0,cmp71ziw8075vo001rfx8oxk7,6
cmp784rfa03umqm01boyndwqw,1_wl604442-0-0,cmp722yre07uco001g21n4qgl,6
cmp784tsl03vuqm01ce5oanh7,1_wl604444-0-0,cmp722bz707puo001zrshk23q,6
cmrundra400ken101firbcw1g,6_Acts0401,ad403c98-6e97-4962-b0a1-ba6cc669335f,31
cmp78nnog0dc0qm01fgh0b0q1,4_Injury4FufillChristAD1x1,cmp7222ue07o1o001m3fnd82i,2
cmp7832cy030iqm01dtvqdcbn,1_wl604402-0-0,cmp722diq07q5o001y2gl8te0,6
cmp783j4v038yqm01ypdplvu5,1_wl604415-0-0,cmp722hbc07qwo001by5k86mn,6
cmp783o3x03beqm01hlz0446n,1_wl604417-0-0,cmp71zwjq078ko001www62rfk,6
cmp783ws203g2qm01xxp4ag20,1_wl604423-0-0,cmp724dnw084eo001s003cdku,6
cmp7872j30514qm0135d9z5cp,2_0-Jangled,cmp721eyd07jbo001l43nvh6v,179
cmp78elf608teqm015izariv4,2_ElCamWaySJEN,cmp72215t07npo0014xm4604a,3
cmp78de1c088kqm01mbc02riu,2_Augustine,cmp7242uc0829o001b7ouzocz,7
cmp78gocn09u4qm01e43h5rjj,2_GOJ4920-0-0,cmp720zhn07g9o001n08iygif,25
cmp7892be060kqm0179va2q7s,2_0-Stunned,cmp721n3v07kxo001lo4glb2i,1
cmp789yod06fiqm016jakf0n8,2_0-WhatIsHome,cmp7247m80837o001irjjfs2y,8
cmp7837dy0334qm01q50g3zmy,1_wl604406-0-0,cmp721rbq07lro001zcsgn9k2,6
cmp7838x5033yqm01j8n5pv6x,1_wl604407-0-0,cmp723ox407zio001dv2wecak,6
cmp783bfz035gqm01s7m5lkmd,1_wl604409-0-0,cmp71zp340773o00100d2y2fy,6
cmp783gc8037wqm0132sbwrjj,1_wl604413-0-0,cmp722ymc07ubo001qba2jtpd,6
cmp7841tg03iqqm01hgrbvc0d,1_wl604426-0-0,cmp7236n907vwo001q9wna802,6
cmp783hvn038cqm01wgj6b5ij,1_wl604414-0-0,cmp721k5t07kco0019ht548kt,6
cmp783mpv03aiqm01z2mdfh5u,1_wl604416-0-0,cmp722fwq07qmo001vqgde5ok,6
cmp78ohe30dpqqm01pez2knec,6_0-TheCovenant,cmp722vya07tso001lkgvjkrf,10
cmp76n6zf00qsny01m75o56sw,11_Sermon0610,cmp721vef07mko001i7s1iiz8,6
cmp78o18u0digqm014ycrlvax,4_SelfDoubt1SelfDoubt,cmp720ejv07c4o001jsvu0eb8,1
cmp78qddz0ehmqm01gqlznrz9,7_0-Easter,cmp721mjo07kto001yrcxo0gh,1
cmp786t9904wkqm01dfr7g30g,2_0-HappinessPuzzle,cmp722gly07qro001hsdw7jsa,4
cmp78indc0auyqm011kgcwmy8,2_ThereIsHopeMena,cmp720x8n07fto001k2qv55q1,10
cmsd4bjhm0dcxnx0m43s36ntb,2_ElCamImpulses3303,6e9dd70b-67c0-4e10-ac18-cce0f3a0ac2d,1
cmsd4bli10e6xnx0m4cvy5i0i,2_ElCamImpulses3309,0587309c-c55d-45f5-b33a-3cdea6358fbe,1
cmsd4bmqm0f55nx0myddbwr9r,2_ElCamImpulses3316,d63942be-ae8a-4271-ac04-957c3f1cd9b0,1
cmsd4bmx20fa9nx0myxq2v8jn,2_ElCamImpulses3317,528d92d7-de19-4253-b42e-1be9029be5b6,1
cmsd4bn2v0ff9nx0m07bpnkl1,2_ElCamImpulses3318,f44ad294-5228-4f8d-97a0-c7c916b95330,1
cmsd4bn8m0fkbnx0mgrdq1sy1,2_ElCamImpulses3319,e64d338f-e932-4141-8732-8efa8dc59ea4,1
cmsd4bnlg0fubnx0mc74zqp32,2_ElCamImpulses3321,bb6bc1ad-ed3b-4683-878d-cee366684dad,1
cmsd4bo9e0gednx0muon6pjwe,2_ElCamImpulses3325,e33321e2-9b32-406e-b069-f893aee5ca9b,1
cmsd4bofq0gjdnx0m7lu41qb8,2_ElCamImpulses3326,7d70927e-49cb-4780-b291-ffcee520b0da,1
cmsd4bplr0h3hnx0mqzhetj4l,2_ElCamImpulses3330,80716760-da64-4c71-be61-2bfaf759166b,1
cmsd4bq5a0hihnx0mxve04kkt,2_ElCamImpulses3333,f00b661f-c1ce-4f01-a6bb-d6c8e5114845,1
cmsd4bqcq0hornx0mkg0eiufn,2_ElCamImpulsesVert3301,a2f77eab-c0f7-418c-8fcd-194c33fff904,1
cmsd4bqeb0hq1nx0my35b0fga,2_ElCamImpulsesVert3302,859c1490-ee85-4ebb-9250-35e5c30d6a21,1
cmsd4bqq60hyznx0m5i7lfwue,2_ElCamImpulsesVert3309,135867d7-ada7-4988-b85d-9e3d7b5894e3,1
cmsd4br610iahnx0mm1iqo4sk,2_ElCamImpulsesVert3318,af45b681-5f76-4d61-a374-40a51bbd5f6b,1
cmsd4br7p0ibrnx0m614bt2hz,2_ElCamImpulsesVert3319,5ed3630f-cd66-4d39-860c-d18a71be88a6,1
cmsd4brr30ii5nx0m4auex4n7,2_ElCamImpulsesVert3324,59a3c7c9-21fa-4e9f-af5f-a7f34e2c33a8,1
cmp78iwor0aziqm01cbexeeld,2_VirtualMissionaryExt,cmp722b9y07ppo001jf4dutst,1
cmrundqt300ecn101ev67rk4d,2_WCDJonesTestimony,8739a81f-0327-4db3-aa28-e495240df38a,1
cmp78qs920eo9qm01i275j4ue,7_0-nfs0103,cmp722e2y07q9o001quvpfcyf,14
cmp78qwzn0equqm01t5ciai54,7_0-nfs0203,cmp71zkq10768o001b9jd1rnf,14
cmp78r62l0evkqm01279m773p,7_0-nfs0403,cmp723o2s07zco001mt0bp50p,13
cmp78r86j0ewoqm011irik4rq,7_0-nfs0501,cmp71zr75077io0010uj8tgcp,14
cmp78rh9d0ezmqm01t42p7ay6,7_0-nfs0601,cmp722zgr07uho0011c5es722,14
cmp78rinn0f0aqm01x1vm4l31,7_0-nfs0602,cmp724bu70841o001mfyloukm,14
cmp78t8k60ft6qm01f85zcph4,7_Origins3New0303,cmp723pcb07zlo001jynchuqd,6
cmp76rsq301j2ny01s54zqajd,16_Happy0302,cmp7259fz08aoo0014nzph3ry,1
cmp76t0pd01weny010bmqwx90,16_Known0301,cmp725aph08axo0010ygobw3b,1
cmp76t8jo01x6ny01im2tz1ao,16_Known0302,cmp725auj08ayo001cm1aq0tp,1
cmpek97l8018wkh01gs7yl6f1,17_BibleSport,b2a14afa-0e79-4e8b-b54a-6ece979ef646,3
cmpkq7iia0001qs01ylugrna5,17_GoodFridayLive,f1945ffd-bbb3-4ea6-bc97-eccb72faee1f,2
cmpek9992019ekh01xb2fm2wg,17_RunRace,bd9db612-7388-4f23-85a1-7c84caea497b,3
cmp78foj509d8qm01e5fgqxho,2_FourJPN0502,cmp72586c08afo001mca0amyf,1
cmp78i0gd0aiyqm01qn0mb9e6,2_NotEnoughCTA,cmp7253yh089lo001ub505dr0,3
cmp78i3yj0akuqm01ya2cbbih,2_PIBirthmark,cmp723hm107y2o001gl1d6glw,2
cmp78idbf0apuqm01be220s9d,2_StoryKeona,cmp721w8p07mqo001qlup0bou,1
cmp78g2yp09l2qm01pqge539s,2_GOJ4901-0-0,cmp720wtg07fqo001v97zsa7n,25
cmp78g6c209mgqm01vzr4yt27,2_GOJ4904-0-0,cmp720b6h07bgo001bopm0na9,25
cmp78g7g609muqm01xy3iulk0,2_GOJ4905-0-0,cmp722p7c07sgo001k7prtzps,25
cmp78gd2e09omqm01mew1nalg,2_GOJ4910-0-0,cmp723ka607ylo001drmho4e8,25
cmp78gm4h09t2qm017owm1e34,2_GOJ4918-0-0,cmp722f7h07qho0010y4yfx9n,25
cmp78gxfr09ykqm01fikwub8j,2_GOJ4926-0-0,cmp720ver07fgo001et9bsb3m,25
cmp78gyk309z6qm01zururd5n,2_GOJ4927-0-0,cmp7229vd07pfo0011vkwgy6e,25
cmp78h3ux0a21qm0130jkzsif,2_GOJ4931-0-0,cmp724kjn085ro0013ny7e2b3,25
cmp78h5400a2sqm01xwk6xn42,2_GOJ4932-0-0,cmp721y2i07n3o001ae3rglf8,25
cmp78h7mb0a46qm0179gsvf7l,2_GOJ4934-0-0,cmp722y7607u8o0014ty7d6jr,25
cmp78hbjh0a68qm01zkn0uxyh,2_GOJ4937-0-0,cmp723gmp07xvo0016quv9b34,25
cmp78hcsq0a6kqm01zwl0hhjp,2_GOJ4938-0-0,cmp724e84084io001knco7bgj,25
cmp78hfg70a7qqm01u65pmtgn,2_GOJ4940-0-0,cmp7224t907ofo001bsof3zuk,25
cmp78hgpo0a8gqm01x6304z26,2_GOJ4941-0-0,cmp7220vl07nno001ikxcjwvz,25
cmp78hpx50adgqm01tifgqzvl,2_GOJ4948-0-0,cmp7250fz088wo001ifns5vc1,25
cmp78pp4v0e72qm013z3cede6,6_GOMark1510,cmp720pd307e9o00175idn8gq,56
cmpek97l8018wkh01gs7yl6f1,17_BibleSport,eb94ea53-7af7-4244-80f1-f321a903e104,1
cmp76lm1j00kany01oo760qwx,11_ReadBible1917,cmp7206ej07aio001o1kfy40k,23
cmp78r4t30euwqm01mpxetaxf,7_0-nfs0402,cmp7250v5088zo001fe5at18c,14
cmp78r9ax0exaqm01wzspgb9d,7_0-nfs0502,cmp7211qi07gpo0010g8i98jj,14
cmp78ro8z0f34qm018rlzlmys,7_0-nfs0703,cmp724skr087co0018srl3egi,14
cmp78rtpv0f5uqm017egfrikt,7_0-nfs09,cmp7215oa07hho001fok75sbp,14
cmp785xcu04gqqm01ijnm2je0,2_0-CanKnowGod,cmp72571r08a7o0017qdu5bpo,4
cmp788wvc05xkqm01sl29fu01,2_0-Restored,cmp7256hl08a3o001hr53mxln,4
cmp76myry00qiny013hh6jspu,11_Sermon0510,cmp721l5607kjo00182az7jvn,8
cmp76nuj500t0ny01towb86f2,11_Sermon1010,cmp7242pb0828o001lyqwdkdc,6
cmp76ocq200ufny01jqxi0y5q,11_Shema0306,cmp71zw4f078ho001es8cqtb4,17
cmp78ftu909gfqm01qmj8itpc,2_FourJPN0505,cmp7256wp08a6o0015fp3pu88,1
cmp78fzwe09jcqm01dffaweej,2_FourSymbols,cmp7214yz07hco0018klstyex,7
cmp786zks04zkqm01ohvdlsef,2_0-Invisible,cmp721o3a07l4o00151guqzbl,179
cmp78puq60e9sqm01nclqfyan,6_GOMatt2503,cmp720bvq07blo0017m4qcfwv,55
cmp78pa4b0e1kqm01jg4bwvpf,6_GOLuke2616,cmp720j1u07d0o0010q6hz7fy,56
cmp78n3da0d3sqm018j7rhuhe,3_RFD-0-0,cmp720o3j07e0o001vll3bixg,1
cmp76iqkp006any014rbs7zdq,10_DarkroomFaith,cmp723tzp080io001b0q3mq9e,4
cmp78tlul0fzwqm01ym3t7c28,7_Origins7Belong,cmp722tf807tao001s05dhnwi,6
cmp78sivz0fhkqm01b7q3wosl,7_Light0111,cmp7238wh07wco001p3x69xd5,3
cmp785l9904agqm01k68fy47b,2_0-Blue,cmp7203b7079wo001915q37c1,179
cmp786cla04oyqm01rmxhllxy,2_0-Dying-Roads,cmp723mo607z2o001vjrin78p,179
cmp782z0p02z0qm01w47mflhd,1_wjv_05-0-0,cmp723kf707ymo001vsv1qd8k,3
cmp76i4zh005kny01e4lm4daw,10_Darkroom12Mission,cmp720lur07dko0016zdadpdg,4
cmp7879yl0550qm01y63o273j,2_0-La-Liberte,cmp724o2b086go001wfwxfk97,179
cmp7874x0052cqm01n2ozu09e,2_0-JesusBackFromDead,cmp7257m108abo0017yy7ej0u,4
cmp78766g0530qm01emxuvw08,2_0-JesusReally,cmp72576v08a8o0016jx083is,2
cmp78hy2z0ahoqm01j97u77vi,2_JoyGoneCTA,cmp7253ja089io001a2bkkcpx,4
cmp78da4u086kqm018nzkqnq6,2_AfterWinVert,cmp7254nr089qo001pefvpocz,3
cmokmmovf0o8gqsccgq92uthc,DT1,cmp7242540824o00193wzuecp,3
cmp7867ek04m8qm01g3csgzsy,2_0-Demoniac,cmp723ded07x8o00124s3pn9w,32
cmp786fiu04q4qm01r20nw7iv,2_0-FallingPlates,cmp720slh07ewo001vvakyqa4,45
cmp786jl004s8qm0156qwbsum,2_0-GodsRescuePlan,cmp724gm0084zo0014dkmcjlq,30
cmp789mcn06a4qm01wxprdqtn,2_0-UseThisApp02,cmp723grr07xwo001anw5gga9,14
cmp78ggey09q6qm01k0p29f6z,2_GOJ4913-0-0,cmp721lkb07kmo001oz6h4i13,25
cmp78gn8j09tmqm01mz7qdps3,2_GOJ4919-0-0,cmp7227rj07p0o001jkr4ybsd,25
cmp78gztf09zuqm01rm1yr6rh,2_GOJ4928-0-0,cmp720ah707bbo0018q27eucx,25
cmp78hn4k0abwqm01fw70nxqm,2_GOJ4946-0-0,cmp722ywi07udo001ygsfgexo,25
cmp78hsn50aekqm0188b8a5d6,2_GOJ4949-0-0,cmp723f8107xlo001d27w4yn1,25
cmp78iqtc0aweqm017h9gw9h4,2_ThereisHopeSports,cmp7228qy07p7o001cdyuu7q9,23
cmp7878p9054cqm01ggtlttht,2_0-La_Busqueda_The_Search,cmp71zoiu076zo001apj3m5ic,179
cmp785t5p04e8qm01vvkkkbi2,2_0-Breathe,cmp722akp07pko001m07ybmbm,179
cmp786fiu04q4qm01r20nw7iv,2_0-FallingPlates,cmp720i7h07cuo00128khmsss,15
cmp78g1ug09kiqm01ftdtjxfr,2_GOJ-0-0,cmp722u9i07tgo001ovtpqhur,25
cmp78gho309quqm01xw1ejowd,2_GOJ4914-0-0,cmp720c5t07bno001rzetqy0i,25
cmp78gqq509vbqm01sqym2j8c,2_GOJ4922-0-0,cmp723ghn07xuo001snklui8r,25
cmp78gwbl09xwqm014ml90qm5,2_GOJ4925-0-0,cmp7218hj07i1o001eznru9xc,25
cmp78he1u0a6wqm01338uhg3k,2_GOJ4939-0-0,cmp724r140871o0014ml8mass,25
cmp78hlg90aayqm017z7hz9jn,2_GOJ4945-0-0,cmp7251kf0894o001tdb3jn39,25
cmp789xf206euqm010koenefm,2_0-WhatisChristianity,cmp7230qe07uqo001xfmtdohl,17
cmp78ecr308osqm01ni0jvmpz,2_ChosenWitness,cmp71zibo075ro001ah73pwvs,48
cmp78gph109uqqm01ojdur145,2_GOJ4921-0-0,cmp723b5907wso001n083wth3,25
cmp78gv2j09x8qm0155wcychx,2_GOJ4924-0-0,cmp71zufo0785o001p9y9lv6u,25
cmp78g8ke09n4qm017vxz6mjz,2_GOJ4906-0-0,cmp7201we079mo001r6s0lic4,25
cmp78gbyb09o2qm01ukmwzjmf,2_GOJ4909-0-0,cmp724coj0847o001xtqrqy4l,25
cmp78gjw509s0qm019sgeg0k4,2_GOJ4916-0-0,cmp720dum07bzo001adxaf6nh,25
cmp78h0xh0a0eqm01x4rwhdju,2_GOJ4929-0-0,cmp71zv4x078ao0019y9r2fe0,25
cmp78h8vk0a4wqm01d6wrkmxg,2_GOJ4935-0-0,cmp723p7907zko001xqr5ax7m,25
cmp78honq0acsqm011m51blda,2_GOJ4947-0-0,cmp7203lb079yo001wdfsbr6h,25
cmp78ilz60au6qm01t37q5fbf,2_ThereIsHopeAsia,cmp71zx8z078po001elwwnor3,20
cmp78a25z06haqm01azdtnnqu,2_0-YoureNotHopeless,cmp721tkn07m7o0019kt8jys5,23
cmp789rdz06bkqm01b4l9sich,2_0-Venia,cmp71zf3k0754o001vvgbqpfm,15
cmp78ge6f09p0qm014qv9hwup,2_GOJ4911-0-0,cmp721h2b07jqo001lqv6ipq9,25
cmp78grz809vyqm010eq9fqhm,2_GOJ4923-0-0,cmp71zm9y076jo001i2rkzawh,25
cmp78ha540a5kqm01a0bmthb1,2_GOJ4936-0-0,cmp722xx307u6o001hv9zrq1f,25
cmp78g43309lkqm015f0u04h6,2_GOJ4902-0-0,cmp720fe507cao001jxs4qczl,25
cmp78g9ot09neqm01pgh7ii2i,2_GOJ4907-0-0,cmp720zmp07gao001fxehg8jp,25
cmp78gfaq09pmqm014bvwlafz,2_GOJ4912-0-0,cmp722qh307spo001j72psx23,25
cmp78hj2u0a9qqm01gs5ek7rv,2_GOJ4943-0-0,cmp722azu07pno0019zfxbkb7,25
cmp78766g0530qm01emxuvw08,2_0-JesusReally,cmp724jpc085lo001cfaykzre,30
cmp78f49v092qqm01ofslmipu,2_FileZero02-0-0,cmp71zmf0076ko001cifxiqex,5
cmp78f9aq0958qm01yd9a2426,2_FileZero06-0-0,cmp71zzsf0797o001m12wiqq3,5
cmp78fbyt096gqm01p9aiheqk,2_FileZero08-0-0,cmp72467n082xo001v32vhajq,5
cmp78fkwd09b8qm01zuj0c30q,2_FileZero15-0-0,cmp7243oo082fo001xu5g031m,2
cmp78a8re06kkqm01d75tlxsi,2_Acts7303-0-0,cmp722o7p07s9o0018qp8jd4z,9
cmp78aab306l0qm016r3xhftc,2_Acts7304-0-0,cmp7214oq07hao00152wu38pi,9
cmp78adea06mmqm013pghh0l1,2_Acts7306-0-0,cmp7247rb0838o001fpkvm7k0,9
cmp78b0ew06yyqm01m5vjobgz,2_Acts7320-0-0,cmp721xxg07n2o0013k2te5go,9
cmp78btcb07ecqm01yev15enf,2_Acts7339-0-0,cmp723xs50819o001ioa177xu,9
cmp78c0lc07icqm01qbsqnbal,2_Acts7344-0-0,cmp720hi307cpo001rayuhm7e,9
cmp78c3dj07k2qm01bsoit4iq,2_Acts7346-0-0,cmp721dty07j3o001w15s5scu,9
cmp78c7jr07meqm01u4zuu1m1,2_Acts7349-0-0,cmp71zgs5075go001lor7b0lw,9
cmp78cd4k07pgqm01pdmgwop5,2_Acts7353-0-0,cmp723bpi07wwo001iwhsrfms,9
cmp78cipx07rwqm01addt2tl0,2_Acts7357-0-0,cmp724ncz086bo001lij04cf0,9
cmp78czt9080sqm0146dacgka,2_Acts7368-0-0,cmp7223jo07o6o001769s3ygm,9
cmp78d4090834qm01jqy10ebf,2_Acts7371-0-0,cmp7239vt07wjo0015gx88d7q,9
cmp788zsx05z6qm01cpr4z7dk,2_0-SongOfReeds,cmp724z6e088no001mvdazcm7,4
cmp789n1q06acqm011rvfmds5,2_0-UseThisApp03,cmp7208sg07azo001o4hw93n4,14
cmp789qoh06baqm01i5o979hk,2_0-UseThisApp05,cmp720f9307c9o001dtc8d2es,14
cmp78f5j3093eqm015patfkh6,2_FileZero03-0-0,cmp7202lq079ro001jtyw9ixq,5
cmp78f81i094qqm01wzh0gv4x,2_FileZero05-0-0,cmp723qgv07zto00167qqanyc,5
cmp78fjn809akqm01w06jcw8v,2_FileZero14-0-0,cmp7218rm07i3o001gmzv1bo7,5
cmp785nwf04c0qm01h8l6tgao,2_0-BornToPlay,cmp723qbt07zso001t36fon1z,11
cmp786t9904wkqm01dfr7g30g,2_0-HappinessPuzzle,cmp723hh007y1o001k7u7suas,4
cmp78a77q06jyqm01ropddpi4,2_Acts7302-0-0,cmp720s6a07eto00193xiqi1s,9
cmp78aey406niqm01wxa0wuqp,2_Acts7307-0-0,cmp7222pc07o0o0012mjiotpx,9
cmp78ahvr06p6qm016nkcsbzm,2_Acts7309-0-0,cmp71zw9j078io001ylsecpgr,9
cmp78akyq06qwqm01i4ermvf5,2_Acts7311-0-0,cmp721gx907jpo001ar4k8pnr,9
cmp78arkw06u0qm01yok0lxja,2_Acts7314-0-0,cmp72064e07ago0015os83kzi,9
cmp78bjer0798qm01pubm9tpf,2_Acts7333-0-0,cmp724rgb0874o001i9isgi35,9
cmp78c4rm07kuqm01h6gkl6u7,2_Acts7347-0-0,cmp722ift07r4o001c23p7fd1,9
cmp78cbqh07oqqm01kcpdrg5f,2_Acts7352-0-0,cmp721b0m07ijo001f04588qw,9
cmp78cfxe07qcqm01q5k21a19,2_Acts7355-0-0,cmp7231ar07uuo001zwh2g68x,9
cmp78chbp07r2qm01emjwrzn4,2_Acts7356-0-0,cmp7220lh07nlo0019vrk08sl,9
cmp78docn08dwqm01j99arksc,2_BoA_BibleStudy1206-0-0,cmp71zo3o076wo001ts5huthx,7
cmp78fd830974qm01m74gf0xd,2_FileZero09-0-0,cmp7231ft07uvo001at74ycqo,5
cmp78fie4099wqm010whc9iad,2_FileZero13-0-0,cmp7202vz079to001m279n524,5
cmp78h6d80a3iqm01n0wtdar2,2_GOJ4933-0-0,cmp7247c50835o001bu4pog2d,25
cmp78iezz0aqkqm01h5iq076e,2_SweetTooth,cmp720ua807f8o001d004smuu,4
cmp785utx04f8qm01ai2wvown,2_0-Brothers,cmp722zvz07uko001fg5xgjjp,14
cmp789h0y0678qm01s6jc6rr9,2_0-Tumlukden,cmp720imm07cxo0012xfch5h2,5
cmp78ao1806smqm01hna7miau,2_Acts7313-0-0,cmp720ps907eco001kmnm12r1,9
cmp78babz074mqm015xg1jeca,2_Acts7327-0-0,cmp7239qr07wio0010furwvab,9
cmp78bgc1077mqm01n5biqahl,2_Acts7331-0-0,cmp722wso07tyo001pkzz843z,9
cmp78bm7b07asqm01bjt1v9id,2_Acts7335-0-0,cmp723g2g07xro001zl2sxo5f,9
cmp78bozk07caqm01kmnu6kyt,2_Acts7337-0-0,cmp724uyn087to0010ug8hpn8,9
cmp78bxo007gsqm01qhfamqvf,2_Acts7342-0-0,cmp720v4o07feo001nbxftk58,9
cmp78dkft08bsqm01xroqrcwa,2_BoA_BibleStudy1203-0-0,cmp7215j807hgo001ous1aihs,7
cmp78e1qu08jkqm01i9mhk6zc,2_BoA_BibleStudy1212-0-0,cmp724owp086mo001ipbdnggn,7
cmp78f6sh0942qm01wtll65ia,2_FileZero04-0-0,cmp720tv207f5o001cyc29bhs,8
cmp78ffvb098iqm015wyxncro,2_FileZero11-0-0,cmp722esb07qeo001lmh7idkr,8
cmp78fie4099wqm010whc9iad,2_FileZero13-0-0,cmp720xxy07fyo001fmjfnesr,8
cmp78hkbw0aaeqm01t8t7ml86,2_GOJ4944-0-0,cmp723j0k07yco00150zuc6fw,25
cmp786loj04tiqm01w4s7qod6,2_0-Good,cmp7246cp082yo001t3it19na,10
cmp78fbyt096gqm01p9aiheqk,2_FileZero08-0-0,cmp724orn086lo001pramx9np,8
cmp78fd830974qm01m74gf0xd,2_FileZero09-0-0,cmp71ze98074yo001uanvt8m8,8
cmp7863x604kaqm01l53cbrfw,2_0-Crushing,cmp722g6u07qoo001wisin31q,4
cmp7885au05k4qm01aex6a2sd,2_0-Leland-Sturgis,cmp723pme07zno001k7x1bdgs,14
cmp785h7y0486qm01jamlmpdt,2_0-AltroMare,cmp7221v207nuo0018qmgl0s9,3
cmp788e4705o6qm01yea1lqsb,2_0-Not-Evelyn-Cho,cmp721odf07l6o001o235khr1,14
cmp78b1t206zuqm01m7a7y34n,2_Acts7321-0-0,cmp722a0f07pgo001ukivh8m7,9
cmp78b8sm073qqm01325asjxv,2_Acts7326-0-0,cmp724afl083ro001fpeic530,9
cmp78bhvb078gqm01fmlrrsgh,2_Acts7332-0-0,cmp71zqry077fo001wct6rmen,9
cmp78clib07teqm0127rrohcf,2_Acts7359-0-0,cmp7214ts07hbo001wmlerurm,9
cmp78dsa208g0qm01oxocxj00,2_BoA_BibleStudy1209-0-0,cmp7241aq081yo001waylksub,7
cmp78gau109noqm01twevximr,2_GOJ4908-0-0,cmp721vtk07mno001xtm4dh8n,25
cmp785rwh04dkqm018jd59kgi,2_0-Braverman-Account,cmp71zrha077ko001e9nwafkk,13
cmp7897mc0630qm01iou47ewd,2_0-The_Story,cmp7207dy07apo001t7b4iizt,22
cmp788ir005qoqm01m9933yj2,2_0-Pennyhouse,cmp721fno07jgo001jxyu21od,3
cmp78h2gq0a18qm01v6o717eh,2_GOJ4930-0-0,cmp721nj207l0o001v7etccnx,25
cmp78hhtq0a92qm01i1gtrihu,2_GOJ4942-0-0,cmp720b1e07bfo001lw4gy79o,25
cmp785mn704b8qm01s7dub0ju,2_0-BMe,cmp723xd00816o001ray77jzc,4
cmp78656a04l2qm01fkdb1vn5,2_0-Ctrl-Z,cmp720k6907d8o001rpxz50d3,14
cmp78bkt6079yqm01uxg8en45,2_Acts7334-0-0,cmp72101u07gdo001uibs1syf,9
cmp78cty207xmqm01oa52dysv,2_Acts7364-0-0,cmp722t0207t7o001b2eh2dcs,9
cmp78gl0g09siqm01mfumoada,2_GOJ4917-0-0,cmp722h1707quo00154k5o63q,25
cmp78fjn809akqm01w06jcw8v,2_FileZero14-0-0,cmp71zy3j078vo00150ve06dr,8
cmp78g57j09m0qm01305s6gqe,2_GOJ4903-0-0,cmp71zg7x075co001c9ctkagr,25
cmp78f81i094qqm01wzh0gv4x,2_FileZero05-0-0,cmp724esc084mo0010xa6cu77,8
cmp78fh4i099aqm01onwmr3wh,2_FileZero12-0-0,cmp722ggx07qqo0018hehrief,8
cmp7873nt051oqm01doj0s5lc,2_0-Jatku-Leiba,cmp723d9707x7o001kulvaeuj,1
cmp78axh006xaqm01y74xgsag,2_Acts7318-0-0,cmp721lfa07klo001d6idjoqq,9
cmp78b37i070mqm01n3vrxyea,2_Acts7322-0-0,cmp721x8307mxo001jg9xtxnb,9
cmp78dhxo08agqm01ilfs941z,2_BoA_BibleStudy1201-0-0,cmp724oml086ko001xq9yjo0l,7
cmp78fehb097sqm014o3g8oyc,2_FileZero10-0-0,cmp7251ac0892o0016ayx9tzh,8
cmp78eeah08pmqm01s9a372zg,2_CSF,cmp722ohw07sbo001tjgd8000,1
cmp78ehcw08r8qm01vfxt6wwz,2_CSF0202,cmp724y6z088go0011zb7kc64,1
cmp78erp808woqm01qyhlkwe8,2_ElCamWaySJEN5Pain,cmp722wil07two001z3y8bvmu,3
cmp78fkwd09b8qm01zuj0c30q,2_FileZero15-0-0,cmp71zuut0788o001d422ddk9,1
cmp78ivkc0aywqm01agplwmts,2_VirtualMissionary,cmp720svn07eyo001013noedn,1
cmp78jbhn0b84qm01hsh9x5fx,2_WorkerBunny,cmp720mk107dpo001fqu7m4vp,1
cmp78f30m0922qm01c2tz8wgw,2_FileZero01-0-0,cmp7220bd07njo001nwpyb5s6,8
cmp78fak3095oqm0137xwd97o,2_FileZero07-0-0,cmp721tpp07m8o001ys3a54dq,8
cmp789h0y0678qm01s6jc6rr9,2_0-Tumlukden,cmp71zwyv078no0014tq5ut3g,3
cmp78f6sh0942qm01wtll65ia,2_FileZero04-0-0,cmp721b5p07iko001c4cxijxs,5
cmp78at4d06uuqm01j82l89ak,2_Acts7315-0-0,cmp7208xi07b0o0014210f1kr,9
cmp78bw9v07g0qm01hlg8zqjk,2_Acts7341-0-0,cmp723sfv0807o001fuyiljkv,9
cmp789nqz06akqm01ra0n3w3s,2_0-UseThisApp04,cmp72258e07oio0018b2l3oii,14
cmp78j4xc0b44qm01ejb8ufxg,2_WhoIsMessiah,cmp7200hn079co0013tvkyj5n,2
cmp78jtic0bguqm01p6dbunal,3_0-40DWJ_12-0-0,cmp722qbz07soo00131agwv15,26
cmp78jyod0bjqqm0134kh3agl,3_0-40DWJ_16-0-0,cmp721qwk07loo001zd3xmkf9,26
cmp78klav0bvgqm01guhbc9m8,3_0-40DWJ_33-0-0,cmp720qml07eio001v01i0czq,26
cmp78kuht0bz8qm01tf6utz86,3_0-40DWJ_37-0-0,cmp722ikw07r5o00132ea071g,26
cmp78ltkn0cggqm01a3w0qwub,3_0-7WDJ-Grace_06-0-0,cmp722tk907tbo001qbp3htyw,13
cmp78jfz30ba8qm01spscfghp,3_0-40DWJ_03-0-0,cmp724w840882o001wtl8sdyj,26
cmp78jh8c0baoqm011ywajqpf,3_0-40DWJ_04-0-0,cmp71zo8q076xo001lq699oaq,26
cmp78jw120bi8qm01ti0b9ifv,3_0-40DWJ_14-0-0,cmp721xi807mzo001donu6v9n,26
cmp78k1bw0bl2qm013yrlxklo,3_0-40DWJ_18-0-0,cmp71zeyh0753o001hj5uifjm,26
cmp78k2kx0blqqm0176yn0eoo,3_0-40DWJ_19-0-0,cmp720sbc07euo0019duptpby,26
cmp78kel40bscqm01i68tg6bl,3_0-40DWJ_28-0-0,cmp721luf07koo0018eui7php,26
cmp78kk170busqm01ljf0us2q,3_0-40DWJ_32-0-0,cmp7209wt07b7o0011mapsgvl,26
cmp78kvm30bzsqm01agyn63pf,3_0-40DWJ_38-0-0,cmp720t5r07f0o001ape79hct,26
cmp78jmfe0bdkqm01lvdxj41f,3_0-40DWJ_08-0-0,cmp7219w707ibo001tvhdw37n,26
cmp78jnoh0be8qm01xjz2ccp7,3_0-40DWJ_09-0-0,cmp72106w07geo001g33guffs,26
cmp78k6mv0bo0qm01c0w8pzqf,3_0-40DWJ_22-0-0,cmp71zgd0075do001whrnes9c,26
cmp78k7r30bokqm01y9duyjhj,3_0-40DWJ_23-0-0,cmp724b4x083wo001cptxxrvg,26
cmp78kaom0bq8qm016hdwt6ky,3_0-40DWJ_25-0-0,cmp7204pq07a6o001np6mvfq5,26
cmp78kdbs0broqm014c5zaser,3_0-40DWJ_27-0-0,cmp723lys07yxo001gs9mgh6b,26
cmp78jepl0b9uqm01xqpi0l2p,3_0-40DWJ_02-0-0,cmp724tf4087io001bl55fecx,26
cmp78jurx0bhkqm0196qgxt3l,3_0-40DWJ_13-0-0,cmp7239lp07who001pvdgrq7b,26
cmp78k3u80bmgqm01358hbt9g,3_0-40DWJ_20-0-0,cmp722bp407pso001izy8xspe,26
cmp78k95c0bpcqm019ztt4q7l,3_0-40DWJ_24-0-0,cmp723yrj081go001h7hry49i,26
cmp78kc2n0br0qm011ls7s8yw,3_0-40DWJ_26-0-0,cmp7248vq083go001bspcofgq,26
cmp78kimr0bu0qm015h25xpsy,3_0-40DWJ_31-0-0,cmp723tfh080eo0013osy1n9g,26
cmp78kmpa0bw8qm01xyz2ciff,3_0-40DWJ_34-0-0,cmp72320707uzo001xdblpamd,26
cmp78kntf0bwsqm01o9ks3kgr,3_0-40DWJ_35-0-0,cmp724k9j085po001qts60qgz,26
cmp78kx050c0kqm01zgxa3txe,3_0-40DWJ_39-0-0,cmp7212pw07gwo001788s2aqc,26
cmp78js920bg6qm013298wp2y,3_0-40DWJ_11-0-0,cmp721p7r07lco001layurrbp,26
cmp78jxa70biuqm01juunsrcr,3_0-40DWJ_15-0-0,cmp72448v082jo00140vf3uik,26
cmp78jzxi0bkeqm018pqfpexx,3_0-40DWJ_17-0-0,cmp724msm0867o001ro8axns6,26
cmp78kfu80bt0qm01ulhhliqj,3_0-40DWJ_29-0-0,cmp724fck084qo001ptshy8r2,26
cmp78la490c7aqm01d739kdej,3_0-7DWJ-WWJ,cmp721v9d07mjo001wn928oxf,4
cmp78lc7q0c8eqm01hx51l7ms,3_0-7DWJ-WWJ_02-0-0,cmp723edq07xfo001zqfp2ot1,4
cmp78luyw0ch6qm019htfepf4,3_0-7WDJ-Grace_07-0-0,cmp723o7u07zdo001r6v1lzhx,13
cmp78lwd50chwqm01cds7243e,3_0-8DWJ-WIJ,cmp721fdi07jeo001jrltcsan,3
cmp78m04z0cjyqm01gjbwez34,3_0-8DWJ-WIJ_03-0-0,cmp723zr1081no001vseazuxw,3
cmp78m1e60ckmqm01fd2ckdww,3_0-8DWJ-WIJ_04-0-0,cmp721ibw07jzo001zg5tuoug,3
cmp78m5g90cmqqm015ea51uwa,3_0-8DWJ-WIJ_07-0-0,cmp724t50087go001k6nf0oof,3
cmp78jjwi0bc4qm013s6ufubo,3_0-40DWJ_06-0-0,cmp71zeod0751o0014qn34yw7,26
cmp78jl5x0bcwqm01yxqt42e9,3_0-40DWJ_07-0-0,cmp7235nw07vpo0017yew5jpt,26
cmp78kzsl0c22qm014dy63z10,3_0-6DWJ-MAP,cmp720qrm07ejo001rbow1ldi,3
cmp78l7vr0c66qm015g3qgkme,3_0-6DWJ-MAP_06-0-0,cmp7233u607vco0019y3146j5,3
cmp78latd0c7mqm01wmf3nuag,3_0-7DWJ-WWJ_01-0-0,cmp722kp407rko001phl00krx,4
cmp78lj210cbiqm0188ztg8dc,3_0-7DWJ-WWJ_07-0-0,cmp72225507nwo001mh47rqbg,4
cmp78lx270ciaqm016kwezuvy,3_0-8DWJ-WIJ_01-0-0,cmp720r6s07emo001qzukrqyu,3
cmp78llpc0ccwqm01d341h9zd,3_0-7WDJ-Grace_02-0-0,cmp722qwa07sso001gl2thriv,13
cmp78ls6g0cfoqm01knzyd23p,3_0-7WDJ-Grace_05-0-0,cmp720rgx07eoo001pijuig15,13
cmp78kyjb0c1eqm01jhv9srtv,3_0-40DWJ_40-0-0,cmp722sat07t2o001yw5bekgn,26
cmp78lodi0cecqm014frwt4i8,3_0-7WDJ-Grace_04-0-0,cmp71zrme077lo001275ucncr,13
cmp78jp2s0bf0qm012pkg82dj,3_0-40DWJ_10-0-0,cmp721up307mfo001pko3jqrb,26
cmp78lkg40cc8qm01bgxwo2v4,3_0-7WDJ-Grace_01-0-0,cmp720i2f07cto001rneraad1,13
cmp78jdaz0b92qm01you32j2y,3_0-40DWJ_01-0-0,cmp724uoj087ro00136663ex3,26
cmp78kh8k0btmqm01y85w2fgh,3_0-40DWJ_30-0-0,cmp7249g3083ko0014bpg2bmi,26
cmp78ksjj0bygqm018bpz5am2,3_0-40DWJ_36-0-0,cmp723m3u07yyo001k30pkivp,26
cmp78jimz0bbeqm01grdpc729,3_0-40DWJ_05-0-0,cmp720zrq07gbo001v3pwl6wu,26
cmp78k53k0bn4qm018l3u4z0s,3_0-40DWJ_21-0-0,cmp722en907qdo001modgjgom,26
cmp78lmyj0cdkqm015nyhmafk,3_0-7WDJ-Grace_03-0-0,cmp724m8e0863o001ios7txee,13
cmp78lhnu0caqqm01qr91g64b,3_0-7DWJ-WWJ_06-0-0,cmp7200cm079bo001vp9ke39t,4
cmp78m4700cm2qm015328u2rj,3_0-8DWJ-WIJ_06-0-0,cmp724tk5087jo001gpruoz44,3
cmp78m8930coaqm013fws3dmb,3_DWJPrayer-0-0,cmp721jvl07kao00199ayd7i8,2
cmp78mbgp0cq4qm01c3ptlt0q,3_DWJPrayer0903-0-0,cmp724aut083uo001xgwly881,2
cmp78me470crkqm01bg8429hf,3_DWJPrayer0905-0-0,cmp722tpb07tco001k0o65x6e,2
cmp78mgx80csuqm014s7o94ny,3_DWJPrayer0907-0-0,cmp724068081qo001uyj9gjnr,2
cmp78mkk30cumqm0167y3t5pt,3_IAm-0-0,cmp720wyj07fro001ytdvo5uq,1
cmp78mpsn0cwoqm01pgync2ie,3_IAm1203-0-0,cmp71zuzv0789o001yg7oid6t,1
cmp78n56q0d4kqm01fdoyhsur,3_RFD0702-0-0,cmp723fxe07xqo001s0ubbq7f,1
cmp78mcpx0cqsqm01ef4gd8ya,3_DWJPrayer0904-0-0,cmp721aqj07iho0013w2f1rau,2
cmp78mfdo0cscqm01fsr0vkdc,3_DWJPrayer0906-0-0,cmp71zvu9078fo001drdxs2j9,2
cmp78ndpc0d8aqm0161s1pdon,4_AIAWC-ThePrize_RTF-0-0,cmp720kvh07ddo001dhwi21zu,3
cmp78ocn40dnuqm01v83mfksk,4_Win4GoodNewsJesus,cmp723ujw080mo001xdtaoslu,4
cmp78nl5p0dasqm01e6p4h69u,4_Injury3AudienceOfOne,cmp722kf107rio001wtjhhvhu,3
cmp78nudz0df6qm01e5muk4xg,4_Loss3NotAlone,cmp722qr907sro001peuxv2bq,3
cmp78o6pv0dl8qm01wgijmf4y,4_Win1Winning,cmp7225sl07omo0018sgukma2,3
cmp78nrve0dduqm01lprjdof1,4_Loss1Loss,cmp7241px0821o0013qcpg61n,3
cmp78nt4q0deiqm01o0x3r4z6,4_Loss2Forgiveness,cmp7209ho07b4o0019dng6vn0,5
cmp76r2u401agny01zeqe4fnb,14_TPP1605,cmp721kfw07keo001x8r6aaiz,2
cmp76reck01dkny01pisi41ma,14_TPP1612,cmp720iwt07czo00120nj2885,2
cmp76rig701eqny01knbsagza,14_TPP1615,cmp723my907z4o001qm8dxvbj,2
cmp76rnso01h4ny01p4sya8e1,16_Happy,cmp72595w08amo001kz0ngt4j,1
cmp76sktn01t6ny01kd6jfran,16_Influencers,cmp7259q308aqo00165e923ky,1
cmp76suoi01vcny014nvghfh2,16_Influencers0303,cmp725aaa08auo00115rm2tbu,1
cmp76syse01wany01keil6bez,16_Known,cmp725akf08awo001fbz0amv4,1
cmp76tk7g01yuny01608091b1,16_shine_collection,cmp72590u08alo0018xh7h3q2,1
cmsd4biwp0d1jnx0mrsfit39n,2_ElCamImpulses,bd0652ba-f3f9-4d61-842a-747a5e85fa36,1
cmsd4bqaw0hnhnx0m5s1pfvof,2_ElCamImpulsesVert,78a1b642-d088-4784-bac2-5b41efeb0881,1
cmp78fm5g09bwqm01zlnt2m3v,2_FourJPN,cmp72562e08a0o001fc5t75hv,2
cmp78hxdy0ahcqm017zvrvgsh,2_JoyGone,cmp7255d1089vo001ssnbfe3a,4
cmokmnfs70oa9qscczou4qk4w,GoodStory,cmp7229b507pbo00131nco3qg,1
cmokmpe950oerqsccqs56mnip,LOJS,cmp724q6g086vo001pvbql48t,1
cmokmpvke0oggqscc6if3cd22,Perfect,cmp724kyu085uo001xaw3xj2d,1
cmp78or290dtoqm013h52p5ce,6_GOJohn2213,cmp7234ef07vgo001c7bnv7s8,54
cmp78p1qd0dxwqm01d0rkqyg4,6_GOLuke2604,cmp7231q407uxo0019fpssnvs,55
cmp78p6mu0dzyqm01gkhlah7v,6_GOLuke2611,cmp722ve107too001vf2s0xwj,56
cmp78pcww0e28qm01jj66u2mt,6_GOLuke2620,cmp722e8007qao001yy2sumyp,55
cmp78phh30e3sqm01feqeqcp6,6_GOLuke2625,cmp721k0n07kbo001sp37bql5,56
cmp78piv60e4gqm01w07amr6n,6_GOMark1501,cmp7218mk07i2o001ynrz8wot,56
cmp78psmf0e8mqm0160jb2590,6_GOMark1515,cmp7210r407gio0014ld9e680,56
cmp78pu140e9eqm0165n7pos3,6_GOMatt2502,cmp71zxyg078uo001nua1ec0e,54
cmp78pvfi0ea6qm01sly9efp0,6_GOMatt2504,cmp722k4p07rgo001o9vq9zof,56
cmp78pytm0ebiqm01p0dmoogu,6_GOMatt2507,cmp720v9q07ffo001wt3ggig4,55
cmp78q0810ebyqm018ncypvxl,6_GOMatt2509,cmp7201h7079jo001zh56zt9x,55
cmp78q4ff0edsqm01o0hw3m6c,6_GOMatt2515,cmp724rvh0877o001jfes7g76,55
cmp78q54h0ee4qm01l9xgoqyv,6_GOMatt2516,cmp720p7z07e8o0013vu6pp15,55
cmp78q5tx0eeeqm01ivhoqkdq,6_GOMatt2517,cmp71zosz0771o001u32m3b54,55
cmp78q7850ef0qm01x4i37wir,6_GOMatt2519,cmp71zwen078jo001p702sxh6,55
cmp78qbfc0egsqm0105gc7n5x,6_GOMatt2525,cmp7244o0082mo0017i39zcd4,54
cmp78oqd10dtaqm012vk1isnv,6_GOJohn2212,cmp723fi607xno0018taiyjvt,55
cmp78p1190dxmqm013bc90sb3,6_GOLuke2603,cmp723l4g07yro0010irgnytg,55
cmp78p4jj0dz4qm01wsk0sawt,6_GOLuke2608,cmp72144h07h6o001s2sf7sm9,55
cmp78p5xq0dzqqm014jkamsds,6_GOLuke2610,cmp7229qa07peo001zhh9nv5w,55
cmp78p7bz0e0cqm01xmt8wt7m,6_GOLuke2612,cmp723phd07zmo001zpukz6yd,56
cmp78p9fa0e1aqm01dzyl2lof,6_GOLuke2615,cmp722lee07rpo001rfgvx4cd,55
cmp78plnd0e5iqm01kzh0lr63,6_GOMark1505,cmp721nt707l2o001cm51yii2,56
cmp78prxc0e8aqm01pqns9493,6_GOMark1514,cmp7232po07v4o001j37lxofx,56
cmp78pzir0ebqqm01pojnwlb5,6_GOMatt2508,cmp723fn807xoo001v7plgb7w,55
cmp78q9by0efuqm0121vh671k,6_GOMatt2522,cmp722s0q07t0o001hli8t780,55
cmp78qaq20eggqm01m93tmkpv,6_GOMatt2524,cmp724g1t084vo001skjth4ma,56
cmp78omuc0drwqm011dwq8veh,6_GOJohn2207,cmp7243yr082ho001s6omdm29,55
cmp78ot5j0duiqm0187dcz7nr,6_GOJohn2216,cmp723q1l07zqo001agyvdhdy,56
cmp78ouju0dv0qm012ymqe7od,6_GOJohn2218,cmp724xmr088co0018hq2u6fy,56
cmp78owu80dvqqm01wfk6gacf,6_GOJohn2219,cmp724wnb0885o001qm5uh6yk,56
cmp78p8qa0e0yqm01wexozbw9,6_GOLuke2614,cmp723ent07xho001ikd3pymw,55
cmp78pdm20e2cqm0135mytz9w,6_GOLuke2621,cmp720xis07fvo00143n7mjos,55
cmp78pjk90e4oqm01mtoknwes,6_GOMark1502,cmp7244dw082ko001oselkdk1,56
cmp78pk9d0e50qm01o2sv8ilo,6_GOMark1503,cmp720jm207d4o0018puzep8m,56
cmp78q6iz0eeqqm01ai5d39rh,6_GOMatt2518,cmp724tp7087ko0010o3u2zaj,55
cmp78okqy0dr4qm01mtas7afl,6_GOJohn2204,cmp724dsx084fo001pb6rimlf,55
cmp78oo960dsiqm01dyfwoh30,6_GOJohn2209,cmp7224j307odo001o8l5t6co,55
cmp78opnk0dt2qm01f7h50wlr,6_GOJohn2211,cmp71zvp8078eo001k7rt45qw,55
cmp78p8110e0oqm01jwhaljp8,6_GOLuke2613,cmp72301107ulo001j18dpr0y,56
cmp78pbiq0e20qm0108klwi9w,6_GOLuke2618,cmp724xwv088eo001jdo8jpso,55
cmp78pqj20e7sqm01hlwfgvyo,6_GOMark1512,cmp72434f082bo001yqg1wle2,56
cmp78q30w0ed6qm0164p504cz,6_GOMatt2513,cmp72349e07vfo001e7umt0yx,55
cmp78q3pz0ediqm010sq77k4w,6_GOMatt2514,cmp720nyi07dzo001o44jtsxr,55
cmp78q7x80efaqm01leex4msl,6_GOMatt2520,cmp722bf107pqo0011yodfzxi,55
cmp78qa100eg8qm0175zbblxc,6_GOMatt2523,cmp7226n207oso001j8sniflc,55
cmp78oxjd0dw2qm01omzu6pb1,6_GOJohn2220,cmp724qlo086yo001lz56tfvb,55
cmp78p3u80dyuqm01kj6kkrc0,6_GOLuke2607,cmp723u9s080ko0019y2ka9zl,56
cmp78pc7v0e24qm01z1t3wvcn,6_GOLuke2619,cmp71zk0q0763o00168b5vtmp,55
cmp78pg2y0e36qm01fxj69ee8,6_GOLuke2623,cmp723wss0812o0014q78wctf,56
cmp78pr8b0e82qm01mk5w1ah3,6_GOMark1513,cmp72234i07o3o001kumiliks,56
cmp78pw4r0eakqm01cjd2ybps,6_GOMatt2505,cmp721q7607ljo0019454pqkn,55
cmp78q8mr0efmqm014v63al5r,6_GOMatt2521,cmp721r1l07lpo001u864rl8b,55
cmp78oine0dqeqm012lxhbpzw,6_GOJohn2201,cmp724lo6085zo001ihm0xyxe,55
cmp78ojck0dqmqm01tnf3btce,6_GOJohn2202,cmp724qgm086xo001jyt2iku0,55
cmp78ok1r0dqsqm01h7gpikwy,6_GOJohn2203,cmp724diu084do001ahd0jxkw,55
cmp78om5b0droqm01lno0l5mr,6_GOJohn2206,cmp724wxg0887o001l7vjspq5,54
cmp78orrc0dtwqm01x6kesv91,6_GOJohn2214,cmp721hwq07jwo001aqdtgjyt,56
cmp78ozn00dwwqm01sup8j6s8,6_GOLuke2601,cmp722j0507r8o001cnf4o84b,56
cmp78py4e0eb8qm01d6g98vwe,6_GOMatt2506,cmp71zh7b075jo001a7mq0qxt,55
cmp78q2bu0ecyqm01kd0ns9y5,6_GOMatt2512,cmp724hvi0858o001oilfpy9c,55
cmp78olg50drgqm016e39b3ou,6_GOJohn2205,cmp72016z079ho001m8ujon1v,55
cmp78osgj0du8qm010eqj1wa7,6_GOJohn2215,cmp7233f007v9o001oroesf0e,56
cmp78pgry0e3gqm017e2mcxvq,6_GOLuke2624,cmp7240gd081so001ci8mtcdk,55
cmp78pi620e44qm014oe8ghxc,6_GOLuke2626,cmp722os307sdo0011ae2yflt,54
cmp78onjv0ds8qm01rsdjtk6j,6_GOJohn2208,cmp724exd084no0012m7zx247,55
cmp78oy8k0dwcqm01cyvxd3g5,6_GOJohn2221,cmp72281o07p2o001jt482t14,55
cmp78q0x90eccqm01y3pj1vd7,6_GOMatt2510,cmp723rlj0801o001msgfliam,55
cmp78q1mp0eckqm01egj54k5u,6_GOMatt2511,cmp7216nm07hoo001p9y96h1m,55
cmp78p34u0dyiqm017v5i1d54,6_GOLuke2606,cmp71zzxh0798o00154z82vr6,56
cmp78patk0e1wqm01tck73d3z,6_GOLuke2617,cmp720yxf07g5o001qhcw66ok,55
cmp78pfdy0e2uqm018uypd0gt,6_GOLuke2622,cmp720lfm07dho001h4yyzd39,55
cmp78otuk0dusqm01eid14v4b,6_GOJohn2217,cmp723jv107yio001heo18jke,56
cmp78pofr0e6uqm01oy81r1oq,6_GOMark1509,cmp720woe07fpo001k5l5u5ed,56
cmp78qc4j0eh2qm01vnifofpr,6_HowHaveRelationshipWithGod,cmp71zjgi075zo001l3q2w0ex,19
cmp78sx0n0foiqm01octkp6o2,7_Origins1Master0203,cmp722z1j07ueo0017d4lh8vu,5
cmp78sy4x0fp4qm01evw0yhx4,7_Origins1Master0303,cmp72201907nho0013d8o29ud,6
cmp78szy70fq0qm01a6b51qll,7_Origins2Worth0103,cmp7207j007aqo001gtljdnlx,5
cmp78t12m0fqkqm01t20doxnx,7_Origins2Worth0203,cmp722spz07t5o001ldwahfvp,5
cmp78t5mb0fs6qm012udm9ya5,7_Origins3New,cmp724viu087xo001175kngn2,6
cmp78tdqg0fvsqm01fmjmv4wo,7_Origins5Story,cmp721zr607nfo001szqgiad2,6
cmp78thss0fxuqm01teh1psml,7_Origins6Guide,cmp721s6407lxo001gq1r8tf0,6
cmp78tkqa0fzcqm01dle06nne,7_Origins6Guide0303,cmp720yia07g2o001lcwq1pkc,5
cmp78tmjr0g04qm010c531ow5,7_Origins7Belong0103,cmp7234ym07vko001hy0uq6yf,5
cmp78tosf0g18qm011x6j57g6,7_Origins7Belong0303,cmp721tfl07m6o001w09ndb7w,6
cmp78tpwt0g1sqm01uw1cca06,7_Origins8Journey,cmp724ym8088jo001eq4fh3m2,6
cmp78trq40g2mqm01ez6tkx4c,7_Origins8Journey0203,cmp7247210833o001vnrcvkmd,6
cmp78tsul0g38qm01cy6huirp,7_Origins8Journey0303,cmp723ivi07ybo001jrpwmmz5,6
cmp78qqzz0enmqm01cgrtv445,7_0-nfs0102,cmp724cef0845o001ffl9kcwr,14
cmp78qpqu0emyqm01j4694114,7_0-nfs0101,cmp723g7i07xso00103zxwa5u,1
cmp78qvla0eq2qm01nst6n2tl,7_0-nfs0202,cmp720bbj07bho001djzn42ze,1
cmp78qwzn0equqm01t5ciai54,7_0-nfs0203,cmp723c9t07x0o001kxgio5qp,1
cmp78r0c60eskqm01qc2qa7w7,7_0-nfs0302,cmp7207t507aso001pir5aqeu,1
cmp78rafc0exuqm01spe48kpo,7_0-nfs0503,cmp7239bm07wfo001cbd43lqu,1
cmp78rinn0f0aqm01x1vm4l31,7_0-nfs0602,cmp724frp084to00192faf3g8,1
cmp78rk220f10qm01d2ra28ii,7_0-nfs0603,cmp721px207lho001ocmb9q7t,1
cmp78t7fr0fswqm014tkmfmf3,7_Origins3New0203,cmp7240ba081ro001uxjrn5it,5
cmp78tadp0ftyqm0121bbyn8h,7_Origins4Connect0103,cmp720jh007d3o001kidhqz5n,6
cmp78tjm70fyqqm0148209twb,7_Origins6Guide0203,cmp7228gs07p5o001ath8j3vf,6
cmp78tqlw0g22qm01b9fu76ru,7_Origins8Journey0103,cmp724ly90861o001so2ft2m4,6
cmp78tfk60fwoqm01bot758wk,7_Origins5Story0203,cmp723tun080ho00107llf6bx,6
cmp78tihz0fy4qm01432w2euq,7_Origins6Guide0103,cmp720w4407flo001u1ayl00z,6
cmp78rwxd0f7iqm01njx5upyd,7_0-nur,cmp723prg07zoo001aqj4j09e,2
cmp78rzuq0f8wqm01sdnrka8v,7_0-nur03,cmp722gbv07qpo001745hpem4,1
cmp78s2370fa4qm01alwjtimg,7_0-nur05,cmp724ujh087qo001gchgwt90,1
cmp78sl4q0fioqm01hh99m17l,7_Light0311,cmp724ifp085co001m6sccvcg,3
cmp78socf0fkaqm01komrb0sr,7_Light0611,cmp722g1s07qno001bsqalr68,3
cmp78spgt0fkuqm0184j1ltpi,7_Light0711,cmp722nnc07s5o001vzlzs27h,3
cmp78srf40fluqm017ff7fnv0,7_Light0911,cmp71zxj7078ro0018pghd03u,3
cmp78qqzz0enmqm01cgrtv445,7_0-nfs0102,cmp72154207hdo0013h87a1rq,1
cmp78quc70epeqm01opga1s4w,7_0-nfs0201,cmp722cje07pyo0015kw3wucv,1
cmp78qz2z0erwqm01dgeoskdh,7_0-nfs0301,cmp720k1707d7o00111ed2woo,1
cmp78rsln0f5cqm01843kzoig,7_0-nfs0803,cmp724u9e087oo0015tipi9ps,1
cmp78stdh0fmqqm01ko3c74qp,7_Light1111,cmp723s5r0805o0010mfurpii,3
cmp78rm0q0f1wqm01k573n7yz,7_0-nfs0701,cmp721oni07l8o00120cx9u0k,14
cmp78t6bf0fsiqm01wyauxrza,7_Origins3New0103,cmp721c5607iro0017iz8f56g,5
cmp78tbhy0fukqm01z4xjh4h0,7_Origins4Connect0203,cmp721wxz07mvo001x53oxhdb,6
cmp78teft0fw0qm01nb23vsrd,7_Origins5Story0103,cmp720jr407d5o001bcvfdxw9,6
cmp78qpqu0emyqm01j4694114,7_0-nfs0101,cmp721hmm07juo001gflfvn0x,1
cmp78qvla0eq2qm01nst6n2tl,7_0-nfs0202,cmp723e8n07xeo001434xzual,1
cmp78r9ax0exaqm01wzspgb9d,7_0-nfs0502,cmp7231v507uyo001u9i8o0u4,1
cmp78rh9d0ezmqm01t42p7ay6,7_0-nfs0601,cmp722i5p07r2o0013x2b964s,1
cmp78rm0q0f1wqm01k573n7yz,7_0-nfs0701,cmp71zukq0786o0011arfxa0i,1
cmp78rqcz0f46qm014dgeyyod,7_0-nfs0801,cmp71zgn2075fo0013kn0336r,1
cmp78rtpv0f5uqm017egfrikt,7_0-nfs09,cmp71zznb0796o001rqqcq9in,1
cmp78qe300ehqqm01yhguhkbq,7_0-Easter0103,cmp723vtd080vo001vryz65ky,1
cmp78qfc60ei2qm018lffi0ds,7_0-Easter0203,cmp71zlpr076fo001ax014on1,1
cmp78ql4l0ekkqm01hw77tugo,7_0-ncs01,cmp722gr107qso001lr9u2t0o,1
cmp78qnn50elwqm01dhkzqsf8,7_0-ncs03,cmp72387107w7o001odvf8cv8,1
cmp78rzuq0f8wqm01sdnrka8v,7_0-nur03,cmp7201rb079lo0017d81ajso,1
cmp78s2370fa4qm01alwjtimg,7_0-nur05,cmp721fsp07jho001i20a3w4z,1
cmp78s32j0famqm01oi1d2q94,7_0-nur06,cmp721d4n07iyo0017o09cvt8,1
cmp78s64u0fc4qm015okj27pq,7_0-nur09,cmp723bad07wto001gwt9nbjm,1
cmp78sm8x0fj8qm011d9a2h6s,7_Light0411,cmp722aal07pio0014yty5gsq,3
cmp78sqfz0flcqm01ycace13i,7_Light0811,cmp724qvy0870o001r7358g3r,3
cmp78ssea0fm8qm0193811h4m,7_Light1011,cmp722loh07rro001xrj97w86,3
cmp78tyl80g4sqm01ru3fdulg,7_OriginsTrailer,cmp724rld0875o001x76pm5wo,6
cmp78rqcz0f46qm014dgeyyod,7_0-nfs0801,cmp7215tc07hio001fg2p9h9k,14
cmp78qqzz0enmqm01cgrtv445,7_0-nfs0102,cmp7203g9079xo001zqlvh3vc,1
cmp78quc70epeqm01opga1s4w,7_0-nfs0201,cmp721uk007meo001kctqx7go,1
cmp78qvla0eq2qm01nst6n2tl,7_0-nfs0202,cmp71zwos078lo001cncbxyiu,1
cmp78r4t30euwqm01mpxetaxf,7_0-nfs0402,cmp7227hg07oyo001uvw5bqo0,1
cmp78r86j0ewoqm011irik4rq,7_0-nfs0501,cmp720cky07bqo001nrt0okxq,1
cmp78rinn0f0aqm01x1vm4l31,7_0-nfs0602,cmp721a1a07ico001xn3zmg8x,1
cmp78rk220f10qm01d2ra28ii,7_0-nfs0603,cmp722vj407tpo0017n4j7ncs,1
cmp78ro8z0f34qm018rlzlmys,7_0-nfs0703,cmp7227ce07oxo001iattd1lb,1
cmp78rsln0f5cqm01843kzoig,7_0-nfs0803,cmp722cyk07q1o001pi648kgp,1
cmp78quc70epeqm01opga1s4w,7_0-nfs0201,cmp7238h707w9o001f4ddweel,14
cmp78uh6u0gd4qm01cyozt96v,9_0-TheSavior,cmp72286p07p3o001a9iu1voj,45
cmp78ufi50gccqm0143hacxaw,9_0-TheProdigal,cmp7236xe07vyo001115mbcx7,53
cmp78uil50gdkqm01sqasz7zh,9_0-TheSavior5502,cmp721w3o07mpo001ryabh5gq,3
cmp78uja70gdsqm01h3ipmod2,9_0-TheSavior5503,cmp720mu507dro0015lvog4nt,3
cmp78uviv0ghqqm01kuvm8o12,9_0-TheSavior5515,cmp7248gi083do001nipks509,3
cmokmjg9y0nl2qscciaunwxzv,9_0-TheSavior5521,cmokmjh9s0nl9qsccc1f359k8,3
cmokmjxgd0np2qscc8wpxr3ga,9_0-TheSavior5529,cmokmjydg0np9qsccce60j55p,3
cmokmk1pp0nq2qsccusbrsbcm,9_0-TheSavior5531,cmokmk2oq0nq9qsccvnaqip91,3
cmokmka6n0ns2qsccohpgv4ci,9_0-TheSavior5535,cmokmkb3m0ns9qsccjru3vnnd,3
cmokmkioh0nu2qsccukpwkne9,9_0-TheSavior5539,cmokmkjlq0nu9qsccvxwuub9d,3
cmokmkp5h0nvkqsccj7ysgsz2,9_0-TheSavior5542,cmokmkq5f0nvrqscczbkz53yi,3
cmokmkra70nw2qscc6utvnl84,9_0-TheSavior5543,cmokmks7c0nw9qscc6247j1qy,3
cmokmktdx0nwkqscc6i3u85cg,9_0-TheSavior5544,cmokmkuav0nwrqsccfn11zjxz,3
cmokmladi0o0kqsccm080rnio,9_0-TheSavior5552,cmokmlbai0o0rqsccte9rn7xi,3
cmokmlekb0o1kqsccx2r41i5t,9_0-TheSavior5554,cmokmlfhd0o1rqscczaiyuafg,3
cmokmlgoc0o22qsccli5irftg,9_0-TheSavior5555,cmp720z2h07g6o001m1yvvwjp,3
cmp78ujzc0ge0qm017mv6mmyz,9_0-TheSavior5504,cmp720mz607dso0012srtsjx6,3
cmp78uldk0gekqm01mfj2nwik,9_0-TheSavior5506,cmp720m4w07dmo00114l9kzwe,3
cmp78utff0ghcqm01ppype541,9_0-TheSavior5512,cmp721i1s07jxo0011aj8cy66,3
cmokmje5a0nkkqsccu84l0ibb,9_0-TheSavior5520,cmokmjf560nkrqsccev9kh1l6,3
cmokmjoys0nn2qsccep2dhgi5,9_0-TheSavior5525,cmokmjpvj0nn9qsccguiu0tyf,3
cmokmkkw20nukqscc20phxbvc,9_0-TheSavior5540,cmokmklt30nurqscclicd7ye7,3
cmp78uo5s0gfsqm01z3kg72hq,9_0-TheSavior5510,cmp722iv307r7o001wou91x1a,3
cmp78uw7y0gi2qm01g5g2a3f1,9_0-TheSavior5516,cmp722hgg07qxo001baqw1fg7,3
cmokmjkmb0nm2qsccin5u7mb9,9_0-TheSavior5523,cmokmjlp00nm9qscci05qpaze,3
cmokmjr330nnkqsccb3i2dvxp,9_0-TheSavior5526,cmokmjs320nnrqsccnbdbsigo,3
cmokmjzny0npkqsccbkdpsupw,9_0-TheSavior5530,cmokmk0kv0nprqscc1hhv52uv,3
cmokmk6150nr2qsccdx3a99mi,9_0-TheSavior5533,cmokmk6y60nr9qscc32wuym8j,3
cmokmkeg40nt2qscc4bhuozkj,9_0-TheSavior5537,cmokmkfd70nt9qscc0yj4a46q,3
cmokmkgjm0ntkqscc8f858o15,9_0-TheSavior5538,cmokmkhgx0ntrqscc6iat6xej,3
cmokml8720o02qsccy74hz3or,9_0-TheSavior5551,cmokml95y0o09qsccii3wdttz,3
cmp76m0ol00ncny01evrbhk7v,11_Sermon0110,cmp7206tq07alo001nuv1cagc,11
cmp76xa1k02i4ny01h0tb4rj6,1_fj_5-0-0,cmp72149l07h7o0011q1xl99m,2
cmp78c8xv07n6qm01ils0wgjw,2_Acts7350-0-0,cmp71zkat0765o00167r64eun,9
cmp78cac407nyqm01kmigpdrr,2_Acts7351-0-0,cmp72253d07oho0011s87v4rx,9
cmp786dzm04pcqm01d0ygjzag,2_0-EasterExplained,cmp71zx3x078oo0018h4l6xuw,4
cmp78dxzt08huqm019jf33225,2_BoA_BibleStudy1210-0-0,cmp7205k407aco001q9uj6lxm,7
cmp78e5sc08loqm01xm3365bw,2_Broken3PickUp,cmp7224yb07ogo001the6ltlc,1
cmp78cvh907ygqm01lynuodlm,2_Acts7365-0-0,cmp7229g707pco001pbczp4i6,9
cmp76xcw602imny01vnsbwwy9,1_jf-0-0,cmp71zxtd078to001prjbn9ek,1
cmp76x3qs02g6ny01w7ib1isb,1_fj_2-0-0,cmp723vj9080to001jefsy50o,2
cmp76x62n02guny01kfxrc6xh,1_fj_3-0-0,cmp722xs107u5o001kw6raghk,2
cmp7858kz043kqm01i3oqjptj,2_0-1TorchThumbsUp,cmp72083807auo001g3ufbv5x,1
cmp7859u70444qm01j13w0rlc,2_0-2TorchHavePurpose,cmp722phi07sio00187gsxrzd,1
cmp785r7b04daqm01v62fu11o,2_0-Brand_Video,cmp724mii0865o001vsn8cvs4,1
cmp7862du04jkqm018je4rco9,2_0-Conversation,cmp721u4u07mbo0013aflvs5l,1
cmp7863x604kaqm01l53cbrfw,2_0-Crushing,cmp724pgz086qo001ck6ra5ju,4
cmp786i1l04riqm01199y4ii0,2_0-Fracture,cmp720am907bco001g0zow60g,1
cmp7862du04jkqm018je4rco9,2_0-Conversation,cmp720cv207bso001dr6fbdtm,1
cmp78nmf70dbgqm0130ehjmox,4_Injury4FufillChrist,cmp721eo907j9o001zn208g2l,1
cmp78nvne0dfuqm01wxv5x66l,4_Loss4HopeInJesus,cmp720g8h07cgo001hc3p3niq,1
cmp78o2id0dj4qm01f79ancn8,4_SelfDoubt2BeneathSurface,cmp71zq2k077ao001jahxfxxe,1
cmp78ocn40dnuqm01v83mfksk,4_Win4GoodNewsJesus,cmp721rlw07lto001y4w7cjnd,1
cmp787sla05dcqm01zmpgwiig,2_0-LeaderImpact_12,cmp724qbk086wo001vk60eevc,1
cmp788cuv05nkqm01buvtedt8,2_0-Noelevator,cmp72368207vto001bg9g4qei,1
cmp788ir005qoqm01m9933yj2,2_0-Pennyhouse,cmp72026h079oo001uzp6ri6q,1
cmp788o2k05tiqm01sij6gw00,2_0-Portions,cmp71zh29075io001nhv15gx7,1
cmp788yjl05yiqm01odwcbs9u,2_0-Solitude,cmp720zws07gco001ecstpxvf,1
cmp789esb0666qm0179xc88i7,2_0-To-Be-Like-You,cmp7204zw07a8o001sjrrgiwr,1
cmp78u5kc0g7cqm01krgr389q,8_NBC04,cmp720d0607bto0017ltqbtby,2
cmp76hg6x004uny01paumr04m,10_Darkroom10Justice,cmp724pbv086po0017qt945ty,4
cmp76m82w00o0ny01zajn20u6,11_Sermon0210,cmp724nn2086do001pa7oy09p,10
cmp76rfps01e0ny01df10b7n0,14_TPP1613,cmp71zfdo0756o001gqzsel86,2
cmp78d8bs085kqm0122lpmjgd,2_AfterWin,cmp7254ip089po001tre6hfq7,3
cmp78hzrg0aioqm01vtgmhj5v,2_NotEnough,cmp72557z089uo001p1chrh60,4
cmp78j24k0b2kqm01iz7v19dy,2_WayPatrick33Legacy,cmp7252yz089eo001b2j6tep6,3
cmp76k1420098ny01qfdqru2w,11_Advent0304,cmp7251070890o001yxw6jq6d,1
cmp76o8me00u0ny01z3ldehok,11_Shema0206,cmp720dfb07bwo001gq7ze165,1
cmp76ovwc00weny01a0r4acpt,11_SpiritualBeings0801,cmp723dje07x9o001bi59llwq,1
cmp76o60s00tqny01whkiuzn5,11_Shema0106,cmp720q7e07efo0018em8d56v,1
cmp76ovwc00weny01a0r4acpt,11_SpiritualBeings0801,cmp721czl07ixo001xl73riyf,1
cmp78u4620g6mqm010vhdqlys,8_NBC03,cmp722msx07rzo001kopp4xq8,2
cmp78de1c088kqm01mbc02riu,2_Augustine,cmp721lpe07kno001bzh2qkgm,1
cmp78evqr08ywqm01dwvs6jtr,2_ElCamWaySJEN8Invitation,cmp723exy07xjo0019ejvbdf8,3
cmp78f0nd090oqm01rzlesgcf,2_FabioStory,cmp724pw6086to001igxgv9t5,1
cmp76h7zf004gny01dgda140w,10_Darkroom09Identity,cmp720fj807cbo0015r3vxq1h,7
cmp78ikb20at8qm01gi1lr0uh,2_TheLife,cmp7255n9089xo001h1bana2f,179
cmp76unn6021yny01h0w0kt63,1_cl1302-0-0,cmp722ni707s4o001e4mayu9i,3
cmp76v85w0252ny01ubhry9ma,1_cl1305-0-0,cmp724spu087do0011d6p1gwk,3
cmp782sl302vkqm015c9rezt5,1_wjv_01-0-0,cmp723gws07xxo001wf1nbybc,3
cmp783u4m03emqm01e7rcb2ll,1_wl604421-0-0,cmp7203vg07a0o001a7auo29f,6
cmp76vgs00264ny01k1zzyhhn,1_cl1306-0-0,cmp71ztvg0781o0018lt532iq,3
cmp782xhf02y6qm016ct5x9ee,1_wjv_04-0-0,cmp720hxb07cso001y2r8bgvf,3
cmp76pz6b0152ny01ej35b8jt,12_Washi0405,cmp721voi07mmo001rmhj28qu,2
cmp788bbh05mqqm01cfntz6ui,2_0-Nightwatch,cmp71zlak076co0016yb8bpoy,1
cmp7830yp02zwqm018xe9jso4,1_wl60-0-0,cmp7222kb07nzo001q2wmde8z,6
cmp783r6t03d0qm01fhzfp9m1,1_wl604419-0-0,cmp724zgi088po001iyyz9pmh,6
cmp78447r03k2qm019h2ambpl,1_wl604428-0-0,cmp721kkz07kfo00167ouiwyc,6
cmp784sji03v6qm01t21d1tgi,1_wl604443-0-0,cmp721hhi07jto001nuqdywd4,6
cmp76jenw007yny019461r86j,1_0-TrainV_2Find,cmp724s0j0878o0015q30jz4q,3
cmp76jira008any01uqaknplu,1_0-TrainV_5Ministry,cmp7219gy07i8o0014162vwwy,3
cmp76ffeb0018ny0162a81so0,10_Darkroom00TrailerFull,cmp7210m207gho001gs2cd8m2,1
cmp76huak0056ny01fdctsvy2,10_Darkroom11Afterlife,cmp720upe07fbo001oni3mah4,4
cmp78nvne0dfuqm01wxv5x66l,4_Loss4HopeInJesus,cmp722w3b07tto001vstlc5q8,2
cmp78nwwk0dgiqm019jr1fcw5,4_Loss4HopeInJesusAD1x1,cmp723uz0080po0016y53avy8,1
cmp78nxlm0dguqm01swu0ov0d,4_Loss4HopeInJesusAD9x16,cmp723qqz07zvo001gy1330ee,1
cmp78sek60ff8qm01jfg39e1c,7_KnowGod0403,cmp723n8f07z6o00138mt9sox,5
cmp78o2id0dj4qm01f79ancn8,4_SelfDoubt2BeneathSurface,cmp721zby07nco00162xq0o4e,1
cmp78sbrj0fdqqm01xv9rifgg,7_KnowGod0401,cmp71zq7n077bo001gyth2df5,5
cmp78odwj0do6qm019vr8i03o,4_Win4GoodNewsJesusAD1x1,cmp723ile07y9o001b2jvv2vr,1
cmp78oell0dogqm0149fpy813,4_Win4GoodNewsJesusAD9x16,cmp722nxf07s7o001y0nlgrva,1
cmp78a3kb06i0qm01pmdl8yqn,2_2026AppUpdate,cmp7257w808ado001xa0o9x1z,1
cmp78eire08s0qm01r5v24mpw,2_DamtewStormsofLifeVert,cmp7255i7089wo001bdq0mhkk,1
cmp783dte036sqm0136t91sbk,1_wl604411-0-0,cmp722qm707sqo0017wyyggno,6
cmp78nckt0d80qm01c2a0649m,4_AIAWC-ThePrize_Falcao-0-0,cmp722pwq07slo0014bdxyqsr,3
cmp784gnn03pcqm01zu9s4udw,1_wl604436-0-0,cmp724v3o087uo001zzsficbn,6
cmp784q6303tyqm01a23ainou,1_wl604441-0-0,cmp724cjh0846o0014zo94tep,6
cmp78nodh0dceqm01vc4nrvrm,4_Injury4FufillChristAD9x16,cmp723bum07wxo0010zb8eapm,2
cmp76fbj3000sny01wahyk1gz,0_JesusVisionLumo,cmp72462k082wo001q1m2z8s2,2
cmp78o6pv0dl8qm01wgijmf4y,4_Win1Winning,cmp7237mt07w3o001f8f552q2,7
cmsd4bklo0dhxnx0mphn2o4dd,2_ElCamImpulses3304,0223cc1e-012a-4929-915f-6bcd095d2884,1
cmsd4bkt50dmxnx0msnojezp6,2_ElCamImpulses3305,59c08a04-fc70-4308-af79-a6801373532d,1
cmsd4bm1j0elznx0mx3kdcbkf,2_ElCamImpulses3312,62d3ff19-2f1a-4ad7-af18-e346e2a10df6,1
cmsd4bm6l0eptnx0m6j742qxy,2_ElCamImpulses3313,b03c7a6e-3e08-434f-b7b9-83c139f37f89,1
cmsd4bnes0fpbnx0m0g44ikl5,2_ElCamImpulses3320,1910db56-5a01-479c-8ea4-be6bff1b42d9,1
cmsd4bolx0godnx0mc34pioik,2_ElCamImpulses3327,86afc0e8-0773-4b59-a4a0-8e98e4a77d3a,1
cmsd4bpz00hdhnx0myjiikbxl,2_ElCamImpulses3332,d436d9ba-3fad-4aa7-a201-bf885eb4d9d1,1
cmsd4bqj60htvnx0m4junofug,2_ElCamImpulsesVert3305,42e1ad32-8b3b-4819-bd4d-0022b6f9365d,1
cmsd4bquc0i1jnx0m3u49rqoq,2_ElCamImpulsesVert3311,2c1b4e5f-e87e-49ed-a71f-a19e4fcf6d41,1
cmsd4bqz90i5dnx0myafymkcj,2_ElCamImpulsesVert3314,eb3e67d7-0567-434b-8bb8-a6aae3f480dc,1
cmsd4br0r0i6nnx0mv7kbyf4o,2_ElCamImpulsesVert3315,ff3d186b-72e0-4ad6-b957-c4463c91693c,1
cmsd4br3w0i97nx0myiv7azum,2_ElCamImpulsesVert3317,9e9b8b90-be89-4c6e-b1b4-0def3ed8aa7f,1
cmsd4brly0iebnx0mahs6g6iq,2_ElCamImpulsesVert3321,7ab819a9-4f1b-4137-8fb3-6373e60775ff,1
cmsd4brnl0iflnx0mdjxwmxuc,2_ElCamImpulsesVert3322,bebefde2-f604-4287-9688-ff705c0918a2,1
cmsd4brsp0ijfnx0mgp5n700p,2_ElCamImpulsesVert3325,0aa24985-e06a-4d03-93e6-49155ec4a324,1
cmsd4brvw0ilznx0mbkoyrzpg,2_ElCamImpulsesVert3327,755e632a-30d8-4691-a6fd-b1a4b7113ffb,1
cmsd4bs140iptnx0m3ozqdspd,2_ElCamImpulsesVert3330,8a4b0e9c-dd86-41c5-ad97-76281b0ef7ee,1
cmsd4bs2w0ir3nx0m0r02evde,2_ElCamImpulsesVert3331,92601fba-8ac7-4cce-a3b0-e6bfa753c5c5,1
cmsd4bs6t0itnnx0mcd5t4oq9,2_ElCamImpulsesVert3333,7ca1d2af-770e-4a43-8f24-32a8dab71b8b,1
cmrundqv600fwn1019t7oeqr6,2_WCMMcKenzieTestimony,dae252ab-d634-4709-9812-f4a4c494d670,1
cmp78indc0auyqm011kgcwmy8,2_ThereIsHopeMena,b175b8da-6945-4054-bf09-e1a22766e087,12
cmp76rzki01lwny01t38b1t7i,16_HappyTrailer,cmp7259v608aro001o5g1lubj,1
cmp76sjq401t2ny01dlhz7m3s,16_HopeTrailer,cmp725bz808b6o001jk9iki5k,1
cmp76tdvz01xwny01nsyo9mcs,16_Known0303,cmp725azo08azo001rfbo5c1z,1
cmp78ejll08seqm01cgy8gy00,2_dont_miss_door,cmp720sqj07exo001hf4zequ0,1
cmp78fqcg09e8qm014xo7miip,2_FourJPN0503,cmp7258be08ago00136czr6ox,1
cmp78ftu909gfqm01qmj8itpc,2_FourJPN0505,cmp7258ln08aio001nlm83c3x,1
cmp78i52y0algqm01ribfwh91,2_PIHoroscope,cmp720nof07dxo001r2mp0qie,2
cmp78iao30aocqm01hq6jbeoq,2_rescue_shepherd_and_door,cmp72092j07b1o001c3bj7e3e,1
cmp788fiz05owqm011u2xdc2w,2_0-OneGod,cmp7257r408aco001rg46wa8s,4
cmp78foj509d8qm01e5fgqxho,2_FourJPN0502,cmp7256cj08a2o0012qj5r0qf,1
cmp78qwzn0equqm01t5ciai54,7_0-nfs0203,cmp722ocu07sao001do8ffyac,1
cmp76fsje0022ny01c89ibun6,10_Darkroom03Sin,cmp720pxa07edo001uxl75dlb,4
cmp76idbs005wny01rp3y3ez6,10_Darkroom13Supernatural,cmp721sve07m2o001wnp0h2du,4
cmp7868sx04n4qm01fyxt4iaz,2_0-DidJesusHaveToDie,cmp7257h008aao00143vqmqhe,2
cmp7894tn061wqm017nxit2kl,2_0-Tarek,cmp722ox607seo0010uy1znwk,10
cmp7886k105ksqm01eggwj430,2_0-LivingWord,cmp724u4c087no0013rek3mbw,3
cmp786jl004s8qm0156qwbsum,2_0-GodsRescuePlan,cmp7255xc089zo001ddmvbuf8,2
cmp788a2505m6qm016vbgw620,2_0-MostlyTea,cmp720r1q07elo0013p6o0x9h,1
cmp78f30m0922qm01c2tz8wgw,2_FileZero01-0-0,cmp721oih07l7o001fx7tg961,5
cmp78ffvb098iqm015wyxncro,2_FileZero11-0-0,cmp72310j07uso001b01kzwmw,5
cmp78fh4i099aqm01onwmr3wh,2_FileZero12-0-0,cmp71zkv20769o00102y22djv,5
cmp785zq804hyqm015fx1di83,2_0-ComingHome,cmp71zv9z078bo001e8pr2205,4
cmp78a25z06haqm01azdtnnqu,2_0-YoureNotHopeless,cmp72021g079no001gm32ziv3,2
cmp78az0f06y6qm01qonc3tyh,2_Acts7319-0-0,cmp723xi10817o001m3df4dw5,9
cmp7877kr053sqm01ou6gg7qf,2_0-Just-An-Outside-Shot,cmp721d9r07izo001p10d02le,5
cmp78c65q07lmqm01283gsr2y,2_Acts7348-0-0,cmp722yca07u9o0012ef6svxu,9
cmp78hw4s0agoqm019g3jpd2k,2_JessicaStory,cmp724w320881o001kjsde1ih,4
cmp78eorq08v4qm015vwf8uze,2_ElCamWaySJEN3WalkingStick,cmp723cu007x4o001tdcgacy9,3
cmp78ezt9090cqm01zruq58de,2_ElCamWaySJENTrailer,cmp721sqb07m1o00149sa2dbp,3
cmp788zsx05z6qm01cpr4z7dk,2_0-SongOfReeds,cmp72490s083ho001j1u62q1a,4
cmp78fak3095oqm0137xwd97o,2_FileZero07-0-0,cmp7225nk07olo0019pfq7sfh,5
cmp788o2k05tiqm01sij6gw00,2_0-Portions,cmp720mp307dqo001l4gns9el,3
cmp789w0p06e4qm01je988de3,2_0-Waiting-Alchemist,cmp71zysw0790o001elbqctg3,1
cmp78e02r08iqqm01akcbiwzc,2_BoA_BibleStudy1211-0-0,cmp722vo507tqo001uygyw9wi,7
cmp78719m050gqm01nsvzk219,2_0-IsBibleReliable,cmp720cau07boo0014ydh31ke,1
cmp78f49v092qqm01ofslmipu,2_FileZero02-0-0,cmp7213zf07h5o001xlsz7uxq,8
cmp789esb0666qm0179xc88i7,2_0-To-Be-Like-You,cmp723ljl07yuo001sf54t6h4,1
cmp785utx04f8qm01ai2wvown,2_0-Brothers,cmp724wse0886o0019usg1po7,1
cmp78e7ld08mmqm016gyapanr,2_Broken4JimmyStory,cmp721gn207jno0019lv5sb07,1
cmp78iezz0aqkqm01h5iq076e,2_SweetTooth,cmp722sfw07t3o001mzkfkj2e,1
cmp78fehb097sqm014o3g8oyc,2_FileZero10-0-0,cmp7245id082so001y08so2y8,5
cmp78cmwt07u4qm01bo27kq3m,2_Acts7360-0-0,cmp720zcm07g8o001dz660gi8,9
cmp78lev80c9uqm01j8w59szx,3_0-7DWJ-WWJ_04-0-0,cmp721im007k1o001nhzakwnm,4
cmp78m6pr0cneqm01l1rlpmmg,3_0-8DWJ-WIJ_08-0-0,cmp722s5s07t1o00133bofzig,3
cmp78l0rq0c2gqm01xed2ktrt,3_0-6DWJ-MAP_01-0-0,cmp71zlkp076eo001c6lxmcqj,3
cmp78l53l0c4oqm01qaalf8ax,3_0-6DWJ-MAP_04-0-0,cmp72486f083bo001y9gjvqs2,3
cmp78lgek0caeqm01zdner07d,3_0-7DWJ-WWJ_05-0-0,cmp723x7x0815o0011br6zspw,4
cmp78l2b80c38qm01o6ui1odi,3_0-6DWJ-MAP_02-0-0,cmp721sla07m0o0017w0s382h,3
cmp78ldm00c96qm014fsxj8ov,3_0-7DWJ-WWJ_03-0-0,cmp724fhm084ro001a6k9dgmx,4
cmp78mwnf0d08qm01jf02g77f,3_IAm1208-0-0,cmp72505u088uo001gwologz8,1
cmp78my1p0d0yqm01r1o9qkgw,3_IAm1209-0-0,cmp720kba07d9o001ob4fmxi3,1
cmp78n6fv0d58qm018ridxt0d,3_RFD0703-0-0,cmp722tud07tdo001vn8cwacq,1
cmp78na2e0d74qm01m0n16h4l,3_RFD0706-0-0,cmp720kld07dbo001ne73k4mq,1
cmp78o98f0dmoqm01xy596uph,4_Win3GodPath,cmp724tza087mo001iso6xbgh,3
cmp78nt4q0deiqm01o0x3r4z6,4_Loss2Forgiveness,cmp720onq07e4o001nkvk01xt,3
cmp78o7z30dlyqm01t9jrey9f,4_Win2Threshold,cmp721tuq07m9o001vz1dlt4w,3
cmp78ilz60au6qm01t37q5fbf,2_ThereIsHopeAsia,cmp724ueg087po001mojl4r4d,2
cmp76smlq01tiny01yiz9yxre,16_Influencers0301,cmp725a0708aso001dz8893df,1
cmp78svwb0fnwqm0134m0d2vk,7_Origins1Master0103,cmp722rgj07swo001u1dl1dih,5
cmp78t4i00frmqm01tbk5h79q,7_Origins2Worth0303,cmp721ej707j8o001o59yg11p,6
cmp78tcmb0fv6qm01abptk9q2,7_Origins4Connect0303,cmp71zned076ro001qkc4x6kc,6
cmp78tno10g0oqm0161yuwa3f,7_Origins7Belong0203,cmp722j5607r9o001xd9ztr3q,5
cmp78ql4l0ekkqm01hw77tugo,7_0-ncs01,cmp720c0r07bmo001h8wwdanr,1
cmp78quc70epeqm01opga1s4w,7_0-nfs0201,cmp720jw607d6o001vz89p7fb,1
cmp78r1li0et8qm01c1fw7dsr,7_0-nfs0303,cmp71zigx075so001oqk2dion,1
cmp78r9ax0exaqm01wzspgb9d,7_0-nfs0502,cmp71zjvo0762o001sz294btt,1
cmp78ro8z0f34qm018rlzlmys,7_0-nfs0703,cmp7234oj07vio001jy98y9zr,1
cmp78rqcz0f46qm014dgeyyod,7_0-nfs0801,cmp720ety07c6o001ni0364sb,1
cmp78rrhc0f4qqm01wtlmbn6o,7_0-nfs0802,cmp720y8107g0o001hh8vwujr,1
cmp78ruz30f6iqm018xds7fl8,7_0-nfs10,cmp721sb607lyo001toyr8900,1
cmp78tgod0fxaqm01sqpnlhbk,7_Origins5Story0303,cmp7211ba07gmo0015qtgkt29,6
cmp78s0z20f9gqm01ryd6u4xo,7_0-nur04,cmp722c4907pvo001r8sc85y0,1
cmp78s7430fcmqm013zuiuyiv,7_0-nur10,cmp7230lc07upo0011ideh4hl,1
cmp78snd40fjsqm01uck64rfx,7_Light0511,cmp7249v8083no001jli1bwyq,3
cmp78qvla0eq2qm01nst6n2tl,7_0-nfs0202,cmp723zly081mo00187nqhavw,1
cmp78r86j0ewoqm011irik4rq,7_0-nfs0501,cmp72339v07v8o001hx4whj2u,1
cmp78rafc0exuqm01spe48kpo,7_0-nfs0503,cmp724ed6084jo001r4y9ah2m,1
cmp78rn4w0f2kqm01nu2ax4l4,7_0-nfs0702,cmp721alh07igo001xajgktfp,1
cmp78r0c60eskqm01qc2qa7w7,7_0-nfs0302,cmp722zlt07uio0018n3zc9a7,1
cmp78r1li0et8qm01c1fw7dsr,7_0-nfs0303,cmp7209cm07b3o0013hamj0tp,1
cmp78r62l0evkqm01279m773p,7_0-nfs0403,cmp723u4r080jo0017kgt9dib,1
cmp78r86j0ewoqm011irik4rq,7_0-nfs0501,cmp722rvo07szo001twaiww8a,1
cmp78rsln0f5cqm01843kzoig,7_0-nfs0803,cmp71zhcc075ko001end6b3qa,1
cmp78qjq60ejyqm01j00footr,7_0-EasterTrailer,cmp724jk9085ko001nbmeavqi,1
cmp78rxrf0f7wqm01oflrn5du,7_0-nur01,cmp7212uy07gxo001d47ah9ye,1
cmp78ryqk0f8cqm01qrjs2xr1,7_0-nur02,cmp723qw207zwo001b6dbjdbw,1
cmp78sk0f0fi4qm01udsjp0cq,7_Light0211,cmp723fd307xmo001imthdrmq,3
cmp78qpqu0emyqm01j4694114,7_0-nfs0101,cmp7217n307hvo001tzmqb0tf,1
cmp78qwzn0equqm01t5ciai54,7_0-nfs0203,cmp721avl07iio001vdp67wix,1
cmp78r0c60eskqm01qc2qa7w7,7_0-nfs0302,cmp72334t07v7o001rw7s3v9n,1
cmp78r3jv0eu8qm01fe091nlj,7_0-nfs0401,cmp724pm3086ro0016lhutr73,1
cmp78r9ax0exaqm01wzspgb9d,7_0-nfs0502,cmp71zjqm0761o0011moa73pi,1
cmp78rafc0exuqm01spe48kpo,7_0-nfs0503,cmp724fwr084uo001kx0jzksd,1
cmp78rh9d0ezmqm01t42p7ay6,7_0-nfs0601,cmp71zfnr0758o001p4ln86vb,1
cmp78rm0q0f1wqm01k573n7yz,7_0-nfs0701,cmp71zj1b075wo001ryixtuh8,1
cmp78rtpv0f5uqm017egfrikt,7_0-nfs09,cmp721ny907l3o001iwc1obxl,1
cmp78ruz30f6iqm018xds7fl8,7_0-nfs10,cmp72111707gko001i08plbpu,1
cmp78uhw10gdcqm01ep9xvpwb,9_0-TheSavior5501,cmp724c4b0843o001gb92o0va,3
cmp78ungq0gfgqm01uz159b5u,9_0-TheSavior5509,cmp724hba0854o001degs7rjm,3
cmp78uous0gg4qm01efwydmfq,9_0-TheSavior5511,cmp7221aw07nqo0016sr4ab5l,3
cmokmkc8h0nskqscc98a4rmmd,9_0-TheSavior5536,cmokmkd880nsrqscc6v6er9c3,3
cmokmkn0w0nv2qscch63j1qi1,9_0-TheSavior5541,cmokmknyq0nv9qsccu5h0q3nn,3
cmokmkxpp0nxkqsccbgepffy0,9_0-TheSavior5546,cmokmkyna0nxrqscc47gum1vf,3
cmokml41j0nz2qsccum7lf8kc,9_0-TheSavior5549,cmokml4yl0nz9qsccbrep2pyw,3
cmp78uutq0ghmqm012i32jf8u,9_0-TheSavior5514,cmp71zrc8077jo0012a9zq52v,3
cmp78uwx00giaqm012wz51d8k,9_0-TheSavior5517,cmp721kq107kgo0014krlefp4,3
cmokmjigk0nlkqscch4r5mcho,9_0-TheSavior5522,cmokmjjhc0nlrqscckx4a4gxh,3
cmokmjvee0nokqscct2gcke8g,9_0-TheSavior5528,cmokmjwbk0norqsccthe9zr7k,3
cmokmk3we0nqkqscc1tsx0rtj,9_0-TheSavior5532,cmokmk4u90nqrqsccgmzr2v9d,3
cmokmk82y0nrkqsccxxgw9m7f,9_0-TheSavior5534,cmokmk9030nrrqsccehun19ec,3
cmokmkzs50ny2qsccxc77bgv4,9_0-TheSavior5547,cmokml0p40ny9qscc3u7sq7cw,3
cmokml1vs0nykqscc8bgble8n,9_0-TheSavior5548,cmokml2wt0nyrqsccs2z25phq,3
cmp78uu4i0ghiqm01lqwq5erd,9_0-TheSavior5513,cmp721e9307j6o001xle2kh71,3
cmokmjmtw0nmkqscc82lh9e0a,9_0-TheSavior5524,cmokmjntq0nmrqscc8oihotbk,3
cmokmjt860no2qsccji41znmx,9_0-TheSavior5527,cmokmju700no9qsccblam2hru,3
cmokml6590nzkqscc3u64ftr4,9_0-TheSavior5550,cmokml7270nzrqsccgy23tyoe,3
cmp76x1k102fgny01kvc8ihuz,1_fj_1-0-0,cmp721wnw07mto001w7qfasfr,2
cmp76rl6p01fwny010vkq7g2h,15_TrueMerit,cmp72325a07v0o0016lvuf5yn,1
cmp785cc3045kqm01134w0f1t,2_0-4Laws,cmp723y28081bo001237mli1h,5
cmp786n8504ucqm01530pj2mg,2_0-Happiness,cmp7200mp079do001id60pm7c,1
cmp786vcy04xiqm0111d7irqt,2_0-HarshVibe,cmp7244t3082no0013uc9bn8c,1
cmp78nghu0d92qm019kq319t3,4_Injury1Injury,cmp7242k90827o001qhybe6wv,3
cmp78np2i0dcmqm01oahakcqt,4_Injury5Preview,cmp722zbo07ugo001veihf6ak,1
cmp78719m050gqm01nsvzk219,2_0-IsBibleReliable,cmp7206om07ako00163vb9ba1,1
cmp787eks056mqm010hob49xt,2_0-LeaderImpact_03,cmp724wi90884o001mn2rhj1f,1
cmp7881ed05i0qm01xu2qhkx9,2_0-LeaderImpact_19,cmp720x3l07fso001eqyyxf5c,1
cmp789jtq068wqm0158qirk9v,2_0-Uninvited,cmp7214jo07h9o001h5rxr7ij,1
cmp788mo605ssqm01jsl7irch,2_0-PicketFence,cmp724jzf085no00109agwvll,1
cmp788v1x05wkqm01yddpyg8l,2_0-Rent-Check,cmp720ihk07cwo0010iwvitzy,1
cmp7893kk0618qm01u1awbujf,2_0-SupremeChristmas,cmp723rgh0800o0019hbeudb3,1
cmp7896cw062oqm01iugdce5g,2_0-Theophilus,cmp722q6v07sno001p4v002yi,1
cmp789snh06c8qm01iwir3mbf,2_0-Vigilant,cmp71zqhv077do001q2cdn24f,1
cmp785w3c04g0qm01p9xovcu9,2_0-Cabernet,cmp720e4q07c1o001e4qja0i7,2
cmp76r5kh01b6ny015zx7a5tu,14_TPP1607,cmp72002j0799o0016byj3vw3,2
cmp76r6xm01bkny01dvae1z7x,14_TPP1608,cmp720rbv07eno001npgcwxxi,2
cmp76r8au01byny01cc7m8rm1,14_TPP1609,cmp721qrh07lno001ep9eqi8l,2
cmp76rblz01d0ny01nbgah37u,14_TPP1610,cmp723dyk07xco0012twhfmta,2
cmp76rh2x01eany017mpc45ql,14_TPP1614,cmp720u0307f6o001tz6p7h48,2
cmp76rjti01f8ny01dt8b2vw2,14_TPP1616,cmp71zz330792o0019g8on7bh,2
cmp78dbt0087kqm01svz8xsu5,2_AskedQuestions,cmp7254su089ro001zvtocyov,3
cmp76o60s00tqny01whkiuzn5,11_Shema0106,cmp7243jl082eo001lpmt3apr,1
cmp76ocq200ufny01jqxi0y5q,11_Shema0306,cmp723bff07wuo001odcl9o2f,1
cmp76jnoj008iny01nk8c0u9n,11_Advent0104,cmp72045k07a2o001tw2mw87a,1
cmp76k8r5009kny01zfr58abw,11_Advent0404,cmp724ywb088lo0016vn7ylvs,1
cmp76o8me00u0ny01z3ldehok,11_Shema0206,cmp7226cy07oqo0019lbkfnts,1
cmp76om1a00v8ny01didn3zy1,11_Shema0506,cmp724v8q087vo001kffwsdyq,1
cmp76p44500yeny01ucqmfyf4,11_SpiritualBeings0804,cmp720ftc07cdo001ri14y87g,1
cmp78u0jm0g5gqm01neigt55t,8_NBC01,cmp721u9w07mco001dt0hsifs,2
cmp78u73x0g86qm01ftezjq8q,8_NBC05,cmp722hli07qyo001is4hz00t,2
cmp76rcz401d6ny011xata5ko,14_TPP1611,cmp721i6u07jyo0010f8vbwdx,2
cmp76fgcs001cny01a685m112,10_Darkroom01Doubt,cmp721djv07j1o001yq9rpype,6
cmp783a6f034qqm01s62wsnro,1_wl604408-0-0,cmp724fmo084so001a80you1a,6
cmp76vz3x028qny0121ycvs4b,1_cl1309-0-0,cmp721xd607myo001gzc5ocyo,3
cmp76fdgi0010ny017qq1dmyq,10_Darkroom00Trailer30sec,cmp722v8y07tno001d69r7d37,1
cmp78nyb00dh4qm01h70gh9v2,4_Loss5Preview,cmp7241ku0820o0017hhjiboh,1
cmp78nz040dhgqm0162pqpclj,4_Loss5Preview1x1,cmp721bku07ino001svfuhd52,1
cmp78o3ru0djsqm019autb7re,4_SelfDoubt3LovedWorthy,cmp71zqmx077eo001wjh03kdk,1
cmp78hubi0aflqm015cm1dkq6,2_harsh_vibe_explanation,cmp722mxy07s0o001o5m1y1ul,1
cmp78sd0r0fecqm01u120nkdb,7_KnowGod0402,cmp720tkw07f3o001y0m27xb9,5
cmp76fakl000ony01l7h8e76y,0_JesusVisionJohn,cmp724l3v085vo001hzk3sqwm,3
cmp784e0403o8qm01961owusn,1_wl604434-0-0,cmp723sv8080ao001o11w4oe6,6
cmp78o0ee0di2qm01sgvnqzuc,4_PrayerForOlympics,cmp724d3p084ao0012mfgqci8,1
cmsd4blbm0e1xnx0mzoodt2ch,2_ElCamImpulses3308,71477de5-15cc-4e9e-8840-d6811d523343,1
cmsd4bnru0fzbnx0mjwfk7cus,2_ElCamImpulses3322,44cb095f-3dbd-4359-ac8f-752c1c1a67c3,1
cmsd4bo3k0g9dnx0mxgz8hh0f,2_ElCamImpulses3324,e639d76f-34cf-4e89-a607-75af1caf44b8,1
cmsd4borq0gtdnx0mh6gsxlfq,2_ElCamImpulses3328,e4af7762-1740-443c-87a2-5c831de24a11,1
cmsd4bpf80gydnx0mowgpksqi,2_ElCamImpulses3329,da727b8d-e656-41ff-b8fb-45d666468f6f,1
cmsd4bpso0h8hnx0mx9uwm6ks,2_ElCamImpulses3331,4b6aec4a-ab7b-4fac-abe0-da50a6cf6c8a,1
cmsd4bqkw0hv5nx0mnbdmilu7,2_ElCamImpulsesVert3306,3eb7e22a-0edf-4fe2-8065-d10cbdd08351,1
cmsd4bqmf0hwfnx0m8vkf7bhx,2_ElCamImpulsesVert3307,3e2ff390-8ea5-4c31-ab5f-e7120d4ebd08,1
cmsd4bqoc0hxpnx0m8xqoe660,2_ElCamImpulsesVert3308,aaf9bdd2-c7cd-4824-8ed6-dbfc7f8fd264,1
cmsd4bqxq0i43nx0m8zjhp77l,2_ElCamImpulsesVert3313,e269dc55-0a1d-4d79-9523-b122e1b7d3bc,1
cmsd4brkb0id1nx0mvd1ahql6,2_ElCamImpulsesVert3320,5b455d91-f007-4163-bbdb-6b57a7bab694,1
cmsd4brp90igvnx0mykrfohp1,2_ElCamImpulsesVert3323,7c34f054-56ae-4bda-ae77-d98ff4faaac1,1
cmsd4bs4p0isdnx0mze2dpo9u,2_ElCamImpulsesVert3332,96e7df6a-2a0b-40e0-b627-8c4c2135ed9f,1
cmrundqwx00hgn1017c7lk7r5,2_WCTBunburyTestimony,c7d04824-e685-4993-b1a5-a3eb2cb19b5d,1
cmp76r1gx01a8ny0197s9s2zr,14_TPP1604,cmp722t5407t8o00170m9rivm,2
cmp76rl6p01fwny010vkq7g2h,15_TrueMerit,cmp7258qp08ajo001fh5nu15j,1
cmp76rw0g01keny01mavb5skm,16_Happy0303,cmp7259l208apo001pkl6td2c,1
cmp76squh01uuny01phiwea9y,16_Influencers0302,cmp725a5908ato00169o33fkn,1
cmp76sxoz01w6ny01qqj19u3z,16_InfluencersTrailer,cmp725afc08avo001r0l9bmx2,1
cmpkq7l3t000lqs01668yd66q,17_MakeWay,ee80536d-76f6-4e65-a83e-f5c3b8558a6d,1
cmpek9awu019wkh011hyplbgo,17_SayIAm,0992f9d1-67fc-45c1-a7e5-f198a7a952ce,1
cmp786bgz04omqm01cc3en8rp,2_0-Dont-Hold-Your-Breath,cmp724yr9088ko001xeofa5l4,2
cmp78e8ug08naqm01zq4hagcn,2_Broken5Kintsugi,cmp724zlj088qo001qoq1jhgq,1
cmp78fmuk09c6qm01qnch5dxw,2_FourJPN0501,cmp72581908aeo001s3zj9o4v,1
cmp78fs5q09fcqm01b5zfvhjx,2_FourJPN0504,cmp7258gi08aho001gvw11huz,1
cmp78fzwe09jcqm01dffaweej,2_FourSymbols,cmp7208id07axo001i45qa3un,2
cmp78fmuk09c6qm01qnch5dxw,2_FourJPN0501,cmp72567h08a1o001s5mzvzio,1
cmp78rm0q0f1wqm01k573n7yz,7_0-nfs0701,cmp720oxu07e6o001xteglmfe,1
cmp785igu048wqm01j6qem2mj,2_0-AndreasStory,cmp720fyd07ceo001o81sbdie,4
cmp78ic2c0ap6qm017szchtv1,2_StoryBehindSweetTooth,cmp721s1207lwo001yeb4cmnh,4
cmp78enih08ueqm01q8ozh3q9,2_ElCamWaySJEN2Parched,cmp722yhb07uao001r1cvtpym,3
cmp78euhm08y6qm01yggvwaei,2_ElCamWaySJEN7HopePeace,cmp72391i07wdo001mx1irmhj,3
cmp788leu05s4qm0177zb9mmr,2_0-PerfectAlternate,cmp722rll07sxo001ejwn2axs,1
cmp785h7y0486qm01jamlmpdt,2_0-AltroMare,cmp721m9k07kro001tliwhd3k,1
cmp78f0nd090oqm01rzlesgcf,2_FabioStory,cmp722dxv07q8o0013z7h8k9x,1
cmp78ja8f0b7gqm014v66lag1,2_WhyMadeAltroMare,cmp722iar07r3o0014pf85fj1,1
cmp78em4a08toqm01kfejtqnf,2_ElCamWaySJEN1Arrow,cmp722r6g07suo0014qa4qcz5,3
cmp78et8i08xiqm014lort1mj,2_ElCamWaySJEN6Weight,cmp724h660853o0010nxl0uvo,3
cmp78ebmw08oaqm01vzim4h7c,2_BunnyHacked,cmp724h150852o001ai76z3pg,1
cmp78hw4s0agoqm019g3jpd2k,2_JessicaStory,cmp721xn907n0o001hq6v6ibe,1
cmp78ic2c0ap6qm017szchtv1,2_StoryBehindSweetTooth,cmp7210bx07gfo001l2f3qlak,1
cmp78ja8f0b7gqm014v66lag1,2_WhyMadeAltroMare,cmp721qc807lko00182ux9ezx,1
cmp78ecr308osqm01ni0jvmpz,2_ChosenWitness,cmp71zpne0777o001gp839o9q,2
cmp78lyqk0cj8qm01uyapvrmf,3_0-8DWJ-WIJ_02-0-0,cmp7217s707hwo0018v4czywn,3
cmp78m32q0cliqm01rcyr5354,3_0-8DWJ-WIJ_05-0-0,cmp71zxob078so001aifpftp7,3
cmp78l6rm0c5mqm016lvf37wg,3_0-6DWJ-MAP_05-0-0,cmp7205zc07afo001137b97kr,3
cmp78l3u90c44qm01z4wvt80n,3_0-6DWJ-MAP_03-0-0,cmp71zonx0770o001zb0xrd3b,3
cmp78ma7d0cpcqm01fpy4tdp0,3_DWJPrayer0902-0-0,cmp722i0n07r1o001a4k6b7ca,2
cmp78mi1d0ctaqm01fk5upfsp,3_DWJPrayer0908-0-0,cmp72159407heo001ceap3j5e,2
cmp78mjap0cu0qm01fk1jgfqi,3_DWJPrayer0909-0-0,cmp72239j07o4o001jbyv85yr,2
cmp78mr260cxaqm018xvtumzv,3_IAm1204-0-0,cmp7229l807pdo00158xfvf0z,1
cmp78msgj0cy0qm01h1c8mvkr,3_IAm1205-0-0,cmp722o2o07s8o001nxj39q9i,1
cmp78mtuy0cyqqm01qov2lx1y,3_IAm1206-0-0,cmp721uey07mdo001gmmq2rhh,1
cmp78n0ub0d2gqm01jjan6dx7,3_IAm1211-0-0,cmp721z6v07nbo001ziqut0v7,1
cmp78n7k20d5sqm019dch69w5,3_RFD0704-0-0,cmp7250l1088xo001vxmdtg9r,1
cmp78nb6k0d7mqm01y1zl5cho,3_RFD0707-0-0,cmp723iqh07yao001cjznjptc,1
cmp78fvxi09hsqm01voyhcz5j,2_FourPerfectLove,cmp720u5507f7o001irfodi5f,1
cmp78qnn50elwqm01dhkzqsf8,7_0-ncs03,cmp720a1y07b8o0013nurey2g,1
cmp78qqzz0enmqm01cgrtv445,7_0-nfs0102,cmp720xnu07fwo001w2r3ttmn,1
cmp78qz2z0erwqm01dgeoskdh,7_0-nfs0301,cmp723ve7080so001f7p7bwkg,1
cmp78rh9d0ezmqm01t42p7ay6,7_0-nfs0601,cmp7227mh07ozo00178e0cs8i,1
cmp78rn4w0f2kqm01nu2ax4l4,7_0-nfs0702,cmp720fo907cco001jhzm5t6s,1
cmp78ryqk0f8cqm01qrjs2xr1,7_0-nur02,cmp722apr07plo001fxuhqt95,1
cmp78s32j0famqm01oi1d2q94,7_0-nur06,cmp7222zg07o2o001xztzpfxx,1
cmp78s46p0fb6qm019zxtu9sx,7_0-nur07,cmp724ikr085do0017jy9hg8i,1
cmp78s55r0fbmqm01lf35gajj,7_0-nur08,cmp722jzn07rfo001cidwljf5,1
cmp78r1li0et8qm01c1fw7dsr,7_0-nfs0303,cmp721etb07jao0015z0uodm9,1
cmp78r3jv0eu8qm01fe091nlj,7_0-nfs0401,cmp724suw087eo0016jwqlflm,1
cmp78r9ax0exaqm01wzspgb9d,7_0-nfs0502,cmp7202qu079so0013n7wdjxk,1
cmp78rm0q0f1wqm01k573n7yz,7_0-nfs0701,cmp721hro07jvo001b7vc5t3d,1
cmp78ro8z0f34qm018rlzlmys,7_0-nfs0703,cmp723ocv07zeo001ifdczg7t,1
cmp78rrhc0f4qqm01wtlmbn6o,7_0-nfs0802,cmp7232zr07v6o001tclj0lpt,1
cmp78ruz30f6iqm018xds7fl8,7_0-nfs10,cmp7232km07v3o001jv9rf9de,1
cmp78quc70epeqm01opga1s4w,7_0-nfs0201,cmp71zhri075no001u07425kv,1
cmp78r4t30euwqm01mpxetaxf,7_0-nfs0402,cmp724ggy084yo001nsewsdln,1
cmp78rafc0exuqm01spe48kpo,7_0-nfs0503,cmp721m4i07kqo001skn0naen,1
cmp78rinn0f0aqm01x1vm4l31,7_0-nfs0602,cmp721o8d07l5o001dkuqg7an,1
cmp78rrhc0f4qqm01wtlmbn6o,7_0-nfs0802,cmp720m9y07dno001n1t32dq9,1
cmp78ruz30f6iqm018xds7fl8,7_0-nfs10,cmp7203qc079zo001eb9rd1b2,1
cmp78qglc0eiqqm01496f4pwj,7_0-Easter0303,cmp723sl00808o001j5txhhus,1
cmp78qmdu0el8qm01sgdt6nn8,7_0-ncs02,cmp724i0k0859o0011ztjekhm,1
cmp78s0z20f9gqm01ryd6u4xo,7_0-nur04,cmp72495u083io001fyz5wr55,1
cmp78qs920eo9qm01i275j4ue,7_0-nfs0103,cmp724utl087so0018n2fw5e6,1
cmp78qz2z0erwqm01dgeoskdh,7_0-nfs0301,cmp71zp850774o0010casmoqj,1
cmp78r1li0et8qm01c1fw7dsr,7_0-nfs0303,cmp720osr07e5o001n8b2f4uo,1
cmp78rn4w0f2kqm01nu2ax4l4,7_0-nfs0702,cmp724zvr088so001dzdsdw4q,1
cmp78rqcz0f46qm014dgeyyod,7_0-nfs0801,cmp724hqg0857o0014fdyfpz0,1
cmp78rrhc0f4qqm01wtlmbn6o,7_0-nfs0802,cmp722fro07qlo001bv60dj0q,1
cmp78um2l0geuqm011c1uchv2,9_0-TheSavior5507,cmp723rvo0803o001x1we24n2,3
cmp78umrm0gf6qm014bqiprjb,9_0-TheSavior5508,cmp724jf7085jo001oys6wre5,3
cmokmjc390nk2qscc79tyun6g,9_0-TheSavior5519,cmokmjd0d0nk9qsccd5249uay,3
cmokmkvfq0nx2qscc142rzm1b,9_0-TheSavior5545,cmokmkwcz0nx9qsccs718gqbo,3
cmokmlcfb0o12qsccr4l882fe,9_0-TheSavior5553,cmokmldch0o19qscc13t36oe0,3
cmokmj8ka0njkqsccfvhbto3g,9_0-TheSavior5518,cmokmjad90njrqscc0vjt4tb9,3
cmp78614o04iuqm015kru03qe,2_0-ConsideringChristmas,cmp721qha07llo001h6cghcn8,1
cmp78fvxi09hsqm01voyhcz5j,2_FourPerfectLove,cmp724q19086uo001cvvro3l4,1
cmp78e30308k6qm01w674orig,2_Broken1Vessel,cmp723t5d080co001dibeciof,1
cmp78e4e508kwqm01e0mh5z1n,2_Broken2Promise,cmp71znym076vo001z112107q,1
cmp785igu048wqm01j6qem2mj,2_0-AndreasStory,cmp722mit07rxo0016iyk1ppg,1
cmp785mn704b8qm01s7dub0ju,2_0-BMe,cmp71zim0075to001yv1igtsl,1
cmp7877kr053sqm01ou6gg7qf,2_0-Just-An-Outside-Shot,cmp723ag007wno001h2wogqax,1
cmp786wma04y4qm01gib6v123,2_0-InfiniteAbyss,cmp720xdq07fuo001wb2i8h9r,2
cmp787dbj055yqm010keumkuj,2_0-LeaderImpact_02,cmp7222a707nxo001cbv25f2x,1
cmp787fu0057aqm013iusxdq8,2_0-LeaderImpact_04,cmp720xsv07fxo001kjem6cug,1
cmp787h34057yqm01rcmtdiav,2_0-LeaderImpact_05,cmp722sky07t4o001okswhfyu,1
cmp787ici058mqm01apicuawl,2_0-LeaderImpact_06,cmp720p2v07e7o001uzcey7dt,1
cmp787ndn05baqm017rxe3q3n,2_0-LeaderImpact_10,cmp7216dj07hmo00146nz7fxw,1
cmp787v3r05eoqm01rgaq2yug,2_0-LeaderImpact_14,cmp7225dg07ojo001kkixhwrg,1
cmp787wcz05fcqm014hwzfy03,2_0-LeaderImpact_15,cmp7211vk07gqo001259wl7e1,1
cmp787xmd05g0qm017qydj0wt,2_0-LeaderImpact_16,cmp72210r07noo001x28697f0,1
cmp787yvr05goqm01ei0vuzde,2_0-LeaderImpact_17,cmp724gr10850o001fy8ur01t,1
cmp78805505hcqm01gwtg1b8j,2_0-LeaderImpact_18,cmp71zjlk0760o001ijxds3we,1
cmp7882nl05ioqm01q5vfgfts,2_0-LeaderImpact_20,cmp721ir107k2o0018yrm2i5o,1
cmp788k5h05rgqm016xrqlyws,2_0-Perfect,cmp724bp40840o001lwpmakqz,1
cmp78912705zwqm01o670g4m5,2_0-StoryBehindPicketFence,cmp720pi507eao0015whtpc9u,1
cmp78u2mp0g6aqm01nypgderz,8_NBC02,cmp723zbu081ko001f0239j9a,2
cmp76qxrt019wny01j8yxdm8e,14_TPP1601,cmp7225ih07oko001plw1rdis,2
cmp76jvcy008wny012l9njp0o,11_Advent0204,cmp721lzh07kpo0019xsxvf8c,1
cmp76k8r5009kny01zfr58abw,11_Advent0404,cmp721hcg07jso0010vxnbg2r,1
cmp76oyro00x6ny01mcgpr5tk,11_SpiritualBeings0802,cmp720qwo07eko0017lzq13js,1
cmp76p1ig00xuny017mwdl4u8,11_SpiritualBeings0803,cmp7213pb07h3o0013094sdx6,1
cmp76p44500yeny01ucqmfyf4,11_SpiritualBeings0804,cmp7235xz07vro001m4vwm4hf,1
cmp76p79l00z4ny01mtqh2azm,11_SpiritualBeings0805,cmp722gw207qto00110ycbk57,1
cmp76pbgy010gny0145m57e64,11_SpiritualBeings0806,cmp722kz807rmo001tgx1x2yy,1
cmp76pehw0116ny01zbohiqy6,11_SpiritualBeings0807,cmp71zrri077mo001yzo2lv1n,1
cmp76phdf011uny01ko049ndw,11_SpiritualBeings0808,cmp720gxs07clo0019jjb21gk,1
cmp76jvcy008wny012l9njp0o,11_Advent0204,cmp721p2n07lbo001p3w67u02,1
cmp76ocq200ufny01jqxi0y5q,11_Shema0306,cmp724yc2088ho001qtruv3qd,1
cmp76opqk00vuny019g8wnxro,11_Shema0606,cmp7245da082ro001cys7ycvw,1
cmp76pbgy010gny0145m57e64,11_SpiritualBeings0806,cmp720q2c07eeo001y01di6t9,1
cmp78309r02zoqm01731wmiad,1_wl-0-0,cmp7219bv07i7o001xbhidoww,2
cmp76psll0136ny010nm46rsf,12_Washi0205,cmp721yrr07n8o001btgxu9q4,2
cmp76q3yo015iny018p0lqd13,12_Washi0505,cmp71zn4a076po0012f314deq,2
cmp76fchw000wny01oypnsqby,10_Darkroom00Trailer2min,cmp721jlf07k8o001im3j8iur,1
cmp78np2i0dcmqm01oahakcqt,4_Injury5Preview,cmp7238ma07wao001jd95nl26,1
cmp78nps30dd0qm01wyvdcrih,4_Injury5Preview1x1,cmp723os307zho001outq04cj,1
cmp78nzpa0dhqqm01vcqchyvm,4_Loss5Preview9x16,cmp723s0p0804o001pxswny3a,1
cmp78ofat0douqm01tghdyu1m,4_Win5Preview,cmp722cti07q0o001dyisk680,1
cmp78ofzx0dp0qm01fze1b0p9,4_Win5Preview1x1,cmp724ta2087ho0012sgiwwzu,1
cmp78ogp10dpeqm01np0zz8nr,4_Win5Preview9x16,cmp721x3107mwo001futs55df,1
cmp7859u70444qm01j13w0rlc,2_0-2TorchHavePurpose,cmp7215e507hfo001odw1ycdd,1
cmp78ohe30dpqqm01pez2knec,6_0-TheCovenant,cmp7242a60825o001c4jt0ryi,2
cmsd4bj9s0d7xnx0m05vcffbi,2_ElCamImpulses3302,53dc0f54-d6cc-4ed1-95c8-1edb430f3239,1
cmsd4bkzh0drxnx0m74aedtq9,2_ElCamImpulses3306,4e30b438-d229-4c8d-9fc8-c8fac525a6ec,1
cmsd4bl5u0dwxnx0m5cf4kof2,2_ElCamImpulses3307,e0ae7ce4-35e8-462f-8c33-9fa85eeb8a1d,1
cmsd4blo40ebxnx0md6dwno4c,2_ElCamImpulses3310,c394ede8-8265-4438-b529-5b2f0a286179,1
cmsd4bluj0egznx0mp20ylduy,2_ElCamImpulses3311,a2062af1-c5de-4ac4-b705-4e172c46f7b1,1
cmsd4bme10euvnx0m898szklx,2_ElCamImpulses3314,6ee02f30-03cc-481f-a8bf-39dee77a1b4b,1
cmsd4bmkb0ezxnx0m7gy37sjf,2_ElCamImpulses3315,2b0e1f6f-4b65-4931-8b1d-9a0f2bd5f8f8,1
cmsd4bnxf0g4bnx0mdm1jzjtp,2_ElCamImpulses3323,2b5abad1-4673-40d1-a2f7-0e102f978171,1
cmsd4bqhp0hslnx0mw06nxb86,2_ElCamImpulsesVert3304,7f3cabbe-7e66-480b-94ee-251923373236,1
cmsd4bqsg0i09nx0mpj770ep4,2_ElCamImpulsesVert3310,f7ccc0a0-75e7-4dc4-83fa-9178801cb628,1
cmsd4bqw40i2tnx0mjana581l,2_ElCamImpulsesVert3312,34a0a757-1483-4b18-94af-dfd15e0b1088,1
cmsd4br2c0i7xnx0m2riuq0p8,2_ElCamImpulsesVert3316,f058e1e9-3ae4-48fa-baaf-c64cc7ad950a,1
cmsd4brua0ikpnx0m0a91v4rt,2_ElCamImpulsesVert3326,6d8d3e01-a5cf-4feb-a79d-2d214bc93e50,1
cmsd4brxu0in9nx0mc9hb8kzw,2_ElCamImpulsesVert3328,093e8bdb-bdb3-4119-b4e1-8fffa4e954ea,1
cmsd4brzg0iojnx0mzosnw35y,2_ElCamImpulsesVert3329,e80a98eb-89b0-48db-b7b3-70c028bb945b,1
cmp76rppm01hqny01qnsss8rh,16_Happy0301,cmp7259ay08ano001sb6m1sja,1
cmp76s2l301n0ny01rmr7su2x,16_Hope0301,cmp725bev08b2o001kw4wushw,1
cmp76s6z101osny01fiw3nyib,16_Hope0302,cmp725bjy08b3o00117augr0y,1
cmp76tiu901yqny01lhhw5fjk,16_KnownTrailer,cmp725b4p08b0o0010zrhevp3,1
cmp78fqcg09e8qm014xo7miip,2_FourJPN0503,cmp7256mm08a4o0015vctaggg,1
cmp78fs5q09fcqm01b5zfvhjx,2_FourJPN0504,cmp7256ro08a5o001kekpj60j,1
cmp785jq0049mqm01hnp767i4,2_0-BibleTrusted,cmp7255sb089yo001wqrz475w,2
cmp78eq0y08vsqm01ne3942j3,2_ElCamWaySJEN4StJames,cmp722bu507pto001djhhdoq5,3
cmp786loj04tiqm01w4s7qod6,2_0-Good,cmp7223ts07o8o0011l0ptfuf,1
cmp788k5h05rgqm016xrqlyws,2_0-Perfect,cmp721dz007j4o001jswf3eox,1
cmokmpvke0oggqscc6if3cd22,Perfect,cmokmpwyx0ogvqsccy8u9pmam,1
cmp78i1zp0ajsqm016byc5peo,2_OscarStory,cmp722ed607qbo001bix25veb,1
cmp78eg3q08qkqm01fhzryzah,2_CSF0201,cmp722uyv07tlo001pv0wea49,1
cmsd4biz00d2tnx0mqivuc29j,2_ElCamImpulses3301,1e59dbce-ba14-4209-ad21-c23184c189da,1
cmsd4bqfz0hrbnx0mewhyqoyy,2_ElCamImpulsesVert3303,4d62d15d-ea8e-43d2-b8d8-c188a9aa2eff,1
cmp78i1zp0ajsqm016byc5peo,2_OscarStory,cmp71zs6q077po001xbr5vzaf,1
cmp78m8y30cooqm01hb2t8lkg,3_DWJPrayer0901-0-0,cmp723v42080qo0013hlzvn4j,2
cmp78ml990cuyqm01nijmmjf2,3_IAm1201-0-0,cmp723m8w07yzo0012vrsfx6a,1
cmp78mmdh0cviqm0142js45mb,3_IAm1202-0-0,cmp723hby07y0o0014pd93mo3,1
cmp78mv930cziqm01y85zj39m,3_IAm1207-0-0,cmp724ian085bo001reu203ha,1
cmp78mzg30d1oqm01xzmb3l5n,3_IAm1210-0-0,cmp724g6v084wo001yfm6y4gw,1
cmp78n28z0d38qm01wak5fzof,3_IAm1212-0-0,cmp721y7j07n4o001msn1ojiw,1
cmp78n42e0d40qm01k5rvuxjp,3_RFD0701-0-0,cmp72353o07vlo001fyr4sg24,1
cmp78n8t80d6gqm01c9fnmj6i,3_RFD0705-0-0,cmp721n8x07kyo0016v1r4c63,1
cmp788a2505m6qm016vbgw620,2_0-MostlyTea,cmp722k9z07rho001u5ec4xad,1
cmokmpysx0ohcqsccm3d7jssu,PicketFence,cmp723ltq07ywo001cdbbkgb5,1
cmp78qmdu0el8qm01sgdt6nn8,7_0-ncs02,cmp7237hr07w2o001zr7slm3h,1
cmp78qs920eo9qm01i275j4ue,7_0-nfs0103,cmp724ni1086co001dcg7x53n,1
cmp78r3jv0eu8qm01fe091nlj,7_0-nfs0401,cmp7228lv07p6o0010bmhzdox,1
cmp78r4t30euwqm01mpxetaxf,7_0-nfs0402,cmp723vyf080wo001rmr5ojlv,1
cmp78r62l0evkqm01279m773p,7_0-nfs0403,cmp722pmm07sjo0019vosvgfo,1
cmp78r86j0ewoqm011irik4rq,7_0-nfs0501,cmp722pce07sho001cn4aylsb,1
cmp78rsln0f5cqm01843kzoig,7_0-nfs0803,cmp7245sh082uo001skygzxrr,1
cmp78rtpv0f5uqm017egfrikt,7_0-nfs09,cmp72306307umo001ckutm484,1
cmp78rxrf0f7wqm01oflrn5du,7_0-nur01,cmp723kud07ypo001llvdz8rh,1
cmp78s64u0fc4qm015okj27pq,7_0-nur09,cmp721f8g07jdo001sqvcdxu1,1
cmp78qpqu0emyqm01j4694114,7_0-nfs0101,cmp721zgz07ndo001rp6bhxsu,1
cmp78qs920eo9qm01i275j4ue,7_0-nfs0103,cmp721rw007lvo001uc65zte0,1
cmp78qwzn0equqm01t5ciai54,7_0-nfs0203,cmp723coz07x3o0016bqorflx,1
cmp78r0c60eskqm01qc2qa7w7,7_0-nfs0302,cmp7251580891o001vagft61i,1
cmp78r4t30euwqm01mpxetaxf,7_0-nfs0402,cmp722rqm07syo0018eq6knx1,1
cmp78r62l0evkqm01279m773p,7_0-nfs0403,cmp7240lf081to0017h6g6ft6,1
cmp78rh9d0ezmqm01t42p7ay6,7_0-nfs0601,cmp721fim07jfo001lnkh9mjg,1
cmp78rinn0f0aqm01x1vm4l31,7_0-nfs0602,cmp722cog07pzo001q5liaze5,1
cmp78rqcz0f46qm014dgeyyod,7_0-nfs0801,cmp723voa080uo0010pp4ypso,1
cmp78rtpv0f5uqm017egfrikt,7_0-nfs09,cmp720g3g07cfo001kldjr6ao,1
cmp78qqzz0enmqm01cgrtv445,7_0-nfs0102,cmp723cew07x1o0013nn4gkl2,1
cmp78qs920eo9qm01i275j4ue,7_0-nfs0103,cmp724k4h085oo001wwmse9mz,1
cmp78qz2z0erwqm01dgeoskdh,7_0-nfs0301,cmp722wdj07tvo001gsr59afm,1
cmp78r3jv0eu8qm01fe091nlj,7_0-nfs0401,cmp71zrwk077no0014dmtdxvz,1
cmp78rk220f10qm01d2ra28ii,7_0-nfs0603,cmp71zt66077wo0013ck0l7nu,1
cmp78rn4w0f2kqm01nu2ax4l4,7_0-nfs0702,cmp724zbg088oo001o2bpt70q,1
cmp78ro8z0f34qm018rlzlmys,7_0-nfs0703,cmp723jfw07yfo001c0uddfos,1
cmp78s46p0fb6qm019zxtu9sx,7_0-nur07,cmp721jgb07k7o001ou5el7c6,1
cmp78s55r0fbmqm01lf35gajj,7_0-nur08,cmp723ycc081do0012oq7ejyq,1
cmp78s7430fcmqm013zuiuyiv,7_0-nur10,cmp723bkg07wvo001xns5tatz,1
cmp78r62l0evkqm01279m773p,7_0-nfs0403,cmp721igx07k0o001azqpdthe,1
cmp789w0p06e4qm01je988de3,2_0-Waiting-Alchemist,cmp71zupr0787o001l1uqfcf2,1
