languageId,coreLanguageId,audioLanguageSlug,canonicalEnglishName,canonicalNameLocales,legacyEnglishNameMirror,bcp47,iso3,source,deletedAt,syncedAt,rawDubRows,rawVideos,rawLeafVideos,rawCollectionVideos,rawSeriesVideos,rawVideosWithDeclaredSource,publishedVideosWithDeclaredSource,publishedLeafDeclaredSources,publishedLeafHls,publishedLeafMux,publishedLeafHlsOnly,publishedCollectionDeclaredSources,publishedSeriesDeclaredSources,watchUnrestrictedPublishedLeafDeclared,curatedDeclaredLeafReferences,approvedCuratedDeclaredLeafReferences,curatedEditorialChoicesWithDeclaredLeafSource,approvedEditorialChoicesWithDeclaredLeafSource,uncuratedDeclaredLeafVideos,manifest_pass,manifest_failed,currentWebDisplayLocale,priorCurrentRecommendationStartUnique,priorCurrentRecommendationEligibleIdCeiling,rawLeafInventoryMeaning
cmok1rmqz0216qsv1kg657ilf,15622,,Lala (Zambia),en,Lala (Zambia),leb,leb,core,,2026-09-03T07:00:06.934937+00:00,79,79,64,15,0,64,64,64,64,64,0,0,0,64,35,34,35,34,29,0,0,,,,declared metadata; canonical identity and stream health not guaranteed
cmokktmqr02t0qsccd82dgsvm,22812,a-hmao,A-Hmao,en,A-Hmao,hmd,hmd,core,,2026-09-03T07:00:06.934937+00:00,135,135,118,16,1,118,118,118,118,118,0,0,0,118,67,63,57,54,51,0,0,en,53,118,declared metadata; canonical identity and stream health not guaranteed
cmokkx9i703p8qscc9at3ur7o,4797,aari,Aari,aiw|en,Aari,aiw,aiw,core,,2026-09-03T07:00:06.934937+00:00,77,77,63,14,0,63,63,63,63,63,0,0,0,63,35,34,35,34,28,0,0,en,33,62,declared metadata; canonical identity and stream health not guaranteed
cmokkprz401uuqscc6tnplpoi,184631,abanglekuo,Abanglekuo,en,Abanglekuo,bzy,bzy,core,,2026-09-03T07:00:06.934937+00:00,79,79,64,15,0,64,64,64,64,64,0,0,0,64,35,34,35,34,29,0,0,en,33,64,declared metadata; canonical identity and stream health not guaranteed
cmok1mq1400vjqsv1m6mh7u6f,139251,abanyom,Abanyom,en,Abanyom,abm,abm,core,,2026-09-03T07:00:06.934937+00:00,76,76,62,14,0,62,62,62,62,62,0,0,0,62,35,34,35,34,27,0,0,en,33,62,declared metadata; canonical identity and stream health not guaranteed
cmok1ksdg00ebqsv15jvpm12c,12296,abau,Abau,en,Abau,aau,aau,core,,2026-09-03T07:00:06.934937+00:00,76,76,62,14,0,62,62,62,62,62,0,0,0,62,35,34,35,34,27,0,0,en,33,62,declared metadata; canonical identity and stream health not guaranteed
cmok1rx02023mqsv1j0kc6x3s,15909,abidji,Abidji,en,Abidji,abi,abi,core,,2026-09-03T07:00:06.934937+00:00,76,76,62,14,0,62,62,62,62,62,0,0,0,62,35,34,35,34,27,0,0,en,33,62,declared metadata; canonical identity and stream health not guaranteed
cmokkxjiq03ruqscc3e9z9dwb,5074,abkhaz,Abkhaz,abk|en,Abkhaz,abk,abk,core,,2026-09-03T07:00:06.934937+00:00,92,92,76,15,1,76,76,76,76,76,0,0,0,76,48,46,36,35,28,0,0,en,34,76,declared metadata; canonical identity and stream health not guaranteed
cmok1s4ku025dqsv12j5kx9vf,16117,abure,Abure,abu|en,Abure,abu,abu,core,,2026-09-03T07:00:06.934937+00:00,76,76,62,14,0,62,62,62,62,62,0,0,0,62,35,34,35,34,27,0,0,en,33,62,declared metadata; canonical identity and stream health not guaranteed
cmok1qltk01sbqsv1wkv4fbtt,144623,abureni,Abureni,en,Abureni,mgj,mgj,core,,2026-09-03T07:00:06.934937+00:00,76,76,62,14,0,62,62,62,62,62,0,0,0,62,35,34,35,34,27,0,0,en,33,62,declared metadata; canonical identity and stream health not guaranteed
cmokkylgo041cqsccbuxn067d,5428,acateco,Acateco,en,Acateco,knj,knj,core,,2026-09-03T07:00:06.934937+00:00,76,76,62,14,0,62,62,62,62,62,0,0,0,62,35,34,35,34,27,0,0,en,33,62,declared metadata; canonical identity and stream health not guaranteed
cmok1kblu00a7qsv1c8ibz20s,111586,acchami,Acchami,en,Acchami,npi,npi,core,,2026-09-03T07:00:06.934937+00:00,76,76,62,14,0,62,62,62,62,62,0,0,0,62,35,34,35,34,27,0,0,ne,0,0,declared metadata; canonical identity and stream health not guaranteed
cmok1t56002dzqsv1ngbt5m40,17688,aceh,Aceh,ace|en,Aceh,ace,ace,core,,2026-09-03T07:00:06.934937+00:00,76,76,62,14,0,62,62,62,62,62,0,0,0,62,35,34,35,34,27,0,0,en,33,62,declared metadata; canonical identity and stream health not guaranteed
cmokkvw2q03csqscckt7kosfc,3697,achang,Achang,acn|en,Achang,acn,acn,core,,2026-09-03T07:00:06.934937+00:00,79,79,63,16,0,63,63,63,63,63,0,0,0,63,35,34,35,34,28,0,0,en,33,63,declared metadata; canonical identity and stream health not guaranteed
cmok1j8nq000rqsv1ai45axqf,100378,ache,A Che,en,A Che,yif,yif,core,,2026-09-03T07:00:06.934937+00:00,79,79,63,16,0,63,63,63,63,63,0,0,0,63,35,34,35,34,28,0,0,en,33,63,declared metadata; canonical identity and stream health not guaranteed
cmokkq23d01x8qscc49slxod1,184846,ache-2,Ache,en,Ache,guq,guq,core,,2026-09-03T07:00:06.934937+00:00,76,76,62,14,0,62,62,62,62,62,0,0,0,62,35,34,35,34,27,0,0,en,33,62,declared metadata; canonical identity and stream health not guaranteed
cmokkyn9u041rqscc6hak0uiw,5441,achi-rabinal,"Achi, Rabinal",acr|en,"Achi, Rabinal",acr,acr,core,,2026-09-03T07:00:06.934937+00:00,76,76,62,14,0,62,62,62,62,62,0,0,0,62,35,34,35,34,27,0,0,en,33,62,declared metadata; canonical identity and stream health not guaranteed
cmok1m1ky00piqsv187z2dd7b,13555,acholi,Acholi,ach|en,Acholi,ach,ach,core,,2026-09-03T07:00:06.934937+00:00,124,124,107,15,2,107,107,107,107,107,0,0,0,107,39,38,39,38,68,0,0,en,37,107,declared metadata; canonical identity and stream health not guaranteed
cmok1mqd900vmqsv1vekw6ssk,139273,achuar-shiwiar,Achuar-Shiwiar,acu|en,Achuar-Shiwiar,acu,acu,core,,2026-09-03T07:00:06.934937+00:00,79,79,63,16,0,63,63,63,63,63,0,0,0,63,35,34,35,34,28,0,0,en,33,63,declared metadata; canonical identity and stream health not guaranteed
cmokkxk9203s0qsccisvl3qjh,50836,adangme,Adangme,ada|en,Adangme,ada,ada,core,,2026-09-03T07:00:06.934937+00:00,76,76,62,14,0,62,62,62,62,62,0,0,0,62,35,34,35,34,27,0,0,en,33,62,declared metadata; canonical identity and stream health not guaranteed
cmokky7xs03xzqsccxx0mccwb,5338,adele,Adele,ade|en,Adele,ade,ade,core,,2026-09-03T07:00:06.934937+00:00,76,76,62,14,0,62,62,62,62,62,0,0,0,62,35,34,35,34,27,0,0,en,33,62,declared metadata; canonical identity and stream health not guaranteed
cmokkus0x032uqscc1d5gw52l,24173,adi,Adi,en,Adi,adi,adi,core,,2026-09-03T07:00:06.934937+00:00,76,76,62,14,0,62,62,62,62,62,0,0,0,62,35,34,35,34,27,0,0,en,33,62,declared metadata; canonical identity and stream health not guaranteed
cmok1s48y025aqsv17ymbb86s,16116,adioukrou,Adioukrou,adj|en,Adioukrou,adj,adj,core,,2026-09-03T07:00:06.934937+00:00,76,76,62,14,0,62,62,62,62,62,0,0,0,62,35,34,35,34,27,0,0,en,33,62,declared metadata; canonical identity and stream health not guaranteed
cmokl20nf04viqsccijez5z2d,96802,adonara,Adonara,adr|en,Adonara,adr,adr,core,,2026-09-03T07:00:06.934937+00:00,76,76,62,14,0,62,62,62,62,62,0,0,0,62,35,34,35,34,27,0,0,en,33,62,declared metadata; canonical identity and stream health not guaranteed
cmokkrxz402dlqsccjtnkqsbl,20522,adygey,Adygey,ady|en,Adygey,ady,ady,core,,2026-09-03T07:00:06.934937+00:00,76,76,62,14,0,62,62,62,62,62,0,0,0,62,35,34,35,34,27,0,0,ady,0,0,declared metadata; canonical identity and stream health not guaranteed
cmokl211b04vlqscctx22aynj,96809,adzera,Adzera,en,Adzera,adz,adz,core,,2026-09-03T07:00:06.934937+00:00,76,76,62,14,0,62,62,62,62,62,0,0,0,62,35,34,35,34,27,0,0,en,33,62,declared metadata; canonical identity and stream health not guaranteed
cmokkwrf303kqqscc8o5th6xs,4468,afar,Afar,aa|en,Afar,aa,aar,core,,2026-09-03T07:00:06.934937+00:00,132,132,116,15,1,116,116,116,116,116,0,0,0,116,67,63,57,54,49,0,0,en,53,116,declared metadata; canonical identity and stream health not guaranteed
cmok1qend01qjqsv1yrm5voo5,1444,afrikaans,Afrikaans,af|en,Afrikaans,af,afr,core,,2026-09-03T07:00:06.934937+00:00,298,298,265,28,5,265,265,265,265,265,0,0,0,265,143,134,121,114,122,0,0,af,0,0,declared metadata; canonical identity and stream health not guaranteed
cmok1puut01lqqsv1z907ahsy,143624,agabag,Agabag,en,Agabag,sbr,sbr,core,,2026-09-03T07:00:06.934937+00:00,76,76,62,14,0,62,62,62,62,62,0,0,0,62,35,34,35,34,27,0,0,en,33,62,declared metadata; canonical identity and stream health not guaranteed
cmokl21qd04vrqsccynv3myzu,96835,agarabi,Agarabi,en,Agarabi,agd,agd,core,,2026-09-03T07:00:06.934937+00:00,76,76,62,14,0,62,62,62,62,62,0,0,0,62,35,34,35,34,27,0,0,en,33,62,declared metadata; canonical identity and stream health not guaranteed
cmokl1szr04toqsccmse4o6cj,9290,agatu,Agatu,agc|en,Agatu,agc,agc,core,,2026-09-03T07:00:06.934937+00:00,76,76,62,14,0,62,62,62,62,62,0,0,0,62,35,34,35,34,27,0,0,en,33,62,declared metadata; canonical identity and stream health not guaranteed
cmok1mr6a00vuqsv149a09mbn,139321,aghem,Aghem,en,Aghem,agq,agq,core,,2026-09-03T07:00:06.934937+00:00,76,76,62,14,0,62,62,62,62,62,0,0,0,62,35,34,35,34,27,0,0,en,33,62,declared metadata; canonical identity and stream health not guaranteed
cmok1mokb00v7qsv1wugoejj9,139205,aguna,Aguna,aug|en,Aguna,aug,aug,core,,2026-09-03T07:00:06.934937+00:00,67,67,55,12,0,55,55,55,55,55,0,0,0,55,32,31,32,31,23,0,0,en,30,55,declared metadata; canonical identity and stream health not guaranteed
cmokkpuel01vfqsccpewypfvq,184668,agusan-surigao-manobo,Agusan-Surigao Manobo,en,Agusan-Surigao Manobo,msm,msm,core,,2026-09-03T07:00:06.934937+00:00,79,79,64,15,0,64,64,64,64,64,0,0,0,64,35,34,35,34,29,0,0,en,33,64,declared metadata; canonical identity and stream health not guaranteed
cmokkxngy03svqscctqed480o,5170,ahanta,Ahanta,en,Ahanta,aha,aha,core,,2026-09-03T07:00:06.934937+00:00,76,76,62,14,0,62,62,62,62,62,0,0,0,62,35,34,35,34,27,0,0,en,33,62,declared metadata; canonical identity and stream health not guaranteed
cmokkzsts04bnqscc54uzn9mo,6330,ahirani,Ahirani,ahr|en,Ahirani,ahr,ahr,core,,2026-09-03T07:00:06.934937+00:00,76,76,62,14,0,62,62,62,62,62,0,0,0,62,35,34,35,34,27,0,0,en,33,62,declared metadata; canonical identity and stream health not guaranteed
cmokkplm001tfqsccotaeexpt,184550,aikana,Aikana,en,Aikana,tba,tba,core,,2026-09-03T07:00:06.934937+00:00,76,76,62,14,0,62,62,62,62,62,0,0,0,62,35,34,35,34,27,0,0,en,33,62,declared metadata; canonical identity and stream health not guaranteed
cmok1lgvk00kaqsv11i0i7d20,1280,aja-gbe,Aja-Gbe,ajg|en,Aja-Gbe,ajg,ajg,core,,2026-09-03T07:00:06.934937+00:00,132,132,116,15,1,116,116,116,116,116,0,0,0,116,67,63,57,54,49,0,0,en,53,116,declared metadata; canonical identity and stream health not guaranteed
cmok1nylf0165qsv1xojoz2tc,141189,ajiya,Ajiya,en,Ajiya,idc,idc,core,,2026-09-03T07:00:06.934937+00:00,75,75,62,13,0,62,62,62,62,62,0,0,0,62,35,34,35,34,27,0,0,en,33,62,declared metadata; canonical identity and stream health not guaranteed
cmok1nyyz0168qsv1h0ntu4tk,141199,akebu,Akebu,en,Akebu,keu,keu,core,,2026-09-03T07:00:06.934937+00:00,76,76,62,14,0,62,62,62,62,62,0,0,0,62,35,34,35,34,27,0,0,en,33,62,declared metadata; canonical identity and stream health not guaranteed
cmokl21d604voqsccb49nzcc5,96819,akeu,Akeu,aeu|en,Akeu,aeu,aeu,core,,2026-09-03T07:00:06.934937+00:00,76,76,62,14,0,62,62,62,62,62,0,0,0,62,35,34,35,34,27,0,0,en,33,62,declared metadata; canonical identity and stream health not guaranteed
cmokkvx9e03d3qsccwya30vho,3712,akha,Akha,ahk|en,Akha,ahk,ahk,core,,2026-09-03T07:00:06.934937+00:00,92,92,76,15,1,76,76,76,76,76,0,0,0,76,48,46,36,35,28,0,0,en,34,76,declared metadata; canonical identity and stream health not guaranteed
cmok1ljvt00kyqsv124w3gh9v,12853,aklanon,Aklanon,akl|en,Aklanon,akl,akl,core,,2026-09-03T07:00:06.934937+00:00,76,76,62,14,0,62,62,62,62,62,0,0,0,62,35,34,35,34,27,0,0,en,33,62,declared metadata; canonical identity and stream health not guaranteed
cmokkvlxo03a6qscciwbwwl1x,2894,akoose,Akoose,bss|en,Akoose,bss,bss,core,,2026-09-03T07:00:06.934937+00:00,79,79,64,15,0,64,64,64,64,64,0,0,0,64,35,34,35,34,29,0,0,en,33,64,declared metadata; canonical identity and stream health not guaranteed
cmokkxwv103v4qsccmcz2gwff,5296,akposo,Akposo,en,Akposo,kpo,kpo,core,,2026-09-03T07:00:06.934937+00:00,76,76,62,14,0,62,62,62,62,62,0,0,0,62,35,34,35,34,27,0,0,en,33,62,declared metadata; canonical identity and stream health not guaranteed
cmok1mx6000x9qsv1g49c7n2u,139598,akuku,Akuku,en,Akuku,ayk,ayk,core,,2026-09-03T07:00:06.934937+00:00,75,75,62,13,0,62,62,62,62,62,0,0,0,62,35,34,35,34,27,0,0,en,33,62,declared metadata; canonical identity and stream health not guaranteed
cmokkx93w03p5qsccbk521g1b,4793,alaba,Alaba,alw|en,Alaba,alw,alw,core,,2026-09-03T07:00:06.934937+00:00,76,76,62,14,0,62,62,62,62,62,0,0,0,62,35,34,35,34,27,0,0,en,33,62,declared metadata; canonical identity and stream health not guaranteed
cmok1p7ec01g7qsv1wsl18lzi,142694,alagwa,Alagwa,en,Alagwa,wbj,wbj,core,,2026-09-03T07:00:06.934937+00:00,76,76,62,14,0,62,62,62,62,62,0,0,0,62,35,34,35,34,27,0,0,en,33,62,declared metadata; canonical identity and stream health not guaranteed
cmok1msls00w6qsv18m86nhbn,139397,alangan,Alangan,en,Alangan,alj,alj,core,,2026-09-03T07:00:06.934937+00:00,76,76,62,14,0,62,62,62,62,62,0,0,0,62,35,34,35,34,27,0,0,en,33,62,declared metadata; canonical identity and stream health not guaranteed
cmokkryw102dvqsccu5enu6p0,20526,albanian,Albanian,en|sq,Albanian,sq,als,core,,2026-09-03T07:00:06.934937+00:00,198,198,173,22,3,173,173,173,173,173,0,0,0,173,96,90,74,70,77,0,0,sq,0,0,declared metadata; canonical identity and stream health not guaranteed
cmokkrzdn02e0qscci4ksc2av,20528,albanian-kosovar,"Albanian, Kosovar",en|sq-aln,"Albanian, Kosovar",sq-aln,aln,core,,2026-09-03T07:00:06.934937+00:00,107,107,87,20,0,87,87,87,87,87,0,0,0,87,49,47,49,47,38,0,0,sq,0,0,declared metadata; canonical identity and stream health not guaranteed
cmokl2ekp04ytqsccsvd0zi7l,98459,ale-gawwada,"Ale, Gawwada",en,"Ale, Gawwada",gwd,gwd,core,,2026-09-03T07:00:06.934937+00:00,76,76,62,14,0,62,62,62,62,62,0,0,0,62,35,34,35,34,27,0,0,en,33,62,declared metadata; canonical identity and stream health not guaranteed
cmok1m0vi00pcqsv1lr30dlm6,134882,alis-i-ron,Alis I Ron,en,Alis I Ron,cla,cla,core,,2026-09-03T07:00:06.934937+00:00,76,76,62,14,0,62,62,62,62,62,0,0,0,62,35,34,35,34,27,0,0,en,33,62,declared metadata; canonical identity and stream health not guaranteed
cmokkt58502opqscc771rbjd3,21554,altai,Altai,alt|en,Altai,alt,alt,core,,2026-09-03T07:00:06.934937+00:00,80,80,65,15,0,65,65,65,65,65,0,0,0,65,35,34,35,34,30,0,0,en,33,65,declared metadata; canonical identity and stream health not guaranteed
cmok1qyd601vdqsv1h57e8a9v,14694,alur,Alur,alz|en,Alur,alz,alz,core,,2026-09-03T07:00:06.934937+00:00,76,76,62,14,0,62,62,62,62,62,0,0,0,62,35,34,35,34,27,0,0,en,33,62,declared metadata; canonical identity and stream health not guaranteed
4aba232f-029c-406d-8f92-48280be67a10,20118,ama,Ama,en,Ama,nyi,nyi,core,,2026-09-03T07:00:06.934937+00:00,75,75,62,13,0,62,62,62,62,62,0,0,0,62,35,34,35,34,27,0,0,en,33,62,declared metadata; canonical identity and stream health not guaranteed
cmokkpncb01tuqscc0zmtdhuq,184583,amam,Amam,en,Amam,bcu,wer,core,,2026-09-03T07:00:06.934937+00:00,79,79,63,16,0,63,63,63,63,63,0,0,0,63,35,34,35,34,28,0,0,en,33,63,declared metadata; canonical identity and stream health not guaranteed
cmok1k3mm0086qsv1prxjoivq,10685,amanab,Amanab,en,Amanab,amn,amn,core,,2026-09-03T07:00:06.934937+00:00,76,76,62,14,0,62,62,62,62,62,0,0,0,62,35,34,35,34,27,0,0,en,33,62,declared metadata; canonical identity and stream health not guaranteed
cmok1qpz101tbqsv12ygretkr,144776,ambae-east,"Ambae, East",en,"Ambae, East",omb,omb,core,,2026-09-03T07:00:06.934937+00:00,79,79,63,16,0,63,63,63,63,63,0,0,0,63,35,34,35,34,28,0,0,en,33,63,declared metadata; canonical identity and stream health not guaranteed
cmok1mtat00wcqsv1dq6p156n,139414,ambai,Ambai,en,Ambai,amk,amk,core,,2026-09-03T07:00:06.934937+00:00,76,76,62,14,0,62,62,62,62,62,0,0,0,62,35,34,35,34,27,0,0,en,33,62,declared metadata; canonical identity and stream health not guaranteed
cmok1onnc01bmqsv1wgzymdja,141931,ambrym-southeast,"Ambrym, Southeast",en,"Ambrym, Southeast",tvk,tvk,core,,2026-09-03T07:00:06.934937+00:00,79,79,63,16,0,63,63,63,63,63,0,0,0,63,35,34,35,34,28,0,0,en,33,63,declared metadata; canonical identity and stream health not guaranteed
cmokktv4d02v2qsccqn572zcx,23089,amdo-tibetan,"Amdo, Tibetan",adx|en,"Amdo, Tibetan",adx,adx,core,,2026-09-03T07:00:06.934937+00:00,79,79,64,15,0,64,64,64,64,64,0,0,0,64,35,34,35,34,29,0,0,en,33,64,declared metadata; canonical identity and stream health not guaranteed
cmokkqxs4024rqscctrwq4nbw,19171,american-sign-language,American Sign Language,en,American Sign Language,ase,ase,core,,2026-09-03T07:00:06.934937+00:00,9,9,2,7,0,2,2,2,2,2,0,0,0,2,2,2,2,2,0,0,0,en,2,2,declared metadata; canonical identity and stream health not guaranteed
cmokkx87z03oxqscclkqnwnsa,4791,amharic,Amharic,am|en,Amharic,am,amh,core,,2026-09-03T07:00:06.934937+00:00,209,209,178,27,4,178,178,178,178,178,0,0,0,178,108,101,86,81,70,0,0,am,0,0,declared metadata; canonical identity and stream health not guaranteed
cmokl1h7v04qmqsccwovpe5m5,8351,amuzgo-guerrero,"Amuzgo, Guerrero",amu|en,"Amuzgo, Guerrero",amu,amu,core,,2026-09-03T07:00:06.934937+00:00,76,76,62,14,0,62,62,62,62,62,0,0,0,62,35,34,35,34,27,0,0,en,33,62,declared metadata; canonical identity and stream health not guaranteed
cmokl1ggl04qgqsccv5p98zsj,8338,amuzgo-oaxaca,"Amuzgo, Oaxaca",azg|en,"Amuzgo, Oaxaca",azg,azg,core,,2026-09-03T07:00:06.934937+00:00,76,76,62,14,0,62,62,62,62,62,0,0,0,62,35,34,35,34,27,0,0,en,33,62,declared metadata; canonical identity and stream health not guaranteed
cmokl1u2204txqsccn3s7ho9b,9317,anaang,Anaang,en,Anaang,anw,anw,core,,2026-09-03T07:00:06.934937+00:00,76,76,62,14,0,62,62,62,62,62,0,0,0,62,35,34,35,34,27,0,0,en,33,62,declared metadata; canonical identity and stream health not guaranteed
cmok1nb0k010iqsv1s70v61h3,140196,andaandi,Andaandi,en,Andaandi,dgl,dgl,core,,2026-09-03T07:00:06.934937+00:00,76,76,62,14,0,62,62,62,62,62,0,0,0,62,35,34,35,34,27,0,0,en,33,62,declared metadata; canonical identity and stream health not guaranteed
cmok1n9x50109qsv1o8palejw,140162,andio,Andio,en,Andio,bzb,bzb,core,,2026-09-03T07:00:06.934937+00:00,76,76,62,14,0,62,62,62,62,62,0,0,0,62,35,34,35,34,27,0,0,en,33,62,declared metadata; canonical identity and stream health not guaranteed
cmok1mqtd00vrqsv1c25834s2,139319,angaataha,Angaataha,agm|en,Angaataha,agm,agm,core,,2026-09-03T07:00:06.934937+00:00,79,79,63,16,0,63,63,63,63,63,0,0,0,63,35,34,35,34,28,0,0,en,33,63,declared metadata; canonical identity and stream health not guaranteed
cmok1ms9v00w3qsv103g7cqdj,139376,angal-heneng,Angal Heneng,en,Angal Heneng,akh,akh,core,,2026-09-03T07:00:06.934937+00:00,79,79,63,16,0,63,63,63,63,63,0,0,0,63,35,34,35,34,28,0,0,en,33,63,declared metadata; canonical identity and stream health not guaranteed
cmokku32202x3qscc8kxsfeea,23330,angika,Angika,anp|en,Angika,anp,anp,core,,2026-09-03T07:00:06.934937+00:00,76,76,62,14,0,62,62,62,62,62,0,0,0,62,35,34,35,34,27,0,0,en,33,62,declared metadata; canonical identity and stream health not guaranteed
cmok1k4nt008fqsv1e743wlc3,10810,anjam,Anjam,en,Anjam,boj,boj,core,,2026-09-03T07:00:06.934937+00:00,76,76,62,14,0,62,62,62,62,62,0,0,0,62,35,34,35,34,27,0,0,en,33,62,declared metadata; canonical identity and stream health not guaranteed
cmok1mtmj00wfqsv1wi4xte7f,139429,ansus,Ansus,en,Ansus,and,and,core,,2026-09-03T07:00:06.934937+00:00,76,76,62,14,0,62,62,62,62,62,0,0,0,62,35,34,35,34,27,0,0,en,33,62,declared metadata; canonical identity and stream health not guaranteed
cmokktydy02vyqscct0vwshm7,23192,antandroy,Antandroy,en,Antandroy,mg-tdx,tdx,core,,2026-09-03T07:00:06.934937+00:00,79,79,64,15,0,64,64,64,64,64,0,0,0,64,35,34,35,34,29,0,0,mg,0,0,declared metadata; canonical identity and stream health not guaranteed
cmok1mj6q00twqsv1vlfupo4z,139153,antesaka,Antesaka,en,Antesaka,tkg,tkg,core,,2026-09-03T07:00:06.934937+00:00,12,12,2,10,0,2,2,2,2,2,0,0,0,2,0,0,0,0,2,0,0,en,0,2,declared metadata; canonical identity and stream health not guaranteed
cmokkx7w603ouqsccbdlecf9r,4790,anuak,Anuak,anu|en,Anuak,anu,anu,core,,2026-09-03T07:00:06.934937+00:00,76,76,62,14,0,62,62,62,62,62,0,0,0,62,35,34,35,34,27,0,0,en,33,62,declared metadata; canonical identity and stream health not guaranteed
cmok1m02f00p4qsv153c50t9p,1345,anufo,Anufo,en,Anufo,cko,cko,core,,2026-09-03T07:00:06.934937+00:00,82,82,67,14,1,67,67,67,67,67,0,0,0,67,39,38,39,38,28,0,0,en,37,67,declared metadata; canonical identity and stream health not guaranteed
cmokky49o03x2qscccis74pqw,5333,anyin,Anyin,en,Anyin,any,any,core,,2026-09-03T07:00:06.934937+00:00,76,76,62,14,0,62,62,62,62,62,0,0,0,62,35,34,35,34,27,0,0,en,33,62,declared metadata; canonical identity and stream health not guaranteed
cmok1t2r802dfqsv14dndtw6i,176313,ao,Ao,en,Ao,njo,njo,core,,2026-09-03T07:00:06.934937+00:00,76,76,62,14,0,62,62,62,62,62,0,0,0,62,35,34,35,34,27,0,0,en,33,62,declared metadata; canonical identity and stream health not guaranteed
cmok1oun201daqsv1pvguj52m,142264,aokha,Aokha,en,Aokha,ema,ema,core,,2026-09-03T07:00:06.934937+00:00,76,76,62,14,0,62,62,62,62,62,0,0,0,62,35,34,35,34,27,0,0,en,33,62,declared metadata; canonical identity and stream health not guaranteed
cmok1mu0300wiqsv17nupq2fl,139476,apalai,Apalai,apy|en,Apalai,apy,apy,core,,2026-09-03T07:00:06.934937+00:00,76,76,62,14,0,62,62,62,62,62,0,0,0,62,35,34,35,34,27,0,0,en,33,62,declared metadata; canonical identity and stream health not guaranteed
cmokkqw4x024bqscc1tei7c2l,1890,apinaye,Apinaye,apn|en,Apinaye,apn,apn,core,,2026-09-03T07:00:06.934937+00:00,76,76,62,14,0,62,62,62,62,62,0,0,0,62,35,34,35,34,27,0,0,en,33,62,declared metadata; canonical identity and stream health not guaranteed
cmokkqvrc0248qsccdnfebg1b,1889,apurina,Apurina,apu|en,Apurina,apu,apu,core,,2026-09-03T07:00:06.934937+00:00,76,76,62,14,0,62,62,62,62,62,0,0,0,62,35,34,35,34,27,0,0,en,33,62,declared metadata; canonical identity and stream health not guaranteed
cmokkxtc403u9qscc64xdi5ti,525,arabic-algerian-spoken,"Arabic, Algerian Spoken",ar-arq|en,"Arabic, Algerian Spoken",ar-arq,arq,core,,2026-09-03T07:00:06.934937+00:00,175,175,154,19,2,154,154,154,154,154,0,0,0,154,93,87,71,67,61,0,0,ar,63,152,declared metadata; canonical identity and stream health not guaranteed
cmokkpj3x01suqscc8883q91g,184531,arabic-bedouin,"Arabic, Bedouin",avl|en,"Arabic, Bedouin",avl,avl,core,,2026-09-03T07:00:06.934937+00:00,76,76,62,14,0,62,62,62,62,62,0,0,0,62,35,34,35,34,27,0,0,en,33,62,declared metadata; canonical identity and stream health not guaranteed
cmokkrzs102e3qsccd5b0aos5,20531,arabic-chadian-spoken,"Arabic, Chadian Spoken",en,"Arabic, Chadian Spoken",ar-shu,shu,core,,2026-09-03T07:00:06.934937+00:00,105,105,86,19,0,86,86,86,86,86,0,0,0,86,48,46,48,46,38,0,0,ar,42,84,declared metadata; canonical identity and stream health not guaranteed
cmokks03w02e6qsccfw8fypok,20533,arabic-egyptian-colloquial,"Arabic, Egyptian Colloquial",ar-arz|en,"Arabic, Egyptian Colloquial",ar-arz,arz,core,,2026-09-03T07:00:06.934937+00:00,270,270,239,22,9,239,239,239,239,239,0,0,0,239,108,102,86,82,131,0,0,ar,78,236,declared metadata; canonical identity and stream health not guaranteed
cmok1mmgx00upqsv1v5z46s5a,139181,arabic-gulf,Arabic Gulf,ar-afb|en,Arabic Gulf,ar-afb,afb,core,,2026-09-03T07:00:06.934937+00:00,133,133,117,15,1,117,117,117,117,117,0,0,0,117,68,64,58,55,49,0,0,ar,54,117,declared metadata; canonical identity and stream health not guaranteed
cmokl0uo204l6qsccjdn3e5o6,7839,arabic-hassaniya,"Arabic, Hassaniya",en,"Arabic, Hassaniya",ar-mey,mey,core,,2026-09-03T07:00:06.934937+00:00,105,105,86,19,0,86,86,86,86,86,0,0,0,86,48,46,48,46,38,0,0,mey-Latn,0,0,declared metadata; canonical identity and stream health not guaranteed
cmokkppnx01ucqscc3hv65r2u,184592,arabic-hijazi,"Arabic, Hijazi",acw|en,"Arabic, Hijazi",acw,acw,core,,2026-09-03T07:00:06.934937+00:00,77,77,63,14,0,63,63,63,63,63,0,0,0,63,36,35,36,35,27,0,0,en,34,63,declared metadata; canonical identity and stream health not guaranteed
cmokksywb02n3qsccguipuc3j,21061,arabic-iraqi-baghdadi,"Arabic, Iraqi Baghdadi",ar-acm|en,"Arabic, Iraqi Baghdadi",ar-acm,acm,core,,2026-09-03T07:00:06.934937+00:00,105,105,86,19,0,86,86,86,86,86,0,0,0,86,48,46,48,46,38,0,0,ar,42,84,declared metadata; canonical identity and stream health not guaranteed
cmokkw2ju03efqscchsvseyps,38242,arabic-juba,"Arabic, Juba",en,"Arabic, Juba",pga,pga,core,,2026-09-03T07:00:06.934937+00:00,76,76,62,14,0,62,62,62,62,62,0,0,0,62,35,34,35,34,27,0,0,en,33,62,declared metadata; canonical identity and stream health not guaranteed
cmokkqr680233qscc757aku7m,185355,arabic-khuzestani,"Arabic, Khuzestani",acm|en,"Arabic, Khuzestani",acm,acm,core,,2026-09-03T07:00:06.934937+00:00,75,75,62,13,0,62,62,62,62,62,0,0,0,62,35,34,35,34,27,0,0,en,33,62,declared metadata; canonical identity and stream health not guaranteed
cmokkq2sf01xeqsccmxwg9960,184848,arabic-libyan,"Arabic, Libyan",ar-ayl|en,"Arabic, Libyan",ar-ayl,ayl,core,,2026-09-03T07:00:06.934937+00:00,79,79,64,15,0,64,64,64,64,64,0,0,0,64,35,34,35,34,29,0,0,ar,33,64,declared metadata; canonical identity and stream health not guaranteed
cmokktkg502sgqscc9x4o2w9g,22658,arabic-modern-standard,"Arabic, Modern Standard",ar|en,"Arabic, Modern Standard",ar,arb,core,,2026-09-03T07:00:06.934937+00:00,674,674,620,37,17,621,621,620,620,620,0,1,0,620,192,181,167,158,428,0,0,ar,154,602,declared metadata; canonical identity and stream health not guaranteed
cmokkygoq0404qscck9549q1b,53441,arabic-modern-standard-egyptian,"Arabic, Modern Standard (Egyptian)",ar-arb-EG|en,"Arabic, Modern Standard (Egyptian)",ar-arb-EG,arb,core,,2026-09-03T07:00:06.934937+00:00,155,155,134,19,2,134,134,134,134,134,0,0,0,134,83,78,61,58,51,0,0,ar,57,134,declared metadata; canonical identity and stream health not guaranteed
cmokkpa7e01qlqsccei6gqdey,184495,arabic-modern-standard-sharif,"Arabic, Modern Standard (Sharif)",ar-arb|en,"Arabic, Modern Standard (Sharif)",ar-arb,arb,core,,2026-09-03T07:00:06.934937+00:00,79,79,64,15,0,64,64,64,64,64,0,0,0,64,35,34,35,34,29,0,0,ar,33,64,declared metadata; canonical identity and stream health not guaranteed
cmokl1hww04qsqscc7xidemzc,8418,arabic-moroccan-spoken,"Arabic, Moroccan Spoken",ar-ary|en,"Arabic, Moroccan Spoken",ar-ary,ary,core,,2026-09-03T07:00:06.934937+00:00,220,220,197,20,3,197,197,197,197,197,0,0,0,197,95,89,73,69,102,0,0,ar,65,195,declared metadata; canonical identity and stream health not guaranteed
cmokkpp9c01u9qsccrgvifmu0,184591,arabic-najdi,"Arabic, Najdi",ars|en,"Arabic, Najdi",ars,ars,core,,2026-09-03T07:00:06.934937+00:00,14,14,9,4,1,9,9,9,9,9,0,0,0,9,6,5,6,5,3,0,0,en,5,9,declared metadata; canonical identity and stream health not guaranteed
cmokks0lj02ebqscc5qifqz08,20538,arabic-north-african,"Arabic, North African",ar-aao|en,"Arabic, North African",ar-aao,aao,core,,2026-09-03T07:00:06.934937+00:00,8,8,1,7,0,1,1,1,1,1,0,0,0,1,1,1,1,1,0,0,0,ar,1,1,declared metadata; canonical identity and stream health not guaranteed
cmokky6b103xjqsccc71swncc,53347,arabic-palestinian,"Arabic, Palestinian",ar-ajp|en,"Arabic, Palestinian",ar-ajp,apc,core,,2026-09-03T07:00:06.934937+00:00,175,175,154,19,2,154,154,154,154,154,0,0,0,154,93,87,71,67,61,0,0,ar,63,152,declared metadata; canonical identity and stream health not guaranteed
cmokkwvch03lrqscc0s9ekq8q,4532,arabic-saidi-spoken,"Arabic, Saidi Spoken",ar-aec|en,"Arabic, Saidi Spoken",ar-aec,aec,core,,2026-09-03T07:00:06.934937+00:00,151,151,132,17,2,132,132,132,132,132,0,0,0,132,80,75,58,55,52,0,0,ar,54,132,declared metadata; canonical identity and stream health not guaranteed
cmok1r8ow01xxqsv12ekteou0,15161,arabic-sanaani,"Arabic, Sanaani",ayn|en,"Arabic, Sanaani",ayn,ayn,core,,2026-09-03T07:00:06.934937+00:00,76,76,63,13,0,63,63,63,63,63,0,0,0,63,36,35,36,35,27,0,0,en,34,63,declared metadata; canonical identity and stream health not guaranteed
cmok1m26400pnqsv17m9jzlj7,13562,arabic-sudanese-spoken,"Arabic, Sudanese Spoken",ar-apd|en,"Arabic, Sudanese Spoken",ar-apd,apd,core,,2026-09-03T07:00:06.934937+00:00,178,178,155,21,2,155,155,155,155,155,0,0,0,155,94,88,72,68,61,0,0,ar,64,153,declared metadata; canonical identity and stream health not guaranteed
cmokkpqvg01ulqsccmiw74bhw,184627,arabic-taizzi-yemeni,"Arabic, Ta'Izzi Yemeni",ar-acq|en,"Arabic, Ta'Izzi Yemeni",ar-acq,acq,core,,2026-09-03T07:00:06.934937+00:00,132,132,116,15,1,116,116,116,116,116,0,0,0,116,67,63,57,54,49,0,0,ar,53,116,declared metadata; canonical identity and stream health not guaranteed
cmokks10102eeqscc9yys6sfu,20547,arabic-tunisian,"Arabic, Tunisian",ar-aeb|en,"Arabic, Tunisian",ar-aeb,aeb,core,,2026-09-03T07:00:06.934937+00:00,284,284,261,20,3,261,261,261,261,261,0,0,0,261,80,75,70,66,181,0,0,ar,62,259,declared metadata; canonical identity and stream health not guaranteed
cmok1qtfm01u6qsv1mzls17s4,145459,aralle,Aralle,atq|en,Aralle,atq,atq,core,,2026-09-03T07:00:06.934937+00:00,76,76,62,14,0,62,62,62,62,62,0,0,0,62,35,34,35,34,27,0,0,en,33,62,declared metadata; canonical identity and stream health not guaranteed
cmok1ke1100asqsv1vu1rf5hd,11251,aramba,Aramba,en,Aramba,stk,stk,core,,2026-09-03T07:00:06.934937+00:00,76,76,62,14,0,62,62,62,62,62,0,0,0,62,35,34,35,34,27,0,0,en,33,62,declared metadata; canonical identity and stream health not guaranteed
cmok1muek00wlqsv1k9v2jdbz,139498,arbore,Arbore,arv|en,Arbore,arv,arv,core,,2026-09-03T07:00:06.934937+00:00,76,76,62,14,0,62,62,62,62,62,0,0,0,62,35,34,35,34,27,0,0,en,33,62,declared metadata; canonical identity and stream health not guaranteed
cmok1qcrh01q2qsv160dybtj5,144351,are,Are,en,Are,mwc,mwc,core,,2026-09-03T07:00:06.934937+00:00,79,79,63,16,0,63,63,63,63,63,0,0,0,63,35,34,35,34,28,0,0,en,33,63,declared metadata; canonical identity and stream health not guaranteed
cmok1mv4000wrqsv1ipz6ggeu,139524,arhe,Arhe,en,Arhe,atg,atg,core,,2026-09-03T07:00:06.934937+00:00,76,76,62,14,0,62,62,62,62,62,0,0,0,62,35,34,35,34,27,0,0,en,33,62,declared metadata; canonical identity and stream health not guaranteed
cmok1k2x50080qsv12ncsiol3,10616,arifama-miniafia,Arifama-Miniafia,en,Arifama-Miniafia,aai,aai,core,,2026-09-03T07:00:06.934937+00:00,76,76,62,14,0,62,62,62,62,62,0,0,0,62,35,34,35,34,27,0,0,en,33,62,declared metadata; canonical identity and stream health not guaranteed
cmokl2n6a050wqsccewqj3921,99508,aringa,Aringa,en,Aringa,luc,luc,core,,2026-09-03T07:00:06.934937+00:00,76,76,62,14,0,62,62,62,62,62,0,0,0,62,35,34,35,34,27,0,0,en,33,62,declared metadata; canonical identity and stream health not guaranteed
cmokkzxog04ctqscc93ltd1dh,646,armenian,Armenian,en|hy,Armenian,hy,hye,core,,2026-09-03T07:00:06.934937+00:00,183,183,158,23,2,158,158,158,158,158,0,0,0,158,95,89,73,69,63,0,0,hy,0,0,declared metadata; canonical identity and stream health not guaranteed
cmokks1fo02ehqsccrj1ci80x,20550,armenian-western,"Armenian, Western",en|hy-arevmda,"Armenian, Western",hy-arevmda,hyw,core,,2026-09-03T07:00:06.934937+00:00,151,151,131,18,2,131,131,131,131,131,0,0,0,131,81,76,59,56,50,0,0,hy,0,0,declared metadata; canonical identity and stream health not guaranteed
cmok1mrvh00w0qsv1tce57df3,139342,arosi,Arosi,en,Arosi,aia,aia,core,,2026-09-03T07:00:06.934937+00:00,76,76,62,14,0,62,62,62,62,62,0,0,0,62,35,34,35,34,27,0,0,en,33,62,declared metadata; canonical identity and stream health not guaranteed
cmok1t0i402cvqsv1dfdsq6pz,176089,arumanian,Arumanian,en|rup,Arumanian,rup,rup,core,,2026-09-03T07:00:06.934937+00:00,135,135,118,16,1,118,118,118,118,118,0,0,0,118,67,63,57,54,51,0,0,en,53,118,declared metadata; canonical identity and stream health not guaranteed
cmokkqh21020qqscc2btjol59,185199,asante-twi,Asante Twi,aka|en,Asante Twi,aka,aka,core,,2026-09-03T07:00:06.934937+00:00,157,157,137,17,3,137,137,137,137,137,0,0,0,137,84,79,62,59,53,0,0,en,58,137,declared metadata; canonical identity and stream health not guaranteed
cmok1n8gq00zxqsv1g42m0qdw,140060,ashaninka,Ashaninka,en,Ashaninka,cni,cni,core,,2026-09-03T07:00:06.934937+00:00,132,132,116,15,1,115,115,115,115,115,0,0,0,115,67,63,57,54,48,0,0,en,53,115,declared metadata; canonical identity and stream health not guaranteed
cmokkuhvq030bqsccgdrh65iw,23941,asheninca-pichis,Asheninca Pichis,en,Asheninca Pichis,cpu,cpu,core,,2026-09-03T07:00:06.934937+00:00,79,79,63,16,0,63,63,63,63,63,0,0,0,63,35,34,35,34,28,0,0,en,33,63,declared metadata; canonical identity and stream health not guaranteed
cmok1kjih00c5qsv1ziywvnpc,1171,assamese,Assamese,as|en,Assamese,as,asm,core,,2026-09-03T07:00:06.934937+00:00,158,158,138,17,3,138,138,138,138,138,0,0,0,138,82,77,60,57,56,0,0,as,0,0,declared metadata; canonical identity and stream health not guaranteed
cmokkqizu0217qsccgt74h6dr,185219,assamese-muslim,Assamese Muslim,asm|en,Assamese Muslim,asm,asm,core,,2026-09-03T07:00:06.934937+00:00,76,76,62,14,0,62,62,62,62,62,0,0,0,62,35,34,35,34,27,0,0,en,33,62,declared metadata; canonical identity and stream health not guaranteed
cmokks1wl02emqsccbyzfr8qb,20551,assyrian,Assyrian,aii|en,Assyrian,aii,aii,core,,2026-09-03T07:00:06.934937+00:00,132,132,116,15,1,116,116,116,116,116,0,0,0,116,67,63,57,54,49,0,0,en,53,116,declared metadata; canonical identity and stream health not guaranteed
cmokkst3902lmqsccgi3d6hl6,20963,ateso,Ateso,en,Ateso,teo,teo,core,,2026-09-03T07:00:06.934937+00:00,82,82,67,14,1,67,67,67,67,67,0,0,0,67,39,38,39,38,28,0,0,en,37,67,declared metadata; canonical identity and stream health not guaranteed
cmokl245p04wcqsccy5gzru61,97073,athpariya,Athpariya,aph|en,Athpariya,aph,aph,core,,2026-09-03T07:00:06.934937+00:00,76,76,62,14,0,62,62,62,62,62,0,0,0,62,35,34,35,34,27,0,0,en,33,62,declared metadata; canonical identity and stream health not guaranteed
cmokksk6u02jbqsccy8keblkg,20830,atitlan-mixe,Atitlan Mixe,en,Atitlan Mixe,neq,neq,core,,2026-09-03T07:00:06.934937+00:00,76,76,62,14,0,62,62,62,62,62,0,0,0,62,35,34,35,34,27,0,0,en,33,62,declared metadata; canonical identity and stream health not guaranteed
cmok1ofl3019pqsv1oxq1mkql,141644,auhelawa,'Auhelawa,en,'Auhelawa,kud,kud,core,,2026-09-03T07:00:06.934937+00:00,79,79,63,16,0,63,63,63,63,63,0,0,0,63,35,34,35,34,28,0,0,en,33,63,declared metadata; canonical identity and stream health not guaranteed
cmokkqtw2023tqscchbnjfmdp,18698,aukaans,Aukaans,en,Aukaans,djk,djk,core,,2026-09-03T07:00:06.934937+00:00,76,76,62,14,0,62,62,62,62,62,0,0,0,62,35,34,35,34,27,0,0,en,33,62,declared metadata; canonical identity and stream health not guaranteed
cmok1rufm022zqsv1y4c5f21v,15882,avar,Avar,av|en,Avar,av,ava,core,,2026-09-03T07:00:06.934937+00:00,78,78,63,15,0,63,63,63,63,63,0,0,0,63,35,34,35,34,28,0,0,av,0,0,declared metadata; canonical identity and stream health not guaranteed
cmok1s3vo0257qsv1o96hptfd,16111,avikam,Avikam,en,Avikam,avi,avi,core,,2026-09-03T07:00:06.934937+00:00,76,76,62,14,0,62,62,62,62,62,0,0,0,62,35,34,35,34,27,0,0,en,33,62,declared metadata; canonical identity and stream health not guaranteed
cmok1m2hy00pqqsv14mrlnkpn,13567,avokaya,Avokaya,en,Avokaya,avu,avu,core,,2026-09-03T07:00:06.934937+00:00,76,76,62,14,0,62,62,62,62,62,0,0,0,62,35,34,35,34,27,0,0,en,33,62,declared metadata; canonical identity and stream health not guaranteed
cmok1jbim001fqsv1zzplrwc0,100703,awa,Awa,en,Awa,vwa,vwa,core,,2026-09-03T07:00:06.934937+00:00,79,79,63,16,0,63,63,63,63,63,0,0,0,63,35,34,35,34,28,0,0,en,33,63,declared metadata; canonical identity and stream health not guaranteed
cmok1mwu800x6qsv15hpt3972,139568,awa-8,Awa (Papua New Guinea),en,Awa (Papua New Guinea),awb,awb,core,,2026-09-03T07:00:06.934937+00:00,75,75,62,13,0,62,62,62,62,62,0,0,0,62,35,34,35,34,27,0,0,en,33,62,declared metadata; canonical identity and stream health not guaranteed
cmok1o7re018aqsv1tmuh7rna,141518,awa-cuaiquer,Awa-Cuaiquer,en,Awa-Cuaiquer,kwi,kwi,core,,2026-09-03T07:00:06.934937+00:00,76,76,62,14,0,62,62,62,62,62,0,0,0,62,35,34,35,34,27,0,0,en,33,62,declared metadata; canonical identity and stream health not guaranteed
cmok1myw800xoqsv1ci5w4tr6,139661,awad-bing,Awad Bing,en,Awad Bing,bcu,bcu,core,,2026-09-03T07:00:06.934937+00:00,79,79,63,16,0,63,63,63,63,63,0,0,0,63,35,34,35,34,28,0,0,en,33,63,declared metadata; canonical identity and stream health not guaranteed
cmokkyvv9043yqscc45163jj0,5603,awadhi,Awadhi,awa|en,Awadhi,awa,awa,core,,2026-09-03T07:00:06.934937+00:00,154,154,135,16,3,135,135,135,135,135,0,0,0,135,80,75,58,55,55,0,0,en,54,135,declared metadata; canonical identity and stream health not guaranteed
cmokkq7o401ylqsccx3vmnvcr,184922,awadhi-nepal,"Awadhi, Nepal",awa|en,"Awadhi, Nepal",awa,awa,core,,2026-09-03T07:00:06.934937+00:00,76,76,62,14,0,62,62,62,62,62,0,0,0,62,35,34,35,34,27,0,0,en,33,62,declared metadata; canonical identity and stream health not guaranteed
cmok1mri800vxqsv1h0qjia33,139322,awajun,Awajun,agr|en,Awajun,agr,agr,core,,2026-09-03T07:00:06.934937+00:00,76,76,62,14,0,62,62,62,62,62,0,0,0,62,35,34,35,34,27,0,0,en,33,62,declared metadata; canonical identity and stream health not guaranteed
cmok1jqx70053qsv13su57gs0,10231,awak,Awak,awo|en,Awak,awo,awo,core,,2026-09-03T07:00:06.934937+00:00,76,76,62,14,0,62,62,62,62,62,0,0,0,62,35,34,35,34,27,0,0,en,33,62,declared metadata; canonical identity and stream health not guaranteed
cmokky8av03y2qscc0motbebb,53389,awgni,Awgni,awn|en,Awgni,awn,awn,core,,2026-09-03T07:00:06.934937+00:00,76,76,62,14,0,62,62,62,62,62,0,0,0,62,35,34,35,34,27,0,0,en,33,62,declared metadata; canonical identity and stream health not guaranteed
cmok1mxuz00xfqsv1r29dnltd,139611,awing,Awing,azo|en,Awing,azo,azo,core,,2026-09-03T07:00:06.934937+00:00,79,79,64,15,0,64,64,64,64,64,0,0,0,64,35,34,35,34,29,0,0,en,33,64,declared metadata; canonical identity and stream health not guaranteed
cmokkr2sj025yqscchf1nghb9,19468,awutu,Awutu,en,Awutu,afu,afu,core,,2026-09-03T07:00:06.934937+00:00,82,82,67,14,1,67,67,67,67,67,0,0,0,67,39,38,39,38,28,0,0,en,37,67,declared metadata; canonical identity and stream health not guaranteed
cmok1rqpy0223qsv14g7dwu5g,157289,ayizo-2,Ayizo,ayb|en,Ayizo,ayb,ayb,core,,2026-09-03T07:00:06.934937+00:00,67,67,55,12,0,55,55,55,55,55,0,0,0,55,32,31,32,31,23,0,0,en,30,55,declared metadata; canonical identity and stream health not guaranteed
2ac95374-267c-4296-a082-df3f8c6f5648,145621,ayizo-tori,Ayizo,ayb|en,Ayizo,ayb,ayb,core,,2026-09-03T07:00:06.934937+00:00,14,14,1,13,0,1,1,1,1,1,0,0,0,1,1,1,1,1,0,0,0,en,1,1,declared metadata; canonical identity and stream health not guaranteed
cmokkzhn1049eqsccq4s0bzy5,616,aymara-central,"Aymara, Central",ayr|en,"Aymara, Central",ayr,ayr,core,,2026-09-03T07:00:06.934937+00:00,175,175,154,19,2,154,154,154,154,154,0,0,0,154,93,87,71,67,61,0,0,en,63,152,declared metadata; canonical identity and stream health not guaranteed
cmok1mxjc00xcqsv1pqkpabom,139601,ayoreo,Ayoreo,ayo|en,Ayoreo,ayo,ayo,core,,2026-09-03T07:00:06.934937+00:00,79,79,63,16,0,63,63,63,63,63,0,0,0,63,35,34,35,34,28,0,0,en,33,63,declared metadata; canonical identity and stream health not guaranteed
cmokl22fn04vxqscce4qxotx8,96911,ayta-abellen,"Ayta, Abellen",abp|en,"Ayta, Abellen",abp,abp,core,,2026-09-03T07:00:06.934937+00:00,76,76,62,14,0,62,62,62,62,62,0,0,0,62,35,34,35,34,27,0,0,en,33,62,declared metadata; canonical identity and stream health not guaranteed
cmok1mp9700vdqsv1f7l9ky5y,139244,ayta-ambala,"Ayta, Ambala",abc|en,"Ayta, Ambala",abc,abc,core,,2026-09-03T07:00:06.934937+00:00,80,80,64,16,0,64,64,64,64,64,0,0,0,64,35,34,35,34,29,0,0,en,33,64,declared metadata; canonical identity and stream health not guaranteed
cmok1l6b600hqqsv1czutqo2s,12596,ayta-mag-antsi,"Ayta, Mag-Antsi",en,"Ayta, Mag-Antsi",sgb,sgb,core,,2026-09-03T07:00:06.934937+00:00,76,76,62,14,0,62,62,62,62,62,0,0,0,62,35,34,35,34,27,0,0,en,33,62,declared metadata; canonical identity and stream health not guaranteed
cmok1n1px00ycqsv1z55bqlrn,139772,ayta-mag-indi,"Ayta, Mag-Indi",blx|en,"Ayta, Mag-Indi",blx,blx,core,,2026-09-03T07:00:06.934937+00:00,76,76,62,14,0,62,62,62,62,62,0,0,0,62,35,34,35,34,27,0,0,en,33,62,declared metadata; canonical identity and stream health not guaranteed
cmokkvuy403chqscch3c5dpuv,355,azerbaijani-iran,"Azerbaijani, Iran",azb|en,"Azerbaijani, Iran",azb,azb,core,,2026-09-03T07:00:06.934937+00:00,110,110,89,21,0,89,89,89,89,89,0,0,0,89,49,47,49,47,40,0,0,en,43,87,declared metadata; canonical identity and stream health not guaranteed
cmokl06sk04f8qscc14nhhxwf,689,azerbaijani-north,"Azerbaijani, North",azj|en,"Azerbaijani, North",azj,azj,core,,2026-09-03T07:00:06.934937+00:00,191,191,166,23,2,166,166,166,166,166,0,0,0,166,102,96,80,76,64,0,0,en,72,164,declared metadata; canonical identity and stream health not guaranteed
cmokl25w004wrqscc25ywy5n6,97274,azha,Azha,aza|en,Azha,aza,aza,core,,2026-09-03T07:00:06.934937+00:00,76,76,62,14,0,62,62,62,62,62,0,0,0,62,35,34,35,34,27,0,0,en,33,62,declared metadata; canonical identity and stream health not guaranteed
cmokkskuc02jhqsccgbvlvfb6,20843,aztec-nahuatl-guerrero,Aztec Nahuatl Guerrero,en,Aztec Nahuatl Guerrero,ngu,ngu,core,,2026-09-03T07:00:06.934937+00:00,76,76,62,14,0,62,62,62,62,62,0,0,0,62,35,34,35,34,27,0,0,en,33,62,declared metadata; canonical identity and stream health not guaranteed
cmok1my6r00xiqsv19xjixg22,139635,babanki,Babanki,bbk|en,Babanki,bbk,bbk,core,,2026-09-03T07:00:06.934937+00:00,79,79,64,15,0,64,64,64,64,64,0,0,0,64,35,34,35,34,29,0,0,en,33,64,declared metadata; canonical identity and stream health not guaranteed
cmokky4ob03x5qscchpv3k9kr,53330,bacama-bwatiye,Bacama-Bwatiye,bcy|en,Bacama-Bwatiye,bcy,bcy,core,,2026-09-03T07:00:06.934937+00:00,76,76,62,14,0,62,62,62,62,62,0,0,0,62,35,34,35,34,27,0,0,en,33,62,declared metadata; canonical identity and stream health not guaranteed
cmokkr64r026uqsccwxm4ksxv,19547,bada,Bada,en,Bada,bhz,bhz,core,,2026-09-03T07:00:06.934937+00:00,76,76,62,14,0,62,62,62,62,62,0,0,0,62,35,34,35,34,27,0,0,en,33,62,declared metadata; canonical identity and stream health not guaranteed
cmokkywwm0447qscceos0yy91,5613,badaga,Badaga,bfq|en,Badaga,bfq,bfq,core,,2026-09-03T07:00:06.934937+00:00,132,132,116,15,1,115,115,115,115,115,0,0,0,115,67,63,57,54,48,0,0,en,53,115,declared metadata; canonical identity and stream health not guaranteed
cmok1jpu6004uqsv14buj07nm,10221,bade,Bade,en,Bade,bde,bde,core,,2026-09-03T07:00:06.934937+00:00,76,76,62,14,0,62,62,62,62,62,0,0,0,62,35,34,35,34,27,0,0,en,33,62,declared metadata; canonical identity and stream health not guaranteed
cmokkpc0k01r3qscc4ieh34xh,184499,bado-parja,Bado Parja,bdv|en,Bado Parja,bdv,bdv,core,,2026-09-03T07:00:06.934937+00:00,76,76,62,14,0,62,62,62,62,62,0,0,0,62,35,34,35,34,27,0,0,en,33,62,declared metadata; canonical identity and stream health not guaranteed
cmok1n6or00ziqsv1vnmevux8,139997,baeggu,Baeggu,en,Baeggu,bvd,bvd,core,,2026-09-03T07:00:06.934937+00:00,79,79,63,16,0,63,63,63,63,63,0,0,0,63,35,34,35,34,28,0,0,en,33,63,declared metadata; canonical identity and stream health not guaranteed
cmok1n6d200zfqsv1l8c0cvzh,139996,baelelea,Baelelea,en,Baelelea,bvc,bvc,core,,2026-09-03T07:00:06.934937+00:00,79,79,63,16,0,63,63,63,63,63,0,0,0,63,35,34,35,34,28,0,0,en,33,63,declared metadata; canonical identity and stream health not guaranteed
cmokkvk4y039rqsccteh1kd4g,2819,bafut,Bafut,bfd|en,Bafut,bfd,bfd,core,,2026-09-03T07:00:06.934937+00:00,76,76,62,14,0,62,62,62,62,62,0,0,0,62,35,34,35,34,27,0,0,en,33,62,declared metadata; canonical identity and stream health not guaranteed
cmokl03he04ecqscclivxklt4,6648,bagheli,Bagheli,bfy|en,Bagheli,bfy,bfy,core,,2026-09-03T07:00:06.934937+00:00,79,79,64,15,0,64,64,64,64,64,0,0,0,64,35,34,35,34,29,0,0,en,33,64,declared metadata; canonical identity and stream health not guaranteed
cmokkz1ci045bqsccwbc0uiaa,5699,bagri,Bagri,bgq|en,Bagri,bgq,bgq,core,,2026-09-03T07:00:06.934937+00:00,138,138,121,15,2,121,121,121,121,121,0,0,0,121,67,63,57,54,54,0,0,en,53,121,declared metadata; canonical identity and stream health not guaranteed
cmok1sl8u029bqsv10zouh3p0,170534,bahasa-melayu-2,Bahasa Melayu,en,Bahasa Melayu,zlm,zlm,core,,2026-09-03T07:00:06.934937+00:00,13,13,4,9,0,4,4,4,4,4,0,0,0,4,1,1,1,1,3,0,0,en,1,2,declared metadata; canonical identity and stream health not guaranteed
cmokkr1lz025nqsccqxzevhbs,19391,bahnar,Bahnar,bdq|en,Bahnar,bdq,bdq,core,,2026-09-03T07:00:06.934937+00:00,76,76,62,14,0,62,62,62,62,62,0,0,0,62,35,34,35,34,27,0,0,en,33,62,declared metadata; canonical identity and stream health not guaranteed
cmokkw7ry03frqscc6pu1ad6o,3948,bai,Bai,bca|en,Bai,bca,bca,core,,2026-09-03T07:00:06.934937+00:00,79,79,64,15,0,64,64,64,64,64,0,0,0,64,35,34,35,34,29,0,0,en,33,64,declared metadata; canonical identity and stream health not guaranteed
cmokkp78i01pvqsccgp8zldkp,184480,bai-lama,Bai Lama,en,Bai Lama,lay,lay,core,,2026-09-03T07:00:06.934937+00:00,79,79,63,16,0,63,63,63,63,63,0,0,0,63,35,34,35,34,28,0,0,en,33,63,declared metadata; canonical identity and stream health not guaranteed
cmokkv5yv0368qsccn5xgny3n,25916,bai-southern,"Bai, Southern",bfs|en,"Bai, Southern",bfs,bfs,core,,2026-09-03T07:00:06.934937+00:00,85,85,70,14,1,70,70,70,70,70,0,0,0,70,40,38,40,38,30,0,0,en,37,70,declared metadata; canonical identity and stream health not guaranteed
cmok1n5mo00z9qsv1pyrqxxre,139961,baiso,Baiso,bsw|en,Baiso,bsw,bsw,core,,2026-09-03T07:00:06.934937+00:00,76,76,62,14,0,62,62,62,62,62,0,0,0,62,35,34,35,34,27,0,0,en,33,62,declared metadata; canonical identity and stream health not guaranteed
cmok1kbxj00aaqsv1ksfrt0ch,111587,baitadeli,Baitadeli,en,Baitadeli,npi,npi,core,,2026-09-03T07:00:06.934937+00:00,76,76,62,14,0,62,62,62,62,62,0,0,0,62,35,34,35,34,27,0,0,ne,0,0,declared metadata; canonical identity and stream health not guaranteed
cmok1t42i02dqqsv1ogjuvc9q,17655,bajau-indonesian,"Bajau, Indonesian",bdl|en,"Bajau, Indonesian",bdl,bdl,core,,2026-09-03T07:00:06.934937+00:00,76,76,62,14,0,62,62,62,62,62,0,0,0,62,35,34,35,34,27,0,0,en,33,62,declared metadata; canonical identity and stream health not guaranteed
cmok1kcmm00agqsv1f9dspsyi,111589,bajhangi,Bajhangi,en,Bajhangi,npi,npi,core,,2026-09-03T07:00:06.934937+00:00,76,76,62,14,0,62,62,62,62,62,0,0,0,62,35,34,35,34,27,0,0,ne,0,0,declared metadata; canonical identity and stream health not guaranteed
cmokkq6ki01ycqscc1imbnwt4,184907,bajureli,Bajureli,en,Bajureli,npi,npi,core,,2026-09-03T07:00:06.934937+00:00,76,76,62,14,0,62,62,62,62,62,0,0,0,62,35,34,35,34,27,0,0,ne,0,0,declared metadata; canonical identity and stream health not guaranteed
cmokl256u04wlqscc6xiuaofs,97237,baka,Baka,bdh|en,Baka,bdh,bdh,core,,2026-09-03T07:00:06.934937+00:00,76,76,62,14,0,62,62,62,62,62,0,0,0,62,35,34,35,34,27,0,0,en,33,62,declared metadata; canonical identity and stream health not guaranteed
cmokkqvfl0245qscccxr4noh2,1884,bakairi,Bakairi,bkq|en,Bakairi,bkq,bkq,core,,2026-09-03T07:00:06.934937+00:00,76,76,62,14,0,62,62,62,62,62,0,0,0,62,35,34,35,34,27,0,0,en,33,62,declared metadata; canonical identity and stream health not guaranteed
cmokl05zk04f0qscc2ae59gxq,6800,bakhtiari,Bakhtiari,bqi|en,Bakhtiari,bqi,bqi,core,,2026-09-03T07:00:06.934937+00:00,76,76,62,14,0,62,62,62,62,62,0,0,0,62,35,34,35,34,27,0,0,en,33,62,declared metadata; canonical identity and stream health not guaranteed
cmokkr6u60270qsccecsxmduw,19560,bakumpai,Bakumpai,bkr|en,Bakumpai,bkr,bkr,core,,2026-09-03T07:00:06.934937+00:00,76,76,62,14,0,62,62,62,62,62,0,0,0,62,35,34,35,34,27,0,0,en,33,62,declared metadata; canonical identity and stream health not guaranteed
cmokkq2f201xbqsccmfbwubkp,184847,bakwe,Bakwe,bjw|en,Bakwe,bjw,bjw,core,,2026-09-03T07:00:06.934937+00:00,79,79,64,15,0,64,64,64,64,64,0,0,0,64,35,34,35,34,29,0,0,en,33,64,declared metadata; canonical identity and stream health not guaranteed
cmok1lhlj00kgqsv1d06hxvd0,12808,balangao,Balangao,en,Balangao,blw,blw,core,,2026-09-03T07:00:06.934937+00:00,80,80,64,16,0,64,64,64,64,64,0,0,0,64,35,34,35,34,29,0,0,en,33,64,declared metadata; canonical identity and stream health not guaranteed
cmokkq8s601yuqscc9cen4yoe,184936,balangin-indo,"Balangin, Indo",en,"Balangin, Indo",knx,knx,core,,2026-09-03T07:00:06.934937+00:00,76,76,62,14,0,62,62,62,62,62,0,0,0,62,35,34,35,34,27,0,0,en,33,62,declared metadata; canonical identity and stream health not guaranteed
cmok1lnns00lyqsv1xbcr8hgl,13002,balanta,Balanta,en,Balanta,ble,ble,core,,2026-09-03T07:00:06.934937+00:00,76,76,62,14,0,62,62,62,62,62,0,0,0,62,35,34,35,34,27,0,0,en,33,62,declared metadata; canonical identity and stream health not guaranteed
cmokku7t002xvqsccj9ozggzh,23511,balanta-ganja,Balanta-Ganja,bjt|en,Balanta-Ganja,bjt,bjt,core,,2026-09-03T07:00:06.934937+00:00,76,76,62,14,0,62,62,62,62,62,0,0,0,62,35,34,35,34,27,0,0,bjt,0,0,declared metadata; canonical identity and stream health not guaranteed
cmokky32t03wrqscct880h6wh,53321,balanta-naga,Balanta-Naga,ble-x-Naga|en,Balanta-Naga,ble-x-Naga,ble,core,,2026-09-03T07:00:06.934937+00:00,76,76,62,14,0,62,62,62,62,62,0,0,0,62,35,34,35,34,27,0,0,en,33,62,declared metadata; canonical identity and stream health not guaranteed
cmokl27e704x3qscc744qs46c,97403,balantak,Balantak,blz|en,Balantak,blz,blz,core,,2026-09-03T07:00:06.934937+00:00,76,76,62,14,0,62,62,62,62,62,0,0,0,62,35,34,35,34,27,0,0,en,33,62,declared metadata; canonical identity and stream health not guaranteed
cmok1qu4x01ucqsv1clvli14l,145699,bali,Bali,ban|en,Bali,ban,ban,core,,2026-09-03T07:00:06.934937+00:00,76,76,62,14,0,62,62,62,62,62,0,0,0,62,35,34,35,34,27,0,0,en,33,62,declared metadata; canonical identity and stream health not guaranteed
cmokkr99g027kqsccug57csq7,19617,bali-madya,"Bali, Madya",ban|en,"Bali, Madya",ban,ban,core,,2026-09-03T07:00:06.934937+00:00,76,76,62,14,0,62,62,62,62,62,0,0,0,62,35,34,35,34,27,0,0,en,33,62,declared metadata; canonical identity and stream health not guaranteed
cmokkqe5g0200qsccw8luv2su,18518,balkar,Balkar,en|krc,Balkar,krc,krc,core,,2026-09-03T07:00:06.934937+00:00,78,78,63,15,0,63,63,63,63,63,0,0,0,63,35,34,35,34,28,0,0,krc,0,0,declared metadata; canonical identity and stream health not guaranteed
cmokkz220045hqsccvr8jrk7s,5700,balochi-eastern,"Balochi, Eastern",bgp|en,"Balochi, Eastern",bgp,bgp,core,,2026-09-03T07:00:06.934937+00:00,76,76,62,14,0,62,62,62,62,62,0,0,0,62,35,34,35,34,27,0,0,en,33,62,declared metadata; canonical identity and stream health not guaranteed
cmokl04dc04ekqscck5r97l66,6679,balochi-southern,"Balochi, Southern",bcc|en,"Balochi, Southern",bcc,bcc,core,,2026-09-03T07:00:06.934937+00:00,76,76,62,14,0,62,62,62,62,62,0,0,0,62,35,34,35,34,27,0,0,en,33,62,declared metadata; canonical identity and stream health not guaranteed
cmokkvtrc03c6qscc79hs2bxo,353,balochi-western,"Balochi, Western",bgn|en,"Balochi, Western",bgn,bgn,core,,2026-09-03T07:00:06.934937+00:00,75,75,61,14,0,61,61,61,61,61,0,0,0,61,34,33,34,33,27,0,0,en,32,61,declared metadata; canonical identity and stream health not guaranteed
cmokl03x104efqscct438gtfi,6654,balti,Balti,bft|en,Balti,bft,bft,core,,2026-09-03T07:00:06.934937+00:00,76,76,62,14,0,62,62,62,62,62,0,0,0,62,35,34,35,34,27,0,0,en,33,62,declared metadata; canonical identity and stream health not guaranteed
cmokkrpyk02boqsccmbpdmer2,20163,bambam,Bambam,en,Bambam,ptu,ptu,core,,2026-09-03T07:00:06.934937+00:00,76,76,62,14,0,62,62,62,62,62,0,0,0,62,35,34,35,34,27,0,0,en,33,62,declared metadata; canonical identity and stream health not guaranteed
cmokksdbf02hmqscc2k75n6ap,2075,bambara,Bambara,bm|en,Bambara,bm,bam,core,,2026-09-03T07:00:06.934937+00:00,181,181,159,19,3,159,159,159,159,159,0,0,0,159,97,91,75,71,62,0,0,en,67,157,declared metadata; canonical identity and stream health not guaranteed
cmokl24hf04wfqscc288ndqri,97185,bamu,Bamu,en,Bamu,bcf,bcf,core,,2026-09-03T07:00:06.934937+00:00,76,76,62,14,0,62,62,62,62,62,0,0,0,62,35,34,35,34,27,0,0,en,33,62,declared metadata; canonical identity and stream health not guaranteed
cmokkvmmt03acqscc1jq73kyg,2912,bamun,Bamun,bax|en,Bamun,bax,bax,core,,2026-09-03T07:00:06.934937+00:00,76,76,62,14,0,62,62,62,62,62,0,0,0,62,35,34,35,34,27,0,0,en,33,62,declared metadata; canonical identity and stream health not guaranteed
cmok1mz9q00xrqsv1pmic9ec8,139663,bana,Bana,en,Bana,bcw,bcw,core,,2026-09-03T07:00:06.934937+00:00,76,76,62,14,0,62,62,62,62,62,0,0,0,62,35,34,35,34,27,0,0,en,33,62,declared metadata; canonical identity and stream health not guaranteed
cmokkyfh703ztqsccbyix742t,53434,banda-linda,Banda-Linda,en,Banda-Linda,liy,liy,core,,2026-09-03T07:00:06.934937+00:00,82,82,67,14,1,67,67,67,67,67,0,0,0,67,39,38,39,38,28,0,0,en,37,67,declared metadata; canonical identity and stream health not guaranteed
cmokl0oik04jmqscc62ujoefp,7655,bandi,Bandi,en,Bandi,bza,bza,core,,2026-09-03T07:00:06.934937+00:00,82,82,67,14,1,67,67,67,67,67,0,0,0,67,39,38,39,38,28,0,0,en,37,67,declared metadata; canonical identity and stream health not guaranteed
cmok1n4jv00z0qsv1ctyftvbm,139909,bandial,Bandial,bqj|en,Bandial,bqj,bqj,core,,2026-09-03T07:00:06.934937+00:00,79,79,64,15,0,64,64,64,64,64,0,0,0,64,35,34,35,34,29,0,0,en,33,64,declared metadata; canonical identity and stream health not guaranteed
cmok1sqpp02akqsv1fa234ada,17365,banggai,Banggai,bgz|en,Banggai,bgz,bgz,core,,2026-09-03T07:00:06.934937+00:00,76,76,62,14,0,62,62,62,62,62,0,0,0,62,35,34,35,34,27,0,0,en,33,62,declared metadata; canonical identity and stream health not guaranteed
cmokkwn6t03jlqsccsmws49b6,4360,bangi,Bangi,bni|en,Bangi,bni,bni,core,,2026-09-03T07:00:06.934937+00:00,76,76,62,14,0,62,62,62,62,62,0,0,0,62,35,34,35,34,27,0,0,en,33,62,declared metadata; canonical identity and stream health not guaranteed
cmokkvjf6039lqscc6wu7wy7n,28054,bangjinge,Bangjinge,bsj|en,Bangjinge,bsj,bsj,core,,2026-09-03T07:00:06.934937+00:00,76,76,62,14,0,62,62,62,62,62,0,0,0,62,35,34,35,34,27,0,0,en,33,62,declared metadata; canonical identity and stream health not guaranteed
cmok1qibl01rhqsv1i7c08arz,144471,bangka,Bangka,en,Bangka,mfb,mfb,core,,2026-09-03T07:00:06.934937+00:00,76,76,62,14,0,62,62,62,62,62,0,0,0,62,35,34,35,34,27,0,0,en,33,62,declared metadata; canonical identity and stream health not guaranteed
cmok1t22b02d9qsv1j30y7m4j,176243,bangla-2,Bangla,bn|en,Bangla,bn,ben,core,,2026-09-03T07:00:06.934937+00:00,376,376,330,31,15,330,330,330,330,330,0,0,0,330,146,136,123,115,184,0,0,bn,112,326,declared metadata; canonical identity and stream health not guaranteed
cmok1mbe300rxqsv18g7m3bdq,139082,bangla-muslim,Bangla Muslim,bn-BD|en,Bangla Muslim,bn-BD,ben,core,,2026-09-03T07:00:06.934937+00:00,257,257,231,23,3,231,231,231,231,231,0,0,0,231,111,105,89,85,120,0,0,bn,82,228,declared metadata; canonical identity and stream health not guaranteed
cmok1sfwo0282qsv1tiy4u967,16827,banjar,Banjar,bjn|en,Banjar,bjn,bjn,core,,2026-09-03T07:00:06.934937+00:00,81,81,65,16,0,65,65,65,65,65,0,0,0,65,35,34,35,34,30,0,0,en,33,65,declared metadata; canonical identity and stream health not guaranteed
cmok1n3iw00yrqsv1r8ulypx6,139862,bankagooma,Bankagooma,en,Bankagooma,bxw,bxw,core,,2026-09-03T07:00:06.934937+00:00,76,76,62,14,0,62,62,62,62,62,0,0,0,62,35,34,35,34,27,0,0,en,33,62,declared metadata; canonical identity and stream health not guaranteed
cmok1lh9l00kdqsv1mmb69zia,12801,bantoanon,Bantoanon,bno|en,Bantoanon,bno,bno,core,,2026-09-03T07:00:06.934937+00:00,76,76,62,14,0,62,62,62,62,62,0,0,0,62,35,34,35,34,27,0,0,en,33,62,declared metadata; canonical identity and stream health not guaranteed
cmokl0pqc04jxqsccvxr1uj5g,7735,bara,Bara,bhr|en,Bara,bhr,bhr,core,,2026-09-03T07:00:06.934937+00:00,79,79,64,15,0,64,64,64,64,64,0,0,0,64,35,34,35,34,29,0,0,en,33,64,declared metadata; canonical identity and stream health not guaranteed
cmokkq68r01y9qscc0re1ark4,184903,bara-tharu,Bara Tharu,en,Bara Tharu,thq,thq,core,,2026-09-03T07:00:06.934937+00:00,76,76,62,14,0,62,62,62,62,62,0,0,0,62,35,34,35,34,27,0,0,en,33,62,declared metadata; canonical identity and stream health not guaranteed
59f29853-3110-4fa3-b0cd-84aea831dd30,10726,barai,Barai,en,Barai,bbb,bbb,core,,2026-09-03T07:00:06.934937+00:00,75,75,62,13,0,62,62,62,62,62,0,0,0,62,35,34,35,34,27,0,0,en,33,62,declared metadata; canonical identity and stream health not guaranteed
cmokkp8s501q9qscc80uderwo,184486,bareli-pawri,Bareli Pawri,bfb|en,Bareli Pawri,bfb,bfb,core,,2026-09-03T07:00:06.934937+00:00,76,76,62,14,0,62,62,62,62,62,0,0,0,62,35,34,35,34,27,0,0,en,33,62,declared metadata; canonical identity and stream health not guaranteed
cmokkv6ah036bqscc1yra6k37,25919,bareli-rathwi,"Bareli, Rathwi",bgd|en,"Bareli, Rathwi",bgd,bgd,core,,2026-09-03T07:00:06.934937+00:00,138,138,121,15,2,121,121,121,121,121,0,0,0,121,67,63,57,54,54,0,0,en,53,121,declared metadata; canonical identity and stream health not guaranteed
cmok1m2yj00ptqsv170luvf3g,13586,bari,Bari,bfa|en,Bari,bfa,bfa,core,,2026-09-03T07:00:06.934937+00:00,147,147,126,20,1,126,126,126,126,126,0,0,0,126,48,46,48,46,78,0,0,en,42,124,declared metadata; canonical identity and stream health not guaranteed
cmok1k4br008cqsv178rck3ta,10715,bariai,Bariai,en,Bariai,bch,bch,core,,2026-09-03T07:00:06.934937+00:00,76,76,62,14,0,62,62,62,62,62,0,0,0,62,35,34,35,34,27,0,0,en,33,62,declared metadata; canonical identity and stream health not guaranteed
cmok1lltp00lhqsv1ldxct80l,1294,bariba,Bariba,bba|en,Bariba,bba,bba,core,,2026-09-03T07:00:06.934937+00:00,138,138,121,15,2,121,121,121,121,121,0,0,0,121,71,67,61,58,50,0,0,en,57,121,declared metadata; canonical identity and stream health not guaranteed
cmok1quxt01uiqsv1o5vwqvym,145881,barka,Barka,bib|en,Barka,bib,bib,core,,2026-09-03T07:00:06.934937+00:00,76,76,62,14,0,62,62,62,62,62,0,0,0,62,35,34,35,34,27,0,0,en,33,62,declared metadata; canonical identity and stream health not guaranteed
cmokkuk1s030vqsccuizao6o4,24010,basa,Basa,en,Basa,bzw,bzw,core,,2026-09-03T07:00:06.934937+00:00,76,76,62,14,0,62,62,62,62,62,0,0,0,62,35,34,35,34,27,0,0,en,33,62,declared metadata; canonical identity and stream health not guaranteed
cmokkvmyp03afqsccah6tb4vl,2923,basaa,Basaa,bas|en,Basaa,bas,bas,core,,2026-09-03T07:00:06.934937+00:00,76,76,62,14,0,62,62,62,62,62,0,0,0,62,35,34,35,34,27,0,0,en,33,62,declared metadata; canonical identity and stream health not guaranteed
cmok1qwvw01v1qsv1j5ifhfk0,146749,basang,Basang,en,Basang,bzy,bzy,core,,2026-09-03T07:00:06.934937+00:00,76,76,62,14,0,62,62,62,62,62,0,0,0,62,35,34,35,34,27,0,0,en,33,62,declared metadata; canonical identity and stream health not guaranteed
cmokkpccb01r6qscchtax9s7t,18450,bashkir,Bashkir,ba|en,Bashkir,ba,bak,core,,2026-09-03T07:00:06.934937+00:00,165,165,145,17,3,145,145,145,145,145,0,0,0,145,80,75,58,55,65,0,0,ba,0,0,declared metadata; canonical identity and stream health not guaranteed
cmokkx7jc03orqscc1tyjllim,4779,basketto,Basketto,bst|en,Basketto,bst,bst,core,,2026-09-03T07:00:06.934937+00:00,76,76,62,14,0,62,62,62,62,62,0,0,0,62,35,34,35,34,27,0,0,en,33,62,declared metadata; canonical identity and stream health not guaranteed
cmokku86f02xyqsccv5pub5kd,23514,basque,Euskera,en|eu,Euskera,eu,eus,core,,2026-09-03T07:00:06.934937+00:00,92,92,76,15,1,76,76,76,76,76,0,0,0,76,48,46,36,35,28,0,0,eu,0,0,declared metadata; canonical identity and stream health not guaranteed
cmokkr3tb0267qscc1dn43veb,19508,bassa,Bassa,bsq|en,Bassa,bsq,bsq,core,,2026-09-03T07:00:06.934937+00:00,85,85,69,15,1,69,69,69,69,69,0,0,0,69,39,38,39,38,30,0,0,en,37,69,declared metadata; canonical identity and stream health not guaranteed
cmok1qw6n01uvqsv112q9mqgw,146378,batak-alas,Batak-Alas,btz|en,Batak-Alas,btz,btz,core,,2026-09-03T07:00:06.934937+00:00,76,76,62,14,0,62,62,62,62,62,0,0,0,62,35,34,35,34,27,0,0,en,33,62,declared metadata; canonical identity and stream health not guaranteed
cmok1t5hs02e2qsv1xp4powbn,17689,batak-angkola,Batak Angkola,akb|en,Batak Angkola,akb,akb,core,,2026-09-03T07:00:06.934937+00:00,76,76,62,14,0,62,62,62,62,62,0,0,0,62,35,34,35,34,27,0,0,en,33,62,declared metadata; canonical identity and stream health not guaranteed
cmokkouag01mqqsccdzi1c3dq,17813,batak-karo,Batak Karo,btx|en,Batak Karo,btx,btx,core,,2026-09-03T07:00:06.934937+00:00,76,76,62,14,0,62,62,62,62,62,0,0,0,62,35,34,35,34,27,0,0,en,33,62,declared metadata; canonical identity and stream health not guaranteed
cmok1qwk301uyqsv105jt59pv,146379,batak-kluet,Batak-Kluet,btz|en,Batak-Kluet,btz,btz,core,,2026-09-03T07:00:06.934937+00:00,76,76,62,14,0,62,62,62,62,62,0,0,0,62,35,34,35,34,27,0,0,en,33,62,declared metadata; canonical identity and stream health not guaranteed
cmokkovi401n0qsccwrhkyj3d,17815,batak-mandailing,Batak Mandailing,btm|en,Batak Mandailing,btm,btm,core,,2026-09-03T07:00:06.934937+00:00,76,76,62,14,0,62,62,62,62,62,0,0,0,62,35,34,35,34,27,0,0,en,33,62,declared metadata; canonical identity and stream health not guaranteed
cmokkouwt01mvqscckojr0ori,17814,batak-simalungun,Batak Simalungun,bts|en,Batak Simalungun,bts,bts,core,,2026-09-03T07:00:06.934937+00:00,76,76,62,14,0,62,62,62,62,62,0,0,0,62,35,34,35,34,27,0,0,en,33,62,declared metadata; canonical identity and stream health not guaranteed
cmokkovtt01n3qscce9myd6vv,17818,batak-toba,Batak Toba,bbc|en,Batak Toba,bbc,bbc,core,,2026-09-03T07:00:06.934937+00:00,76,76,62,14,0,62,62,62,62,62,0,0,0,62,35,34,35,34,27,0,0,en,33,62,declared metadata; canonical identity and stream health not guaranteed
cmok1n61400zcqsv1jfltu1jz,139973,bateq,Bateq,en,Bateq,btq,btq,core,,2026-09-03T07:00:06.934937+00:00,76,76,62,14,0,62,62,62,62,62,0,0,0,62,35,34,35,34,27,0,0,en,33,62,declared metadata; canonical identity and stream health not guaranteed
cmok1piag01itqsv1g4jidmmx,143190,batui,Batui,en,Batui,zbt,zbt,core,,2026-09-03T07:00:06.934937+00:00,76,76,62,14,0,62,62,62,62,62,0,0,0,62,35,34,35,34,27,0,0,en,33,62,declared metadata; canonical identity and stream health not guaranteed
cmok1s3js0254qsv1u8rjsu1s,16107,baule,Baule,bci|en,Baule,bci,bci,core,,2026-09-03T07:00:06.934937+00:00,132,132,116,15,1,116,116,116,116,116,0,0,0,116,67,63,57,54,49,0,0,en,53,116,declared metadata; canonical identity and stream health not guaranteed
cmokkz2j9045mqsccejjgwrjl,5703,bauria,Bauria,bge|en,Bauria,bge,bge,core,,2026-09-03T07:00:06.934937+00:00,76,76,62,14,0,62,62,62,62,62,0,0,0,62,35,34,35,34,27,0,0,en,33,62,declared metadata; canonical identity and stream health not guaranteed
cmok1rfgr01ziqsv1270w8w6z,153673,bawean,Bawean,en,Bawean,mad,mad,core,,2026-09-03T07:00:06.934937+00:00,76,76,62,14,0,62,62,62,62,62,0,0,0,62,35,34,35,34,27,0,0,en,33,62,declared metadata; canonical identity and stream health not guaranteed
cmokkywkm0444qsccqkfm6dqp,5612,bazigar,Bazigar,bfr|en,Bazigar,bfr,bfr,core,,2026-09-03T07:00:06.934937+00:00,76,76,62,14,0,62,62,62,62,62,0,0,0,62,35,34,35,34,27,0,0,en,33,62,declared metadata; canonical identity and stream health not guaranteed
cmokkt5nw02ouqscc9ssiqe1t,21577,bedamuni,Bedamuni,beo|en,Bedamuni,beo,beo,core,,2026-09-03T07:00:06.934937+00:00,76,76,62,14,0,62,62,62,62,62,0,0,0,62,35,34,35,34,27,0,0,en,33,62,declared metadata; canonical identity and stream health not guaranteed
cmokkwipd03ijqsccwjmcuf6b,4276,beembe,Beembe,beq|en,Beembe,beq,beq,core,,2026-09-03T07:00:06.934937+00:00,76,76,62,14,0,62,62,62,62,62,0,0,0,62,35,34,35,34,27,0,0,en,33,62,declared metadata; canonical identity and stream health not guaranteed
cmokl24v504wiqsccgg9i7kvt,97214,behoa,Behoa,en,Behoa,bep,bep,core,,2026-09-03T07:00:06.934937+00:00,76,76,62,14,0,62,62,62,62,62,0,0,0,62,35,34,35,34,27,0,0,en,33,62,declared metadata; canonical identity and stream health not guaranteed
cmokkq7cd01yiqsccq9hafx8g,184917,beja-bidhaawyeet,"Beja, Bidhaawyeet",bej|en,"Beja, Bidhaawyeet",bej,bej,core,,2026-09-03T07:00:06.934937+00:00,79,79,63,16,0,63,63,63,63,63,0,0,0,63,35,34,35,34,28,0,0,en,33,63,declared metadata; canonical identity and stream health not guaranteed
cmok1jp4v004oqsv1thia5ydu,10208,bekwarra,Bekwarra,en,Bekwarra,bkv,bkv,core,,2026-09-03T07:00:06.934937+00:00,76,76,62,14,0,62,62,62,62,62,0,0,0,62,35,34,35,34,27,0,0,en,33,62,declared metadata; canonical identity and stream health not guaranteed
cmok1n11e00y6qsv1jkl3f7a9,139761,bekwel,Bekwel,bkw|en,Bekwel,bkw,bkw,core,,2026-09-03T07:00:06.934937+00:00,76,76,62,14,0,62,62,62,62,62,0,0,0,62,35,34,35,34,27,0,0,en,33,62,declared metadata; canonical identity and stream health not guaranteed
cmok1s61z025pqsv1lo4byybw,161859,bel,Bel,en,Bel,gdd,gdd,core,,2026-09-03T07:00:06.934937+00:00,79,79,63,16,0,63,63,63,63,63,0,0,0,63,35,34,35,34,28,0,0,en,33,63,declared metadata; canonical identity and stream health not guaranteed
cmok1n72900zlqsv11o4k5dyx,140001,belanda-viri,Belanda Viri,bvi|en,Belanda Viri,bvi,bvi,core,,2026-09-03T07:00:06.934937+00:00,76,76,62,14,0,62,62,62,62,62,0,0,0,62,35,34,35,34,27,0,0,en,33,62,declared metadata; canonical identity and stream health not guaranteed
cmok1rsfy022iqsv1apnd9zga,158085,belleh,Belleh,blh|en,Belleh,blh,blh,core,,2026-09-03T07:00:06.934937+00:00,76,76,62,14,0,62,62,62,62,62,0,0,0,62,35,34,35,34,27,0,0,en,33,62,declared metadata; canonical identity and stream health not guaranteed
cmok1l5gu00hiqsv1jsbhc8hm,1259,belorussian,Belorussian,be|en,Belorussian,be,bel,core,,2026-09-03T07:00:06.934937+00:00,120,120,100,19,1,100,100,100,100,100,0,0,0,100,61,58,49,47,39,0,0,be,0,0,declared metadata; canonical identity and stream health not guaranteed
cmok1p9tj01gsqsv171jnvmxe,14278,bemba,Bemba,bem|en,Bemba,bem,bem,core,,2026-09-03T07:00:06.934937+00:00,183,183,161,19,3,161,161,161,161,161,0,0,0,161,97,91,75,71,64,0,0,en,67,159,declared metadata; canonical identity and stream health not guaranteed
cmokkr7680273qscci6gbulqi,19571,bembe,Bembe,bmb|en,Bembe,bmb,bmb,core,,2026-09-03T07:00:06.934937+00:00,76,76,62,14,0,62,62,62,62,62,0,0,0,62,35,34,35,34,27,0,0,en,33,62,declared metadata; canonical identity and stream health not guaranteed
cmok1p94901gmqsv1hijfjwcn,14277,bena,Bena,bez|en,Bena,bez,bez,core,,2026-09-03T07:00:06.934937+00:00,76,76,62,14,0,62,62,62,62,62,0,0,0,62,35,34,35,34,27,0,0,en,33,62,declared metadata; canonical identity and stream health not guaranteed
cmok1mwgw00x3qsv14ojh2q5i,139554,benabena,Benabena,en,Benabena,bef,bef,core,,2026-09-03T07:00:06.934937+00:00,76,76,62,14,0,62,62,62,62,62,0,0,0,62,35,34,35,34,27,0,0,en,33,62,declared metadata; canonical identity and stream health not guaranteed
cmokkr48z026cqsccw5z92u5u,19518,bench,Bench,bcq|en,Bench,bcq,bcq,core,,2026-09-03T07:00:06.934937+00:00,76,76,62,14,0,62,62,62,62,62,0,0,0,62,35,34,35,34,27,0,0,en,33,62,declared metadata; canonical identity and stream health not guaranteed
cmok1mvrh00wxqsv1tu6r4cte,139543,bende-tongwe,Bende-Tongwe,bdp|en,Bende-Tongwe,bdp,bdp,core,,2026-09-03T07:00:06.934937+00:00,76,76,62,14,0,62,62,62,62,62,0,0,0,62,35,34,35,34,27,0,0,en,33,62,declared metadata; canonical identity and stream health not guaranteed
cmok1mavu00rsqsv1qjww1i5s,139081,bengali-indian,Bengali (Indian),bn|en,Bengali (Indian),bn,ben,core,,2026-09-03T07:00:06.934937+00:00,384,384,337,31,16,337,337,337,337,337,0,0,0,337,152,143,128,121,185,0,0,bn,117,333,declared metadata; canonical identity and stream health not guaranteed
cmokl28f504xcqsccx7rw9gj6,97609,benyadu,Benyadu',en,Benyadu',byd,byd,core,,2026-09-03T07:00:06.934937+00:00,76,76,62,14,0,62,62,62,62,62,0,0,0,62,35,34,35,34,27,0,0,en,33,62,declared metadata; canonical identity and stream health not guaranteed
cmok1jofn004iqsv152k6fhpj,10185,berom,Berom,bom|en,Berom,bom,bom,core,,2026-09-03T07:00:06.934937+00:00,85,85,69,15,1,69,69,69,69,69,0,0,0,69,39,38,39,38,30,0,0,en,37,69,declared metadata; canonical identity and stream health not guaranteed
cmok1sd5f027eqsv1njb3gwdg,16652,betawi,Betawi,bew|en,Betawi,bew,bew,core,,2026-09-03T07:00:06.934937+00:00,76,76,62,14,0,62,62,62,62,62,0,0,0,62,35,34,35,34,27,0,0,en,33,62,declared metadata; canonical identity and stream health not guaranteed
cmok1s2tg024yqsv1s7b6yvfs,16103,bete-daloa,"Bete, Daloa",bev|en,"Bete, Daloa",bev,bev,core,,2026-09-03T07:00:06.934937+00:00,75,75,62,13,0,62,62,62,62,62,0,0,0,62,35,34,35,34,27,0,0,en,33,62,declared metadata; canonical identity and stream health not guaranteed
cmok1s2ci024vqsv1ccuqhexq,16098,bete-gagnoa,"Bete, Gagnoa",btg|en,"Bete, Gagnoa",btg,btg,core,,2026-09-03T07:00:06.934937+00:00,75,75,62,13,0,62,62,62,62,62,0,0,0,62,35,34,35,34,27,0,0,en,33,62,declared metadata; canonical identity and stream health not guaranteed
cmok1s37z0251qsv12ohu5hvu,16106,bete-guiberoua,"Bete, Guiberoua",bet|en,"Bete, Guiberoua",bet,bet,core,,2026-09-03T07:00:06.934937+00:00,76,76,62,14,0,62,62,62,62,62,0,0,0,62,35,34,35,34,27,0,0,en,33,62,declared metadata; canonical identity and stream health not guaranteed
cmokkvjsr039oqscc57eewe6x,28132,bette,Bette,en,Bette,btt,btt,core,,2026-09-03T07:00:06.934937+00:00,76,76,62,14,0,62,62,62,62,62,0,0,0,62,35,34,35,34,27,0,0,en,33,62,declared metadata; canonical identity and stream health not guaranteed
cmokkyzlb044wqscc8aawwj8g,5671,bhadrawahi,Bhadrawahi,bhd|en,Bhadrawahi,bhd,bhd,core,,2026-09-03T07:00:06.934937+00:00,76,76,62,14,0,62,62,62,62,62,0,0,0,62,35,34,35,34,27,0,0,en,33,62,declared metadata; canonical identity and stream health not guaranteed
cmokkz0ne0455qscchabusxtc,5696,bharia,Bharia,bha|en,Bharia,bha,bha,core,,2026-09-03T07:00:06.934937+00:00,79,79,63,16,0,63,63,63,63,63,0,0,0,63,35,34,35,34,28,0,0,en,33,63,declared metadata; canonical identity and stream health not guaranteed
cmokkz10v0458qsccspxy37yw,5697,bhatri,Bhatri,bgw|en,Bhatri,bgw,bgw,core,,2026-09-03T07:00:06.934937+00:00,76,76,62,14,0,62,62,62,62,62,0,0,0,62,35,34,35,34,27,0,0,en,33,62,declared metadata; canonical identity and stream health not guaranteed
cmokl035p04e9qscc1e82xkd9,6642,bhattiyali,Bhattiyali,bht|en,Bhattiyali,bht,bht,core,,2026-09-03T07:00:06.934937+00:00,76,76,62,14,0,62,62,62,62,62,0,0,0,62,35,34,35,34,27,0,0,en,33,62,declared metadata; canonical identity and stream health not guaranteed
cmok1mzyq00xxqsv17dwnbonw,139693,bhele,Bhele,bhy|en,Bhele,bhy,bhy,core,,2026-09-03T07:00:06.934937+00:00,76,76,62,14,0,62,62,62,62,62,0,0,0,62,35,34,35,34,27,0,0,en,33,62,declared metadata; canonical identity and stream health not guaranteed
cmok1mzlh00xuqsv180ou0aky,139684,bhilali,Bhilali,bhi|en,Bhilali,bhi,bhi,core,,2026-09-03T07:00:06.934937+00:00,76,76,62,14,0,62,62,62,62,62,0,0,0,62,35,34,35,34,27,0,0,en,33,62,declared metadata; canonical identity and stream health not guaranteed
cmokkz0bk0452qscc0bbxb0am,5695,bhili,Bhili,bhb|en,Bhili,bhb,bhb,core,,2026-09-03T07:00:06.934937+00:00,76,76,62,14,0,62,62,62,62,62,0,0,0,62,35,34,35,34,27,0,0,en,33,62,declared metadata; canonical identity and stream health not guaranteed
cmokkyfvp03zwqscczfpnn2qj,53435,bhogoto,Bhogoto,bdt|en,Bhogoto,bdt,bdt,core,,2026-09-03T07:00:06.934937+00:00,82,82,67,14,1,67,67,67,67,67,0,0,0,67,39,38,39,38,28,0,0,en,37,67,declared metadata; canonical identity and stream health not guaranteed
cmokkyz45044rqsccn1tpadc8,5667,bhojpuri,Bhojpuri,bho|en,Bhojpuri,bho,bho,core,,2026-09-03T07:00:06.934937+00:00,166,166,145,17,4,145,145,145,145,145,0,0,0,145,85,79,63,59,60,0,0,en,58,145,declared metadata; canonical identity and stream health not guaranteed
cmok1qulr01ufqsv1xflh12p7,145845,bhojpuri-nepal,"Bhojpuri, Nepal",bho|en,"Bhojpuri, Nepal",bho,bho,core,,2026-09-03T07:00:06.934937+00:00,76,76,62,14,0,62,62,62,62,62,0,0,0,62,35,34,35,34,27,0,0,en,33,62,declared metadata; canonical identity and stream health not guaranteed
cmok1s4ya025gqsv10d6nlhrd,16120,biafada,Biafada,en,Biafada,bif,bif,core,,2026-09-03T07:00:06.934937+00:00,76,76,62,14,0,62,62,62,62,62,0,0,0,62,35,34,35,34,27,0,0,en,33,62,declared metadata; canonical identity and stream health not guaranteed
cmok1sapx026sqsv1qwzjpy59,16488,biak,Biak,en,Biak,bhw,bhw,core,,2026-09-03T07:00:06.934937+00:00,76,76,62,14,0,62,62,62,62,62,0,0,0,62,35,34,35,34,27,0,0,en,33,62,declared metadata; canonical identity and stream health not guaranteed
cmokktbis02qaqscczmc4r6ud,22100,bicolano,Bicolano,bcl|en,Bicolano,bcl,bcl,core,,2026-09-03T07:00:06.934937+00:00,79,79,64,15,0,64,64,64,64,64,0,0,0,64,35,34,35,34,29,0,0,en,33,64,declared metadata; canonical identity and stream health not guaranteed
cmok1r90l01y0qsv1dwj7pj8t,151767,bidayuh-jagoi,Bidayuh-Jagoi,en,Bidayuh-Jagoi,sne,sne,core,,2026-09-03T07:00:06.934937+00:00,76,76,62,14,0,62,62,62,62,62,0,0,0,62,35,34,35,34,27,0,0,en,33,62,declared metadata; canonical identity and stream health not guaranteed
cmokktahm02q1qscc404nrjf0,21963,bijago,Bijago,bjg|en,Bijago,bjg,bjg,core,,2026-09-03T07:00:06.934937+00:00,76,76,62,14,0,62,62,62,62,62,0,0,0,62,35,34,35,34,27,0,0,en,33,62,declared metadata; canonical identity and stream health not guaranteed
cmok1j7k9000iqsv1anqd92qi,100255,bikol-buhinon,"Bikol, Buhi'Non",en,"Bikol, Buhi'Non",ubl,ubl,core,,2026-09-03T07:00:06.934937+00:00,79,79,64,15,0,64,64,64,64,64,0,0,0,64,35,34,35,34,29,0,0,en,33,64,declared metadata; canonical identity and stream health not guaranteed
cmokkztun04bwqscc9wu5eqp9,6363,bilaspuri,Bilaspuri,en,Bilaspuri,kfs,kfs,core,,2026-09-03T07:00:06.934937+00:00,76,76,62,14,0,62,62,62,62,62,0,0,0,62,35,34,35,34,27,0,0,en,33,62,declared metadata; canonical identity and stream health not guaranteed
cmok1n1eb00y9qsv1jhu7od7o,139762,bilua,Bilua,en,Bilua,blb,blb,core,,2026-09-03T07:00:06.934937+00:00,79,79,63,16,0,63,63,63,63,63,0,0,0,63,35,34,35,34,28,0,0,en,33,63,declared metadata; canonical identity and stream health not guaranteed
cmokkr5nv026pqsccn5jqg8k4,19537,bima,Bima,bhp|en,Bima,bhp,bhp,core,,2026-09-03T07:00:06.934937+00:00,76,76,62,14,0,62,62,62,62,62,0,0,0,62,35,34,35,34,27,0,0,en,33,62,declared metadata; canonical identity and stream health not guaranteed
cmok1ks0300e8qsv1uutrgf3w,12286,bimin,Bimin,en,Bimin,bhl,bhl,core,,2026-09-03T07:00:06.934937+00:00,76,76,62,14,0,62,62,62,62,62,0,0,0,62,35,34,35,34,27,0,0,en,33,62,declared metadata; canonical identity and stream health not guaranteed
cmokkxoim03t4qscckfun4sbf,5174,bimoba,Bimoba,bim|en,Bimoba,bim,bim,core,,2026-09-03T07:00:06.934937+00:00,76,76,62,14,0,62,62,62,62,62,0,0,0,62,35,34,35,34,27,0,0,en,33,62,declared metadata; canonical identity and stream health not guaranteed
cce5f4d5-1a40-40b4-a1f2-ef4ce02c148f,139683,binandere,Binandere,en,Binandere,bhg,bhg,core,,2026-09-03T07:00:06.934937+00:00,75,75,62,13,0,62,62,62,62,62,0,0,0,62,35,34,35,34,27,0,0,en,33,62,declared metadata; canonical identity and stream health not guaranteed
cmok1kg8r00bcqsv1kvuzwyva,11446,bine,Bine,en,Bine,bon,bon,core,,2026-09-03T07:00:06.934937+00:00,76,76,62,14,0,62,62,62,62,62,0,0,0,62,35,34,35,34,27,0,0,en,33,62,declared metadata; canonical identity and stream health not guaranteed
cmok1lk7o00l1qsv13t9859gs,12854,binukid,Binukid,en,Binukid,bkd,bkd,core,,2026-09-03T07:00:06.934937+00:00,76,76,62,14,0,62,62,62,62,62,0,0,0,62,35,34,35,34,27,0,0,en,33,62,declared metadata; canonical identity and stream health not guaranteed
cmok1mjik00tzqsv1csshq5q9,139154,birifor,Birifor,en,Birifor,bfo,bfo,core,,2026-09-03T07:00:06.934937+00:00,76,76,62,14,0,62,62,62,62,62,0,0,0,62,35,34,35,34,27,0,0,en,33,62,declared metadata; canonical identity and stream health not guaranteed
cmokkxo6p03t1qsccp86whs5r,5173,birifor-southern,"Birifor, Southern",biv|en,"Birifor, Southern",biv,biv,core,,2026-09-03T07:00:06.934937+00:00,76,76,62,14,0,62,62,62,62,62,0,0,0,62,35,34,35,34,27,0,0,en,33,62,declared metadata; canonical identity and stream health not guaranteed
cmokku08802wfqsccyjkwh3he,23250,bishnupriya,Bishnupriya,bpy|en,Bishnupriya,bpy,bpy,core,,2026-09-03T07:00:06.934937+00:00,76,76,62,14,0,62,62,62,62,62,0,0,0,62,35,34,35,34,27,0,0,en,33,62,declared metadata; canonical identity and stream health not guaranteed
cmokl1rmf04tbqsccen1lfts4,9181,bislama,Bislama,bi|en,Bislama,bi,bis,core,,2026-09-03T07:00:06.934937+00:00,121,121,101,19,1,101,101,101,101,101,0,0,0,101,61,58,49,47,40,0,0,bi,0,0,declared metadata; canonical identity and stream health not guaranteed
cmok1naoy010fqsv1agahyqyh,140169,bisu,Bisu,en,Bisu,bzi,bzi,core,,2026-09-03T07:00:06.934937+00:00,140,140,123,15,2,123,123,123,123,123,0,0,0,123,72,67,62,58,51,0,0,en,57,123,declared metadata; canonical identity and stream health not guaranteed
cmok1liea00kmqsv1krtiz2wn,12816,blaan-koronadal,"Blaan, Koronadal",bpr|en,"Blaan, Koronadal",bpr,bpr,core,,2026-09-03T07:00:06.934937+00:00,76,76,62,14,0,62,62,62,62,62,0,0,0,62,35,34,35,34,27,0,0,en,33,62,declared metadata; canonical identity and stream health not guaranteed
cmok1lhz500kjqsv1qi28f68g,12815,blaan-sarangani,"Blaan, Sarangani",bps|en,"Blaan, Sarangani",bps,bps,core,,2026-09-03T07:00:06.934937+00:00,76,76,62,14,0,62,62,62,62,62,0,0,0,62,35,34,35,34,27,0,0,en,33,62,declared metadata; canonical identity and stream health not guaranteed
cmokkvp7603b2qscc3ye1xtku,3105,blackfoot,Blackfoot,bla|en,Blackfoot,bla,bla,core,,2026-09-03T07:00:06.934937+00:00,76,76,62,14,0,62,62,62,62,62,0,0,0,62,35,34,35,34,27,0,0,en,33,62,declared metadata; canonical identity and stream health not guaranteed
cmokkwxdo03maqsccgji9z1a1,4593,blin,Blin,byn|en,Blin,byn,byn,core,,2026-09-03T07:00:06.934937+00:00,79,79,64,15,0,64,64,64,64,64,0,0,0,64,35,34,35,34,29,0,0,en,33,64,declared metadata; canonical identity and stream health not guaranteed
cmok1qyvc01viqsv1hzwnqprn,147081,blowo,Blowo,en,Blowo,dnj,dnj,core,,2026-09-03T07:00:06.934937+00:00,76,76,62,14,0,62,62,62,62,62,0,0,0,62,35,34,35,34,27,0,0,en,33,62,declared metadata; canonical identity and stream health not guaranteed
cmok1khlu00boqsv1jzn06byk,115239,bobe,Bobe,en,Bobe,bvb,bvb,core,,2026-09-03T07:00:06.934937+00:00,105,105,86,19,0,86,86,86,86,86,0,0,0,86,48,46,48,46,38,0,0,en,42,84,declared metadata; canonical identity and stream health not guaranteed
cmokksbih02h7qsccuktu6kut,2073,bobo-madare-southern,"Bobo Madare, Southern",bwq|en,"Bobo Madare, Southern",bwq,bwq,core,,2026-09-03T07:00:06.934937+00:00,76,76,62,14,0,62,62,62,62,62,0,0,0,62,35,34,35,34,27,0,0,en,33,62,declared metadata; canonical identity and stream health not guaranteed
cmokkr7z20279qscct1md3al9,19594,bodo,Bodo,brx|en,Bodo,brx,brx,core,,2026-09-03T07:00:06.934937+00:00,132,132,116,15,1,116,116,116,116,116,0,0,0,116,67,63,57,54,49,0,0,en,53,116,declared metadata; canonical identity and stream health not guaranteed
cmok1ruy00234qsv17xc202eb,158871,bogghom,Bogghom,en,Bogghom,bux,bux,core,,2026-09-03T07:00:06.934937+00:00,76,76,62,14,0,62,62,62,62,62,0,0,0,62,35,34,35,34,27,0,0,en,33,62,declared metadata; canonical identity and stream health not guaranteed
cmokkvj3i039iqsccwknk2w6b,2788,bokyi,Bokyi,en,Bokyi,bky,bky,core,,2026-09-03T07:00:06.934937+00:00,76,76,62,14,0,62,62,62,62,62,0,0,0,62,35,34,35,34,27,0,0,en,33,62,declared metadata; canonical identity and stream health not guaranteed
cmok1k5f7008lqsv1liz83ouz,10813,bola,Bola,en,Bola,bnp,bnp,core,,2026-09-03T07:00:06.934937+00:00,76,76,62,14,0,62,62,62,62,62,0,0,0,62,35,34,35,34,27,0,0,en,33,62,declared metadata; canonical identity and stream health not guaranteed
cmokkr7nb0276qscc0490yqar,19581,bolewa,Bolewa,bol|en,Bolewa,bol,bol,core,,2026-09-03T07:00:06.934937+00:00,76,76,62,14,0,62,62,62,62,62,0,0,0,62,35,34,35,34,27,0,0,en,33,62,declared metadata; canonical identity and stream health not guaranteed
cmok1l55400hfqsv1zen5b2i8,12589,bolinao,Bolinao,en,Bolinao,smk,smk,core,,2026-09-03T07:00:06.934937+00:00,76,76,62,14,0,62,62,62,62,62,0,0,0,62,35,34,35,34,27,0,0,en,33,62,declared metadata; canonical identity and stream health not guaranteed
cmokksiq702izqsccw766dagd,2081,bomu,Bomu,en,Bomu,bmq,bmq,core,,2026-09-03T07:00:06.934937+00:00,76,76,62,14,0,62,62,62,62,62,0,0,0,62,35,34,35,34,27,0,0,en,33,62,declared metadata; canonical identity and stream health not guaranteed
cmokl27pw04x6qsccn5gza23x,97457,bongo,Bongo,en,Bongo,bot,bot,core,,2026-09-03T07:00:06.934937+00:00,76,76,62,14,0,62,62,62,62,62,0,0,0,62,35,34,35,34,27,0,0,en,33,62,declared metadata; canonical identity and stream health not guaranteed
cmok1n0af00y0qsv1j62deom2,139707,bora,Bora,en,Bora,boa,boa,core,,2026-09-03T07:00:06.934937+00:00,79,79,63,16,0,63,63,63,63,63,0,0,0,63,35,34,35,34,28,0,0,en,33,63,declared metadata; canonical identity and stream health not guaranteed
cmokl283j04x9qscc4muk88fv,97524,borna-shinasha,"Borna, Shinasha",bwo|en,"Borna, Shinasha",bwo,bwo,core,,2026-09-03T07:00:06.934937+00:00,76,76,62,14,0,62,62,62,62,62,0,0,0,62,35,34,35,34,27,0,0,en,33,62,declared metadata; canonical identity and stream health not guaranteed
cmokkqv3r0242qscclxslz3sa,1873,bororo,Bororo,bor|en,Bororo,bor,bor,core,,2026-09-03T07:00:06.934937+00:00,76,76,62,14,0,62,62,62,62,62,0,0,0,62,35,34,35,34,27,0,0,en,33,62,declared metadata; canonical identity and stream health not guaranteed
cmokks2e102erqsccfyz760s4,20581,bosnian,Bosnian,bs|en,Bosnian,bs,bos,core,,2026-09-03T07:00:06.934937+00:00,107,107,86,21,0,86,86,86,86,86,0,0,0,86,48,46,48,46,38,0,0,bs,0,0,declared metadata; canonical identity and stream health not guaranteed
cmokkw8mj03fzqsccqh4ebno6,3960,bouyei,Bouyei,en|pcc,Bouyei,pcc,pcc,core,,2026-09-03T07:00:06.934937+00:00,76,76,62,14,0,62,62,62,62,62,0,0,0,62,35,34,35,34,27,0,0,en,33,62,declared metadata; canonical identity and stream health not guaranteed
cmok1mha500tfqsv1wi1p0l2m,139132,bouyei-anshun,Bouyei Anshun,en,Bouyei Anshun,pcc,pcc,core,,2026-09-03T07:00:06.934937+00:00,79,79,64,15,0,64,64,64,64,64,0,0,0,64,35,34,35,34,29,0,0,en,33,64,declared metadata; canonical identity and stream health not guaranteed
cmokkqqso0230qsccdsrkbx94,185354,bouyei-qianxi,"Bouyei, Qianxi",en,"Bouyei, Qianxi",pcc,pcc,core,,2026-09-03T07:00:06.934937+00:00,75,75,62,13,0,62,62,62,62,62,0,0,0,62,35,34,35,34,27,0,0,en,33,62,declared metadata; canonical identity and stream health not guaranteed
cmok1nac7010cqsv1d8e94zcl,140166,bozo-jenaama,"Bozo, Jenaama",bze|en,"Bozo, Jenaama",bze,bze,core,,2026-09-03T07:00:06.934937+00:00,76,76,62,14,0,62,62,62,62,62,0,0,0,62,35,34,35,34,27,0,0,en,33,62,declared metadata; canonical identity and stream health not guaranteed
cmok1n3ut00yuqsv16ajq8x56,139885,bozo-tigemaxo,"Bozo, Tigemaxo",boz|en,"Bozo, Tigemaxo",boz,boz,core,,2026-09-03T07:00:06.934937+00:00,76,76,62,14,0,62,62,62,62,62,0,0,0,62,35,34,35,34,27,0,0,en,33,62,declared metadata; canonical identity and stream health not guaranteed
cmokkvtfk03c3qscci5nov7ql,351,brahui,Brahui,brh|en,Brahui,brh,brh,core,,2026-09-03T07:00:06.934937+00:00,76,76,62,14,0,62,62,62,62,62,0,0,0,62,35,34,35,34,27,0,0,en,33,62,declared metadata; canonical identity and stream health not guaranteed
cmokkyw730441qsccp8t97zkj,5611,braj-bhasha,Braj Bhasha,bra|en,Braj Bhasha,bra,bra,core,,2026-09-03T07:00:06.934937+00:00,76,76,62,14,0,62,62,62,62,62,0,0,0,62,35,34,35,34,27,0,0,en,33,62,declared metadata; canonical identity and stream health not guaranteed
cmokkqumr023zqscc6sad8frw,1872,brazilian-sign-language,Brazilian Sign Language,en,Brazilian Sign Language,bzs,bzs,core,,2026-09-03T07:00:06.934937+00:00,8,8,1,7,0,1,1,1,1,1,0,0,0,1,1,1,1,1,0,0,0,en,1,1,declared metadata; canonical identity and stream health not guaranteed
cmok1rt8b022oqsv16xi0303w,158608,brezhoneg,Brezhoneg,br|en,Brezhoneg,br,bre,core,,2026-09-03T07:00:06.934937+00:00,76,76,62,14,0,62,62,62,62,62,0,0,0,62,35,34,35,34,27,0,0,en,33,62,declared metadata; canonical identity and stream health not guaranteed
cmokl0ibi04i2qscccxxdjizf,7371,bru-eastern,"Bru, Eastern",bru|en,"Bru, Eastern",bru,bru,core,,2026-09-03T07:00:06.934937+00:00,76,76,62,14,0,62,62,62,62,62,0,0,0,62,35,34,35,34,27,0,0,en,33,62,declared metadata; canonical identity and stream health not guaranteed
f562a983-0a1b-4d59-8569-1ef201a11702,185256,bru-van-kieu,Bru Van Kieu,en,Bru Van Kieu,bru,bru,core,,2026-09-03T07:00:06.934937+00:00,75,75,62,13,0,62,62,62,62,62,0,0,0,62,35,34,35,34,27,0,0,en,33,62,declared metadata; canonical identity and stream health not guaranteed
cmokkuny8031vqsccw8omdo5c,24092,budu-koya,"Budu, Koya",buu-x-Koya|en,"Budu, Koya",buu-x-Koya,buu,core,,2026-09-03T07:00:06.934937+00:00,76,76,62,14,0,62,62,62,62,62,0,0,0,62,35,34,35,34,27,0,0,en,33,62,declared metadata; canonical identity and stream health not guaranteed
cmokkunl2031sqscczailav97,24091,budu-nita,"Budu, Nita",buu-x-Nita|en,"Budu, Nita",buu-x-Nita,buu,core,,2026-09-03T07:00:06.934937+00:00,76,76,62,14,0,62,62,62,62,62,0,0,0,62,35,34,35,34,27,0,0,en,33,62,declared metadata; canonical identity and stream health not guaranteed
cmok1rpoo021uqsv19kiik8px,15667,budza,Budza,bja|en,Budza,bja,bja,core,,2026-09-03T07:00:06.934937+00:00,79,79,64,15,0,64,64,64,64,64,0,0,0,64,35,34,35,34,29,0,0,en,33,64,declared metadata; canonical identity and stream health not guaranteed
cmok1t3ms02dlqsv1o0aiggat,17645,bugis,Bugis,bug|en,Bugis,bug,bug,core,,2026-09-03T07:00:06.934937+00:00,76,76,62,14,0,62,62,62,62,62,0,0,0,62,35,34,35,34,27,0,0,en,33,62,declared metadata; canonical identity and stream health not guaranteed
cmokkqbot01ziqsccx5auj3sq,185058,bugis-soppeng,"Bugis, Soppeng",bug|en,"Bugis, Soppeng",bug,bug,core,,2026-09-03T07:00:06.934937+00:00,76,76,62,14,0,62,62,62,62,62,0,0,0,62,35,34,35,34,27,0,0,en,33,62,declared metadata; canonical identity and stream health not guaranteed
cmokkq1oo01x5qscc7lgygyyw,184845,bugkalot,Bugkalot,en,Bugkalot,ilk,ilk,core,,2026-09-03T07:00:06.934937+00:00,79,79,64,15,0,64,64,64,64,64,0,0,0,64,35,34,35,34,29,0,0,en,33,64,declared metadata; canonical identity and stream health not guaranteed
cmok1k2lf007xqsv1on0q0k1f,10601,buglere,Buglere,en,Buglere,sab,sab,core,,2026-09-03T07:00:06.934937+00:00,76,76,62,14,0,62,62,62,62,62,0,0,0,62,35,34,35,34,27,0,0,en,33,62,declared metadata; canonical identity and stream health not guaranteed
cmokl07sx04fiqscc58bmbtpk,6934,bukharian,Bukharian,bhh|en,Bukharian,bhh,bhh,core,,2026-09-03T07:00:06.934937+00:00,76,76,62,14,0,62,62,62,62,62,0,0,0,62,35,34,35,34,27,0,0,en,33,62,declared metadata; canonical identity and stream health not guaranteed
cmokku2eh02wxqsccaq7nmrrn,23325,buksa,Buksa,en,Buksa,tkb,tkb,core,,2026-09-03T07:00:06.934937+00:00,76,76,62,14,0,62,62,62,62,62,0,0,0,62,35,34,35,34,27,0,0,en,33,62,declared metadata; canonical identity and stream health not guaranteed
cmokkr8gh027eqscc4jo54ho8,19606,bukusu,Bukusu,bxk|en,Bukusu,bxk,bxk,core,,2026-09-03T07:00:06.934937+00:00,76,76,62,14,0,62,62,62,62,62,0,0,0,62,35,34,35,34,27,0,0,en,33,62,declared metadata; canonical identity and stream health not guaranteed
cmokkr9pb027pqscchpu4o48t,1964,bulgarian,Bulgarian,bg|en,Bulgarian,bg,bul,core,,2026-09-03T07:00:06.934937+00:00,192,192,168,21,3,168,168,168,168,168,0,0,0,168,103,97,81,77,65,0,0,bg,0,0,declared metadata; canonical identity and stream health not guaranteed
cmokkr8v3027hqscc4odaflif,19610,buli,Buli,en,Buli,bwu,bwu,core,,2026-09-03T07:00:06.934937+00:00,76,76,62,14,0,62,62,62,62,62,0,0,0,62,35,34,35,34,27,0,0,en,33,62,declared metadata; canonical identity and stream health not guaranteed
cmokkvlkc03a3qsccetlx7yvh,2884,bulu,Bulu,en,Bulu,bum,bum,core,,2026-09-03T07:00:06.934937+00:00,76,76,62,14,0,62,62,62,62,62,0,0,0,62,35,34,35,34,27,0,0,en,33,62,declared metadata; canonical identity and stream health not guaranteed
cmok1n4xf00z3qsv107u0ur8k,139916,bulusu,Bulusu,bqr|en,Bulusu,bqr,bqr,core,,2026-09-03T07:00:06.934937+00:00,76,76,62,14,0,62,62,62,62,62,0,0,0,62,35,34,35,34,27,0,0,en,33,62,declared metadata; canonical identity and stream health not guaranteed
cmok1n2hv00yiqsv1xg80khog,139792,bum,Bum,bmv|en,Bum,bmv,bmv,core,,2026-09-03T07:00:06.934937+00:00,79,79,64,15,0,64,64,64,64,64,0,0,0,64,35,34,35,34,29,0,0,en,33,64,declared metadata; canonical identity and stream health not guaranteed
cmokks2tx02ewqsccyc8xlkgb,20587,bundel-khandi,Bundel Khandi,bns|en,Bundel Khandi,bns,bns,core,,2026-09-03T07:00:06.934937+00:00,82,82,67,14,1,67,67,67,67,67,0,0,0,67,35,34,35,34,32,0,0,en,33,67,declared metadata; canonical identity and stream health not guaranteed
cmokl2rcs051wqscc2lrjktj1,99933,bungu,Bungu,en,Bungu,wun,wun,core,,2026-09-03T07:00:06.934937+00:00,76,76,62,14,0,62,62,62,62,62,0,0,0,62,35,34,35,34,27,0,0,en,33,62,declared metadata; canonical identity and stream health not guaranteed
cmok1srfl02aqqsv1zwzglel6,17373,buol,Buol,blf|en,Buol,blf,blf,core,,2026-09-03T07:00:06.934937+00:00,76,76,62,14,0,62,62,62,62,62,0,0,0,62,35,34,35,34,27,0,0,en,33,62,declared metadata; canonical identity and stream health not guaranteed
cmok1jtwl005tqsv1659r6tgv,10343,bura-pabir,Bura-Pabir,bwr|en,Bura-Pabir,bwr,bwr,core,,2026-09-03T07:00:06.934937+00:00,76,76,62,14,0,62,62,62,62,62,0,0,0,62,35,34,35,34,27,0,0,en,33,62,declared metadata; canonical identity and stream health not guaranteed
cmokkp2zx01ouqsccg94600e1,18321,buriat-russia,"Buriat, Russia",bxr|en,"Buriat, Russia",bxr,bxr,core,,2026-09-03T07:00:06.934937+00:00,151,151,131,18,2,131,131,131,131,131,0,0,0,131,81,76,59,56,50,0,0,en,55,131,declared metadata; canonical identity and stream health not guaranteed
cmok1l1f400gkqsv16lt62dc3,1254,burmese,Burmese,en|my,Burmese,my,mya,core,,2026-09-03T07:00:06.934937+00:00,99,99,83,16,0,83,83,83,83,83,0,0,0,83,37,34,37,34,46,0,0,my,0,0,declared metadata; canonical identity and stream health not guaranteed
cmokkq47u01xqqsccbdz6fjt1,184855,burmese-common,"Burmese, Common",en,"Burmese, Common",mya,mya,core,,2026-09-03T07:00:06.934937+00:00,77,77,63,14,0,63,63,63,63,63,0,0,0,63,36,35,36,35,27,0,0,en,34,63,declared metadata; canonical identity and stream health not guaranteed
cmokkuw6e033vqscc72j59p0g,24293,burmese-musselmani,Burmese Musselmani,en|my,Burmese Musselmani,my,mya,core,,2026-09-03T07:00:06.934937+00:00,76,76,62,14,0,62,62,62,62,62,0,0,0,62,35,34,35,34,27,0,0,my,0,0,declared metadata; canonical identity and stream health not guaranteed
cmokkq3uj01xnqscc5ow7e6ku,184854,burmese-standard,"Burmese, Standard",en,"Burmese, Standard",mya,mya,core,,2026-09-03T07:00:06.934937+00:00,180,180,159,19,2,159,159,159,159,159,0,0,0,159,95,88,73,68,64,0,0,en,64,157,declared metadata; canonical identity and stream health not guaranteed
cmok1mvfy00wuqsv14s12miaw,139538,burun,Burun,bdi|en,Burun,bdi,bdi,core,,2026-09-03T07:00:06.934937+00:00,79,79,64,15,0,64,64,64,64,64,0,0,0,64,35,34,35,34,29,0,0,en,33,64,declared metadata; canonical identity and stream health not guaranteed
cmok1mw5400x0qsv19tukpj8y,139544,burunge,Burunge,bds|en,Burunge,bds,bds,core,,2026-09-03T07:00:06.934937+00:00,76,76,62,14,0,62,62,62,62,62,0,0,0,62,35,34,35,34,27,0,0,en,33,62,declared metadata; canonical identity and stream health not guaranteed
cmok1k1ew007mqsv1jxrfvyee,10570,burushaski,Burushaski,bsk|en,Burushaski,bsk,bsk,core,,2026-09-03T07:00:06.934937+00:00,76,76,62,14,0,62,62,62,62,62,0,0,0,62,35,34,35,34,27,0,0,en,33,62,declared metadata; canonical identity and stream health not guaranteed
cmokkxcc703q0qscchi9wx5au,49141,buurak,Buurak,bys|en,Buurak,bys,bys,core,,2026-09-03T07:00:06.934937+00:00,76,76,62,14,0,62,62,62,62,62,0,0,0,62,35,34,35,34,27,0,0,en,33,62,declared metadata; canonical identity and stream health not guaranteed
cmokkscxz02hjqscctgy23i1i,2074,bwamu-laa-laa,"Bwamu, Laa Laa",bwj|en,"Bwamu, Laa Laa",bwj,bwj,core,,2026-09-03T07:00:06.934937+00:00,76,76,62,14,0,62,62,62,62,62,0,0,0,62,35,34,35,34,27,0,0,en,33,62,declared metadata; canonical identity and stream health not guaranteed
cmokl1wvp04ulqscct1db4v5q,9491,bwazza,Bwazza,en,Bwazza,mbu,mbu,core,,2026-09-03T07:00:06.934937+00:00,76,76,62,14,0,62,62,62,62,62,0,0,0,62,35,34,35,34,27,0,0,en,33,62,declared metadata; canonical identity and stream health not guaranteed
cmok1n9lh0106qsv17nuy9aee,140126,cabecar,Cabecar,en,Cabecar,cjp,cjp,core,,2026-09-03T07:00:06.934937+00:00,76,76,62,14,0,62,62,62,62,62,0,0,0,62,35,34,35,34,27,0,0,en,33,62,declared metadata; canonical identity and stream health not guaranteed
cmokkymwj041oqsccnw0mmrnf,5439,cakchiquel-central,"Cakchiquel, Central",en,"Cakchiquel, Central",cak,cak,core,,2026-09-03T07:00:06.934937+00:00,105,105,86,19,0,86,86,86,86,86,0,0,0,86,48,46,48,46,38,0,0,cak,0,0,declared metadata; canonical identity and stream health not guaranteed
cmokkyi09040hqsccnhythsn6,5397,cakchiquel-eastern,"Cakchiquel, Eastern",en,"Cakchiquel, Eastern",cak,cak,core,,2026-09-03T07:00:06.934937+00:00,76,76,62,14,0,62,62,62,62,62,0,0,0,62,35,34,35,34,27,0,0,cak,0,0,declared metadata; canonical identity and stream health not guaranteed
cmokkymkn041lqscc22e2oa0q,5437,cakchiquel-south-central,"Cakchiquel, South Central",en,"Cakchiquel, South Central",cak,cak,core,,2026-09-03T07:00:06.934937+00:00,79,79,64,15,0,64,64,64,64,64,0,0,0,64,35,34,35,34,29,0,0,cak,0,0,declared metadata; canonical identity and stream health not guaranteed
cmokkyhmf040eqsccusdtux81,5392,cakchiquel-western,"Cakchiquel, Western",en,"Cakchiquel, Western",cak,cak,core,,2026-09-03T07:00:06.934937+00:00,151,151,132,17,2,132,132,132,132,132,0,0,0,132,80,75,58,55,52,0,0,cak,0,0,declared metadata; canonical identity and stream health not guaranteed
cmok1jjl2003cqsv1ul8pppch,101512,canela,Canela,en,Canela,ram,ram,core,,2026-09-03T07:00:06.934937+00:00,76,76,62,14,0,62,62,62,62,62,0,0,0,62,35,34,35,34,27,0,0,en,33,62,declared metadata; canonical identity and stream health not guaranteed
cmokks3iy02f2qscccxp41for,20601,cantonese,Cantonese,en|yue,Cantonese,yue,yue,core,,2026-09-03T07:00:06.934937+00:00,349,349,310,31,8,310,310,310,310,310,0,0,0,310,142,133,120,113,168,0,0,yue,0,0,declared metadata; canonical identity and stream health not guaranteed
cmok1o1j9016tqsv15xgsemkh,141267,capanahua,Capanahua,en,Capanahua,kaq,kaq,core,,2026-09-03T07:00:06.934937+00:00,79,79,63,16,0,63,63,63,63,63,0,0,0,63,35,34,35,34,28,0,0,en,33,63,declared metadata; canonical identity and stream health not guaranteed
cmokkyckb03z5qscc8m8r7fbe,53421,carib-eastern,"Carib, Eastern",en,"Carib, Eastern",car-x-Eastern,car,core,,2026-09-03T07:00:06.934937+00:00,76,76,62,14,0,62,62,62,62,62,0,0,0,62,35,34,35,34,27,0,0,en,33,62,declared metadata; canonical identity and stream health not guaranteed
cmokkxyp803vlqsccf7vt05p7,531,catalan-valencian-balear,Catalan-Valencian-Balear,ca|en,Catalan-Valencian-Balear,ca,cat,core,,2026-09-03T07:00:06.934937+00:00,168,168,147,18,3,147,147,147,147,147,0,0,0,147,81,76,59,56,66,0,0,ca,0,0,declared metadata; canonical identity and stream health not guaranteed
cmok1lg1x00k2qsv1f4k4togy,12784,cebuano,Cebuano,ceb|en,Cebuano,ceb,ceb,core,,2026-09-03T07:00:06.934937+00:00,131,131,110,19,2,110,110,110,110,110,0,0,0,110,66,62,54,51,44,0,0,ceb,0,0,declared metadata; canonical identity and stream health not guaranteed
cmokksp5g02kmqsccusvzy0ds,20899,central-asian-russian,Central Asian Russian,en|ru-143,Central Asian Russian,ru-143,rus,core,,2026-09-03T07:00:06.934937+00:00,192,192,168,22,2,168,168,168,168,168,0,0,0,168,104,98,82,78,64,0,0,ru,74,166,declared metadata; canonical identity and stream health not guaranteed
cmok1ry2x023vqsv1e4b0wblr,159546,central-buang,Central Buang,en,Central Buang,bzh,bzh,core,,2026-09-03T07:00:06.934937+00:00,76,76,62,14,0,62,62,62,62,62,0,0,0,62,35,34,35,34,27,0,0,en,33,62,declared metadata; canonical identity and stream health not guaranteed
cmokks96x02glqsccfyx7m8mj,2067,cerma,Cerma,en,Cerma,cme,cme,core,,2026-09-03T07:00:06.934937+00:00,82,82,67,14,1,67,67,67,67,67,0,0,0,67,39,38,39,38,28,0,0,en,37,67,declared metadata; canonical identity and stream health not guaranteed
cmokkwuye03loqsccipkpwowt,4501,chachi,Chachi,en,Chachi,cbi,cbi,core,,2026-09-03T07:00:06.934937+00:00,76,76,62,14,0,62,62,62,62,62,0,0,0,62,35,34,35,34,27,0,0,en,33,62,declared metadata; canonical identity and stream health not guaranteed
cmok1rxpc023sqsv1nefs4069,159392,chakfem,Chakfem,en,Chakfem,cky,cky,core,,2026-09-03T07:00:06.934937+00:00,76,76,62,14,0,62,62,62,62,62,0,0,0,62,35,34,35,34,27,0,0,en,33,62,declared metadata; canonical identity and stream health not guaranteed
cmok1kzvt00g6qsv1prv1ai5b,1253,chakma,Chakma,en,Chakma,ccp,ccp,core,,2026-09-03T07:00:06.934937+00:00,76,76,62,14,0,62,62,62,62,62,0,0,0,62,35,34,35,34,27,0,0,en,33,62,declared metadata; canonical identity and stream health not guaranteed
cmokks37702ezqsccb3dsjz5w,20592,chaldean,Chaldean,en,Chaldean,cld,cld,core,,2026-09-03T07:00:06.934937+00:00,132,132,116,15,1,116,116,116,116,116,0,0,0,116,67,63,57,54,49,0,0,en,53,116,declared metadata; canonical identity and stream health not guaranteed
cmokkr1a6025kqscc0pm6aqcg,19372,cham-eastern,"Cham, Eastern",en,"Cham, Eastern",cjm,cjm,core,,2026-09-03T07:00:06.934937+00:00,76,76,62,14,0,62,62,62,62,62,0,0,0,62,35,34,35,34,27,0,0,en,33,62,declared metadata; canonical identity and stream health not guaranteed
cmokkt4v002omqscc3bsx2vhb,2145,cham-western,"Cham, Western",en,"Cham, Western",cja,cja,core,,2026-09-03T07:00:06.934937+00:00,76,76,62,14,0,62,62,62,62,62,0,0,0,62,35,34,35,34,27,0,0,en,33,62,declared metadata; canonical identity and stream health not guaranteed
cmok1n99t0103qsv1au7pmozi,140087,chamacoco,Chamacoco,en,Chamacoco,ceg,ceg,core,,2026-09-03T07:00:06.934937+00:00,76,76,62,14,0,62,62,62,62,62,0,0,0,62,35,34,35,34,27,0,0,en,33,62,declared metadata; canonical identity and stream health not guaranteed
cmokl296n04xiqsccrvfxqo89,97720,chamari,Chamari,en,Chamari,cdg,cdg,core,,2026-09-03T07:00:06.934937+00:00,76,76,62,14,0,62,62,62,62,62,0,0,0,62,35,34,35,34,27,0,0,en,33,62,declared metadata; canonical identity and stream health not guaranteed
cmok1rwoc023jqsv15k0wb74k,159038,chamba-daka,Chamba Daka,en,Chamba Daka,ccg,ccg,core,,2026-09-03T07:00:06.934937+00:00,76,76,62,14,0,62,62,62,62,62,0,0,0,62,35,34,35,34,27,0,0,en,33,62,declared metadata; canonical identity and stream health not guaranteed
cmokkyysa044oqsccn5s7vr23,5652,chambeali,Chambeali,en,Chambeali,cdh,cdh,core,,2026-09-03T07:00:06.934937+00:00,76,76,62,14,0,62,62,62,62,62,0,0,0,62,35,34,35,34,27,0,0,en,33,62,declared metadata; canonical identity and stream health not guaranteed
cmokkxf7t03qrqscccjdpbn25,50165,chamling,Chamling,en,Chamling,rab,rab,core,,2026-09-03T07:00:06.934937+00:00,76,76,62,14,0,62,62,62,62,62,0,0,0,62,35,34,35,34,27,0,0,en,33,62,declared metadata; canonical identity and stream health not guaranteed
cmokkyh4j0409qsccx2cxz1ns,5379,chamorro,Chamorro,ch|en,Chamorro,ch,cha,core,,2026-09-03T07:00:06.934937+00:00,105,105,86,19,0,86,86,86,86,86,0,0,0,86,48,46,48,46,38,0,0,ch,0,0,declared metadata; canonical identity and stream health not guaranteed
cmok1ncfc010uqsv1r54k00vz,140248,chara,Chara,en,Chara,cra,cra,core,,2026-09-03T07:00:06.934937+00:00,76,76,62,14,0,62,62,62,62,62,0,0,0,62,35,34,35,34,27,0,0,en,33,62,declared metadata; canonical identity and stream health not guaranteed
cmokkutu50339qsccf7w6to7z,24223,chasu-pare,Chasu-Pare,asa|en,Chasu-Pare,asa,asa,core,,2026-09-03T07:00:06.934937+00:00,76,76,62,14,0,62,62,62,62,62,0,0,0,62,35,34,35,34,27,0,0,en,33,62,declared metadata; canonical identity and stream health not guaranteed
cmok1mgy700tcqsv1nqeh3eqs,139131,chatgaya-chittagonian-hindu,Chatgaya Chittagonian Hindu,en,Chatgaya Chittagonian Hindu,ctg,ctg,core,,2026-09-03T07:00:06.934937+00:00,146,146,129,15,2,129,129,129,129,129,0,0,0,129,68,64,58,55,61,0,0,en,54,129,declared metadata; canonical identity and stream health not guaranteed
cmokkt7rc02pcqsccmmmvixrj,21674,chatgaya-chittagonian-muslim,Chatgaya Chittagonian Muslim,en,Chatgaya Chittagonian Muslim,ctg,ctg,core,,2026-09-03T07:00:06.934937+00:00,145,145,128,15,2,128,128,128,128,128,0,0,0,128,67,63,57,54,61,0,0,en,53,128,declared metadata; canonical identity and stream health not guaranteed
cmokl1bl004peqsccf7n3chpg,8282,chatino-nopala,"Chatino, Nopala",en,"Chatino, Nopala",cya,cya,core,,2026-09-03T07:00:06.934937+00:00,76,76,62,14,0,62,62,62,62,62,0,0,0,62,35,34,35,34,27,0,0,en,33,62,declared metadata; canonical identity and stream health not guaranteed
cmokl1b9804pbqsccsh7g4z0m,8281,chatino-zenzontepec,"Chatino, Zenzontepec",en,"Chatino, Zenzontepec",czn,czn,core,,2026-09-03T07:00:06.934937+00:00,76,76,62,14,0,62,62,62,62,62,0,0,0,62,35,34,35,34,27,0,0,en,33,62,declared metadata; canonical identity and stream health not guaranteed
cmok1lgjl00k7qsv1wf5mmgrc,12791,chavacano,Chavacano,en,Chavacano,cbk,cbk,core,,2026-09-03T07:00:06.934937+00:00,76,76,62,14,0,62,62,62,62,62,0,0,0,62,35,34,35,34,27,0,0,en,33,62,declared metadata; canonical identity and stream health not guaranteed
cmokl0a5404g2qsccq50ogmq1,7139,chechen,Chechen,ce|en,Chechen,ce,che,core,,2026-09-03T07:00:06.934937+00:00,78,78,63,15,0,63,63,63,63,63,0,0,0,63,35,34,35,34,28,0,0,ce,0,0,declared metadata; canonical identity and stream health not guaranteed
cmok1q79101oqqsv14voeb6fr,144083,cheke-holo,Cheke Holo,en,Cheke Holo,mrn,mrn,core,,2026-09-03T07:00:06.934937+00:00,79,79,63,16,0,63,63,63,63,63,0,0,0,63,35,34,35,34,28,0,0,en,33,63,declared metadata; canonical identity and stream health not guaranteed
cmokkv6oh036eqsccg9tvtj1m,25991,cherepon,Okere,en,Okere,cpn,cpn,core,,2026-09-03T07:00:06.934937+00:00,76,76,62,14,0,62,62,62,62,62,0,0,0,62,35,34,35,34,27,0,0,en,33,62,declared metadata; canonical identity and stream health not guaranteed
cmokkzy3t04cyqscc9a7ub4qq,6463,chhattisgarhi,Chhattisgarhi,en|hne,Chhattisgarhi,hne,hne,core,,2026-09-03T07:00:06.934937+00:00,154,154,135,16,3,135,135,135,135,135,0,0,0,135,80,75,58,55,55,0,0,en,54,135,declared metadata; canonical identity and stream health not guaranteed
cmok1mhlv00tiqsv1agch1k7w,139134,chibi-setentrional,"Chibi, Setentrional",en,"Chibi, Setentrional",rmq,rmq,core,,2026-09-03T07:00:06.934937+00:00,79,79,64,15,0,64,64,64,64,64,0,0,0,64,35,34,35,34,29,0,0,en,33,64,declared metadata; canonical identity and stream health not guaranteed
cmokksm9102jtqsccvnehgk48,20857,chichewa,Chichewa,en|ny,Chichewa,ny,nya,core,,2026-09-03T07:00:06.934937+00:00,327,327,294,28,5,294,294,294,294,294,0,0,0,294,130,121,108,101,164,0,0,ny,0,0,declared metadata; canonical identity and stream health not guaranteed
cmok1s8850267qsv11ec3dkow,163660,chikunda,Chikunda,en,Chikunda,kdn,kdn,core,,2026-09-03T07:00:06.934937+00:00,79,79,64,15,0,64,64,64,64,64,0,0,0,64,35,34,35,34,29,0,0,en,33,64,declared metadata; canonical identity and stream health not guaranteed
cmokkvovb03azqsccmcgg2xi3,3099,chilcotin,Chilcotin,en,Chilcotin,clc,clc,core,,2026-09-03T07:00:06.934937+00:00,76,76,62,14,0,62,62,62,62,62,0,0,0,62,35,34,35,34,27,0,0,en,33,62,declared metadata; canonical identity and stream health not guaranteed
cmok1kkox00cgqsv1ywtqpehv,1181,chin-asho,"Chin, Asho",en,"Chin, Asho",csh,csh,core,,2026-09-03T07:00:06.934937+00:00,76,76,62,14,0,62,62,62,62,62,0,0,0,62,35,34,35,34,27,0,0,en,33,62,declared metadata; canonical identity and stream health not guaranteed
cmok1km4k00csqsv1b6pkc8mi,1192,chin-falam,"Chin, Falam",en,"Chin, Falam",cfm,cfm,core,,2026-09-03T07:00:06.934937+00:00,76,76,62,14,0,62,62,62,62,62,0,0,0,62,35,34,35,34,27,0,0,en,33,62,declared metadata; canonical identity and stream health not guaranteed
cmok1kz6o00g0qsv1awt7ajky,1252,chin-khumi,"Chin, Khumi",en,"Chin, Khumi",cnk,cnk,core,,2026-09-03T07:00:06.934937+00:00,76,76,62,14,0,62,62,62,62,62,0,0,0,62,35,34,35,34,27,0,0,en,33,62,declared metadata; canonical identity and stream health not guaranteed
cmokl1oba04sfqscce3rcteuy,8746,chin-mun,"Chin, Mun",en,"Chin, Mun",mwq,mwq,core,,2026-09-03T07:00:06.934937+00:00,76,76,62,14,0,62,62,62,62,62,0,0,0,62,35,34,35,34,27,0,0,en,33,62,declared metadata; canonical identity and stream health not guaranteed
cmokkzcoi0486qsccekn4dvjx,5961,chin-paite,"Chin, Paite",en,"Chin, Paite",pck,pck,core,,2026-09-03T07:00:06.934937+00:00,76,76,62,14,0,62,62,62,62,62,0,0,0,62,35,34,35,34,27,0,0,en,33,62,declared metadata; canonical identity and stream health not guaranteed
cmokl28qt04xfqsccaz1u7ia1,97686,chinantec-usila,"Chinantec, Usila",en,"Chinantec, Usila",cuc,cuc,core,,2026-09-03T07:00:06.934937+00:00,76,76,62,14,0,62,62,62,62,62,0,0,0,62,35,34,35,34,27,0,0,en,33,62,declared metadata; canonical identity and stream health not guaranteed
cmokl1gu404qjqsccqpp1gnm2,8343,chinanteco-quiotepec,"Chinanteco, Quiotepec",en,"Chinanteco, Quiotepec",chq,chq,core,,2026-09-03T07:00:06.934937+00:00,76,76,62,14,0,62,62,62,62,62,0,0,0,62,35,34,35,34,27,0,0,en,33,62,declared metadata; canonical identity and stream health not guaranteed
cmokl0wec04loqsccmzbee9tk,7922,chinanteco-tepetotutla,"Chinanteco, Tepetotutla",en,"Chinanteco, Tepetotutla",cnt,cnt,core,,2026-09-03T07:00:06.934937+00:00,76,76,62,14,0,62,62,62,62,62,0,0,0,62,35,34,35,34,27,0,0,en,33,62,declared metadata; canonical identity and stream health not guaranteed
cmokl0wrq04lrqsccyy6ttjj8,7926,chinanteco-tlacoatzintepec,"Chinanteco, Tlacoatzintepec",en,"Chinanteco, Tlacoatzintepec",ctl,ctl,core,,2026-09-03T07:00:06.934937+00:00,76,76,62,14,0,62,62,62,62,62,0,0,0,62,35,34,35,34,27,0,0,en,33,62,declared metadata; canonical identity and stream health not guaranteed
cmokky6sp03xoqsccknngmxz7,53352,chinese-guiliu,"Chinese, Guiliu",en|zh-x-Guiliu,"Chinese, Guiliu",zh-x-Guiliu,cmn,core,,2026-09-03T07:00:06.934937+00:00,76,76,62,14,0,62,62,62,62,62,0,0,0,62,35,34,35,34,27,0,0,zh,0,0,declared metadata; canonical identity and stream health not guaranteed
cmokkpgom01s8qsccvi9clabm,184515,chinese-hokkien-amoy,"Chinese, Hokkien Amoy",en|nan,"Chinese, Hokkien Amoy",nan,nan,core,,2026-09-03T07:00:06.934937+00:00,135,135,118,16,1,118,118,118,118,118,0,0,0,118,68,64,58,55,50,0,0,en,54,118,declared metadata; canonical identity and stream health not guaranteed
cmokkuoni0321qscc4sw8jqs7,24096,chinese-qinghai,"Chinese, Qinghai",cmn|en,"Chinese, Qinghai",cmn,cmn,core,,2026-09-03T07:00:06.934937+00:00,79,79,64,15,0,64,64,64,64,64,0,0,0,64,35,34,35,34,29,0,0,en,33,64,declared metadata; canonical identity and stream health not guaranteed
cmokktu5d02usqsccm1r1xdna,23062,chinese-sichuan,"Chinese, Sichuan",en|zh-CN-51,"Chinese, Sichuan",zh-CN-51,cmn,core,,2026-09-03T07:00:06.934937+00:00,76,76,62,14,0,62,62,62,62,62,0,0,0,62,35,34,35,34,27,0,0,zh,0,0,declared metadata; canonical identity and stream health not guaranteed
cmokkt99w02pqqscc3heqli2f,21754,chinese-simplified,"Chinese, Simplified",en|zh-hans,"Chinese, Simplified",zh-hans,cmn,core,,2026-09-03T07:00:06.934937+00:00,127,127,89,30,8,89,89,89,89,89,0,0,0,89,55,54,52,51,34,0,0,zh-Hans,0,0,declared metadata; canonical identity and stream health not guaranteed
cmokkt8si02plqsccx2n2fvs3,21753,chinese-traditional,"Chinese, Traditional",en|zh-hant,"Chinese, Traditional",zh-hant,cmn,core,,2026-09-03T07:00:06.934937+00:00,77,77,48,23,6,48,48,48,48,48,0,0,0,48,35,34,32,31,13,0,0,zh-Hant,0,0,declared metadata; canonical identity and stream health not guaranteed
cmokkttpx02unqsccr194p13v,23061,chinese-yunnan-kunming,"Chinese, Yunnan (Kunming)",en|zh-CN-53-x-Kunming,"Chinese, Yunnan (Kunming)",zh-CN-53-x-Kunming,cmn,core,,2026-09-03T07:00:06.934937+00:00,92,92,76,15,1,76,76,76,76,76,0,0,0,76,48,46,36,35,28,0,0,zh,0,0,declared metadata; canonical identity and stream health not guaranteed
cmokkrok802bcqsccfqrova8x,20084,chingoni,Chingoni,en,Chingoni,xnj,xnj,core,,2026-09-03T07:00:06.934937+00:00,76,76,62,14,0,62,62,62,62,62,0,0,0,62,35,34,35,34,27,0,0,en,33,62,declared metadata; canonical identity and stream health not guaranteed
cmokkx5su03ocqsccjlf6jthf,47429,chitembo,Chitembo,en,Chitembo,tbt,tbt,core,,2026-09-03T07:00:06.934937+00:00,76,76,62,14,0,62,62,62,62,62,0,0,0,62,35,34,35,34,27,0,0,en,33,62,declared metadata; canonical identity and stream health not guaranteed
cmok1se64027nqsv1bynoguqs,167552,chitwan-tharu,Chitwan Tharu,en,Chitwan Tharu,the,the,core,,2026-09-03T07:00:06.934937+00:00,76,76,62,14,0,62,62,62,62,62,0,0,0,62,35,34,35,34,27,0,0,en,33,62,declared metadata; canonical identity and stream health not guaranteed
cmokkyyet044lqsccabt5tmlp,5648,chodri,Chodri,en,Chodri,cdi,cdi,core,,2026-09-03T07:00:06.934937+00:00,76,76,62,14,0,62,62,62,62,62,0,0,0,62,35,34,35,34,27,0,0,en,33,62,declared metadata; canonical identity and stream health not guaranteed
cmokku7h602xsqsccqdttv17d,23492,chokwe-angola,"Chokwe, Angola",en,"Chokwe, Angola",cjk,cjk,core,,2026-09-03T07:00:06.934937+00:00,76,76,62,14,0,62,62,62,62,62,0,0,0,62,35,34,35,34,27,0,0,en,33,62,declared metadata; canonical identity and stream health not guaranteed
cmokku75102xpqscc3qpix77z,23491,chokwe-congo,"Chokwe, Congo",en,"Chokwe, Congo",cjk-CD,cjk,core,,2026-09-03T07:00:06.934937+00:00,76,76,62,14,0,62,62,62,62,62,0,0,0,62,35,34,35,34,27,0,0,en,33,62,declared metadata; canonical identity and stream health not guaranteed
cmokl1f4204q5qscc598j7fzn,8315,chol-tumbala,"Chol, Tumbala",en,"Chol, Tumbala",ctu,ctu,core,,2026-09-03T07:00:06.934937+00:00,76,76,62,14,0,62,62,62,62,62,0,0,0,62,35,34,35,34,27,0,0,en,33,62,declared metadata; canonical identity and stream health not guaranteed
cmokl0h4k04hrqsccn7o55zs1,7343,chonyi,Chonyi,en,Chonyi,coh,coh,core,,2026-09-03T07:00:06.934937+00:00,82,82,67,14,1,67,67,67,67,67,0,0,0,67,39,38,39,38,28,0,0,en,37,67,declared metadata; canonical identity and stream health not guaranteed
cmokl1ich04qxqscczl76oqz5,8420,chopi,Chopi,en,Chopi,cce,cce,core,,2026-09-03T07:00:06.934937+00:00,76,76,62,14,0,62,62,62,62,62,0,0,0,62,35,34,35,34,27,0,0,en,33,62,declared metadata; canonical identity and stream health not guaranteed
cmokkxsmt03u3qscckbub8al6,5232,chumburung,Chumburung,en,Chumburung,ncu,ncu,core,,2026-09-03T07:00:06.934937+00:00,76,76,62,14,0,62,62,62,62,62,0,0,0,62,35,34,35,34,27,0,0,en,33,62,declared metadata; canonical identity and stream health not guaranteed
cmokkyy36044iqscckojirzrd,5647,churahi,Churahi,en,Churahi,cdj,cdj,core,,2026-09-03T07:00:06.934937+00:00,76,76,62,14,0,62,62,62,62,62,0,0,0,62,35,34,35,34,27,0,0,en,33,62,declared metadata; canonical identity and stream health not guaranteed
cmok1mgkk00t9qsv18uwimuzq,139129,chuukese,Chuukese,en,Chuukese,chk,chk,core,,2026-09-03T07:00:06.934937+00:00,76,76,62,14,0,62,62,62,62,62,0,0,0,62,35,34,35,34,27,0,0,en,33,62,declared metadata; canonical identity and stream health not guaranteed
cmokkqs34023bqscc1wk9h2qx,18574,chuvash,Chuvash,cv|en,Chuvash,cv,chv,core,,2026-09-03T07:00:06.934937+00:00,78,78,63,15,0,63,63,63,63,63,0,0,0,63,35,34,35,34,28,0,0,en,33,63,declared metadata; canonical identity and stream health not guaranteed
cmokl1iq204r0qscce8fl0rf0,8426,chwabo,Chwabo,en,Chwabo,chw,chw,core,,2026-09-03T07:00:06.934937+00:00,76,76,62,14,0,62,62,62,62,62,0,0,0,62,35,34,35,34,27,0,0,en,33,62,declared metadata; canonical identity and stream health not guaranteed
cmok1t2f402dcqsv1fxdq614t,17626,cia-cia,Cia-Cia,en,Cia-Cia,cia,cia,core,,2026-09-03T07:00:06.934937+00:00,76,76,62,14,0,62,62,62,62,62,0,0,0,62,35,34,35,34,27,0,0,en,33,62,declared metadata; canonical identity and stream health not guaranteed
cmokkrf19028zqscc07k8g5z2,19766,cirebon,Cirebon,en,Cirebon,jv-x-Cirebon,jav,core,,2026-09-03T07:00:06.934937+00:00,76,76,62,14,0,62,62,62,62,62,0,0,0,62,35,34,35,34,27,0,0,en,33,62,declared metadata; canonical identity and stream health not guaranteed
cmokl1to804tuqscc2m59mles,9316,cishingini,Cishingini,asg|en,Cishingini,asg,asg,core,,2026-09-03T07:00:06.934937+00:00,76,76,62,14,0,62,62,62,62,62,0,0,0,62,35,34,35,34,27,0,0,en,33,62,declared metadata; canonical identity and stream health not guaranteed
cmokkuflj02zrqscci0fnry41,23874,clela,C'Lela,en,C'Lela,dri,dri,core,,2026-09-03T07:00:06.934937+00:00,76,76,62,14,0,62,62,62,62,62,0,0,0,62,35,34,35,34,27,0,0,en,33,62,declared metadata; canonical identity and stream health not guaranteed
cmokkp64w01pmqsccgc10j86v,184472,cofan,Cofan,en,Cofan,con,con,core,,2026-09-03T07:00:06.934937+00:00,76,76,62,14,0,62,62,62,62,62,0,0,0,62,35,34,35,34,27,0,0,en,33,62,declared metadata; canonical identity and stream health not guaranteed
cmokkugtp0302qscchspm6vfd,23924,cogui,Cogui,en,Cogui,kog,kog,core,,2026-09-03T07:00:06.934937+00:00,75,75,62,13,0,62,62,62,62,62,0,0,0,62,35,34,35,34,27,0,0,en,33,62,declared metadata; canonical identity and stream health not guaranteed
cmok1ojtg01apqsv1ymhwy50h,141796,col,Col,en,Col,liw,liw,core,,2026-09-03T07:00:06.934937+00:00,76,76,62,14,0,62,62,62,62,62,0,0,0,62,35,34,35,34,27,0,0,en,33,62,declared metadata; canonical identity and stream health not guaranteed
cmokkwhmo03iaqscce9zzk1hx,4247,colombian-sign-language,Colombian Sign Language,en,Colombian Sign Language,csn,csn,core,,2026-09-03T07:00:06.934937+00:00,8,8,1,7,0,1,1,1,1,1,0,0,0,1,1,1,1,1,0,0,0,en,1,1,declared metadata; canonical identity and stream health not guaranteed
cmok1rwco023gqsv10qkybio0,15903,comorian-shingazidja,"Comorian, Shingazidja",en,"Comorian, Shingazidja",zdj,zdj,core,,2026-09-03T07:00:06.934937+00:00,76,76,62,14,0,62,62,62,62,62,0,0,0,62,35,34,35,34,27,0,0,en,33,62,declared metadata; canonical identity and stream health not guaranteed
cmok1t5vj02e5qsv1sgnjuhlh,176906,cook-islands-maori,Cook Islands Maori,en,Cook Islands Maori,rar,rar,core,,2026-09-03T07:00:06.934937+00:00,79,79,64,15,0,64,64,64,64,64,0,0,0,64,35,34,35,34,29,0,0,en,33,64,declared metadata; canonical identity and stream health not guaranteed
cmokl1fiq04q8qsccoyqrphfg,8323,cora,Cora,en,Cora,crn,crn,core,,2026-09-03T07:00:06.934937+00:00,76,76,62,14,0,62,62,62,62,62,0,0,0,62,35,34,35,34,27,0,0,en,33,62,declared metadata; canonical identity and stream health not guaranteed
cmokkwnk303joqscc8s9d60hk,4394,costa-rican-sign-language,Costa Rican Sign Language,en,Costa Rican Sign Language,csr,csr,core,,2026-09-03T07:00:06.934937+00:00,8,8,1,7,0,1,1,1,1,1,0,0,0,1,1,1,1,1,0,0,0,en,1,1,declared metadata; canonical identity and stream health not guaranteed
cmokkvodv03auqsccntdbmlfm,3087,cree-western,"Cree, Western",crk|en,"Cree, Western",crk,crk,core,,2026-09-03T07:00:06.934937+00:00,76,76,62,14,0,62,62,62,62,62,0,0,0,62,35,34,35,34,27,0,0,crk,0,0,declared metadata; canonical identity and stream health not guaranteed
cmokktfll02rbqsccpegspopw,22335,crimean-tatar,Crimean Tatar,en,Crimean Tatar,crh,crh,core,,2026-09-03T07:00:06.934937+00:00,78,78,63,15,0,63,63,63,63,63,0,0,0,63,35,34,35,34,28,0,0,en,33,63,declared metadata; canonical identity and stream health not guaranteed
cmokkxien03rlqsccmzgffao2,5059,crioulo-upper-guinea,"Crioulo, Upper Guinea",en,"Crioulo, Upper Guinea",pov,pov,core,,2026-09-03T07:00:06.934937+00:00,122,122,101,19,2,101,101,101,101,101,0,0,0,101,61,59,61,59,40,0,0,en,55,99,declared metadata; canonical identity and stream health not guaranteed
cmok1k8ry009gqsv1z2b2syom,1109,croatian,Croatian,en|hr,Croatian,hr,hrv,core,,2026-09-03T07:00:06.934937+00:00,298,298,264,30,4,264,264,264,264,264,0,0,0,264,127,119,105,99,137,0,0,hr,0,0,declared metadata; canonical identity and stream health not guaranteed
cmok1k511008iqsv1okbapgbr,108102,csango,Csango,en,Csango,hu,hun,core,,2026-09-03T07:00:06.934937+00:00,92,92,76,15,1,76,76,76,76,76,0,0,0,76,48,46,36,35,28,0,0,hu,0,0,declared metadata; canonical identity and stream health not guaranteed
cmok1rxdh023pqsv1awt5ju6j,1592,cubeo,Cubeo,en,Cubeo,cub,cub,core,,2026-09-03T07:00:06.934937+00:00,76,76,62,14,0,62,62,62,62,62,0,0,0,62,35,34,35,34,27,0,0,en,33,62,declared metadata; canonical identity and stream health not guaranteed
cmokl1byd04phqscc9weud1r0,8284,cuicateco-tepeuxila,"Cuicateco, Tepeuxila",en,"Cuicateco, Tepeuxila",cux,cux,core,,2026-09-03T07:00:06.934937+00:00,76,76,62,14,0,62,62,62,62,62,0,0,0,62,35,34,35,34,27,0,0,en,33,62,declared metadata; canonical identity and stream health not guaranteed
cmokkw07c03dtqscc5ypzqx21,3792,cun,Cun,en,Cun,cuq,cuq,core,,2026-09-03T07:00:06.934937+00:00,75,75,62,13,0,62,62,62,62,62,0,0,0,62,35,34,35,34,27,0,0,en,33,62,declared metadata; canonical identity and stream health not guaranteed
cmok1o5vr017vqsv1np2hpi6h,141382,curripaco,Curripaco,en,Curripaco,kpc,kpc,core,,2026-09-03T07:00:06.934937+00:00,79,79,63,16,0,63,63,63,63,63,0,0,0,63,35,34,35,34,28,0,0,en,33,63,declared metadata; canonical identity and stream health not guaranteed
cmok1lf6e00juqsv13nxtfpok,12773,cuyonon,Cuyonon,en,Cuyonon,cyo,cyo,core,,2026-09-03T07:00:06.934937+00:00,80,80,64,16,0,64,64,64,64,64,0,0,0,64,35,34,35,34,29,0,0,en,33,64,declared metadata; canonical identity and stream health not guaranteed
cmokkwod903jwqscco4u56mx5,4432,czech,Czech,cs|en,Czech,cs,ces,core,,2026-09-03T07:00:06.934937+00:00,337,337,306,28,3,306,306,306,306,306,0,0,0,306,144,135,122,115,162,0,0,cs,0,0,declared metadata; canonical identity and stream health not guaranteed
cmokkql4o021pqsccmjg2ycwl,185232,daani,Daani,bmq|en,Daani,bmq,bmq,core,,2026-09-03T07:00:06.934937+00:00,76,76,62,14,0,62,62,62,62,62,0,0,0,62,35,34,35,34,27,0,0,en,33,62,declared metadata; canonical identity and stream health not guaranteed
cmokl2brm04y5qscc5bq05xkc,97941,daasanach,Daasanach,en,Daasanach,dsh,dsh,core,,2026-09-03T07:00:06.934937+00:00,79,79,64,15,0,64,64,64,64,64,0,0,0,64,35,34,35,34,29,0,0,en,33,64,declared metadata; canonical identity and stream health not guaranteed
cmokkvkup039xqsccysld1mgw,2865,daba,Daba,en,Daba,dbq,dbq,core,,2026-09-03T07:00:06.934937+00:00,76,76,62,14,0,62,62,62,62,62,0,0,0,62,35,34,35,34,27,0,0,en,33,62,declared metadata; canonical identity and stream health not guaranteed
cmokky79u03xtqscckmzmy3b5,53355,dadeldhureli,Dadeldhureli,en,Dadeldhureli,dty,dty,core,,2026-09-03T07:00:06.934937+00:00,76,76,62,14,0,62,62,62,62,62,0,0,0,62,35,34,35,34,27,0,0,en,33,62,declared metadata; canonical identity and stream health not guaranteed
cmok1jtkx005qqsv1un7b2imy,10292,dadiya,Dadiya,en,Dadiya,dbd,dbd,core,,2026-09-03T07:00:06.934937+00:00,76,76,62,14,0,62,62,62,62,62,0,0,0,62,35,34,35,34,27,0,0,en,33,62,declared metadata; canonical identity and stream health not guaranteed
cmokktdr802quqscc9wrvj2y6,22197,dagaari-northern,Dagara,en,Dagara,dgi,dgi,core,,2026-09-03T07:00:06.934937+00:00,0,0,0,0,0,0,0,0,0,0,0,0,0,0,0,0,0,0,0,0,0,en,0,0,declared metadata; canonical identity and stream health not guaranteed
cmokkxpq903tfqsccvaie07lx,5188,dagaari-southern,"Dagaari, Southern",en,"Dagaari, Southern",dga,dga,core,,2026-09-03T07:00:06.934937+00:00,76,76,62,14,0,62,62,62,62,62,0,0,0,62,35,34,35,34,27,0,0,en,33,62,declared metadata; canonical identity and stream health not guaranteed
cmok1kidk00buqsv1awsrle76,116416,dagara,Dagara,en,Dagara,dga,dga,core,,2026-09-03T07:00:06.934937+00:00,75,75,62,13,0,62,62,62,62,62,0,0,0,62,35,34,35,34,27,0,0,en,33,62,declared metadata; canonical identity and stream health not guaranteed
cmokkpwg501vxqsccoupuymk1,184814,dagbanli,Dagbanli,en,Dagbanli,dag,dag,core,,2026-09-03T07:00:06.934937+00:00,82,82,67,14,1,67,67,67,67,67,0,0,0,67,39,38,39,38,28,0,0,en,37,67,declared metadata; canonical identity and stream health not guaranteed
cmokkypcb0429qscccatks05e,5462,dan,Dan,en,Dan,dnj,dnj,core,,2026-09-03T07:00:06.934937+00:00,82,82,67,14,1,67,67,67,67,67,0,0,0,67,39,38,39,38,28,0,0,en,37,67,declared metadata; canonical identity and stream health not guaranteed
cmokkqcfe01zoqsccqva6kffg,185063,dangali-tharu,"Dangali, Tharu",en,"Dangali, Tharu",thl,thl,core,,2026-09-03T07:00:06.934937+00:00,76,76,62,14,0,62,62,62,62,62,0,0,0,62,35,34,35,34,27,0,0,en,33,62,declared metadata; canonical identity and stream health not guaranteed
cmokktlc402soqsccwtbrfamh,22682,dangi,Dangi,en,Dangi,dhn,dhn,core,,2026-09-03T07:00:06.934937+00:00,76,76,62,14,0,62,62,62,62,62,0,0,0,62,35,34,35,34,27,0,0,en,33,62,declared metadata; canonical identity and stream health not guaranteed
cmok1sa0p026mqsv1u9wppvpz,16447,dani-western,"Dani, Western",en,"Dani, Western",dnw,dnw,core,,2026-09-03T07:00:06.934937+00:00,76,76,62,14,0,62,62,62,62,62,0,0,0,62,35,34,35,34,27,0,0,en,33,62,declared metadata; canonical identity and stream health not guaranteed
cmokkwpvd03kbqscctri75tyy,4454,danish,Danish,da|en,Danish,da,dan,core,,2026-09-03T07:00:06.934937+00:00,138,138,115,23,0,115,115,115,115,115,0,0,0,115,47,43,47,43,68,0,0,da,0,0,declared metadata; canonical identity and stream health not guaranteed
cmok1muqc00woqsv1v8c7u375,139511,dano,Dano,en,Dano,aso,aso,core,,2026-09-03T07:00:06.934937+00:00,79,79,63,16,0,63,63,63,63,63,0,0,0,63,35,34,35,34,28,0,0,en,33,63,declared metadata; canonical identity and stream health not guaranteed
cmok1kcaw00adqsv1rxogx49t,111588,darchuleli,Darchuleli,en,Darchuleli,npi,npi,core,,2026-09-03T07:00:06.934937+00:00,76,76,62,14,0,62,62,62,62,62,0,0,0,62,35,34,35,34,27,0,0,ne,0,0,declared metadata; canonical identity and stream health not guaranteed
cmokks76902g2qscc508slppy,20644,dargin,Dargin,dar|en,Dargin,dar,dar,core,,2026-09-03T07:00:06.934937+00:00,78,78,63,15,0,63,63,63,63,63,0,0,0,63,35,34,35,34,28,0,0,en,33,63,declared metadata; canonical identity and stream health not guaranteed
cmokky9u303ygqsccb08nn0xk,53400,dari,Dari,en|prs,Dari,prs,prs,core,,2026-09-03T07:00:06.934937+00:00,233,233,209,20,4,209,209,209,209,209,0,0,0,209,90,85,80,76,119,0,0,en,72,207,declared metadata; canonical identity and stream health not guaranteed
cmok1kj2l00c0qsv1yw1w33pf,117014,dari-4,,,Dari,der,der,core,2026-09-03T07:00:07.138+00:00,2026-08-03T10:57:39.506138+00:00,2,2,0,2,0,0,0,0,0,0,0,0,0,0,0,0,0,0,0,0,0,,,,declared metadata; canonical identity and stream health not guaranteed
cmok1nn8t013fqsv1u65patq5,14081,datooga,Datooga,en,Datooga,tcc,tcc,core,,2026-09-03T07:00:06.934937+00:00,76,76,62,14,0,62,62,62,62,62,0,0,0,62,35,34,35,34,27,0,0,en,33,62,declared metadata; canonical identity and stream health not guaranteed
cmokkvzhz03dnqscckemy2ama,3786,daur,Daur,en,Daur,dta,dta,core,,2026-09-03T07:00:06.934937+00:00,76,76,62,14,0,62,62,62,62,62,0,0,0,62,35,34,35,34,27,0,0,en,33,62,declared metadata; canonical identity and stream health not guaranteed
cmokkqazi01zcqscc074mbde2,185003,davik-kui,Davik Kui,en,Davik Kui,dwk,dwk,core,,2026-09-03T07:00:06.934937+00:00,76,76,62,14,0,62,62,62,62,62,0,0,0,62,35,34,35,34,27,0,0,en,33,62,declared metadata; canonical identity and stream health not guaranteed
cmokkwy7t03miqsccqp3nmnzg,4633,dawro,Dawro,en,Dawro,dwr,dwr,core,,2026-09-03T07:00:06.934937+00:00,76,76,62,14,0,62,62,62,62,62,0,0,0,62,35,34,35,34,27,0,0,en,33,62,declared metadata; canonical identity and stream health not guaranteed
cmok1snsa029wqsv1lkk3z8cu,172218,dayak-ngaju,Dayak Ngaju,en,Dayak Ngaju,nij,nij,core,,2026-09-03T07:00:06.934937+00:00,76,76,62,14,0,62,62,62,62,62,0,0,0,62,35,34,35,34,27,0,0,en,33,62,declared metadata; canonical identity and stream health not guaranteed
cmokkvt3v03c0qsccmniq4apt,3299,daza,Daza,en,Daza,dzg,dzg,core,,2026-09-03T07:00:06.934937+00:00,76,76,62,14,0,62,62,62,62,62,0,0,0,62,35,34,35,34,27,0,0,en,33,62,declared metadata; canonical identity and stream health not guaranteed
cmokktm1902suqsccebnjpl8g,22685,deccani,Deccani,en,Deccani,dcc,dcc,core,,2026-09-03T07:00:06.934937+00:00,79,79,64,15,0,64,64,64,64,64,0,0,0,64,35,34,35,34,29,0,0,en,33,64,declared metadata; canonical identity and stream health not guaranteed
cmok1qlg501s8qsv1tx50ix6c,144593,deg,Deg,en,Deg,mzw,mzw,core,,2026-09-03T07:00:06.934937+00:00,82,82,67,14,1,67,67,67,67,67,0,0,0,67,39,38,39,38,28,0,0,en,37,67,declared metadata; canonical identity and stream health not guaranteed
cmok1nd4p0110qsv15bjgdg67,140356,dei,Dei,en,Dei,dee,dee,core,,2026-09-03T07:00:06.934937+00:00,76,76,62,14,0,62,62,62,62,62,0,0,0,62,35,34,35,34,27,0,0,en,33,62,declared metadata; canonical identity and stream health not guaranteed
cmokky3g603wuqscce1tijo3e,53326,dendi-djougou,Dendi (Djougou),en,Dendi (Djougou),ddn,ddn,core,,2026-09-03T07:00:06.934937+00:00,76,76,62,14,0,62,62,62,62,62,0,0,0,62,35,34,35,34,27,0,0,en,33,62,declared metadata; canonical identity and stream health not guaranteed
cmok1lzp100p1qsv16rgr2but,1344,dendi-malanville,Dendi (Malanville),en,Dendi (Malanville),ddn,ddn,core,,2026-09-03T07:00:06.934937+00:00,76,76,62,14,0,62,62,62,62,62,0,0,0,62,35,34,35,34,27,0,0,en,33,62,declared metadata; canonical identity and stream health not guaranteed
cmokl29yo04xqqscc90z79b8f,97745,dene,Dene,en,Dene,chp,chp,core,,2026-09-03T07:00:06.934937+00:00,76,76,62,14,0,62,62,62,62,62,0,0,0,62,35,34,35,34,27,0,0,chp,0,0,declared metadata; canonical identity and stream health not guaranteed
cmok1ndgl0113qsv14kndh3et,140367,deori,Deori,en,Deori,der,der,core,,2026-09-03T07:00:06.934937+00:00,76,76,62,14,0,62,62,62,62,62,0,0,0,62,35,34,35,34,27,0,0,en,33,62,declared metadata; canonical identity and stream health not guaranteed
cmokkrge6029bqscc47jnv1cr,19822,dera,Dera,en,Dera,kna,kna,core,,2026-09-03T07:00:06.934937+00:00,76,76,62,14,0,62,62,62,62,62,0,0,0,62,35,34,35,34,27,0,0,en,33,62,declared metadata; canonical identity and stream health not guaranteed
cmokktlns02srqscc1e47ivfi,22684,dersim-zazaki,Dersim Zazaki,en,Dersim Zazaki,kiu,kiu,core,,2026-09-03T07:00:06.934937+00:00,76,76,62,14,0,62,62,62,62,62,0,0,0,62,35,34,35,34,27,0,0,en,33,62,declared metadata; canonical identity and stream health not guaranteed
cmokksnj902k6qsccc4iwzzct,20863,desia,Desia,en,Desia,dso,dso,core,,2026-09-03T07:00:06.934937+00:00,76,76,62,14,0,62,62,62,62,62,0,0,0,62,35,34,35,34,27,0,0,en,33,62,declared metadata; canonical identity and stream health not guaranteed
cmok1jyzo0071qsv16tm3ctbo,10529,dhatki,Dhatki,en,Dhatki,mki,mki,core,,2026-09-03T07:00:06.934937+00:00,132,132,116,15,1,116,116,116,116,116,0,0,0,116,67,63,57,54,49,0,0,en,53,116,declared metadata; canonical identity and stream health not guaranteed
cmok1nbel010lqsv111jf9slk,140205,dhimal,Dhimal,en,Dhimal,dhi,dhi,core,,2026-09-03T07:00:06.934937+00:00,76,76,62,14,0,62,62,62,62,62,0,0,0,62,35,34,35,34,27,0,0,en,33,62,declared metadata; canonical identity and stream health not guaranteed
cmokkxzif03vtqsccx6uez7bh,53287,dhivehi,Dhivehi,dv|en,Dhivehi,dv,div,core,,2026-09-03T07:00:06.934937+00:00,147,147,123,24,0,123,123,123,123,123,0,0,0,123,69,65,69,65,54,0,0,dv,0,0,declared metadata; canonical identity and stream health not guaranteed
cmokl01bm04dsqscc2w0tb21o,6548,dhodia,Dhodia,en,Dhodia,dho,dho,core,,2026-09-03T07:00:06.934937+00:00,80,80,63,17,0,63,63,63,63,63,0,0,0,63,36,35,36,35,27,0,0,en,34,63,declared metadata; canonical identity and stream health not guaranteed
cmokkrxna02diqsccfjwjnzla,20521,dhopadhola,Dhopadhola,en,Dhopadhola,adh,adh,core,,2026-09-03T07:00:06.934937+00:00,76,76,62,14,0,62,62,62,62,62,0,0,0,62,35,34,35,34,27,0,0,en,33,62,declared metadata; canonical identity and stream health not guaranteed
cmokkuyvg034kqsccx52e4f1s,24343,dhundari,Dhundari,en,Dhundari,dhd,dhd,core,,2026-09-03T07:00:06.934937+00:00,138,138,121,15,2,121,121,121,121,121,0,0,0,121,67,63,57,54,54,0,0,en,53,121,declared metadata; canonical identity and stream health not guaranteed
cmokkpjvr01t0qsccnsy70409,184541,dibali,Dibali,bcp|en,Dibali,bcp,bcp,core,,2026-09-03T07:00:06.934937+00:00,76,76,62,14,0,62,62,62,62,62,0,0,0,62,35,34,35,34,27,0,0,en,33,62,declared metadata; canonical identity and stream health not guaranteed
cmok1s04l024dqsv1as0dhzhy,16052,dida-yocoboue,"Dida, Yocoboue",en,"Dida, Yocoboue",gud,gud,core,,2026-09-03T07:00:06.934937+00:00,79,79,64,15,0,64,64,64,64,64,0,0,0,64,35,34,35,34,29,0,0,en,33,64,declared metadata; canonical identity and stream health not guaranteed
cmok1m3b300pwqsv17u1rqmvk,13644,didinga,Didinga,en,Didinga,did,did,core,,2026-09-03T07:00:06.934937+00:00,76,76,62,14,0,62,62,62,62,62,0,0,0,62,35,34,35,34,27,0,0,en,33,62,declared metadata; canonical identity and stream health not guaranteed
cmok1qo8x01swqsv1k36qjfq8,144716,digaro-mishmi,Digaro-Mishmi,en,Digaro-Mishmi,mhu,mhu,core,,2026-09-03T07:00:06.934937+00:00,76,76,62,14,0,62,62,62,62,62,0,0,0,62,35,34,35,34,27,0,0,en,33,62,declared metadata; canonical identity and stream health not guaranteed
cmokl0bcs04gdqscc374kp92k,7176,digo,Digo,en,Digo,dig,dig,core,,2026-09-03T07:00:06.934937+00:00,76,76,62,14,0,62,62,62,62,62,0,0,0,62,35,34,35,34,27,0,0,en,33,62,declared metadata; canonical identity and stream health not guaranteed
cmokky9if03ydqscccy3jd57s,53395,dijim-cham,Dijim (Cham),en,Dijim (Cham),cfa,cfa,core,,2026-09-03T07:00:06.934937+00:00,76,76,62,14,0,62,62,62,62,62,0,0,0,62,35,34,35,34,27,0,0,en,33,62,declared metadata; canonical identity and stream health not guaranteed
cmokkra6k027uqscco6jeqt6t,19652,dimasa,Dimasa,en,Dimasa,dis,dis,core,,2026-09-03T07:00:06.934937+00:00,76,76,62,14,0,62,62,62,62,62,0,0,0,62,35,34,35,34,27,0,0,en,33,62,declared metadata; canonical identity and stream health not guaranteed
cmok1nbq7010oqsv1puimgm2p,140225,dime,Dime,en,Dime,dim,dim,core,,2026-09-03T07:00:06.934937+00:00,76,76,62,14,0,62,62,62,62,62,0,0,0,62,35,34,35,34,27,0,0,en,33,62,declared metadata; canonical identity and stream health not guaranteed
cmok1m9dl00reqsv1fv7md62g,139058,dinka-agar-bor,"Dinka, Agar-Bor",dib|en,"Dinka, Agar-Bor",dib,dib,core,,2026-09-03T07:00:06.934937+00:00,105,105,86,19,0,86,86,86,86,86,0,0,0,86,48,46,48,46,38,0,0,en,42,84,declared metadata; canonical identity and stream health not guaranteed
cmokkuvcs033nqsccjhlmitt4,24267,dinka-northeastern-padang,"Dinka, Northeastern (Padang)",dip|en,"Dinka, Northeastern (Padang)",dip,dip,core,,2026-09-03T07:00:06.934937+00:00,105,105,86,19,0,86,86,86,86,86,0,0,0,86,48,46,48,46,38,0,0,en,42,84,declared metadata; canonical identity and stream health not guaranteed
cmokkuvup033sqscc4kvan5ne,24273,dinka-rek,"Dinka, Rek",en,"Dinka, Rek",dik,dik,core,,2026-09-03T07:00:06.934937+00:00,76,76,62,14,0,62,62,62,62,62,0,0,0,62,35,34,35,34,27,0,0,en,33,62,declared metadata; canonical identity and stream health not guaranteed
cmokkx2ez03njqsccysz82jy6,4694,dirasha,Dirasha,en,Dirasha,gdl,gdl,core,,2026-09-03T07:00:06.934937+00:00,76,76,62,14,0,62,62,62,62,62,0,0,0,62,35,34,35,34,27,0,0,en,33,62,declared metadata; canonical identity and stream health not guaranteed
cmok1lt4400ncqsv1v1hbkve4,1318,ditammari,Ditammari,en,Ditammari,tbz,tbz,core,,2026-09-03T07:00:06.934937+00:00,76,76,62,14,0,62,62,62,62,62,0,0,0,62,35,34,35,34,27,0,0,en,33,62,declared metadata; canonical identity and stream health not guaranteed
cmokkybfj03yuqsccr6btwfey,53409,djola-bayote,Djola-Bayote,bda|en,Djola-Bayote,bda,bda,core,,2026-09-03T07:00:06.934937+00:00,76,76,62,14,0,62,62,62,62,62,0,0,0,62,35,34,35,34,27,0,0,en,33,62,declared metadata; canonical identity and stream health not guaranteed
cmok1nhcz0120qsv1phtgva8h,140535,dogon-jamsay,"Dogon, Jamsay",en,"Dogon, Jamsay",djm,djm,core,,2026-09-03T07:00:06.934937+00:00,76,76,62,14,0,62,62,62,62,62,0,0,0,62,35,34,35,34,27,0,0,en,33,62,declared metadata; canonical identity and stream health not guaranteed
cmok1nhoo0123qsv1mu6infck,140549,dogon-mombo,"Dogon, Mombo",en,"Dogon, Mombo",dmb,dmb,core,,2026-09-03T07:00:06.934937+00:00,79,79,64,15,0,64,64,64,64,64,0,0,0,64,35,34,35,34,29,0,0,en,33,64,declared metadata; canonical identity and stream health not guaranteed
cmokkqltu021vqsccjrulzj9e,185246,dogon-togo-kan,"Dogon, Togo Kan",en,"Dogon, Togo Kan",dtk,dtk,core,,2026-09-03T07:00:06.934937+00:00,76,76,62,14,0,62,62,62,62,62,0,0,0,62,35,34,35,34,27,0,0,en,33,62,declared metadata; canonical identity and stream health not guaranteed
cmok1nfyn011oqsv1yb27wrjl,140443,dogon-tommo-so,"Dogon, Tommo So",en,"Dogon, Tommo So",dto,dto,core,,2026-09-03T07:00:06.934937+00:00,76,76,62,14,0,62,62,62,62,62,0,0,0,62,35,34,35,34,27,0,0,en,33,62,declared metadata; canonical identity and stream health not guaranteed
cmokkv8kx036vqscc6177awpn,26248,dogon-tomo-kan,"Dogon, Tomo Kan",en,"Dogon, Tomo Kan",dtm,dtm,core,,2026-09-03T07:00:06.934937+00:00,76,76,62,14,0,62,62,62,62,62,0,0,0,62,35,34,35,34,27,0,0,en,33,62,declared metadata; canonical identity and stream health not guaranteed
cmokkvfdx038kqsccz5501boe,27145,dogon-toro-so,"Dogon, Toro So",en,"Dogon, Toro So",dts,dts,core,,2026-09-03T07:00:06.934937+00:00,135,135,118,16,1,118,118,118,118,118,0,0,0,118,67,63,57,54,51,0,0,en,53,118,declared metadata; canonical identity and stream health not guaranteed
cmok1ma6r00rmqsv16yfzdwfc,139072,dogose,Dogose,en,Dogose,dos,dos,core,,2026-09-03T07:00:06.934937+00:00,76,76,62,14,0,62,62,62,62,62,0,0,0,62,35,34,35,34,27,0,0,en,33,62,declared metadata; canonical identity and stream health not guaranteed
cmokks7ni02g7qsccou76ay0y,20651,dogri,Dogri,en,Dogri,dgo,dgo,core,,2026-09-03T07:00:06.934937+00:00,76,76,62,14,0,62,62,62,62,62,0,0,0,62,35,34,35,34,27,0,0,en,33,62,declared metadata; canonical identity and stream health not guaranteed
cmok1nek5011cqsv1gd6mn5o0,140409,dolpo,Dolpo,en,Dolpo,dre,dre,core,,2026-09-03T07:00:06.934937+00:00,79,79,63,16,0,63,63,63,63,63,0,0,0,63,35,34,35,34,28,0,0,en,33,63,declared metadata; canonical identity and stream health not guaranteed
cmok1szee02cmqsv1e2rglcvu,175683,dom,Dom,en,Dom,rmt,rmt,core,,2026-09-03T07:00:06.934937+00:00,76,76,62,14,0,62,62,62,62,62,0,0,0,62,35,34,35,34,27,0,0,en,33,62,declared metadata; canonical identity and stream health not guaranteed
cmokkvztm03dqqsccobvw4bex,3787,dong-northern,"Dong, Northern",en,"Dong, Northern",doc,doc,core,,2026-09-03T07:00:06.934937+00:00,78,78,63,15,0,63,63,63,63,63,0,0,0,63,35,34,35,34,28,0,0,en,33,63,declared metadata; canonical identity and stream health not guaranteed
cmokkw0x903dzqsccg3roz7cu,3803,dong-southern,"Dong, Southern",en,"Dong, Southern",kmc,kmc,core,,2026-09-03T07:00:06.934937+00:00,88,88,72,15,1,72,72,72,72,72,0,0,0,72,40,38,40,38,32,0,0,en,37,72,declared metadata; canonical identity and stream health not guaranteed
cmok1sack026pqsv10q2smtm8,164768,dongissa,Dongissa,en,Dongissa,ktb,ktb,core,,2026-09-03T07:00:06.934937+00:00,76,76,62,14,0,62,62,62,62,62,0,0,0,62,35,34,35,34,27,0,0,en,33,62,declared metadata; canonical identity and stream health not guaranteed
cmokkvxl703d6qscchhnvvz2m,3717,dongnu,"Yao, Bunu (Dongnu)",bwx|en,"Yao, Bunu (Dongnu)",bwx,bwx,core,,2026-09-03T07:00:06.934937+00:00,75,75,62,13,0,62,62,62,62,62,0,0,0,62,35,34,35,34,27,0,0,en,33,62,declared metadata; canonical identity and stream health not guaranteed
cmok1ndtu0116qsv153zomqpi,140398,dongo,Dongo,en,Dongo,doo,doo,core,,2026-09-03T07:00:06.934937+00:00,76,76,62,14,0,62,62,62,62,62,0,0,0,62,35,34,35,34,27,0,0,en,33,62,declared metadata; canonical identity and stream health not guaranteed
cmokkw6kf03fgqscc8cxyugka,3933,dongxiang,Dongxiang,en,Dongxiang,sce,sce,core,,2026-09-03T07:00:06.934937+00:00,79,79,63,16,0,63,63,63,63,63,0,0,0,63,35,34,35,34,28,0,0,en,33,63,declared metadata; canonical identity and stream health not guaranteed
cmokl2c5a04y8qscc6yfrcsrr,98033,doondo,Doondo,en,Doondo,dde,dde,core,,2026-09-03T07:00:06.934937+00:00,76,76,62,14,0,62,62,62,62,62,0,0,0,62,35,34,35,34,27,0,0,en,33,62,declared metadata; canonical identity and stream health not guaranteed
cmok1obt6018sqsv1oqgi8fj2,141569,doromu-koki,Doromu-Koki,en,Doromu-Koki,kqc,kqc,core,,2026-09-03T07:00:06.934937+00:00,76,76,62,14,0,62,62,62,62,62,0,0,0,62,35,34,35,34,27,0,0,en,33,62,declared metadata; canonical identity and stream health not guaranteed
cmokkqc3701zlqsccb19ivsru,185061,doti-doteli,Doti Doteli,en,Doti Doteli,dty,dty,core,,2026-09-03T07:00:06.934937+00:00,76,76,62,14,0,62,62,62,62,62,0,0,0,62,35,34,35,34,27,0,0,en,33,62,declared metadata; canonical identity and stream health not guaranteed
cmokkvkj0039uqsccaz5dhqf9,2854,duala,Duala,en,Duala,dua,dua,core,,2026-09-03T07:00:06.934937+00:00,76,76,62,14,0,62,62,62,62,62,0,0,0,62,35,34,35,34,27,0,0,en,33,62,declared metadata; canonical identity and stream health not guaranteed
cmokku3m602x8qsccxeonchnw,23342,dubli,Dubli,en,Dubli,dub,dub,core,,2026-09-03T07:00:06.934937+00:00,76,76,62,14,0,62,62,62,62,62,0,0,0,62,35,34,35,34,27,0,0,en,33,62,declared metadata; canonical identity and stream health not guaranteed
cmok1sr3e02anqsv109vvw441,173673,dulangan-manobo,Dulangan Manobo,en,Dulangan Manobo,mta,mta,core,,2026-09-03T07:00:06.934937+00:00,76,76,62,14,0,62,62,62,62,62,0,0,0,62,35,34,35,34,27,0,0,en,33,62,declared metadata; canonical identity and stream health not guaranteed
cmok1nga7011rqsv1bl9ci3v7,140449,duna,Duna,en,Duna,duc,duc,core,,2026-09-03T07:00:06.934937+00:00,79,79,63,16,0,63,63,63,63,63,0,0,0,63,35,34,35,34,28,0,0,en,33,63,declared metadata; canonical identity and stream health not guaranteed
cmokkowb401n8qscceysbb9vk,17820,dungan,Dungan,dng|en,Dungan,dng,dng,core,,2026-09-03T07:00:06.934937+00:00,76,76,62,14,0,62,62,62,62,62,0,0,0,62,35,34,35,34,27,0,0,en,33,62,declared metadata; canonical identity and stream health not guaranteed
cmokku0lf02wiqscc7wa9dgzp,23258,dungra-bhil,Dungra Bhil,en,Dungra Bhil,duh,duh,core,,2026-09-03T07:00:06.934937+00:00,76,76,62,14,0,62,62,62,62,62,0,0,0,62,35,34,35,34,27,0,0,en,33,62,declared metadata; canonical identity and stream health not guaranteed
cmok1t03q02csqsv1plmv9j3s,17601,duri,Duri,en,Duri,mvp,mvp,core,,2026-09-03T07:00:06.934937+00:00,76,76,62,14,0,62,62,62,62,62,0,0,0,62,35,34,35,34,27,0,0,en,33,62,declared metadata; canonical identity and stream health not guaranteed
cmokl0b1504gaqsccji4nm5sm,7166,duruma,Duruma,en,Duruma,dug,dug,core,,2026-09-03T07:00:06.934937+00:00,76,76,62,14,0,62,62,62,62,62,0,0,0,62,35,34,35,34,27,0,0,en,33,62,declared metadata; canonical identity and stream health not guaranteed
cmokkzd1u0489qsccr2a053o2,5967,duruwa,Duruwa,en,Duruwa,pci,pci,core,,2026-09-03T07:00:06.934937+00:00,76,76,62,14,0,62,62,62,62,62,0,0,0,62,35,34,35,34,27,0,0,en,33,62,declared metadata; canonical identity and stream health not guaranteed
cmokks7z902gaqscc49u3uin5,20654,dusun,Dusun,en,Dusun,dtp,dtp,core,,2026-09-03T07:00:06.934937+00:00,92,92,76,15,1,76,76,76,76,76,0,0,0,76,48,46,36,35,28,0,0,en,34,76,declared metadata; canonical identity and stream health not guaranteed
cmok1laes00inqsv1aq1as054,1269,dutch,Dutch,en|nl,Dutch,nl,nld,core,,2026-09-03T07:00:06.934937+00:00,339,339,306,29,4,306,306,306,306,306,0,0,0,306,139,130,117,110,167,0,0,nl,0,0,declared metadata; canonical identity and stream health not guaranteed
cmok1oi3m01aaqsv1fp99uq45,141739,duya,Duya,en,Duya,ldb,ldb,core,,2026-09-03T07:00:06.934937+00:00,76,76,62,14,0,62,62,62,62,62,0,0,0,62,35,34,35,34,27,0,0,en,33,62,declared metadata; canonical identity and stream health not guaranteed
cmok1m64v00qlqsv1h4joszqj,1375,dzongkha,Dzongkha,dz|en,Dzongkha,dz,dzo,core,,2026-09-03T07:00:06.934937+00:00,108,108,89,19,0,89,89,89,89,89,0,0,0,89,48,46,48,46,41,0,0,dz,0,0,declared metadata; canonical identity and stream health not guaranteed
cmokkowqm01ndqsccil2qval0,179189,eastern-garame,Eastern Garame,acz|en,Eastern Garame,acz,acz,core,,2026-09-03T07:00:06.934937+00:00,75,75,62,13,0,62,62,62,62,62,0,0,0,62,35,34,35,34,27,0,0,en,33,62,declared metadata; canonical identity and stream health not guaranteed
cmok1redr01z9qsv1gcmoejc7,153550,eastern-poqomchi,Eastern Poqomchi,en,Eastern Poqomchi,poh,poh,core,,2026-09-03T07:00:06.934937+00:00,148,148,130,16,2,130,130,130,130,130,0,0,0,130,80,75,58,55,50,0,0,en,54,130,declared metadata; canonical identity and stream health not guaranteed
cmokl2b2b04xzqsccbf6vgbme,9789,ebira,Ebira,en,Ebira,igb,igb,core,,2026-09-03T07:00:06.934937+00:00,76,76,62,14,0,62,62,62,62,62,0,0,0,62,35,34,35,34,27,0,0,en,33,62,declared metadata; canonical identity and stream health not guaranteed
cmok1s1b4024mqsv1ehrw2syp,16074,ebrie,Ebrie,en,Ebrie,ebr,ebr,core,,2026-09-03T07:00:06.934937+00:00,75,75,62,13,0,62,62,62,62,62,0,0,0,62,35,34,35,34,27,0,0,en,33,62,declared metadata; canonical identity and stream health not guaranteed
cmokkozkr01o1qsccxcil6dye,180999,eda,Eda,en,Eda,kad,kad,core,,2026-09-03T07:00:06.934937+00:00,76,76,62,14,0,62,62,62,62,62,0,0,0,62,35,34,35,34,27,0,0,en,33,62,declared metadata; canonical identity and stream health not guaranteed
cmok1n82u00zuqsv1sw7nmtn4,140033,ede-cabe,Ede Cabe,en,Ede Cabe,cbj,cbj,core,,2026-09-03T07:00:06.934937+00:00,138,138,121,15,2,121,121,121,121,121,0,0,0,121,71,67,61,58,50,0,0,en,57,121,declared metadata; canonical identity and stream health not guaranteed
cmokkvd25037yqscc9jmf09vv,26816,ede-ica,Ede Ica,en,Ede Ica,ica,ica,core,,2026-09-03T07:00:06.934937+00:00,75,75,62,13,0,62,62,62,62,62,0,0,0,62,35,34,35,34,27,0,0,en,33,62,declared metadata; canonical identity and stream health not guaranteed
cmok1jsvy005kqsv1vj3lnhfg,10255,edo,Edo,bin|en,Edo,bin,bin,core,,2026-09-03T07:00:06.934937+00:00,76,76,62,14,0,62,62,62,62,62,0,0,0,62,35,34,35,34,27,0,0,en,33,62,declared metadata; canonical identity and stream health not guaranteed
cmokkvi0x0399qscc4xb6ltow,2728,efik,Efik,en,Efik,efi,efi,core,,2026-09-03T07:00:06.934937+00:00,76,76,62,14,0,62,62,62,62,62,0,0,0,62,35,34,35,34,27,0,0,en,33,62,declared metadata; canonical identity and stream health not guaranteed
cmok1jsip005hqsv15rh96au1,10252,eggon,Eggon,en,Eggon,ego,ego,core,,2026-09-03T07:00:06.934937+00:00,76,76,62,14,0,62,62,62,62,62,0,0,0,62,35,34,35,34,27,0,0,en,33,62,declared metadata; canonical identity and stream health not guaranteed
cmok1mkmp00u8qsv1w4yo4dvc,139157,ehugbo,Ehugbo,en,Ehugbo,ig,ibo,core,,2026-09-03T07:00:06.934937+00:00,76,76,62,14,0,62,62,62,62,62,0,0,0,62,35,34,35,34,27,0,0,en,33,62,declared metadata; canonical identity and stream health not guaranteed
cmokkt2su02o4qscc27kixizs,21205,ejagham-western,"Ejagham, Western",en,"Ejagham, Western",etu,etu,core,,2026-09-03T07:00:06.934937+00:00,76,76,62,14,0,62,62,62,62,62,0,0,0,62,35,34,35,34,27,0,0,en,33,62,declared metadata; canonical identity and stream health not guaranteed
cmok1js6q005eqsv1i24cdxf6,10248,ekajuk,Ekajuk,en,Ekajuk,eka,eka,core,,2026-09-03T07:00:06.934937+00:00,76,76,62,14,0,62,62,62,62,62,0,0,0,62,35,34,35,34,27,0,0,en,33,62,declared metadata; canonical identity and stream health not guaranteed
cmok1jrv0005bqsv1revbgl1n,10241,ekpari,Ekpari,en,Ekpari,ekr,ekr,core,,2026-09-03T07:00:06.934937+00:00,79,79,64,15,0,64,64,64,64,64,0,0,0,64,35,34,35,34,29,0,0,en,33,64,declared metadata; canonical identity and stream health not guaranteed
cmokkpgcs01s5qscc815yoluj,184513,ellomwe,Ellomwe,en,Ellomwe,lon,lon,core,,2026-09-03T07:00:06.934937+00:00,76,76,62,14,0,62,62,62,62,62,0,0,0,62,35,34,35,34,27,0,0,en,33,62,declared metadata; canonical identity and stream health not guaranteed
cmokkwhat03i7qscc65wamstx,4246,embera-catio,Embera-Catio,en,Embera-Catio,cto,cto,core,,2026-09-03T07:00:06.934937+00:00,76,76,62,14,0,62,62,62,62,62,0,0,0,62,35,34,35,34,27,0,0,en,33,62,declared metadata; canonical identity and stream health not guaranteed
cmokl2cso04yeqscccum3f93b,98137,embera-northern,"Embera, Northern",en,"Embera, Northern",emp,emp,core,,2026-09-03T07:00:06.934937+00:00,148,148,130,16,2,130,130,130,130,130,0,0,0,130,80,75,58,55,50,0,0,en,54,130,declared metadata; canonical identity and stream health not guaranteed
cmokl0aoh04g7qsccofiw03xp,7164,embu,Embu,en,Embu,ebu,ebu,core,,2026-09-03T07:00:06.934937+00:00,76,76,62,14,0,62,62,62,62,62,0,0,0,62,35,34,35,34,27,0,0,en,33,62,declared metadata; canonical identity and stream health not guaranteed
cmokkraii027xqscc94s7fchn,19669,ende,Ende,en,Ende,end,end,core,,2026-09-03T07:00:06.934937+00:00,76,76,62,14,0,62,62,62,62,62,0,0,0,62,35,34,35,34,27,0,0,en,33,62,declared metadata; canonical identity and stream health not guaranteed
cmok1kroe00e5qsv1wv2g68gb,12200,enga,Enga,en,Enga,enq,enq,core,,2026-09-03T07:00:06.934937+00:00,76,76,62,14,0,62,62,62,62,62,0,0,0,62,35,34,35,34,27,0,0,en,33,62,declared metadata; canonical identity and stream health not guaranteed
cmok1nexm011fqsv1jklm04hl,140421,enggano,Enggano,en,Enggano,eno,eno,core,,2026-09-03T07:00:06.934937+00:00,79,79,63,16,0,63,63,63,63,63,0,0,0,63,35,34,35,34,28,0,0,en,33,63,declared metadata; canonical identity and stream health not guaranteed
cmokkxw5v03uyqsccis58pea6,529,english,English,en,English,en,eng,core,,2026-09-03T07:00:06.934937+00:00,1176,1174,1067,46,61,1068,1068,1067,1067,1067,0,1,0,1067,233,220,208,197,834,0,0,en,191,1013,declared metadata; canonical identity and stream health not guaranteed
cmokkqjdd021aqsccptnidbhw,185221,english-african,"English, African",en,"English, African",eng,eng,core,,2026-09-03T07:00:06.934937+00:00,24,24,14,9,1,14,14,14,14,14,0,0,0,14,13,12,13,12,1,0,0,en,12,14,declared metadata; canonical identity and stream health not guaranteed
cmokkqbb501zfqsccyx2uphx3,185021,english-british,"English, British",en,"English, British",eng,eng,core,,2026-09-03T07:00:06.934937+00:00,24,24,14,9,1,14,14,14,14,14,0,0,0,14,13,12,13,12,1,0,0,en,12,14,declared metadata; canonical identity and stream health not guaranteed
cmokktw5902vbqscclfaikrlo,23156,english-north-american-indigenous,"English, North American Indigenous",en,"English, North American Indigenous",en-nai,eng,core,,2026-09-03T07:00:06.934937+00:00,76,76,62,14,0,62,62,62,62,62,0,0,0,62,35,34,35,34,27,0,0,en,33,62,declared metadata; canonical identity and stream health not guaranteed
cmok1oife01adqsv1aq92ojpk,141755,enlhet-2,Enlhet,en,Enlhet,enl,enl,core,,2026-09-03T07:00:06.934937+00:00,76,76,62,14,0,62,62,62,62,62,0,0,0,62,35,34,35,34,27,0,0,en,33,62,declared metadata; canonical identity and stream health not guaranteed
cmok1rh6z01zxqsv1hohu5inl,154090,enrekang,Enrekang,en,Enrekang,ptt,ptt,core,,2026-09-03T07:00:06.934937+00:00,76,76,62,14,0,62,62,62,62,62,0,0,0,62,35,34,35,34,27,0,0,en,33,62,declared metadata; canonical identity and stream health not guaranteed
cmok1r2qn01wiqsv1avfbja1w,148878,enuani,Enuani,en,Enuani,ibo,ibo,core,,2026-09-03T07:00:06.934937+00:00,76,76,62,14,0,62,62,62,62,62,0,0,0,62,35,34,35,34,27,0,0,en,33,62,declared metadata; canonical identity and stream health not guaranteed
cmok1nf9a011iqsv16v1hnvt4,140424,enwan,Enwan,en,Enwan,env,env,core,,2026-09-03T07:00:06.934937+00:00,76,76,62,14,0,62,62,62,62,62,0,0,0,62,35,34,35,34,27,0,0,en,33,62,declared metadata; canonical identity and stream health not guaranteed
cmokkp0ac01o7qscc05j6ssi7,181477,enxet,Enxet,en,Enxet,enx,enx,core,,2026-09-03T07:00:06.934937+00:00,76,76,62,14,0,62,62,62,62,62,0,0,0,62,35,34,35,34,27,0,0,en,33,62,declared metadata; canonical identity and stream health not guaranteed
cmok1k64l008rqsv1nv43gvgd,108591,erei,Erei,en,Erei,yay,yay,core,,2026-09-03T07:00:06.934937+00:00,76,76,62,14,0,62,62,62,62,62,0,0,0,62,35,34,35,34,27,0,0,en,33,62,declared metadata; canonical identity and stream health not guaranteed
cmokkpyyu01wiqsccudwouh2g,18483,erzya,Erzya,en|myv,Erzya,myv,myv,core,,2026-09-03T07:00:06.934937+00:00,76,76,62,14,0,62,62,62,62,62,0,0,0,62,35,34,35,34,27,0,0,myv,0,0,declared metadata; canonical identity and stream health not guaranteed
cmok1qbq501ptqsv1va16u9nl,144299,ese,Ese,en,Ese,mcq,mcq,core,,2026-09-03T07:00:06.934937+00:00,79,79,63,16,0,63,63,63,63,63,0,0,0,63,35,34,35,34,28,0,0,en,33,63,declared metadata; canonical identity and stream health not guaranteed
cmok1nfl0011lqsv17oetx1j9,140434,ese-ejja,Ese Ejja,en,Ese Ejja,ese,ese,core,,2026-09-03T07:00:06.934937+00:00,79,79,63,16,0,63,63,63,63,63,0,0,0,63,35,34,35,34,28,0,0,en,33,63,declared metadata; canonical identity and stream health not guaranteed
cmok1pna601jzqsv1trejbsfo,143382,eshira-2,Eshira,en,Eshira,swj,swj,core,,2026-09-03T07:00:06.934937+00:00,76,76,62,14,0,62,62,62,62,62,0,0,0,62,35,34,35,34,27,0,0,en,33,62,declared metadata; canonical identity and stream health not guaranteed
cmokkwxpj03mdqscckgjjjk31,4601,estonian,Estonian,en|et,Estonian,et,ekk,core,,2026-09-03T07:00:06.934937+00:00,180,180,158,20,2,158,158,158,158,158,0,0,0,158,94,88,72,68,64,0,0,et,0,0,declared metadata; canonical identity and stream health not guaranteed
cmok1jg4o002iqsv1mnad4b98,10124,etsako-iyekhe,Etsako Iyekhe,en,Etsako Iyekhe,ets,ets,core,,2026-09-03T07:00:06.934937+00:00,76,76,62,14,0,62,62,62,62,62,0,0,0,62,35,34,35,34,27,0,0,en,33,62,declared metadata; canonical identity and stream health not guaranteed
cmok1ovnt01djqsv1zqylb0ti,142293,etulo,Etulo,en,Etulo,utr,utr,core,,2026-09-03T07:00:06.934937+00:00,76,76,62,14,0,62,62,62,62,62,0,0,0,62,35,34,35,34,27,0,0,en,33,62,declared metadata; canonical identity and stream health not guaranteed
cmok1q8z201p5qsv1kc47lh4k,144182,ewage-notu,Ewage-Notu,en,Ewage-Notu,nou,nou,core,,2026-09-03T07:00:06.934937+00:00,75,75,62,13,0,62,62,62,62,62,0,0,0,62,35,34,35,34,27,0,0,en,33,62,declared metadata; canonical identity and stream health not guaranteed
cmokky1ty03wgqsccwx7oqbe2,5331,ewe,Ewe,ee|en,Ewe,ee,ewe,core,,2026-09-03T07:00:06.934937+00:00,138,138,121,15,2,121,121,121,121,121,0,0,0,121,71,67,61,58,50,0,0,ee,0,0,declared metadata; canonical identity and stream health not guaranteed
cmokkvf1v038hqsccaca1rzrf,2713,ewondo,Ewondo,en,Ewondo,ewo,ewo,core,,2026-09-03T07:00:06.934937+00:00,82,82,67,14,1,67,67,67,67,67,0,0,0,67,39,38,39,38,28,0,0,en,37,67,declared metadata; canonical identity and stream health not guaranteed
cmokl22rd04w0qscc37xaldjo,9692,ezaa,Ezaa,en,Ezaa,eza,eza,core,,2026-09-03T07:00:06.934937+00:00,76,76,62,14,0,62,62,62,62,62,0,0,0,62,35,34,35,34,27,0,0,en,33,62,declared metadata; canonical identity and stream health not guaranteed
cmokkvfrb038nqsccl4yml6q8,27147,fa-dambu,Fa D'Ambu,en,Fa D'Ambu,fab,fab,core,,2026-09-03T07:00:06.934937+00:00,76,76,62,14,0,62,62,62,62,62,0,0,0,62,35,34,35,34,27,0,0,en,33,62,declared metadata; canonical identity and stream health not guaranteed
cmok1jka7003iqsv180vlqce4,10157,fakai,Fakai,en,Fakai,gel,gel,core,,2026-09-03T07:00:06.934937+00:00,76,76,62,14,0,62,62,62,62,62,0,0,0,62,35,34,35,34,27,0,0,en,33,62,declared metadata; canonical identity and stream health not guaranteed
cmokkq1am01x2qsccsk5a4mlg,184844,fali-north,Fali North,en,Fali North,fli,fli,core,,2026-09-03T07:00:06.934937+00:00,79,79,64,15,0,64,64,64,64,64,0,0,0,64,35,34,35,34,29,0,0,en,33,64,declared metadata; canonical identity and stream health not guaranteed
cmokkq0vj01wzqsccrm89plat,184843,fali-south,Fali South,en,Fali South,fkk,fkk,core,,2026-09-03T07:00:06.934937+00:00,79,79,64,15,0,64,64,64,64,64,0,0,0,64,35,34,35,34,29,0,0,en,33,64,declared metadata; canonical identity and stream health not guaranteed
cmokks8b802gdqsccnu9gdysj,20662,fanakalo,Fanakalo,en,Fanakalo,fng,fng,core,,2026-09-03T07:00:06.934937+00:00,76,76,62,14,0,62,62,62,62,62,0,0,0,62,35,34,35,34,27,0,0,en,33,62,declared metadata; canonical identity and stream health not guaranteed
cmok1n0mb00y3qsv1qnpii2az,139741,fanamaket,Fanamaket,en,Fanamaket,bjp,bjp,core,,2026-09-03T07:00:06.934937+00:00,76,76,62,14,0,62,62,62,62,62,0,0,0,62,35,34,35,34,27,0,0,en,33,62,declared metadata; canonical identity and stream health not guaranteed
cmokkul910316qsccvoirpd5j,24018,fang-equatorial-guinea,"Fang, Equatorial Guinea",en,"Fang, Equatorial Guinea",fan,fan,core,,2026-09-03T07:00:06.934937+00:00,76,76,62,14,0,62,62,62,62,62,0,0,0,62,35,34,35,34,27,0,0,en,33,62,declared metadata; canonical identity and stream health not guaranteed
cmokkulmp0319qsccwy7r2x1t,24019,fang-gabon,"Fang, Gabon",en,"Fang, Gabon",fan-GA,fan,core,,2026-09-03T07:00:06.934937+00:00,76,76,62,14,0,62,62,62,62,62,0,0,0,62,35,34,35,34,27,0,0,en,33,62,declared metadata; canonical identity and stream health not guaranteed
cmokkxvov03utqscc4go8z5uz,5288,fante,Fante,en|fat,Fante,fat,aka,core,,2026-09-03T07:00:06.934937+00:00,76,76,62,14,0,62,62,62,62,62,0,0,0,62,35,34,35,34,27,0,0,en,33,62,declared metadata; canonical identity and stream health not guaranteed
cmokkwqfx03kgqsccfb5qgqud,4455,faroese,Faroese,en|fo,Faroese,fo,fao,core,,2026-09-03T07:00:06.934937+00:00,92,92,76,15,1,76,76,76,76,76,0,0,0,76,48,46,36,35,28,0,0,fo,0,0,declared metadata; canonical identity and stream health not guaranteed
cmokl056h04esqscczursfi43,6788,farsi-western,"Farsi, Western",en|fa,"Farsi, Western",fa,pes,core,,2026-09-03T07:00:06.934937+00:00,487,487,435,36,16,435,435,435,435,435,0,0,0,435,177,167,152,144,258,0,0,fa,139,429,declared metadata; canonical identity and stream health not guaranteed
cmok1nk48012oqsv161ecdw0y,140614,fataleka,Fataleka,en,Fataleka,far,far,core,,2026-09-03T07:00:06.934937+00:00,79,79,63,16,0,63,63,63,63,63,0,0,0,63,35,34,35,34,28,0,0,en,33,63,declared metadata; canonical identity and stream health not guaranteed
cmokkv8x0036yqscc44q6vooa,26270,fernando-po-creole-english,Fernando Po Creole English,en,Fernando Po Creole English,fpe,fpe,core,,2026-09-03T07:00:06.934937+00:00,76,76,62,14,0,62,62,62,62,62,0,0,0,62,35,34,35,34,27,0,0,en,33,62,declared metadata; canonical identity and stream health not guaranteed
cmokky1dk03wbqscct5bsc356,53300,fiji-hindi,Fiji-Hindi,en|hif,Fiji-Hindi,hif,hif,core,,2026-09-03T07:00:06.934937+00:00,95,95,78,16,1,78,78,78,78,78,0,0,0,78,48,46,36,35,30,0,0,hif,0,0,declared metadata; canonical identity and stream health not guaranteed
cmokks8p202ggqsccf75i93nm,20665,fijian,Fijian,en|fj,Fijian,fj,fij,core,,2026-09-03T07:00:06.934937+00:00,120,120,100,19,1,100,100,100,100,100,0,0,0,100,61,58,49,47,39,0,0,fj,0,0,declared metadata; canonical identity and stream health not guaranteed
cmok1s0ic024gqsv1plcdzal7,160575,finallig,Finallig,en,Finallig,ebk,ebk,core,,2026-09-03T07:00:06.934937+00:00,76,76,62,14,0,62,62,62,62,62,0,0,0,62,35,34,35,34,27,0,0,en,33,62,declared metadata; canonical identity and stream health not guaranteed
cmokkxabk03pgqsccefo7eom8,4820,finnish,Finnish,en|fi,Finnish,fi,fin,core,,2026-09-03T07:00:06.934937+00:00,158,158,132,24,2,132,132,132,132,132,0,0,0,132,64,59,64,59,68,0,0,fi,0,0,declared metadata; canonical identity and stream health not guaranteed
cmokkt61902oxqscc6jakr4am,21578,flemish,Flemish,en,Flemish,nld,nld,core,,2026-09-03T07:00:06.934937+00:00,150,150,131,17,2,131,131,131,131,131,0,0,0,131,80,75,58,55,51,0,0,en,54,131,declared metadata; canonical identity and stream health not guaranteed
cmok1q6vk01onqsv1jhjmn6my,144064,folopa,Folopa,en,Folopa,ppo,ppo,core,,2026-09-03T07:00:06.934937+00:00,79,79,63,16,0,63,63,63,63,63,0,0,0,63,35,34,35,34,28,0,0,en,33,63,declared metadata; canonical identity and stream health not guaranteed
cmok1lo1i00m1qsv17wjz4qc7,1304,fon-gbe,Fon-Gbe,en|fon,Fon-Gbe,fon,fon,core,,2026-09-03T07:00:06.934937+00:00,166,166,145,19,2,145,145,145,145,145,0,0,0,145,84,79,74,70,61,0,0,en,66,143,declared metadata; canonical identity and stream health not guaranteed
cmokktsiq02ueqscc9yh9581n,23033,foochow,Foochow,en,Foochow,cdo,cdo,core,,2026-09-03T07:00:06.934937+00:00,76,76,62,14,0,62,62,62,62,62,0,0,0,62,35,34,35,34,27,0,0,en,33,62,declared metadata; canonical identity and stream health not guaranteed
cmok1sj42028tqsv1wfcrluqo,16956,fordata,Fordata,en,Fordata,frd,frd,core,,2026-09-03T07:00:06.934937+00:00,76,76,62,14,0,62,62,62,62,62,0,0,0,62,35,34,35,34,27,0,0,en,33,62,declared metadata; canonical identity and stream health not guaranteed
cmok1nkt3012uqsv1alidgkav,140640,fore,Fore,en,Fore,for,for,core,,2026-09-03T07:00:06.934937+00:00,75,75,62,13,0,62,62,62,62,62,0,0,0,62,35,34,35,34,27,0,0,en,33,62,declared metadata; canonical identity and stream health not guaranteed
cmokkxeeb03qjqsccaw2xidri,496,french,French,en|fr,French,fr,fra,core,,2026-09-03T07:00:06.934937+00:00,796,791,713,41,37,713,713,713,713,713,0,0,0,713,201,191,176,168,512,0,0,fr,164,689,declared metadata; canonical identity and stream health not guaranteed
cmokkydky03zeqsccmqamntwh,53424,french-african,"French, African",en,"French, African",fra,fra,core,,2026-09-03T07:00:06.934937+00:00,53,53,35,15,3,35,35,35,35,35,0,0,0,35,30,28,30,28,5,0,0,fr,28,35,declared metadata; canonical identity and stream health not guaranteed
cmokkxhis03rdqsccidg28m5w,5050,fulacunda,Fulacunda,en,Fulacunda,fuc,fuc,core,,2026-09-03T07:00:06.934937+00:00,76,76,62,14,0,62,62,62,62,62,0,0,0,62,35,34,35,34,27,0,0,en,33,62,declared metadata; canonical identity and stream health not guaranteed
cmokkukts0311qsccc56bly5i,24014,fulfulde-adamawa,Fulfulde-Adamawa,en|fub,Fulfulde-Adamawa,fub,fub,core,,2026-09-03T07:00:06.934937+00:00,138,138,121,15,2,121,121,121,121,121,0,0,0,121,71,67,61,58,50,0,0,en,57,121,declared metadata; canonical identity and stream health not guaranteed
cmokkvvr103cpqscckf5kqsba,3667,fulfulde-bagirmi,"Fulfulde, Bagirmi",en,"Fulfulde, Bagirmi",fui,fui,core,,2026-09-03T07:00:06.934937+00:00,76,76,62,14,0,62,62,62,62,62,0,0,0,62,35,34,35,34,27,0,0,en,33,62,declared metadata; canonical identity and stream health not guaranteed
cmok1ln8200ltqsv17q7andwd,1299,fulfulde-benin-togo,"Fulfulde, Benin-Togo",en|fue,"Fulfulde, Benin-Togo",fue,fue,core,,2026-09-03T07:00:06.934937+00:00,76,76,62,14,0,62,62,62,62,62,0,0,0,62,35,34,35,34,27,0,0,en,33,62,declared metadata; canonical identity and stream health not guaranteed
cmokkumfs031hqsccv1qmd1rg,24038,fulfulde-caka-nigeria,"Fulfulde, Caka Nigeria",en|fuv,"Fulfulde, Caka Nigeria",fuv,fuv,core,,2026-09-03T07:00:06.934937+00:00,148,148,130,16,2,130,130,130,130,130,0,0,0,130,80,75,58,55,50,0,0,en,54,130,declared metadata; canonical identity and stream health not guaranteed
cmokkt1m802ntqsccjnoanof2,2116,fulfulde-jelgoore,"Fulfulde, Jelgoore",en,"Fulfulde, Jelgoore",fuh,fuh,core,,2026-09-03T07:00:06.934937+00:00,76,76,62,14,0,62,62,62,62,62,0,0,0,62,35,34,35,34,27,0,0,en,33,62,declared metadata; canonical identity and stream health not guaranteed
cmokkxovu03t7qsccx1mwk4nv,5183,fulfulde-maasina,"Fulfulde, Maasina",en|ffm,"Fulfulde, Maasina",ffm,ffm,core,,2026-09-03T07:00:06.934937+00:00,105,105,86,19,0,86,86,86,86,86,0,0,0,86,48,46,48,46,38,0,0,en,42,84,declared metadata; canonical identity and stream health not guaranteed
cmokkxh3603r8qscco8c82e4x,5048,fulfulde-pulaar,"Fulfulde, Pulaar",en|fuc-x-Fulfulde,"Fulfulde, Pulaar",fuc-x-Fulfulde,fuc,core,,2026-09-03T07:00:06.934937+00:00,179,179,159,18,2,159,159,159,159,159,0,0,0,159,69,65,59,56,90,0,0,en,55,158,declared metadata; canonical identity and stream health not guaranteed
cmokkufzu02zuqscct7jir52r,23920,fulfulde-western-niger,"Fulfulde, Western Niger",en|fuh,"Fulfulde, Western Niger",fuh,fuh,core,,2026-09-03T07:00:06.934937+00:00,79,79,64,15,0,64,64,64,64,64,0,0,0,64,35,34,35,34,29,0,0,en,33,64,declared metadata; canonical identity and stream health not guaranteed
cmokkyc4i03z0qscc12kofbnp,53418,fur,Fur,en|fvr,Fur,fvr,fvr,core,,2026-09-03T07:00:06.934937+00:00,204,204,185,16,3,185,185,185,185,185,0,0,0,185,79,75,69,66,106,0,0,en,65,185,declared metadata; canonical identity and stream health not guaranteed
cmok1ni0h0126qsv1aym1vkfj,140551,furu,Furu,en,Furu,fuu,fuu,core,,2026-09-03T07:00:06.934937+00:00,79,79,64,15,0,64,64,64,64,64,0,0,0,64,35,34,35,34,29,0,0,en,33,64,declared metadata; canonical identity and stream health not guaranteed
cmokkyozx0426qsccal0jj40t,5459,fuuta-jalon,Fuuta Jalon,en,Fuuta Jalon,fuf,fuf,core,,2026-09-03T07:00:06.934937+00:00,85,85,70,14,1,70,70,70,70,70,0,0,0,70,40,38,40,38,30,0,0,en,37,70,declared metadata; canonical identity and stream health not guaranteed
cmok1nidz0129qsv12egzj57s,140555,fwe,Fwe,en,Fwe,fwe,fwe,core,,2026-09-03T07:00:06.934937+00:00,79,79,64,15,0,64,64,64,64,64,0,0,0,64,35,34,35,34,29,0,0,en,33,64,declared metadata; canonical identity and stream health not guaranteed
cmokkvg35038qqsccn1qwxaka,27152,ga,Ga,en|gaa,Ga,gaa,gaa,core,,2026-09-03T07:00:06.934937+00:00,76,76,62,14,0,62,62,62,62,62,0,0,0,62,35,34,35,34,27,0,0,ga,0,0,declared metadata; canonical identity and stream health not guaranteed
cmokl2dvg04ynqscc4610e5s4,98407,gaanda,Ga'Anda,en,Ga'Anda,gqa,gqa,core,,2026-09-03T07:00:06.934937+00:00,76,76,62,14,0,62,62,62,62,62,0,0,0,62,35,34,35,34,27,0,0,en,33,62,declared metadata; canonical identity and stream health not guaranteed
cmok1njf0012iqsv10elsfyah,140569,gadaba-mudhili,"Gadaba, Mudhili",en,"Gadaba, Mudhili",gau,gau,core,,2026-09-03T07:00:06.934937+00:00,76,76,62,14,0,62,62,62,62,62,0,0,0,62,35,34,35,34,27,0,0,en,33,62,declared metadata; canonical identity and stream health not guaranteed
cmok1niq6012cqsv13og2y721,140558,gaddang,Gaddang,en,Gaddang,gad,gad,core,,2026-09-03T07:00:06.934937+00:00,80,80,64,16,0,64,64,64,64,64,0,0,0,64,35,34,35,34,29,0,0,en,33,64,declared metadata; canonical identity and stream health not guaranteed
cmokl00x004dpqscctl114g05,6535,gaddi,Gaddi,en,Gaddi,gbk,gbk,core,,2026-09-03T07:00:06.934937+00:00,76,76,62,14,0,62,62,62,62,62,0,0,0,62,35,34,35,34,27,0,0,en,33,62,declared metadata; canonical identity and stream health not guaranteed
cmokkravu0280qscczoljfok4,19685,gadsup,Gadsup,en,Gadsup,gaj,gaj,core,,2026-09-03T07:00:06.934937+00:00,79,79,63,16,0,63,63,63,63,63,0,0,0,63,35,34,35,34,28,0,0,en,33,63,declared metadata; canonical identity and stream health not guaranteed
cmokl06b804f3qsccpw9hml2t,6884,gaelic-irish,"Gaelic, Irish",en|ga,"Gaelic, Irish",ga,gle,core,,2026-09-03T07:00:06.934937+00:00,92,92,76,15,1,76,76,76,76,76,0,0,0,76,48,46,36,35,28,0,0,ga,0,0,declared metadata; canonical identity and stream health not guaranteed
cmok1r29e01wdqsv14rqmtcxt,14818,gaelic-scots,"Gaelic, Scots",en|gd,"Gaelic, Scots",gd,gla,core,,2026-09-03T07:00:06.934937+00:00,76,76,62,14,0,62,62,62,62,62,0,0,0,62,35,34,35,34,27,0,0,gd,0,0,declared metadata; canonical identity and stream health not guaranteed
cmokkr0xf025hqscc8sigpdcr,1935,gagauz,Gagauz,en,Gagauz,gag,gag,core,,2026-09-03T07:00:06.934937+00:00,94,94,77,16,1,77,77,77,77,77,0,0,0,77,48,46,36,35,29,0,0,en,34,77,declared metadata; canonical identity and stream health not guaranteed
cmokl2dhk04ykqsccrkvkic8n,98306,gagu,Gagu,en,Gagu,ggu,ggu,core,,2026-09-03T07:00:06.934937+00:00,79,79,64,15,0,64,64,64,64,64,0,0,0,64,35,34,35,34,29,0,0,en,33,64,declared metadata; canonical identity and stream health not guaranteed
cmokkp3t201p2qsccj80vttaj,184451,gaita-koitor,Gaita Koitor,en,Gaita Koitor,fmu,fmu,core,,2026-09-03T07:00:06.934937+00:00,76,76,62,14,0,62,62,62,62,62,0,0,0,62,35,34,35,34,27,0,0,en,33,62,declared metadata; canonical identity and stream health not guaranteed
cmok1siqm028qqsv13bnen5q1,16954,galela,Galela,en,Galela,gbi,gbi,core,,2026-09-03T07:00:06.934937+00:00,76,76,62,14,0,62,62,62,62,62,0,0,0,62,35,34,35,34,27,0,0,en,33,62,declared metadata; canonical identity and stream health not guaranteed
cmokkrbm40286qsccpvyqx2nn,19705,galician,Galician,en|gl,Galician,gl,glg,core,,2026-09-03T07:00:06.934937+00:00,120,120,100,19,1,100,100,100,100,100,0,0,0,100,61,58,49,47,39,0,0,gl,0,0,declared metadata; canonical identity and stream health not guaranteed
cmokkv082034wqsccrh0po0vi,24409,galo,Galo,en,Galo,adl,adl,core,,2026-09-03T07:00:06.934937+00:00,76,76,62,14,0,62,62,62,62,62,0,0,0,62,35,34,35,34,27,0,0,en,33,62,declared metadata; canonical identity and stream health not guaranteed
cmok1jum2005zqsv10etbyajm,10365,gamai,Gamai,en,Gamai,ank,ank,core,,2026-09-03T07:00:06.934937+00:00,76,76,62,14,0,62,62,62,62,62,0,0,0,62,35,34,35,34,27,0,0,en,33,62,declared metadata; canonical identity and stream health not guaranteed
cmokl00jk04dmqscc08n930cl,6533,gamit,Gamit,en,Gamit,gbl,gbl,core,,2026-09-03T07:00:06.934937+00:00,76,76,62,14,0,62,62,62,62,62,0,0,0,62,35,34,35,34,27,0,0,en,33,62,declared metadata; canonical identity and stream health not guaranteed
cmokkwyxa03moqsccq58fkxbc,4635,gamo,Gamo,en,Gamo,gmv,gmv,core,,2026-09-03T07:00:06.934937+00:00,132,132,116,15,1,116,116,116,116,116,0,0,0,116,67,63,57,54,49,0,0,en,53,116,declared metadata; canonical identity and stream health not guaranteed
cmok1kjzt00caqsv16eijh0eh,117883,gangam,Gangam,en,Gangam,gng,gng,core,,2026-09-03T07:00:06.934937+00:00,76,76,62,14,0,62,62,62,62,62,0,0,0,62,35,34,35,34,27,0,0,en,33,62,declared metadata; canonical identity and stream health not guaranteed
cmok1nl4z012xqsv1ijqix3w0,140672,gao,Gao,en,Gao,gga,gga,core,,2026-09-03T07:00:06.934937+00:00,79,79,63,16,0,63,63,63,63,63,0,0,0,63,35,34,35,34,28,0,0,en,33,63,declared metadata; canonical identity and stream health not guaranteed
cmokkuy6a034eqsccctf961i2,24340,garasia-adiwasi,"Garasia, Adiwasi",en,"Garasia, Adiwasi",gas,gas,core,,2026-09-03T07:00:06.934937+00:00,76,76,62,14,0,62,62,62,62,62,0,0,0,62,35,34,35,34,27,0,0,en,33,62,declared metadata; canonical identity and stream health not guaranteed
cmokkuyi5034hqscc3x69mg5g,24341,garasia-rajput,"Garasia, Rajput",en,"Garasia, Rajput",gra,gra,core,,2026-09-03T07:00:06.934937+00:00,76,76,62,14,0,62,62,62,62,62,0,0,0,62,35,34,35,34,27,0,0,en,33,62,declared metadata; canonical identity and stream health not guaranteed
cmokl007u04djqscccmxr6gok,6532,garhwali,Garhwali,en,Garhwali,gbm,gbm,core,,2026-09-03T07:00:06.934937+00:00,92,92,76,15,1,76,76,76,76,76,0,0,0,76,48,46,36,35,28,0,0,en,34,76,declared metadata; canonical identity and stream health not guaranteed
cmok1leuh00jrqsv1bl93p4fl,1277,garifuna,Garifuna,en,Garifuna,cab,cab,core,,2026-09-03T07:00:06.934937+00:00,79,79,64,15,0,64,64,64,64,64,0,0,0,64,35,34,35,34,29,0,0,en,33,64,declared metadata; canonical identity and stream health not guaranteed
cmok1konv00dfqsv1ejby880c,1204,garo,Garo,en|grt,Garo,grt,grt,core,,2026-09-03T07:00:06.934937+00:00,76,76,62,14,0,62,62,62,62,62,0,0,0,62,35,34,35,34,27,0,0,en,33,62,declared metadata; canonical identity and stream health not guaranteed
cmok1nj37012fqsv1ayhf8j37,140566,gata,Gata',en,Gata',gaq,gaq,core,,2026-09-03T07:00:06.934937+00:00,76,76,62,14,0,62,62,62,62,62,0,0,0,62,35,34,35,34,27,0,0,en,33,62,declared metadata; canonical identity and stream health not guaranteed
cmok1rqe30220qsv1vbqcdyov,1569,gaviao-do-jiparana,Gaviao Do Jiparana,en,Gaviao Do Jiparana,gvo,gvo,core,,2026-09-03T07:00:06.934937+00:00,76,76,62,14,0,62,62,62,62,62,0,0,0,62,35,34,35,34,27,0,0,en,33,62,declared metadata; canonical identity and stream health not guaranteed
cmokkpvfp01voqsccdkknortg,184801,gavva,Gavva,en,Gavva,gdf,gdf,core,,2026-09-03T07:00:06.934937+00:00,79,79,64,15,0,64,64,64,64,64,0,0,0,64,35,34,35,34,29,0,0,en,33,64,declared metadata; canonical identity and stream health not guaranteed
cmokl2e7204yqqscc9jlbzio4,98458,gawri,Gawri,en,Gawri,gwc,gwc,core,,2026-09-03T07:00:06.934937+00:00,76,76,62,14,0,62,62,62,62,62,0,0,0,62,35,34,35,34,27,0,0,en,33,62,declared metadata; canonical identity and stream health not guaranteed
cmokl2ewa04ywqscc2rwfir6b,98476,gayil,Gayil,en,Gayil,gyl,gyl,core,,2026-09-03T07:00:06.934937+00:00,76,76,62,14,0,62,62,62,62,62,0,0,0,62,35,34,35,34,27,0,0,en,33,62,declared metadata; canonical identity and stream health not guaranteed
cmokkotl601mnqsccuab5kg15,17807,gayo,Gayo,en,Gayo,gay,gay,core,,2026-09-03T07:00:06.934937+00:00,76,76,62,14,0,62,62,62,62,62,0,0,0,62,35,34,35,34,27,0,0,en,33,62,declared metadata; canonical identity and stream health not guaranteed
cmok1jczz001rqsv1r083hq30,10085,gbagyi,Gbagyi,en,Gbagyi,gbr,gbr,core,,2026-09-03T07:00:06.934937+00:00,82,82,67,14,1,67,67,67,67,67,0,0,0,67,39,38,39,38,28,0,0,en,37,67,declared metadata; canonical identity and stream health not guaranteed
cmokkrbad0283qscc7a4h3cvf,19689,gbanu,Gbanu,en,Gbanu,gbv,gbv,core,,2026-09-03T07:00:06.934937+00:00,76,76,62,14,0,62,62,62,62,62,0,0,0,62,35,34,35,34,27,0,0,en,33,62,declared metadata; canonical identity and stream health not guaranteed
cmok1jbwm001iqsv17txms8bh,10076,gbari,Gbari,en,Gbari,gby,gby,core,,2026-09-03T07:00:06.934937+00:00,76,76,62,14,0,62,62,62,62,62,0,0,0,62,35,34,35,34,27,0,0,en,33,62,declared metadata; canonical identity and stream health not guaranteed
cmokl2j0u04zwqsccy5l6fc2f,99152,gbaya-kresh-south-sudan,"Gbaya-Kresh, South Sudan",en,"Gbaya-Kresh, South Sudan",krs,krs,core,,2026-09-03T07:00:06.934937+00:00,132,132,116,15,1,116,116,116,116,116,0,0,0,116,67,63,57,54,49,0,0,en,53,116,declared metadata; canonical identity and stream health not guaranteed
cmokkvied039cqscchndj6gbm,2745,gbaya-northwest,"Gbaya, Northwest",en,"Gbaya, Northwest",gya,gya,core,,2026-09-03T07:00:06.934937+00:00,76,76,62,14,0,62,62,62,62,62,0,0,0,62,35,34,35,34,27,0,0,en,33,62,declared metadata; canonical identity and stream health not guaranteed
cmokkv3cn035nqscc6f26crbs,2518,gbaya-southwest,"Gbaya, Southwest",en,"Gbaya, Southwest",gso,gso,core,,2026-09-03T07:00:06.934937+00:00,76,76,62,14,0,62,62,62,62,62,0,0,0,62,35,34,35,34,27,0,0,en,33,62,declared metadata; canonical identity and stream health not guaranteed
cmok1j789000fqsv1hpun2ik3,100227,gbe-saxwe,"Gbe, Saxwe",en,"Gbe, Saxwe",sxw,sxw,core,,2026-09-03T07:00:06.934937+00:00,76,76,62,14,0,62,62,62,62,62,0,0,0,62,35,34,35,34,27,0,0,en,33,62,declared metadata; canonical identity and stream health not guaranteed
cmok1oy2j01e1qsv13oa4xsc6,142348,gbe-tofin,"Gbe, Tofin",en,"Gbe, Tofin",tfi,tfi,core,,2026-09-03T07:00:06.934937+00:00,76,76,62,14,0,62,62,62,62,62,0,0,0,62,35,34,35,34,27,0,0,en,33,62,declared metadata; canonical identity and stream health not guaranteed
cmok1paql01h2qsv1cqf4jruz,142827,gbe-weme,"Gbe, Weme",en,"Gbe, Weme",wem,wem,core,,2026-09-03T07:00:06.934937+00:00,75,75,62,13,0,62,62,62,62,62,0,0,0,62,35,34,35,34,27,0,0,en,33,62,declared metadata; canonical identity and stream health not guaranteed
cmokktjsg02saqsccq0i97dqe,22651,gbeya,Gbeya,en,Gbeya,gbp,gbp,core,,2026-09-03T07:00:06.934937+00:00,82,82,67,14,1,67,67,67,67,67,0,0,0,67,39,38,39,38,28,0,0,en,37,67,declared metadata; canonical identity and stream health not guaranteed
cmokl0own04jpqscciwh5sd44,7658,gbii,Gbii,en,Gbii,ggb,ggb,core,,2026-09-03T07:00:06.934937+00:00,79,79,64,15,0,64,64,64,64,64,0,0,0,64,35,34,35,34,29,0,0,en,33,64,declared metadata; canonical identity and stream health not guaranteed
cmokktn4o02t3qscc3tet69sp,22819,ge,Ge,en,Ge,hmj,hmj,core,,2026-09-03T07:00:06.934937+00:00,76,76,62,14,0,62,62,62,62,62,0,0,0,62,35,34,35,34,27,0,0,en,33,62,declared metadata; canonical identity and stream health not guaranteed
cmokkx46i03nyqsccn1ogcfk7,4704,gedeo,Gedeo,en,Gedeo,drs,drs,core,,2026-09-03T07:00:06.934937+00:00,76,76,62,14,0,62,62,62,62,62,0,0,0,62,35,34,35,34,27,0,0,en,33,62,declared metadata; canonical identity and stream health not guaranteed
cmok1q4ge01o2qsv11pv2hunm,143904,gela,Gela,en,Gela,nlg,nlg,core,,2026-09-03T07:00:06.934937+00:00,79,79,63,16,0,63,63,63,63,63,0,0,0,63,35,34,35,34,28,0,0,en,33,63,declared metadata; canonical identity and stream health not guaranteed
cmok1lz0000ovqsv13kvgpabr,1342,gen-gbe,Gen-Gbe,en,Gen-Gbe,gej,gej,core,,2026-09-03T07:00:06.934937+00:00,76,76,62,14,0,62,62,62,62,62,0,0,0,62,35,34,35,34,27,0,0,en,33,62,declared metadata; canonical identity and stream health not guaranteed
cmokkxl8s03saqsccxvslu4z4,5112,georgian,Georgian,en|ka,Georgian,ka,kat,core,,2026-09-03T07:00:06.934937+00:00,203,203,177,22,4,177,177,177,177,177,0,0,0,177,105,98,80,75,72,0,0,ka,0,0,declared metadata; canonical identity and stream health not guaranteed
cmok1p2sx01f4qsv1ju3wfanw,142505,gepo,Gepo,en,Gepo,ygp,ygp,core,,2026-09-03T07:00:06.934937+00:00,79,79,63,16,0,63,63,63,63,63,0,0,0,63,35,34,35,34,28,0,0,en,33,63,declared metadata; canonical identity and stream health not guaranteed
0c49aadd-a2b1-492c-8aec-2e27cb5619c3,2993,german-pennsylvania,Pennsylvania Dutch,en,Pennsylvania Dutch,pdc,pdc,core,,2026-09-03T07:00:06.934937+00:00,62,62,62,0,0,62,62,62,62,62,0,0,0,62,35,34,35,34,27,0,0,en,33,62,declared metadata; canonical identity and stream health not guaranteed
cmok1k7uu0096qsv1742bkiz7,1106,german-standard,"German, Standard",de|en,"German, Standard",de,deu,core,,2026-09-03T07:00:06.934937+00:00,506,506,443,37,26,443,443,443,443,443,0,0,0,443,186,176,161,153,257,0,0,de,148,435,declared metadata; canonical identity and stream health not guaranteed
cmok1nmv3013cqsv1g5dbi19e,140790,ghari,Ghari,en,Ghari,gri,gri,core,,2026-09-03T07:00:06.934937+00:00,75,75,62,13,0,62,62,62,62,62,0,0,0,62,35,34,35,34,27,0,0,en,33,62,declared metadata; canonical identity and stream health not guaranteed
cmokkvm9h03a9qscci4yuluwi,2908,ghomala,Ghomala,bbj|en,Ghomala,bbj,bbj,core,,2026-09-03T07:00:06.934937+00:00,76,76,62,14,0,62,62,62,62,62,0,0,0,62,35,34,35,34,27,0,0,en,33,62,declared metadata; canonical identity and stream health not guaranteed
cmok1mowg00vaqsv11kpozhp0,139226,ghotuo,Ghotuo,en,Ghotuo,ikh,ikh,core,,2026-09-03T07:00:06.934937+00:00,76,76,62,14,0,62,62,62,62,62,0,0,0,62,35,34,35,34,27,0,0,en,33,62,declared metadata; canonical identity and stream health not guaranteed
cmok1lj6l00ksqsv1a7snby0f,12840,giangan,Bogobo Klata,bgi|en,Bogobo Klata,bgi,bgi,core,,2026-09-03T07:00:06.934937+00:00,75,75,62,13,0,62,62,62,62,62,0,0,0,62,35,34,35,34,27,0,0,en,33,62,declared metadata; canonical identity and stream health not guaranteed
cmok1r44v01wuqsv1hz35c7b7,149219,gibaio,Gibaio,en,Gibaio,kiw,kiw,core,,2026-09-03T07:00:06.934937+00:00,76,76,62,14,0,62,62,62,62,62,0,0,0,62,35,34,35,34,27,0,0,en,33,62,declared metadata; canonical identity and stream health not guaranteed
cmok1ncqz010xqsv1cb9he1q2,140297,gichuka,Gichuka,en,Gichuka,cuh,cuh,core,,2026-09-03T07:00:06.934937+00:00,132,132,116,15,1,115,115,115,115,115,0,0,0,115,67,63,57,54,48,0,0,en,53,115,declared metadata; canonical identity and stream health not guaranteed
cmokkxmr203spqsccilesvn6k,5166,gikyode,Gikyode,en,Gikyode,acd,acd,core,,2026-09-03T07:00:06.934937+00:00,76,76,62,14,0,62,62,62,62,62,0,0,0,62,35,34,35,34,27,0,0,en,33,62,declared metadata; canonical identity and stream health not guaranteed
cmokl04uu04epqsccq3afgx4d,6707,gilaki,Gilaki,en,Gilaki,glk,glk,core,,2026-09-03T07:00:06.934937+00:00,75,75,61,14,0,61,61,61,61,61,0,0,0,61,34,33,34,33,27,0,0,en,32,61,declared metadata; canonical identity and stream health not guaranteed
cmokkqi9u0211qscc35610r7c,185210,gilaki-rashti,"Gilaki, Rashti",en,"Gilaki, Rashti",glk,glk,core,,2026-09-03T07:00:06.934937+00:00,150,150,131,17,2,131,131,131,131,131,0,0,0,131,80,75,58,55,51,0,0,en,54,131,declared metadata; canonical identity and stream health not guaranteed
cmokkrp9d02biqscc6kvh5i3l,20117,giryama,Giryama,en,Giryama,nyf,nyf,core,,2026-09-03T07:00:06.934937+00:00,76,76,62,14,0,62,62,62,62,62,0,0,0,62,35,34,35,34,27,0,0,en,33,62,declared metadata; canonical identity and stream health not guaranteed
cmokkqli4021sqscchffb4r65,185234,gisir,Gisir,en,Gisir,swj,swj,core,,2026-09-03T07:00:06.934937+00:00,76,76,62,14,0,62,62,62,62,62,0,0,0,62,35,34,35,34,27,0,0,en,33,62,declared metadata; canonical identity and stream health not guaranteed
cmokksv9g02m6qsccc36eaurm,20983,gitonga,Gitonga,en,Gitonga,toh,toh,core,,2026-09-03T07:00:06.934937+00:00,76,76,62,14,0,62,62,62,62,62,0,0,0,62,35,34,35,34,27,0,0,en,33,62,declared metadata; canonical identity and stream health not guaranteed
cmokkviqd039fqscc68fkmi8o,2754,giziga-south,"Giziga, South",en,"Giziga, South",giz,giz,core,,2026-09-03T07:00:06.934937+00:00,76,76,62,14,0,62,62,62,62,62,0,0,0,62,35,34,35,34,27,0,0,en,33,62,declared metadata; canonical identity and stream health not guaranteed
cmok1nlu50133qsv1s49slkpl,140740,glavda,Glavda,en,Glavda,glw,glw,core,,2026-09-03T07:00:06.934937+00:00,79,79,64,15,0,64,64,64,64,64,0,0,0,64,35,34,35,34,29,0,0,en,33,64,declared metadata; canonical identity and stream health not guaranteed
cmokkp6u001psqscc03lj03nw,184479,goan-konkani,Goan Konkani,en,Goan Konkani,gom,gom,core,,2026-09-03T07:00:06.934937+00:00,151,151,132,17,2,132,132,132,132,132,0,0,0,132,80,75,58,55,52,0,0,en,54,132,declared metadata; canonical identity and stream health not guaranteed
cmokkpq4901ufqsccs89hjnrl,184596,godie,Godie,en,Godie,god,god,core,,2026-09-03T07:00:06.934937+00:00,76,76,62,14,0,62,62,62,62,62,0,0,0,62,35,34,35,34,27,0,0,en,33,62,declared metadata; canonical identity and stream health not guaranteed
cmokkwyla03mlqsccrfkmczgw,4634,gofa,Gofa,en,Gofa,gof,gof,core,,2026-09-03T07:00:06.934937+00:00,76,76,62,14,0,62,62,62,62,62,0,0,0,62,35,34,35,34,27,0,0,en,33,62,declared metadata; canonical identity and stream health not guaranteed
cmok1oq2o01c7qsv1sphzpj0q,14206,gogo,Gogo,en,Gogo,gog,gog,core,,2026-09-03T07:00:06.934937+00:00,76,76,62,14,0,62,62,62,62,62,0,0,0,62,35,34,35,34,27,0,0,en,33,62,declared metadata; canonical identity and stream health not guaranteed
cmok1kqhm00dwqsv1h42k5q7t,121129,goji,Goji,en,Goji,kuh,kuh,core,,2026-09-03T07:00:06.934937+00:00,76,76,62,14,0,62,62,62,62,62,0,0,0,62,35,34,35,34,27,0,0,en,33,62,declared metadata; canonical identity and stream health not guaranteed
cmokkwkm503iyqscch2aqtpua,43229,gojri,Gojri,en,Gojri,gju,gju,core,,2026-09-03T07:00:06.934937+00:00,76,76,62,14,0,62,62,62,62,62,0,0,0,62,35,34,35,34,27,0,0,en,33,62,declared metadata; canonical identity and stream health not guaranteed
cmok1ji6h0030qsv118j0bd02,10143,gokana,Gokana,en,Gokana,gkn,gkn,core,,2026-09-03T07:00:06.934937+00:00,76,76,62,14,0,62,62,62,62,62,0,0,0,62,35,34,35,34,27,0,0,en,33,62,declared metadata; canonical identity and stream health not guaranteed
cmokl0o6x04jjqscc2g2t5mdr,7617,gola,Gola,en,Gola,gol,gol,core,,2026-09-03T07:00:06.934937+00:00,82,82,67,14,1,67,67,67,67,67,0,0,0,67,39,38,39,38,28,0,0,en,37,67,declared metadata; canonical identity and stream health not guaranteed
cmokkrcr6028hqscc2ire1soo,19725,golin,Golin,en,Golin,gvf,gvf,core,,2026-09-03T07:00:06.934937+00:00,76,76,62,14,0,62,62,62,62,62,0,0,0,62,35,34,35,34,27,0,0,en,33,62,declared metadata; canonical identity and stream health not guaranteed
cmok1r0lo01vxqsv1vtwp1eif,147829,gondi-aheri,"Gondi, Aheri",en,"Gondi, Aheri",esg,esg,core,,2026-09-03T07:00:06.934937+00:00,76,76,62,14,0,62,62,62,62,62,0,0,0,62,35,34,35,34,27,0,0,en,33,62,declared metadata; canonical identity and stream health not guaranteed
cmokkzzue04dgqsccd7ku643i,6511,gondi-northern,"Gondi, Northern",en,"Gondi, Northern",gno,gno,core,,2026-09-03T07:00:06.934937+00:00,78,78,63,15,0,63,63,63,63,63,0,0,0,63,35,34,35,34,28,0,0,en,33,63,declared metadata; canonical identity and stream health not guaranteed
cmokkxpeg03tcqscclxi4zw99,5187,gonja,Gonja,en,Gonja,gjn,gjn,core,,2026-09-03T07:00:06.934937+00:00,82,82,67,14,1,67,67,67,67,67,0,0,0,67,39,38,39,38,28,0,0,en,37,67,declared metadata; canonical identity and stream health not guaranteed
cmokkrc3j028bqsccjynmo2kd,19716,gorontalo,Gorontalo,en,Gorontalo,gor,gor,core,,2026-09-03T07:00:06.934937+00:00,76,76,62,14,0,62,62,62,62,62,0,0,0,62,35,34,35,34,27,0,0,en,33,62,declared metadata; canonical identity and stream health not guaranteed
cmok1lm7b00lkqsv1w2vrd5pj,1296,gourmanchema,Gourmanchema,en,Gourmanchema,gux,gux,core,,2026-09-03T07:00:06.934937+00:00,76,76,62,14,0,62,62,62,62,62,0,0,0,62,35,34,35,34,27,0,0,en,33,62,declared metadata; canonical identity and stream health not guaranteed
cmok1nm7o0136qsv180r80ior,140770,gowlan,Gowlan,en,Gowlan,goj,goj,core,,2026-09-03T07:00:06.934937+00:00,79,79,63,16,0,63,63,63,63,63,0,0,0,63,35,34,35,34,28,0,0,en,33,63,declared metadata; canonical identity and stream health not guaranteed
cmok1nmjf0139qsv1w3jvzlse,140771,gowli,Gowli,en,Gowli,gok,gok,core,,2026-09-03T07:00:06.934937+00:00,76,76,62,14,0,62,62,62,62,62,0,0,0,62,35,34,35,34,27,0,0,en,33,62,declared metadata; canonical identity and stream health not guaranteed
cmokkuh6l0305qsccubzst1u1,23926,grebo-northern,"Grebo, Northern",en,"Grebo, Northern",gbo,gbo,core,,2026-09-03T07:00:06.934937+00:00,82,82,67,14,1,67,67,67,67,67,0,0,0,67,39,38,39,38,28,0,0,en,37,67,declared metadata; canonical identity and stream health not guaranteed
cmokkxbc203pqqsccn6je23ct,483,greek,Greek,el|en,Greek,el,ell,core,,2026-09-03T07:00:06.934937+00:00,198,198,171,24,3,171,171,171,171,171,0,0,0,171,106,99,84,79,65,0,0,el,0,0,declared metadata; canonical identity and stream health not guaranteed
cmokkrcfh028eqsccn3xh5ubr,19720,guahibo,Guahibo,en,Guahibo,guh,guh,core,,2026-09-03T07:00:06.934937+00:00,79,79,63,16,0,63,63,63,63,63,0,0,0,63,35,34,35,34,28,0,0,en,33,63,declared metadata; canonical identity and stream health not guaranteed
cmok1rstk022lqsv192wg2aj9,1582,guajajara,Guajajara,en,Guajajara,gub,gub,core,,2026-09-03T07:00:06.934937+00:00,76,76,62,14,0,62,62,62,62,62,0,0,0,62,35,34,35,34,27,0,0,en,33,62,declared metadata; canonical identity and stream health not guaranteed
cmokkwgki03i1qscc2db73s5c,4230,guambiano,Guambiano,en,Guambiano,gum,gum,core,,2026-09-03T07:00:06.934937+00:00,79,79,63,16,0,63,63,63,63,63,0,0,0,63,35,34,35,34,28,0,0,en,33,63,declared metadata; canonical identity and stream health not guaranteed
cmokks6d102fuqsccjae278l6,20631,guarani-bolivian-eastern,"Guarani, Bolivian, Eastern",en|gui,"Guarani, Bolivian, Eastern",gui,gui,core,,2026-09-03T07:00:06.934937+00:00,76,76,62,14,0,62,62,62,62,62,0,0,0,62,35,34,35,34,27,0,0,en,33,62,declared metadata; canonical identity and stream health not guaranteed
cmokkzo6q04agqscch0fetol1,623,guarani-mbya,"Guarani, Mbya",en|gun,"Guarani, Mbya",gun,gun,core,,2026-09-03T07:00:06.934937+00:00,76,76,62,14,0,62,62,62,62,62,0,0,0,62,35,34,35,34,27,0,0,en,33,62,declared metadata; canonical identity and stream health not guaranteed
cmok1kt2w00ehqsv1bov3v3hs,12327,guarani-paraguayan,"Guarani, Paraguayan",en|gug,"Guarani, Paraguayan",gug,gug,core,,2026-09-03T07:00:06.934937+00:00,120,120,100,19,1,100,100,100,100,100,0,0,0,100,61,58,49,47,39,0,0,en,43,98,declared metadata; canonical identity and stream health not guaranteed
cmokkpylc01wfqscc4tth77bx,184828,guarani-western-bolivian,"Guarani, Western Bolivian",en,"Guarani, Western Bolivian",gnw,gnw,core,,2026-09-03T07:00:06.934937+00:00,79,79,63,16,0,63,63,63,63,63,0,0,0,63,35,34,35,34,28,0,0,en,33,63,declared metadata; canonical identity and stream health not guaranteed
cmok1k282007uqsv1hm9vkuve,10597,guaymi,Guaymi,en,Guaymi,gym,gym,core,,2026-09-03T07:00:06.934937+00:00,76,76,62,14,0,62,62,62,62,62,0,0,0,62,35,34,35,34,27,0,0,en,33,62,declared metadata; canonical identity and stream health not guaranteed
cmok1rzsv024aqsv1y8ngzofq,16048,guere-central,"Guere, Central",en,"Guere, Central",gxx,gxx,core,,2026-09-03T07:00:06.934937+00:00,76,76,62,14,0,62,62,62,62,62,0,0,0,62,35,34,35,34,27,0,0,en,33,62,declared metadata; canonical identity and stream health not guaranteed
cmok1r4go01wxqsv1kxhs7x10,149408,guina-ang-kalinga,Guina-Ang Kalinga,en,Guina-Ang Kalinga,knb,knb,core,,2026-09-03T07:00:06.934937+00:00,76,76,62,14,0,62,62,62,62,62,0,0,0,62,35,34,35,34,27,0,0,en,33,62,declared metadata; canonical identity and stream health not guaranteed
cmokl02ch04e1qsccjzxndnvu,6600,gujarati,Gujarati,en|gu,Gujarati,gu,guj,core,,2026-09-03T07:00:06.934937+00:00,329,329,297,26,6,297,297,297,297,297,0,0,0,297,140,131,118,111,157,0,0,gu,0,0,declared metadata; canonical identity and stream health not guaranteed
cmokkx3he03nsqsccjenr3hkn,4699,guji,Guji,en,Guji,gax,gax,core,,2026-09-03T07:00:06.934937+00:00,76,76,62,14,0,62,62,62,62,62,0,0,0,62,35,34,35,34,27,0,0,en,33,62,declared metadata; canonical identity and stream health not guaranteed
cmok1lmut00lqqsv1vqdv7maa,1297,gun-gbe,Gun-Gbe,en,Gun-Gbe,guw,guw,core,,2026-09-03T07:00:06.934937+00:00,76,76,62,14,0,62,62,62,62,62,0,0,0,62,35,34,35,34,27,0,0,en,33,62,declared metadata; canonical identity and stream health not guaranteed
cmok1qz7801vlqsv1w8ar90hb,14710,gungu,Gungu,en,Gungu,rub,rub,core,,2026-09-03T07:00:06.934937+00:00,76,76,62,14,0,62,62,62,62,62,0,0,0,62,35,34,35,34,27,0,0,en,33,62,declared metadata; canonical identity and stream health not guaranteed
cmokkx21l03ngqsccn3ek4ehe,4684,gurage-sodo,"Gurage, Sodo",en,"Gurage, Sodo",gru,gru,core,,2026-09-03T07:00:06.934937+00:00,76,76,62,14,0,62,62,62,62,62,0,0,0,62,35,34,35,34,27,0,0,en,33,62,declared metadata; canonical identity and stream health not guaranteed
cmokkx17a03n8qscc0gd8xqqk,4676,gurage-west,"Gurage, West",en,"Gurage, West",sgw,sgw,core,,2026-09-03T07:00:06.934937+00:00,132,132,116,15,1,116,116,116,116,116,0,0,0,116,67,63,57,54,49,0,0,en,53,116,declared metadata; canonical identity and stream health not guaranteed
cmokks4xf02fhqsccm58bxxj0,2062,gurenne,Gurenne,en,Gurenne,gur,gur,core,,2026-09-03T07:00:06.934937+00:00,82,82,67,14,1,67,67,67,67,67,0,0,0,67,39,38,39,38,28,0,0,en,37,67,declared metadata; canonical identity and stream health not guaranteed
cmok1nlig0130qsv1ss1d85by,140675,gurgula,Gurgula,en,Gurgula,ggg,ggg,core,,2026-09-03T07:00:06.934937+00:00,131,131,116,14,1,115,115,115,115,115,0,0,0,115,67,63,57,54,48,0,0,en,53,115,declared metadata; canonical identity and stream health not guaranteed
cmok1s0xe024jqsv1usz9l6c2,16064,guro,Guro,en,Guro,goa,goa,core,,2026-09-03T07:00:06.934937+00:00,138,138,121,15,2,121,121,121,121,121,0,0,0,121,71,67,61,58,50,0,0,en,57,121,declared metadata; canonical identity and stream health not guaranteed
cmokkzzem04dbqscc4xubrndu,6485,gurung,Gurung,en|gvr,Gurung,gvr,gvr,core,,2026-09-03T07:00:06.934937+00:00,76,76,62,14,0,62,62,62,62,62,0,0,0,62,35,34,35,34,27,0,0,en,33,62,declared metadata; canonical identity and stream health not guaranteed
cmokl0gh404hlqsccsaxloazp,7326,gusii,Gusii,en,Gusii,guz,guz,core,,2026-09-03T07:00:06.934937+00:00,76,76,62,14,0,62,62,62,62,62,0,0,0,62,35,34,35,34,27,0,0,en,33,62,declared metadata; canonical identity and stream health not guaranteed
cmokkpkwy01t9qscceudlygzo,184548,gutob-gadaba,Gutob Gadaba,en,Gutob Gadaba,gbj,gbj,core,,2026-09-03T07:00:06.934937+00:00,76,76,62,14,0,62,62,62,62,62,0,0,0,62,35,34,35,34,27,0,0,en,33,62,declared metadata; canonical identity and stream health not guaranteed
cmokksahc02gyqscc1govivgn,20693,guyanese-creole,Guyanese Creole,en,Guyanese Creole,gyn,gyn,core,,2026-09-03T07:00:06.934937+00:00,76,76,62,14,0,62,62,62,62,62,0,0,0,62,35,34,35,34,27,0,0,en,33,62,declared metadata; canonical identity and stream health not guaranteed
cmok1qxzg01vaqsv1h9csbbvw,14692,gwere,Gwere,en,Gwere,gwr,gwr,core,,2026-09-03T07:00:06.934937+00:00,76,76,62,14,0,62,62,62,62,62,0,0,0,62,35,34,35,34,27,0,0,en,33,62,declared metadata; canonical identity and stream health not guaranteed
cmok1mc7g00s5qsv1bfrbtcak,139090,gyaazi,Gyaazi,en,Gyaazi,gji,gyz,core,,2026-09-03T07:00:06.934937+00:00,76,76,62,14,0,62,62,62,62,62,0,0,0,62,35,34,35,34,27,0,0,en,33,62,declared metadata; canonical identity and stream health not guaranteed
cmokkx0u503n5qsccqucnkta5,4667,hadiyya,Hadiyya,en,Hadiyya,hdy,hdy,core,,2026-09-03T07:00:06.934937+00:00,76,76,62,14,0,62,62,62,62,62,0,0,0,62,35,34,35,34,27,0,0,en,33,62,declared metadata; canonical identity and stream health not guaranteed
cmokksat402h1qsccxjy5etrf,20696,hadothi,Hadothi,en,Hadothi,hoj,hoj,core,,2026-09-03T07:00:06.934937+00:00,79,79,64,15,0,64,64,64,64,64,0,0,0,64,35,34,35,34,29,0,0,en,33,64,declared metadata; canonical identity and stream health not guaranteed
cmok1no9f013oqsv1rktv1rxu,140867,hadza,Hadza,en,Hadza,hts,hts,core,,2026-09-03T07:00:06.934937+00:00,76,76,62,14,0,62,62,62,62,62,0,0,0,62,35,34,35,34,27,0,0,en,33,62,declared metadata; canonical identity and stream health not guaranteed
cmok1ltt700niqsv1yhbfbjn8,13192,hainanese,Hainanese,en|nan-CN-46,Hainanese,nan-CN-46,nan,core,,2026-09-03T07:00:06.934937+00:00,107,107,88,19,0,88,88,88,88,88,0,0,0,88,48,46,48,46,40,0,0,en,42,86,declared metadata; canonical identity and stream health not guaranteed
cmokkwsas03kyqsccgjw0gu3y,4473,haitian-creole,Haitian Creole,en|ht,Haitian Creole,ht,hat,core,,2026-09-03T07:00:06.934937+00:00,156,156,134,20,2,134,134,134,134,134,0,0,0,134,82,77,60,57,52,0,0,ht,0,0,declared metadata; canonical identity and stream health not guaranteed
cmok1kmtk00cyqsv190935wx8,1193,hajong,Hajong,en,Hajong,haj,haj,core,,2026-09-03T07:00:06.934937+00:00,76,76,62,14,0,62,62,62,62,62,0,0,0,62,35,34,35,34,27,0,0,en,33,62,declared metadata; canonical identity and stream health not guaranteed
cmok1mm4y00umqsv1ptly50ct,139179,hakhun,Hakhun,en,Hakhun,nst,nst,core,,2026-09-03T07:00:06.934937+00:00,76,76,62,14,0,62,62,62,62,62,0,0,0,62,35,34,35,34,27,0,0,en,33,62,declared metadata; canonical identity and stream health not guaranteed
cmokks40a02f7qsccwjtvsm90,20611,hakka,Hakka,en|hak,Hakka,hak,hak,core,,2026-09-03T07:00:06.934937+00:00,76,76,62,14,0,62,62,62,62,62,0,0,0,62,35,34,35,34,27,0,0,en,33,62,declared metadata; canonical identity and stream health not guaranteed
cmok1nqin0148qsv10guw2g22,140932,halang,Halang,en,Halang,hal,hal,core,,2026-09-03T07:00:06.934937+00:00,75,75,62,13,0,62,62,62,62,62,0,0,0,62,35,34,35,34,27,0,0,en,33,62,declared metadata; canonical identity and stream health not guaranteed
cmokkrdy7028qqsccb7cdw580,19739,halbi,Halbi,en,Halbi,hlb,hlb,core,,2026-09-03T07:00:06.934937+00:00,76,76,62,14,0,62,62,62,62,62,0,0,0,62,35,34,35,34,27,0,0,en,33,62,declared metadata; canonical identity and stream health not guaranteed
cmok1kq5w00dtqsv1wn1575u0,12065,halia,Halia,en,Halia,hla,hla,core,,2026-09-03T07:00:06.934937+00:00,76,76,62,14,0,62,62,62,62,62,0,0,0,62,35,34,35,34,27,0,0,en,33,62,declared metadata; canonical identity and stream health not guaranteed
cmokkx8pe03p2qscc5imt6erf,4792,hamer-banna,Hamer-Banna,amf|en,Hamer-Banna,amf,amf,core,,2026-09-03T07:00:06.934937+00:00,76,76,62,14,0,62,62,62,62,62,0,0,0,62,35,34,35,34,27,0,0,en,33,62,declared metadata; canonical identity and stream health not guaranteed
cmokl0hi504huqscccevtlz5m,7350,hamgyongdo,Hamgyongdo,en,Hamgyongdo,ko-x-Hamgyongdo,kor,core,,2026-09-03T07:00:06.934937+00:00,76,76,62,14,0,62,62,62,62,62,0,0,0,62,35,34,35,34,27,0,0,ko,34,62,declared metadata; canonical identity and stream health not guaranteed
cmokkxz6h03vqqsccs3bxh6c2,5319,hanga,Hanga,en,Hanga,hag,hag,core,,2026-09-03T07:00:06.934937+00:00,76,76,62,14,0,62,62,62,62,62,0,0,0,62,35,34,35,34,27,0,0,en,33,62,declared metadata; canonical identity and stream health not guaranteed
cmokkpejv01rqqscctkcjyx3c,184506,hani-haya,"Hani, Haya",en,"Hani, Haya",hni,hni,core,,2026-09-03T07:00:06.934937+00:00,76,76,62,14,0,62,62,62,62,62,0,0,0,62,35,34,35,34,27,0,0,en,33,62,declared metadata; canonical identity and stream health not guaranteed
cmokkw9tq03gaqsccl83px429,3976,haniq-beeqhongq,"Hani, Bukong",en,"Hani, Bukong",how,how,core,,2026-09-03T07:00:06.934937+00:00,76,76,62,14,0,62,62,62,62,62,0,0,0,62,35,34,35,34,27,0,0,en,33,62,declared metadata; canonical identity and stream health not guaranteed
cmok1ohrw01a7qsv150m8dtob,141734,hano,Hano,en,Hano,lml,lml,core,,2026-09-03T07:00:06.934937+00:00,79,79,63,16,0,63,63,63,63,63,0,0,0,63,35,34,35,34,28,0,0,en,33,63,declared metadata; canonical identity and stream health not guaranteed
cmok1nslv014qqsv13uo0zkn5,140994,hanunoo,Hanunoo,en,Hanunoo,hnn,hnn,core,,2026-09-03T07:00:06.934937+00:00,76,76,62,14,0,62,62,62,62,62,0,0,0,62,35,34,35,34,27,0,0,en,33,62,declared metadata; canonical identity and stream health not guaranteed
cmok1nqvq014bqsv13odgw66w,140937,harari,Harari,en,Harari,har,har,core,,2026-09-03T07:00:06.934937+00:00,76,76,62,14,0,62,62,62,62,62,0,0,0,62,35,34,35,34,27,0,0,en,33,62,declared metadata; canonical identity and stream health not guaranteed
cmokkz2zi045pqscc6bdppg3u,5709,haryanvi,Haryanvi,bgc|en,Haryanvi,bgc,bgc,core,,2026-09-03T07:00:06.934937+00:00,85,85,70,14,1,70,70,70,70,70,0,0,0,70,40,38,40,38,30,0,0,en,37,70,declared metadata; canonical identity and stream health not guaranteed
cmok1npv70142qsv1ikr3oa7v,140927,hatam,Hatam,en,Hatam,had,had,core,,2026-09-03T07:00:06.934937+00:00,76,76,62,14,0,62,62,62,62,62,0,0,0,62,35,34,35,34,27,0,0,en,33,62,declared metadata; canonical identity and stream health not guaranteed
cmok1ly3200olqsv1c46cl597,1341,hausa,Hausa,en|ha,Hausa,ha,hau,core,,2026-09-03T07:00:06.934937+00:00,329,329,297,28,4,297,297,297,297,297,0,0,0,297,134,125,112,105,163,0,0,en,101,294,declared metadata; canonical identity and stream health not guaranteed
cmok1rlyp0210qsv1rx416no4,15559,havu,Havu,en,Havu,hav,hav,core,,2026-09-03T07:00:06.934937+00:00,76,76,62,14,0,62,62,62,62,62,0,0,0,62,35,34,35,34,27,0,0,en,33,62,declared metadata; canonical identity and stream health not guaranteed
cmok1npgq013zqsv1n5j6n7r6,140893,hawaii-pidgin,Hawai'I Pidgin,en,Hawai'I Pidgin,hwc,hwc,core,,2026-09-03T07:00:06.934937+00:00,79,79,63,16,0,63,63,63,63,63,0,0,0,63,35,34,35,34,28,0,0,en,33,63,declared metadata; canonical identity and stream health not guaranteed
cmokkph5k01sdqscclozut96v,184517,hawaiian-nihau,Hawaiian Ni'Hau,en,Hawaiian Ni'Hau,haw,haw,core,,2026-09-03T07:00:06.934937+00:00,79,79,63,16,0,63,63,63,63,63,0,0,0,63,35,34,35,34,28,0,0,haw,0,0,declared metadata; canonical identity and stream health not guaranteed
cmok1op1u01byqsv1633xj8en,14201,haya,Haya,en,Haya,hay,hay,core,,2026-09-03T07:00:06.934937+00:00,76,76,62,14,0,62,62,62,62,62,0,0,0,62,35,34,35,34,27,0,0,en,33,62,declared metadata; canonical identity and stream health not guaranteed
cmokkwugu03ljqscct3w8ytsy,450,hazaragi,Hazaragi,en|haz,Hazaragi,haz,haz,core,,2026-09-03T07:00:06.934937+00:00,76,76,62,14,0,62,62,62,62,62,0,0,0,62,35,34,35,34,27,0,0,en,33,62,declared metadata; canonical identity and stream health not guaranteed
cmok1pm5n01jqqsv12hffttfe,143340,hdi,Hdi,en,Hdi,xed,xed,core,,2026-09-03T07:00:06.934937+00:00,76,76,62,14,0,62,62,62,62,62,0,0,0,62,35,34,35,34,27,0,0,en,33,62,declared metadata; canonical identity and stream health not guaranteed
cmokl07a204fdqscct2u4vvih,6930,hebrew,Hebrew,en|he,Hebrew,he,heb,core,,2026-09-03T07:00:06.934937+00:00,265,265,237,27,1,237,237,237,237,237,0,0,0,237,94,89,91,86,143,0,0,he,83,235,declared metadata; canonical identity and stream health not guaranteed
cmok1ommb01bdqsv1gre68fz8,14192,hehe,Hehe,en,Hehe,heh,heh,core,,2026-09-03T07:00:06.934937+00:00,76,76,62,14,0,62,62,62,62,62,0,0,0,62,35,34,35,34,27,0,0,en,33,62,declared metadata; canonical identity and stream health not guaranteed
cmok1nr88014eqsv1yr4b3uyn,140943,heiban,Heiban,en,Heiban,hbn,hbn,core,,2026-09-03T07:00:06.934937+00:00,76,76,62,14,0,62,62,62,62,62,0,0,0,62,35,34,35,34,27,0,0,en,33,62,declared metadata; canonical identity and stream health not guaranteed
cmokkqo9a022fqsccl4v5qs7u,185329,heiyi-zhuang-minz,Heiyi Zhuang Minz,en,Heiyi Zhuang Minz,zgm,zgm,core,,2026-09-03T07:00:06.934937+00:00,79,79,63,16,0,63,63,63,63,63,0,0,0,63,35,34,35,34,28,0,0,en,33,63,declared metadata; canonical identity and stream health not guaranteed
cmok1rbyp01yoqsv1wvoiw8wc,15256,hema,Hema,en,Hema,nix,nix,core,,2026-09-03T07:00:06.934937+00:00,76,76,62,14,0,62,62,62,62,62,0,0,0,62,35,34,35,34,27,0,0,en,33,62,declared metadata; canonical identity and stream health not guaranteed
cmok1rln0020xqsv17tdxlrps,15557,hemba,Hemba,en,Hemba,hem,hem,core,,2026-09-03T07:00:06.934937+00:00,76,76,62,14,0,62,62,62,62,62,0,0,0,62,35,34,35,34,27,0,0,en,33,62,declared metadata; canonical identity and stream health not guaranteed
cmok1qsy201u1qsv1mw21cvj5,1454,herero,Herero,en|hz,Herero,hz,her,core,,2026-09-03T07:00:06.934937+00:00,76,76,62,14,0,62,62,62,62,62,0,0,0,62,35,34,35,34,27,0,0,en,33,62,declared metadata; canonical identity and stream health not guaranteed
cmokktje402s7qscc7kmnw5of,22645,higgi,Higgi,en,Higgi,hig,hig,core,,2026-09-03T07:00:06.934937+00:00,76,76,62,14,0,62,62,62,62,62,0,0,0,62,35,34,35,34,27,0,0,en,33,62,declared metadata; canonical identity and stream health not guaranteed
cmokkrdm9028nqscctwe0pk2i,19738,hiligaynon,Hiligaynon,en,Hiligaynon,hil,hil,core,,2026-09-03T07:00:06.934937+00:00,76,76,62,14,0,62,62,62,62,62,0,0,0,62,35,34,35,34,27,0,0,hil,0,0,declared metadata; canonical identity and stream health not guaranteed
cmokkzylm04d3qsccxpk9lca1,6464,hindi,Hindi,en|hi,Hindi,hi,hin,core,,2026-09-03T07:00:06.934937+00:00,485,485,431,33,21,432,432,431,431,431,0,0,1,431,180,169,155,146,251,0,0,hi,141,427,declared metadata; canonical identity and stream health not guaranteed
cmokkysk40432qsccnn6xkoep,5511,hindi-caribbean,"Hindi, Caribbean",en,"Hindi, Caribbean",hns,hns,core,,2026-09-03T07:00:06.934937+00:00,81,81,63,18,0,63,63,63,63,63,0,0,0,63,36,35,36,35,27,0,0,en,34,63,declared metadata; canonical identity and stream health not guaranteed
cmok1jvex0067qsv1ka8x4mtp,10450,hindko-northern,"Hindko, Northern",en,"Hindko, Northern",hno,hno,core,,2026-09-03T07:00:06.934937+00:00,76,76,62,14,0,62,62,62,62,62,0,0,0,62,35,34,35,34,27,0,0,en,33,62,declared metadata; canonical identity and stream health not guaranteed
cmok1jvqn006aqsv1vn75gzxy,10455,hindko-southern,"Hindko, Southern",en,"Hindko, Southern",hnd,hnd,core,,2026-09-03T07:00:06.934937+00:00,76,76,62,14,0,62,62,62,62,62,0,0,0,62,35,34,35,34,27,0,0,en,33,62,declared metadata; canonical identity and stream health not guaranteed
cmokkt16k02noqsccj4r3remy,21120,hiri-motu,Hiri Motu,en|ho,Hiri Motu,ho,hmo,core,,2026-09-03T07:00:06.934937+00:00,76,76,62,14,0,62,62,62,62,62,0,0,0,62,35,34,35,34,27,0,0,ho,0,0,declared metadata; canonical identity and stream health not guaranteed
cmok1rpa9021rqsv1ifl60fde,1566,hixkaryana,Hixkaryana,en,Hixkaryana,hix,hix,core,,2026-09-03T07:00:06.934937+00:00,76,76,62,14,0,62,62,62,62,62,0,0,0,62,35,34,35,34,27,0,0,en,33,62,declared metadata; canonical identity and stream health not guaranteed
cmokkpdvc01rkqscce2lwxnjv,184504,hlai-has,"Hlai, Has",en,"Hlai, Has",lic,lic,core,,2026-09-03T07:00:06.934937+00:00,76,76,62,14,0,62,62,62,62,62,0,0,0,62,35,34,35,34,27,0,0,en,33,62,declared metadata; canonical identity and stream health not guaranteed
cmokkzz1204d8qsccjg42omkl,6465,hmar,Hmar,en,Hmar,hmr,hmr,core,,2026-09-03T07:00:06.934937+00:00,76,76,62,14,0,62,62,62,62,62,0,0,0,62,35,34,35,34,27,0,0,en,33,62,declared metadata; canonical identity and stream health not guaranteed
cmokkwa7e03gdqscclvjn0vyw,4012,hmong-daw,Hmong Daw,en|mww,Hmong Daw,mww,mww,core,,2026-09-03T07:00:06.934937+00:00,80,80,64,16,0,64,64,64,64,64,0,0,0,64,37,36,37,36,27,0,0,en,35,64,declared metadata; canonical identity and stream health not guaranteed
cmokktngg02t6qscc1hqxhp1v,22826,hmong-shuad,Hmong Shuad,en|hmz,Hmong Shuad,hmz,hmz,core,,2026-09-03T07:00:06.934937+00:00,76,76,62,14,0,62,62,62,62,62,0,0,0,62,35,34,35,34,27,0,0,en,33,62,declared metadata; canonical identity and stream health not guaranteed
cmok1kle600cmqsv1ytqzv58p,1189,ho,Ho,en,Ho,hoc,hoc,core,,2026-09-03T07:00:06.934937+00:00,85,85,70,14,1,70,70,70,70,70,0,0,0,70,40,38,40,38,30,0,0,ho,0,0,declared metadata; canonical identity and stream health not guaranteed
cmok1kmgb00cvqsv1uivpicdi,119277,hona,Hona,en,Hona,hwo,hwo,core,,2026-09-03T07:00:06.934937+00:00,76,76,62,14,0,62,62,62,62,62,0,0,0,62,35,34,35,34,27,0,0,en,33,62,declared metadata; canonical identity and stream health not guaranteed
cmokktrek02u5qscciehfeun1,23017,horned-miao,Horned Miao,en,Horned Miao,hrm,hrm,core,,2026-09-03T07:00:06.934937+00:00,79,79,63,16,0,63,63,63,63,63,0,0,0,63,35,34,35,34,28,0,0,en,33,63,declared metadata; canonical identity and stream health not guaranteed
cmok1kpu700dqqsv13rlpo5rz,12057,hote,Hote,en,Hote,hot,hot,core,,2026-09-03T07:00:06.934937+00:00,76,76,62,14,0,62,62,62,62,62,0,0,0,62,35,34,35,34,27,0,0,en,33,62,declared metadata; canonical identity and stream health not guaranteed
cmok1nnxy013lqsv102wkol3d,140853,hrangkhol,Hrangkhol,en,Hrangkhol,hra,hra,core,,2026-09-03T07:00:06.934937+00:00,76,76,62,14,0,62,62,62,62,62,0,0,0,62,35,34,35,34,27,0,0,en,33,62,declared metadata; canonical identity and stream health not guaranteed
cmokkrece028tqscc4iahzo4f,19747,hre,Hre,en,Hre,hre,hre,core,,2026-09-03T07:00:06.934937+00:00,76,76,62,14,0,62,62,62,62,62,0,0,0,62,35,34,35,34,27,0,0,en,33,62,declared metadata; canonical identity and stream health not guaranteed
cmokl19uu04ozqscccojfoijl,8265,huasteco-san-luis-potosi,"Huasteco, San Luis Potosi",en,"Huasteco, San Luis Potosi",hus-MX-SLP,hus,core,,2026-09-03T07:00:06.934937+00:00,76,76,62,14,0,62,62,62,62,62,0,0,0,62,35,34,35,34,27,0,0,en,33,62,declared metadata; canonical identity and stream health not guaranteed
cmokl1ajz04p5qsccgzdsh3f3,8272,huasteco-veracruz,"Huasteco, Veracruz",en,"Huasteco, Veracruz",hus,hus,core,,2026-09-03T07:00:06.934937+00:00,76,76,62,14,0,62,62,62,62,62,0,0,0,62,35,34,35,34,27,0,0,en,33,62,declared metadata; canonical identity and stream health not guaranteed
cmokl1a8804p2qsccr2ngtshg,8266,huave-san-mateo-del-mar,"Huave, San Mateo Del Mar",en,"Huave, San Mateo Del Mar",huv,huv,core,,2026-09-03T07:00:06.934937+00:00,76,76,62,14,0,62,62,62,62,62,0,0,0,62,35,34,35,34,27,0,0,en,33,62,declared metadata; canonical identity and stream health not guaranteed
cmokl1xwk04uuqsccobp0wes9,9597,huba,Huba,en,Huba,hbb,hbb,core,,2026-09-03T07:00:06.934937+00:00,76,76,62,14,0,62,62,62,62,62,0,0,0,62,35,34,35,34,27,0,0,en,33,62,declared metadata; canonical identity and stream health not guaranteed
cmokkt34m02o7qsccfdrjno48,21211,hui,Hui,en,Hui,czh,cmn,core,,2026-09-03T07:00:06.934937+00:00,76,76,62,14,0,62,62,62,62,62,0,0,0,62,35,34,35,34,27,0,0,en,33,62,declared metadata; canonical identity and stream health not guaranteed
cmokl1axh04p8qscch4ca5fte,8277,huichol,Huichol,en,Huichol,hch,hch,core,,2026-09-03T07:00:06.934937+00:00,76,76,62,14,0,62,62,62,62,62,0,0,0,62,35,34,35,34,27,0,0,en,33,62,declared metadata; canonical identity and stream health not guaranteed
cmok1non8013rqsv1ut2jhuun,140882,huitoto-murui,"Huitoto, Murui",en,"Huitoto, Murui",huu,huu,core,,2026-09-03T07:00:06.934937+00:00,79,79,63,16,0,63,63,63,63,63,0,0,0,63,35,34,35,34,28,0,0,en,33,63,declared metadata; canonical identity and stream health not guaranteed
cmok1kpgz00dnqsv1w3srd1ri,12053,huli,Huli,en,Huli,hui,hui,core,,2026-09-03T07:00:06.934937+00:00,76,76,62,14,0,62,62,62,62,62,0,0,0,62,35,34,35,34,27,0,0,en,33,62,declared metadata; canonical identity and stream health not guaranteed
cmok1rl8w020uqsv1eeanclpe,15551,hunde,Hunde,en,Hunde,hke,hke,core,,2026-09-03T07:00:06.934937+00:00,76,76,62,14,0,62,62,62,62,62,0,0,0,62,35,34,35,34,27,0,0,en,33,62,declared metadata; canonical identity and stream health not guaranteed
cmok1rkun020rqsv1m8yq966f,15548,hungana,Hungana,en,Hungana,hum,hum,core,,2026-09-03T07:00:06.934937+00:00,82,82,67,14,1,67,67,67,67,67,0,0,0,67,39,38,39,38,28,0,0,en,37,67,declared metadata; canonical identity and stream health not guaranteed
cmok1k8aq009bqsv156fo43p3,1107,hungarian,Hungarian,en|hu,Hungarian,hu,hun,core,,2026-09-03T07:00:06.934937+00:00,292,292,260,29,3,260,260,260,260,260,0,0,0,260,128,119,106,99,132,0,0,hu,0,0,declared metadata; canonical identity and stream health not guaranteed
cmokl2gm204zbqscct0dxljzb,98682,hunsrik,Hunsrik,en,Hunsrik,hrx,hrx,core,,2026-09-03T07:00:06.934937+00:00,76,76,62,14,0,62,62,62,62,62,0,0,0,62,35,34,35,34,27,0,0,en,33,62,declared metadata; canonical identity and stream health not guaranteed
cmokl2fxa04z5qscccdu7zybm,98630,hyam,Hyam,en,Hyam,jab,jab,core,,2026-09-03T07:00:06.934937+00:00,76,76,62,14,0,62,62,62,62,62,0,0,0,62,35,34,35,34,27,0,0,en,33,62,declared metadata; canonical identity and stream health not guaranteed
cmokkq0i101wwqsccc13s6pss,184842,ibaas-icen,Ibaas (Icen),en,Ibaas (Icen),cen,cen,core,,2026-09-03T07:00:06.934937+00:00,79,79,64,15,0,64,64,64,64,64,0,0,0,64,35,34,35,34,29,0,0,en,33,64,declared metadata; canonical identity and stream health not guaranteed
cmok1ldg300jfqsv1lbd10v90,12747,ibaloi,Ibaloi,en,Ibaloi,ibl,ibl,core,,2026-09-03T07:00:06.934937+00:00,76,76,62,14,0,62,62,62,62,62,0,0,0,62,35,34,35,34,27,0,0,en,33,62,declared metadata; canonical identity and stream health not guaranteed
cmokkqzah0253qsccnnvgzba2,1924,iban,Iban,en,Iban,iba,iba,core,,2026-09-03T07:00:06.934937+00:00,92,92,76,15,1,76,76,76,76,76,0,0,0,76,48,46,36,35,28,0,0,en,34,76,declared metadata; canonical identity and stream health not guaranteed
cmok1ldti00jiqsv1baq1rt6n,12750,ibanag,Ibanag,en,Ibanag,ibg,ibg,core,,2026-09-03T07:00:06.934937+00:00,76,76,62,14,0,62,62,62,62,62,0,0,0,62,35,34,35,34,27,0,0,en,33,62,declared metadata; canonical identity and stream health not guaranteed
cmokl2ch004ybqscc06vng1tf,9811,ibibio,Ibibio,en,Ibibio,ibb,ibb,core,,2026-09-03T07:00:06.934937+00:00,76,76,62,14,0,62,62,62,62,62,0,0,0,62,35,34,35,34,27,0,0,en,33,62,declared metadata; canonical identity and stream health not guaranteed
cmokkyvd7043tqsccixzr0sru,5563,icelandic,Icelandic,en|is,Icelandic,is,isl,core,,2026-09-03T07:00:06.934937+00:00,111,111,93,16,2,93,93,93,93,93,0,0,0,93,59,54,55,51,34,0,0,is,0,0,declared metadata; canonical identity and stream health not guaranteed
cmok1t90302ewqsv1p32pla2w,177626,ichen,Ichen,en,Ichen,ich,ich,core,,2026-09-03T07:00:06.934937+00:00,76,76,62,14,0,62,62,62,62,62,0,0,0,62,35,34,35,34,27,0,0,en,33,62,declared metadata; canonical identity and stream health not guaranteed
cmok1qtrh01u9qsv1g01vdomw,145530,icheve,Icheve,bec|en,Icheve,bec,bec,core,,2026-09-03T07:00:06.934937+00:00,76,76,62,14,0,62,62,62,62,62,0,0,0,62,35,34,35,34,27,0,0,en,33,62,declared metadata; canonical identity and stream health not guaranteed
cmokkpl8r01tcqscce6f0dzvh,184549,idaasha,Idaasha,en,Idaasha,idd,idd,core,,2026-09-03T07:00:06.934937+00:00,76,76,62,14,0,62,62,62,62,62,0,0,0,62,35,34,35,34,27,0,0,en,33,62,declared metadata; canonical identity and stream health not guaranteed
cmokkpkla01t6qsccg0eaouzs,184547,idioma-wanca,Wanca,en,Wanca,qvw,qvw,core,,2026-09-03T07:00:06.934937+00:00,132,132,116,15,1,115,115,115,115,115,0,0,0,115,67,63,57,54,48,0,0,en,53,115,declared metadata; canonical identity and stream health not guaranteed
cmokl2bfx04y2qscct9yhcrr8,9793,idoma,Idoma,en,Idoma,idu,idu,core,,2026-09-03T07:00:06.934937+00:00,76,76,62,14,0,62,62,62,62,62,0,0,0,62,35,34,35,34,27,0,0,en,33,62,declared metadata; canonical identity and stream health not guaranteed
cmok1lx9c00odqsv1y9qi9m86,1338,ife,Ife,en,Ife,ife,ife,core,,2026-09-03T07:00:06.934937+00:00,76,76,62,14,0,62,62,62,62,62,0,0,0,62,35,34,35,34,27,0,0,en,33,62,declared metadata; canonical identity and stream health not guaranteed
cmok1ld4700jcqsv182ijbr3j,12743,ifugao-amganad,"Ifugao, Amganad",en,"Ifugao, Amganad",ifa,ifa,core,,2026-09-03T07:00:06.934937+00:00,76,76,62,14,0,62,62,62,62,62,0,0,0,62,35,34,35,34,27,0,0,en,33,62,declared metadata; canonical identity and stream health not guaranteed
cmok1nsxl014tqsv11kqz905q,141009,ifugao-mayoyao,"Ifugao, Mayoyao",en,"Ifugao, Mayoyao",ifu,ifu,core,,2026-09-03T07:00:06.934937+00:00,79,79,64,15,0,64,64,64,64,64,0,0,0,64,35,34,35,34,29,0,0,en,33,64,declared metadata; canonical identity and stream health not guaranteed
cmokl2ade04xtqsccfugrrblz,9779,igala,Igala,en,Igala,igl,igl,core,,2026-09-03T07:00:06.934937+00:00,76,76,62,14,0,62,62,62,62,62,0,0,0,62,35,34,35,34,27,0,0,en,33,62,declared metadata; canonical identity and stream health not guaranteed
cmokl29j404xlqscc5qvogd0y,9774,igbo,Igbo,en|ig,Igbo,ig,ibo,core,,2026-09-03T07:00:06.934937+00:00,228,228,198,27,3,198,198,198,198,198,0,0,0,198,97,91,85,80,101,0,0,en,76,196,declared metadata; canonical identity and stream health not guaranteed
cmokl2aqp04xwqscczzzng743,9784,igede,Igede,en,Igede,ige,ige,core,,2026-09-03T07:00:06.934937+00:00,76,76,62,14,0,62,62,62,62,62,0,0,0,62,35,34,35,34,27,0,0,en,33,62,declared metadata; canonical identity and stream health not guaranteed
cmokkrd4o028kqsccix58jj64,19733,igiha,Igiha,en,Igiha,haq,haq,core,,2026-09-03T07:00:06.934937+00:00,76,76,62,14,0,62,62,62,62,62,0,0,0,62,35,34,35,34,27,0,0,en,33,62,declared metadata; canonical identity and stream health not guaranteed
cmokl267o04wuqsccixlmcsb6,9728,ika,Ika,en,Ika,ikk,ikk,core,,2026-09-03T07:00:06.934937+00:00,85,85,69,15,1,69,69,69,69,69,0,0,0,69,39,38,39,38,30,0,0,en,37,69,declared metadata; canonical identity and stream health not guaranteed
cmokkqmj40221qscchip22y0m,185251,ikhin,Ikhin,en,Ikhin,ikh,ikh,core,,2026-09-03T07:00:06.934937+00:00,76,76,62,14,0,62,62,62,62,62,0,0,0,62,35,34,35,34,27,0,0,en,33,62,declared metadata; canonical identity and stream health not guaranteed
cmok1olx001b7qsv1w3eif851,14188,ikizu,Ikizu,en,Ikizu,ikz,ikz,core,,2026-09-03T07:00:06.934937+00:00,76,76,62,14,0,62,62,62,62,62,0,0,0,62,35,34,35,34,27,0,0,en,33,62,declared metadata; canonical identity and stream health not guaranteed
cmok1rhlc0200qsv1s60oxi3q,154395,ikoma,Ikoma,en,Ikoma,ntk,ntk,core,,2026-09-03T07:00:06.934937+00:00,79,79,64,15,0,64,64,64,64,64,0,0,0,64,35,34,35,34,29,0,0,en,33,64,declared metadata; canonical identity and stream health not guaranteed
cmok1o5k0017sqsv1t0koib90,141371,ikota,Ikota,en,Ikota,koq,koq,core,,2026-09-03T07:00:06.934937+00:00,76,76,62,14,0,62,62,62,62,62,0,0,0,62,35,34,35,34,27,0,0,en,33,62,declared metadata; canonical identity and stream health not guaranteed
cmok1ntmz014zqsv1wd2pj3h8,141025,ikpeshi,Ikpeshi,en,Ikpeshi,ikp,ikp,core,,2026-09-03T07:00:06.934937+00:00,76,76,62,14,0,62,62,62,62,62,0,0,0,62,35,34,35,34,27,0,0,en,33,62,declared metadata; canonical identity and stream health not guaranteed
cmokl222004vuqsccjdbgjzl1,9691,ikwo,Ikwo,en,Ikwo,iqw,iqw,core,,2026-09-03T07:00:06.934937+00:00,76,76,62,14,0,62,62,62,62,62,0,0,0,62,35,34,35,34,27,0,0,en,33,62,declared metadata; canonical identity and stream health not guaranteed
cmokkreob028wqsccvtny45ww,19759,ila,Ila,en,Ila,ilb,ilb,core,,2026-09-03T07:00:06.934937+00:00,79,79,64,15,0,64,64,64,64,64,0,0,0,64,35,34,35,34,29,0,0,en,33,64,declared metadata; canonical identity and stream health not guaranteed
cmokkpctq01rbqsccxszowu2n,184500,ilchamus,Ilchamus,en,Ilchamus,saq,saq,core,,2026-09-03T07:00:06.934937+00:00,151,151,132,17,2,132,132,132,132,132,0,0,0,132,80,75,58,55,52,0,0,en,54,132,declared metadata; canonical identity and stream health not guaranteed
cmok1nu080152qsv1mpu32kqk,141031,ile-ape,Ile Ape,en,Ile Ape,ila,ila,core,,2026-09-03T07:00:06.934937+00:00,76,76,62,14,0,62,62,62,62,62,0,0,0,62,35,34,35,34,27,0,0,en,33,62,declared metadata; canonical identity and stream health not guaranteed
cmok1lbxm00j1qsv1dcn40zzu,12723,ilocano,Ilocano,en|ilo,Ilocano,ilo,ilo,core,,2026-09-03T07:00:06.934937+00:00,120,120,100,19,1,100,100,100,100,100,0,0,0,100,61,58,49,47,39,0,0,ilo,0,0,declared metadata; canonical identity and stream health not guaranteed
cmok1kp5700dkqsv1e6wxd61b,12040,imbongu,Imbongu,en,Imbongu,imo,imo,core,,2026-09-03T07:00:06.934937+00:00,79,79,63,16,0,63,63,63,63,63,0,0,0,63,35,34,35,34,28,0,0,en,33,63,declared metadata; canonical identity and stream health not guaranteed
cmokkpmb401tlqscch3u2ih7t,184566,indonesian-isa,Indonesian (Isa),en,Indonesian (Isa),id,ind,core,,2026-09-03T07:00:06.934937+00:00,237,237,210,20,7,210,210,210,210,210,0,0,0,210,77,73,67,64,133,0,0,id,64,209,declared metadata; canonical identity and stream health not guaranteed
cmok1sc8a0276qsv1l47owabc,16639,indonesian-yesus,Indonesian (Yesus),en|id,Indonesian (Yesus),id,ind,core,,2026-09-03T07:00:06.934937+00:00,384,384,336,33,15,336,336,336,336,336,0,0,0,336,139,132,124,118,197,0,0,id,115,332,declared metadata; canonical identity and stream health not guaranteed
cmokkqrls0236qsccc72dqyij,18555,ingush,Ingush,en|inh,Ingush,inh,inh,core,,2026-09-03T07:00:06.934937+00:00,76,76,62,14,0,62,62,62,62,62,0,0,0,62,35,34,35,34,27,0,0,inh,0,0,declared metadata; canonical identity and stream health not guaranteed
cmokktes202r3qsccuvzxy1x7,22293,inner-mongolian,Inner Mongolian,en,Inner Mongolian,mvf,mvf,core,,2026-09-03T07:00:06.934937+00:00,83,83,65,18,0,65,65,65,65,65,0,0,0,65,36,35,36,35,29,0,0,en,34,65,declared metadata; canonical identity and stream health not guaranteed
cmok1lcr000j9qsv1aaaco9a5,127397,innu,Innu,en,Innu,moe,moe,core,,2026-09-03T07:00:06.934937+00:00,76,76,62,14,0,62,62,62,62,62,0,0,0,62,35,34,35,34,27,0,0,en,33,62,declared metadata; canonical identity and stream health not guaranteed
cmok1l9ao00ieqsv1b5j79xd4,12657,inonhan,Inonhan,en,Inonhan,loc,loc,core,,2026-09-03T07:00:06.934937+00:00,79,79,64,15,0,64,64,64,64,64,0,0,0,64,35,34,35,34,29,0,0,en,33,64,declared metadata; canonical identity and stream health not guaranteed
cmokkv879036sqscczitsmyyw,26184,inor,Inor,en,Inor,ior,ior,core,,2026-09-03T07:00:06.934937+00:00,76,76,62,14,0,62,62,62,62,62,0,0,0,62,35,34,35,34,27,0,0,en,33,62,declared metadata; canonical identity and stream health not guaranteed
cmokkvny603apqsccj5dh1tr7,3076,inuktitut-eastern-canadian,"Inuktitut, Eastern Canadian",en|ike,"Inuktitut, Eastern Canadian",ike,ike,core,,2026-09-03T07:00:06.934937+00:00,76,76,62,14,0,62,62,62,62,62,0,0,0,62,35,34,35,34,27,0,0,en,33,62,declared metadata; canonical identity and stream health not guaranteed
cmokl2gaj04z8qsccj7v5enux,98663,ipili,Ipili,en,Ipili,ipi,ipi,core,,2026-09-03T07:00:06.934937+00:00,76,76,62,14,0,62,62,62,62,62,0,0,0,62,35,34,35,34,27,0,0,en,33,62,declared metadata; canonical identity and stream health not guaranteed
cmokkwjqi03isqsccibpcktf8,4310,ipunu,Ipunu,en,Ipunu,puu,puu,core,,2026-09-03T07:00:06.934937+00:00,76,76,62,14,0,62,62,62,62,62,0,0,0,62,35,34,35,34,27,0,0,en,33,62,declared metadata; canonical identity and stream health not guaranteed
cmokl2f7s04yzqscc88lc8cux,98588,iranun,Iranun,en,Iranun,ilp,ilp,core,,2026-09-03T07:00:06.934937+00:00,76,76,62,14,0,62,62,62,62,62,0,0,0,62,35,34,35,34,27,0,0,en,33,62,declared metadata; canonical identity and stream health not guaranteed
cmokkqgom020nqscc1d0m8b2i,185198,iranun-eastern,"Iranun, Eastern",en,"Iranun, Eastern",ilp,ilp,core,,2026-09-03T07:00:06.934937+00:00,76,76,62,14,0,62,62,62,62,62,0,0,0,62,35,34,35,34,27,0,0,en,33,62,declared metadata; canonical identity and stream health not guaranteed
cmokkqgcs020kqscc0xw21kh9,185197,iranun-western,"Iranun, Western",en,"Iranun, Western",ilp,ilp,core,,2026-09-03T07:00:06.934937+00:00,76,76,62,14,0,62,62,62,62,62,0,0,0,62,35,34,35,34,27,0,0,en,33,62,declared metadata; canonical identity and stream health not guaranteed
cmok1ol8001b1qsv1p9q19sfd,14187,iraqw,Iraqw,en,Iraqw,irk,irk,core,,2026-09-03T07:00:06.934937+00:00,76,76,62,14,0,62,62,62,62,62,0,0,0,62,35,34,35,34,27,0,0,en,33,62,declared metadata; canonical identity and stream health not guaranteed
cmok1nvqr015hqsv1vi8vblrx,141085,iraya,Iraya,en,Iraya,iry,iry,core,,2026-09-03T07:00:06.934937+00:00,76,76,62,14,0,62,62,62,62,62,0,0,0,62,35,34,35,34,27,0,0,en,33,62,declared metadata; canonical identity and stream health not guaranteed
cmokkzxar04cqqsccrgcmgsr2,6440,irula,Irula,en,Irula,iru,iru,core,,2026-09-03T07:00:06.934937+00:00,77,77,63,14,0,63,63,63,63,63,0,0,0,63,35,34,35,34,28,0,0,en,33,63,declared metadata; canonical identity and stream health not guaranteed
cmokksu4602lvqsccyn367bzq,20967,isan,Isan,en,Isan,tts,tts,core,,2026-09-03T07:00:06.934937+00:00,79,79,64,15,0,64,64,64,64,64,0,0,0,64,35,34,35,34,29,0,0,en,33,64,declared metadata; canonical identity and stream health not guaranteed
cmok1pc5a01heqsv162ri48i2,142887,isangu,Isangu,en,Isangu,snq,snq,core,,2026-09-03T07:00:06.934937+00:00,76,76,62,14,0,62,62,62,62,62,0,0,0,62,35,34,35,34,27,0,0,en,33,62,declared metadata; canonical identity and stream health not guaranteed
cmokkvyrp03dhqsccwuhjud2y,37411,ishinyiha,Ishinyiha,en,Ishinyiha,nih,nih,core,,2026-09-03T07:00:06.934937+00:00,76,76,62,14,0,62,62,62,62,62,0,0,0,62,35,34,35,34,27,0,0,en,33,62,declared metadata; canonical identity and stream health not guaranteed
cmok1lblw00iyqsv1iw5kj80g,12714,isnag,Isnag,en,Isnag,isd,isd,core,,2026-09-03T07:00:06.934937+00:00,76,76,62,14,0,62,62,62,62,62,0,0,0,62,35,34,35,34,27,0,0,en,33,62,declared metadata; canonical identity and stream health not guaranteed
cmokl23gg04w6qscccoj6gskp,9699,isoko,Isoko,en,Isoko,iso,iso,core,,2026-09-03T07:00:06.934937+00:00,76,76,62,14,0,62,62,62,62,62,0,0,0,62,35,34,35,34,27,0,0,en,33,62,declared metadata; canonical identity and stream health not guaranteed
cmokkwnw203jrqsccivx721x9,4415,italian,Italian,en|it,Italian,it,ita,core,,2026-09-03T07:00:06.934937+00:00,507,507,450,33,24,450,450,450,450,450,0,0,0,450,169,159,147,139,281,0,0,it,0,0,declared metadata; canonical identity and stream health not guaranteed
cmokksb4z02h4qscc1vwwl9ld,20717,itawis,Itawis,en,Itawis,itv,itv,core,,2026-09-03T07:00:06.934937+00:00,76,76,62,14,0,62,62,62,62,62,0,0,0,62,35,34,35,34,27,0,0,en,33,62,declared metadata; canonical identity and stream health not guaranteed
cmokkp8g801q6qscc0l39asrj,184485,iten,Iten,en,Iten,etx,etx,core,,2026-09-03T07:00:06.934937+00:00,79,79,64,15,0,64,64,64,64,64,0,0,0,64,35,34,35,34,29,0,0,en,33,64,declared metadata; canonical identity and stream health not guaranteed
cmokkt8gm02piqscc1kgioxd3,21740,itsekiri,Itsekiri,en,Itsekiri,its,its,core,,2026-09-03T07:00:06.934937+00:00,76,76,62,14,0,62,62,62,62,62,0,0,0,62,35,34,35,34,27,0,0,en,33,62,declared metadata; canonical identity and stream health not guaranteed
cmok1nw6j015kqsv15lfos3f8,141113,ivatan,Ivatan,en,Ivatan,ivv,ivv,core,,2026-09-03T07:00:06.934937+00:00,76,76,62,14,0,62,62,62,62,62,0,0,0,62,35,34,35,34,27,0,0,en,33,62,declared metadata; canonical identity and stream health not guaranteed
cmokkyk9c0411qscc3d5mkgcl,5420,ixil-nebaj,"Ixil, Nebaj",en,"Ixil, Nebaj",ixl,ixl,core,,2026-09-03T07:00:06.934937+00:00,76,76,62,14,0,62,62,62,62,62,0,0,0,62,35,34,35,34,27,0,0,ixl,0,0,declared metadata; canonical identity and stream health not guaranteed
cmokl2flj04z2qscc8yxurwf6,98626,iyaa,Iyaa,en,Iyaa,iyx,iyx,core,,2026-09-03T07:00:06.934937+00:00,76,76,62,14,0,62,62,62,62,62,0,0,0,62,35,34,35,34,27,0,0,en,33,62,declared metadata; canonical identity and stream health not guaranteed
cmokkuoa6031yqscc9ihy32e6,24095,iyansi,Iyansi,en,Iyansi,yns,yns,core,,2026-09-03T07:00:06.934937+00:00,76,76,62,14,0,62,62,62,62,62,0,0,0,62,35,34,35,34,27,0,0,en,33,62,declared metadata; canonical identity and stream health not guaranteed
cmok1jf1z0029qsv1lsh5c746,10106,izere,Izere,en,Izere,izr,izr,core,,2026-09-03T07:00:06.934937+00:00,76,76,62,14,0,62,62,62,62,62,0,0,0,62,35,34,35,34,27,0,0,en,33,62,declared metadata; canonical identity and stream health not guaranteed
cmokl233104w3qsccz720vc08,9694,izii,Izii,en,Izii,izz,izz,core,,2026-09-03T07:00:06.934937+00:00,76,76,62,14,0,62,62,62,62,62,0,0,0,62,35,34,35,34,27,0,0,en,33,62,declared metadata; canonical identity and stream health not guaranteed
cmokkyjxc040yqsccch3jast1,5415,jacalteco-western,"Jacalteco, Western",en,"Jacalteco, Western",jac,jac,core,,2026-09-03T07:00:06.934937+00:00,76,76,62,14,0,62,62,62,62,62,0,0,0,62,35,34,35,34,27,0,0,en,33,62,declared metadata; canonical identity and stream health not guaranteed
cmok1k136007jqsv1yumtutcv,10559,jadgali,Jadgali,en,Jadgali,jdg,jdg,core,,2026-09-03T07:00:06.934937+00:00,76,76,62,14,0,62,62,62,62,62,0,0,0,62,35,34,35,34,27,0,0,en,33,62,declared metadata; canonical identity and stream health not guaranteed
cmok1nwvd015qqsv1uhgae2fb,141128,jakun,Jakun,en,Jakun,jak,jak,core,,2026-09-03T07:00:06.934937+00:00,76,76,62,14,0,62,62,62,62,62,0,0,0,62,35,34,35,34,27,0,0,en,33,62,declared metadata; canonical identity and stream health not guaranteed
cmokkutib0336qsccrzsoc72v,24218,jama-mapun,Jama Mapun,en,Jama Mapun,sjm,sjm,core,,2026-09-03T07:00:06.934937+00:00,76,76,62,14,0,62,62,62,62,62,0,0,0,62,35,34,35,34,27,0,0,en,33,62,declared metadata; canonical identity and stream health not guaranteed
cmokkpv3q01vlqscc4ww7ungb,184701,jamaican-patwa,Jamaican Patwa,en,Jamaican Patwa,jam,jam,core,,2026-09-03T07:00:06.934937+00:00,151,151,132,17,2,132,132,132,132,132,0,0,0,132,80,75,58,55,52,0,0,en,54,132,declared metadata; canonical identity and stream health not guaranteed
cmok1owiu01dpqsv1btlc0hcj,142312,jaminawa,Jaminawa,en,Jaminawa,yaa,yaa,core,,2026-09-03T07:00:06.934937+00:00,76,76,62,14,0,62,62,62,62,62,0,0,0,62,35,34,35,34,27,0,0,en,33,62,declared metadata; canonical identity and stream health not guaranteed
cmokl08ik04foqscck4j427yw,7083,japanese,Japanese,en|ja,Japanese,ja,jpn,core,,2026-09-03T07:00:06.934937+00:00,440,440,384,34,22,384,384,384,384,384,0,0,0,384,166,156,141,133,218,0,0,ja,129,380,declared metadata; canonical identity and stream health not guaranteed
cmokl090d04ftqscclnxl9scj,7090,japanese-sign-language,Japanese Sign Language,en,Japanese Sign Language,jsl,jsl,core,,2026-09-03T07:00:06.934937+00:00,8,8,1,7,0,1,1,1,1,1,0,0,0,1,1,1,1,1,0,0,0,en,1,1,declared metadata; canonical identity and stream health not guaranteed
cmok1klsr00cpqsv1yta751lp,119071,jar,Jar,en,Jar,jgk,jgk,core,,2026-09-03T07:00:06.934937+00:00,76,76,62,14,0,62,62,62,62,62,0,0,0,62,35,34,35,34,27,0,0,en,33,62,declared metadata; canonical identity and stream health not guaranteed
cmok1rjtd020iqsv18q4ts7py,1552,jaruara,Jaruara,en,Jaruara,jaa,jaa,core,,2026-09-03T07:00:06.934937+00:00,76,76,62,14,0,62,62,62,62,62,0,0,0,62,35,34,35,34,27,0,0,en,33,62,declared metadata; canonical identity and stream health not guaranteed
cmokkzwlk04ckqsccqw58riu0,6428,jaunsari,Jaunsari,en,Jaunsari,jns,jns,core,,2026-09-03T07:00:06.934937+00:00,76,76,62,14,0,62,62,62,62,62,0,0,0,62,35,34,35,34,27,0,0,en,33,62,declared metadata; canonical identity and stream health not guaranteed
cmok1luan00nnqsv1emphrupd,13195,javanese,Javanese,en|jv,Javanese,jv,jav,core,,2026-09-03T07:00:06.934937+00:00,112,112,91,21,0,91,91,91,91,91,0,0,0,91,50,48,50,48,41,0,0,en,44,89,declared metadata; canonical identity and stream health not guaranteed
cmokkrfd20292qsccvd0t5pgc,19767,javanese-banten,"Javanese, Banten",en,"Javanese, Banten",jv-ID-BT,jav,core,,2026-09-03T07:00:06.934937+00:00,76,76,62,14,0,62,62,62,62,62,0,0,0,62,35,34,35,34,27,0,0,en,33,62,declared metadata; canonical identity and stream health not guaranteed
cmokkq6zi01yfqsccqaqx0emp,184911,javanese-banyumasan,Javanese Banyumasan,en,Javanese Banyumasan,jav,jav,core,,2026-09-03T07:00:06.934937+00:00,76,76,62,14,0,62,62,62,62,62,0,0,0,62,35,34,35,34,27,0,0,en,33,62,declared metadata; canonical identity and stream health not guaranteed
cmokkxdmf03qbqsccjv32avcg,4940,javanese-caribbean,"Javanese, Caribbean",en,"Javanese, Caribbean",jvn,jvn,core,,2026-09-03T07:00:06.934937+00:00,76,76,62,14,0,62,62,62,62,62,0,0,0,62,35,34,35,34,27,0,0,en,33,62,declared metadata; canonical identity and stream health not guaranteed
cmok1nxki015wqsv1h82vdrjy,141153,jeh,Jeh,en,Jeh,jeh,jeh,core,,2026-09-03T07:00:06.934937+00:00,79,79,64,15,0,64,64,64,64,64,0,0,0,64,35,34,35,34,29,0,0,en,33,64,declared metadata; canonical identity and stream health not guaranteed
cmokkvsp903bxqscc135kp7bg,32807,jenjo,Jenjo,en,Jenjo,jen,jen,core,,2026-09-03T07:00:06.934937+00:00,76,76,62,14,0,62,62,62,62,62,0,0,0,62,35,34,35,34,27,0,0,en,33,62,declared metadata; canonical identity and stream health not guaranteed
cmok1nxy6015zqsv1ytponh8r,141158,jere,Jere,en,Jere,jer,jer,core,,2026-09-03T07:00:06.934937+00:00,76,76,62,14,0,62,62,62,62,62,0,0,0,62,35,34,35,34,27,0,0,en,33,62,declared metadata; canonical identity and stream health not guaranteed
16da04a2-c22d-4a32-b052-6dc14b2f79b0,141173,jiamao,Jiamao,en,Jiamao,jio,jio,core,,2026-09-03T07:00:06.934937+00:00,75,75,62,13,0,62,62,62,62,62,0,0,0,62,35,34,35,34,27,0,0,en,33,62,declared metadata; canonical identity and stream health not guaranteed
cmokl20bv04vfqscca1fdqz44,9669,jibu,Jibu,en,Jibu,jib,jib,core,,2026-09-03T07:00:06.934937+00:00,76,76,62,14,0,62,62,62,62,62,0,0,0,62,35,34,35,34,27,0,0,en,33,62,declared metadata; canonical identity and stream health not guaranteed
cmokkwc9f03gyqscczmv70lyn,4088,jingpho,Jingpho,en,Jingpho,kac,kac,core,,2026-09-03T07:00:06.934937+00:00,76,76,62,14,0,62,62,62,62,62,0,0,0,62,35,34,35,34,27,0,0,en,33,62,declared metadata; canonical identity and stream health not guaranteed
cmok1okiq01avqsv11o0jt7hb,14182,jita,Jita,en,Jita,jit,jit,core,,2026-09-03T07:00:06.934937+00:00,76,76,62,14,0,62,62,62,62,62,0,0,0,62,35,34,35,34,27,0,0,en,33,62,declared metadata; canonical identity and stream health not guaranteed
cmokl200704vcqscc1asa1w66,9639,jju,Jju,en,Jju,kaj,kaj,core,,2026-09-03T07:00:06.934937+00:00,76,76,62,14,0,62,62,62,62,62,0,0,0,62,35,34,35,34,27,0,0,en,33,62,declared metadata; canonical identity and stream health not guaranteed
cmokky94803yaqsccdbhtb1h7,53394,jola-felupe,Jola-Felupe,en,Jola-Felupe,eja,eja,core,,2026-09-03T07:00:06.934937+00:00,76,76,62,14,0,62,62,62,62,62,0,0,0,62,35,34,35,34,27,0,0,en,33,62,declared metadata; canonical identity and stream health not guaranteed
cmokkxiqg03roqsccnqb3fkwe,5069,jola-fogny,Jola-Fogny,en,Jola-Fogny,dyo,dyo,core,,2026-09-03T07:00:06.934937+00:00,76,76,62,14,0,62,62,62,62,62,0,0,0,62,35,34,35,34,27,0,0,dyo,0,0,declared metadata; canonical identity and stream health not guaranteed
cmok1lp6g00mcqsv1y065k8na,13070,jola-kasa,Jola-Kasa,en,Jola-Kasa,csk,csk,core,,2026-09-03T07:00:06.934937+00:00,76,76,62,14,0,62,62,62,62,62,0,0,0,62,35,34,35,34,27,0,0,en,33,62,declared metadata; canonical identity and stream health not guaranteed
cmokkth6g02rnqsccvr93j2sq,22499,jorai,Jorai,en,Jorai,jra,jra,core,,2026-09-03T07:00:06.934937+00:00,76,76,62,14,0,62,62,62,62,62,0,0,0,62,35,34,35,34,27,0,0,en,33,62,declared metadata; canonical identity and stream health not guaranteed
cmokl09tf04fzqsccc1ye3wlb,7138,jordanian-sign-language,Jordanian Sign Language,en,Jordanian Sign Language,jos,jos,core,,2026-09-03T07:00:06.934937+00:00,8,8,1,7,0,1,1,1,1,1,0,0,0,1,1,1,1,1,0,0,0,en,1,1,declared metadata; canonical identity and stream health not guaranteed
cmokkzw9w04chqsccgvv1kwgg,6426,juang,Juang,en,Juang,jun,jun,core,,2026-09-03T07:00:06.934937+00:00,76,76,62,14,0,62,62,62,62,62,0,0,0,62,35,34,35,34,27,0,0,en,33,62,declared metadata; canonical identity and stream health not guaranteed
cmokktega02r0qsccd6y50dym,22205,jukun,Jukun,en,Jukun,juk,juk,core,,2026-09-03T07:00:06.934937+00:00,76,76,62,14,0,62,62,62,62,62,0,0,0,62,35,34,35,34,27,0,0,en,33,62,declared metadata; canonical identity and stream health not guaranteed
cmokksy2202mvqscc3a65i7e8,2104,jula,Jula,en,Jula,dyu,dyu,core,,2026-09-03T07:00:06.934937+00:00,208,208,185,20,3,185,185,185,185,185,0,0,0,185,84,79,74,70,101,0,0,en,66,183,declared metadata; canonical identity and stream health not guaranteed
cmok1rvnc023aqsv1o7m0mhwy,158997,juni-kuin,Juni Kuin,en,Juni Kuin,cbs,cbs,core,,2026-09-03T07:00:06.934937+00:00,79,79,63,16,0,63,63,63,63,63,0,0,0,63,35,34,35,34,28,0,0,en,33,63,declared metadata; canonical identity and stream health not guaranteed
cmok1kgy000biqsv1uuabp25v,114921,jur-beli,Jur Beli,blm|en,Jur Beli,blm,blm,core,,2026-09-03T07:00:06.934937+00:00,132,132,116,15,1,116,116,116,116,116,0,0,0,116,67,63,57,54,49,0,0,en,53,116,declared metadata; canonical identity and stream health not guaranteed
cmok1m5ru00qiqsv1jyunqe4x,13745,jur-modo,Jur Modo,bex|en,Jur Modo,bex,bex,core,,2026-09-03T07:00:06.934937+00:00,76,76,62,14,0,62,62,62,62,62,0,0,0,62,35,34,35,34,27,0,0,en,33,62,declared metadata; canonical identity and stream health not guaranteed
cmokkzvy904ceqsccp0usir3d,6425,juray,Juray,en,Juray,juy,juy,core,,2026-09-03T07:00:06.934937+00:00,76,76,62,14,0,62,62,62,62,62,0,0,0,62,35,34,35,34,27,0,0,en,33,62,declared metadata; canonical identity and stream health not guaranteed
cmokkpx5l01w3qscck8riytyz,184818,kaakye,Kaakye,en,Kaakye,kye,kye,core,,2026-09-03T07:00:06.934937+00:00,82,82,67,14,1,67,67,67,67,67,0,0,0,67,39,38,39,38,28,0,0,en,37,67,declared metadata; canonical identity and stream health not guaranteed
cmokkvrmo03boqsccjogipjod,3191,kaba,Kaba,en,Kaba,ksp,ksp,core,,2026-09-03T07:00:06.934937+00:00,82,82,67,14,1,67,67,67,67,67,0,0,0,67,39,38,39,38,28,0,0,en,37,67,declared metadata; canonical identity and stream health not guaranteed
cmok1o82x018dqsv1ue69059u,141528,kaba-naa-sara,"Kaba Naa, Sara",en,"Kaba Naa, Sara",kwv,kwv,core,,2026-09-03T07:00:06.934937+00:00,76,76,62,14,0,62,62,62,62,62,0,0,0,62,35,34,35,34,27,0,0,en,33,62,declared metadata; canonical identity and stream health not guaranteed
cmok1qvr501uqqsv1299zj3lt,14632,kabardian,Kabardian,en|kbd,Kabardian,kbd,kbd,core,,2026-09-03T07:00:06.934937+00:00,76,76,62,14,0,62,62,62,62,62,0,0,0,62,35,34,35,34,27,0,0,kbd,0,0,declared metadata; canonical identity and stream health not guaranteed
cmok1mcwk00sbqsv1rwf4pf84,139094,kabeverdiane-barlavente,"Kabeverdiane, Barlavente",en,"Kabeverdiane, Barlavente",kea-CV-B,kea,core,,2026-09-03T07:00:06.934937+00:00,79,79,64,15,0,64,64,64,64,64,0,0,0,64,35,34,35,34,29,0,0,en,33,64,declared metadata; canonical identity and stream health not guaranteed
cmok1lwl900o7qsv1u0ymzhdi,1336,kabiye,Kabiye,en,Kabiye,kbp,kbp,core,,2026-09-03T07:00:06.934937+00:00,138,138,121,15,2,121,121,121,121,121,0,0,0,121,71,67,61,58,50,0,0,en,57,121,declared metadata; canonical identity and stream health not guaranteed
cmokkyeag03zkqsccwv5etan6,53431,kabuverdianu-sotaventu,"Kabuverdianu, Sotaventu",en,"Kabuverdianu, Sotaventu",kea,kea,core,,2026-09-03T07:00:06.934937+00:00,79,79,64,15,0,64,64,64,64,64,0,0,0,64,35,34,35,34,29,0,0,en,33,64,declared metadata; canonical identity and stream health not guaranteed
cmok1p8gr01ggqsv1f5id6xnp,14274,kabwa,Kabwa,en,Kabwa,cwa,cwa,core,,2026-09-03T07:00:06.934937+00:00,76,76,62,14,0,62,62,62,62,62,0,0,0,62,35,34,35,34,27,0,0,en,33,62,declared metadata; canonical identity and stream health not guaranteed
cmokkxd1r03q6qsccmzooavcy,494,kabyle,Kabyle,en|kab,Kabyle,kab,kab,core,,2026-09-03T07:00:06.934937+00:00,247,247,221,20,6,221,221,221,221,221,0,0,0,221,97,91,75,71,124,0,0,en,67,219,declared metadata; canonical identity and stream health not guaranteed
cmokkt72d02p6qsccpt6yvqnn,21661,kachchhi,Kachchhi,en,Kachchhi,kfr,kfr,core,,2026-09-03T07:00:06.934937+00:00,76,76,62,14,0,62,62,62,62,62,0,0,0,62,35,34,35,34,27,0,0,en,33,62,declared metadata; canonical identity and stream health not guaranteed
cmok1t6ko02ebqsv1qvrm8jjm,177210,kachhi-gujerati,Kachhi Gujerati,en,Kachhi Gujerati,gjk,gjk,core,,2026-09-03T07:00:06.934937+00:00,67,67,54,12,1,54,54,54,54,54,0,0,0,54,32,29,31,28,22,0,0,en,28,54,declared metadata; canonical identity and stream health not guaranteed
cmok1rfsg01zlqsv1ym7xyewy,1538,kadiweu,Kadiweu,en,Kadiweu,kbc,kbc,core,,2026-09-03T07:00:06.934937+00:00,76,76,62,14,0,62,62,62,62,62,0,0,0,62,35,34,35,34,27,0,0,en,33,62,declared metadata; canonical identity and stream health not guaranteed
cmokl2jnt0502qsccyebjlkgd,99188,kaduo,"Hani, Kaduo",en,"Hani, Kaduo",ktp,ktp,core,,2026-09-03T07:00:06.934937+00:00,79,79,63,16,0,63,63,63,63,63,0,0,0,63,35,34,35,34,28,0,0,en,33,63,declared metadata; canonical identity and stream health not guaranteed
cmokktgdt02rhqscccnb7gzxl,22439,kafa,Kafa,en,Kafa,kbr,kbr,core,,2026-09-03T07:00:06.934937+00:00,76,76,62,14,0,62,62,62,62,62,0,0,0,62,35,34,35,34,27,0,0,en,33,62,declared metadata; canonical identity and stream health not guaranteed
cmok1oc50018vqsv16f8k4pt1,14157,kagulu,Kagulu,en,Kagulu,kki,kki,core,,2026-09-03T07:00:06.934937+00:00,76,76,62,14,0,62,62,62,62,62,0,0,0,62,35,34,35,34,27,0,0,en,33,62,declared metadata; canonical identity and stream health not guaranteed
cmok1swwa02c1qsv1qtltp6z0,17509,kaili-daa,"Kaili, Daa",en,"Kaili, Daa",kzf,kzf,core,,2026-09-03T07:00:06.934937+00:00,76,76,62,14,0,62,62,62,62,62,0,0,0,62,35,34,35,34,27,0,0,en,33,62,declared metadata; canonical identity and stream health not guaranteed
cmokkzl1804aaqsccifhy6blr,622,kaiwa,Kaiwa,en,Kaiwa,kgk,kgk,core,,2026-09-03T07:00:06.934937+00:00,76,76,62,14,0,62,62,62,62,62,0,0,0,62,35,34,35,34,27,0,0,en,33,62,declared metadata; canonical identity and stream health not guaranteed
cmokkpo1b01u0qsccnts4bdh3,184585,kakataibo,Kakataibo,en,Kakataibo,cbr,cbr,core,,2026-09-03T07:00:06.934937+00:00,79,79,63,16,0,63,63,63,63,63,0,0,0,63,35,34,35,34,28,0,0,en,33,63,declared metadata; canonical identity and stream health not guaranteed
cmokkvafd037cqsccblfz74e0,2639,kako,Kako,en,Kako,kkj,kkj,core,,2026-09-03T07:00:06.934937+00:00,76,76,62,14,0,62,62,62,62,62,0,0,0,62,35,34,35,34,27,0,0,en,33,62,declared metadata; canonical identity and stream health not guaranteed
cmok1m44y00q2qsv1dz1xd91k,13692,kakwa,Kakwa,en,Kakwa,keo,keo,core,,2026-09-03T07:00:06.934937+00:00,76,76,62,14,0,62,62,62,62,62,0,0,0,62,35,34,35,34,27,0,0,en,33,62,declared metadata; canonical identity and stream health not guaranteed
cmokkt2bk02nzqsccsgz76qea,21199,kalaallisut-greenlandic,Kalaallisut (Greenlandic),en|kl,Kalaallisut (Greenlandic),kl,kal,core,,2026-09-03T07:00:06.934937+00:00,105,105,86,19,0,86,86,86,86,86,0,0,0,86,48,46,48,46,38,0,0,kl,0,0,declared metadata; canonical identity and stream health not guaranteed
cmokl272104x0qscc0iaeha6g,9733,kalabari,Kalabari,en,Kalabari,ijn,ijn,core,,2026-09-03T07:00:06.934937+00:00,76,76,62,14,0,62,62,62,62,62,0,0,0,62,35,34,35,34,27,0,0,en,33,62,declared metadata; canonical identity and stream health not guaranteed
cmokkuz75034nqsccpmatna61,24359,kalagan-eastern,"Kalagan, Eastern",en,"Kalagan, Eastern",kqe-x-Eastern,kqe,core,,2026-09-03T07:00:06.934937+00:00,76,76,62,14,0,62,62,62,62,62,0,0,0,62,35,34,35,34,27,0,0,en,33,62,declared metadata; canonical identity and stream health not guaranteed
cmok1lawf00isqsv1adr2g0de,12693,kalagan-tagakaulu,"Kalagan, Tagakaulu",en,"Kalagan, Tagakaulu",klg,klg,core,,2026-09-03T07:00:06.934937+00:00,76,76,62,14,0,62,62,62,62,62,0,0,0,62,35,34,35,34,27,0,0,en,33,62,declared metadata; canonical identity and stream health not guaranteed
cmokkuzkk034qqscckfhg022j,24360,kalagen-western,"Kalagen, Western",en,"Kalagen, Western",kqe-x-Western,kqe,core,,2026-09-03T07:00:06.934937+00:00,76,76,62,14,0,62,62,62,62,62,0,0,0,62,35,34,35,34,27,0,0,en,33,62,declared metadata; canonical identity and stream health not guaranteed
cmok1r7l701xoqsv1q6xbqi1r,1510,kalanga,Kalanga,en,Kalanga,kck,kck,core,,2026-09-03T07:00:06.934937+00:00,76,76,62,14,0,62,62,62,62,62,0,0,0,62,35,34,35,34,27,0,0,en,33,62,declared metadata; canonical identity and stream health not guaranteed
cmok1s7te0264qsv1lc83f25j,163423,kalanguya,Kalanguya,en,Kalanguya,kak,kak,core,,2026-09-03T07:00:06.934937+00:00,76,76,62,14,0,62,62,62,62,62,0,0,0,62,35,34,35,34,27,0,0,en,33,62,declared metadata; canonical identity and stream health not guaranteed
cmokl0g0t04hiqsccrfwhkosm,7321,kalenjin-kipsigis,"Kalenjin, Kipsigis",en,"Kalenjin, Kipsigis",kln,sgc,core,,2026-09-03T07:00:06.934937+00:00,82,82,67,14,1,67,67,67,67,67,0,0,0,67,39,38,39,38,28,0,0,en,37,67,declared metadata; canonical identity and stream health not guaranteed
cmokkw2z603eiqsccgho1vb2d,3832,kalmyk-oirat,Kalmyk-Oirat,en,Kalmyk-Oirat,xal,xal,core,,2026-09-03T07:00:06.934937+00:00,78,78,63,15,0,63,63,63,63,63,0,0,0,63,35,34,35,34,28,0,0,en,33,63,declared metadata; canonical identity and stream health not guaranteed
cmok1r3ft01woqsv14p93w5nz,149174,kalo-5,Kalo,en,Kalo,khz,khz,core,,2026-09-03T07:00:06.934937+00:00,75,75,62,13,0,62,62,62,62,62,0,0,0,62,35,34,35,34,27,0,0,en,33,62,declared metadata; canonical identity and stream health not guaranteed
cmok1koc000dcqsv1cl7lif8v,12019,kamano,Kamano,en,Kamano,kbq,kbq,core,,2026-09-03T07:00:06.934937+00:00,76,76,62,14,0,62,62,62,62,62,0,0,0,62,35,34,35,34,27,0,0,en,33,62,declared metadata; canonical identity and stream health not guaranteed
cmok1o6ol0181qsv1kuzge31l,141455,kamasau,Kamasau,en,Kamasau,kms,kms,core,,2026-09-03T07:00:06.934937+00:00,79,79,63,16,0,63,63,63,63,63,0,0,0,63,35,34,35,34,28,0,0,en,33,63,declared metadata; canonical identity and stream health not guaranteed
cmokl2lrv050kqsccylcr59pf,99364,kamayo,Kamayo,en,Kamayo,kyk,kyk,core,,2026-09-03T07:00:06.934937+00:00,80,80,64,16,0,64,64,64,64,64,0,0,0,64,35,34,35,34,29,0,0,en,33,64,declared metadata; canonical identity and stream health not guaranteed
cmokkwzqd03mwqscclf1ate3j,4655,kambaata,Kambaata,en,Kambaata,ktb,ktb,core,,2026-09-03T07:00:06.934937+00:00,76,76,62,14,0,62,62,62,62,62,0,0,0,62,35,34,35,34,27,0,0,en,33,62,declared metadata; canonical identity and stream health not guaranteed
cmokkss7b02leqsccxbbhkc5p,20944,kambera,Kambera,en,Kambera,xbr,xbr,core,,2026-09-03T07:00:06.934937+00:00,76,76,62,14,0,62,62,62,62,62,0,0,0,62,35,34,35,34,27,0,0,en,33,62,declared metadata; canonical identity and stream health not guaranteed
cmokl1yx904v3qsccx5k2b8dk,9618,kamo,Kamo,en,Kamo,kcq,kcq,core,,2026-09-03T07:00:06.934937+00:00,76,76,62,14,0,62,62,62,62,62,0,0,0,62,35,34,35,34,27,0,0,en,33,62,declared metadata; canonical identity and stream health not guaranteed
cmokl1zml04v9qsccuvjjx9bd,9637,kamuku,Kamuku,en,Kamuku,cdr,cdr,core,,2026-09-03T07:00:06.934937+00:00,76,76,62,14,0,62,62,62,62,62,0,0,0,62,35,34,35,34,27,0,0,en,33,62,declared metadata; canonical identity and stream health not guaranteed
cmokl02u104e6qscc2d8erjrh,6631,kanauji,Kanauji,bjj|en,Kanauji,bjj,bjj,core,,2026-09-03T07:00:06.934937+00:00,79,79,64,15,0,64,64,64,64,64,0,0,0,64,35,34,35,34,29,0,0,en,33,64,declared metadata; canonical identity and stream health not guaranteed
cmok1ocu30191qsv1ekuu0k4b,141586,kandas,Kandas,en,Kandas,kqw,kqw,core,,2026-09-03T07:00:06.934937+00:00,76,76,62,14,0,62,62,62,62,62,0,0,0,62,35,34,35,34,27,0,0,en,33,62,declared metadata; canonical identity and stream health not guaranteed
cmok1kqy900dzqsv15n1awm72,12151,kandawo,Kandawo,en,Kandawo,gam,gam,core,,2026-09-03T07:00:06.934937+00:00,76,76,62,14,0,62,62,62,62,62,0,0,0,62,35,34,35,34,27,0,0,en,33,62,declared metadata; canonical identity and stream health not guaranteed
cmokkpog201u3qsccrf7aot06,184586,kandoozi,Kandoozi,en,Kandoozi,cbu,cbu,core,,2026-09-03T07:00:06.934937+00:00,79,79,63,16,0,63,63,63,63,63,0,0,0,63,35,34,35,34,28,0,0,en,33,63,declared metadata; canonical identity and stream health not guaranteed
cmokkvvds03cmqsccvkivme6p,3645,kanembu,Kanembu,en,Kanembu,kbl,kbl,core,,2026-09-03T07:00:06.934937+00:00,76,76,62,14,0,62,62,62,62,62,0,0,0,62,35,34,35,34,27,0,0,en,33,62,declared metadata; canonical identity and stream health not guaranteed
cmokkyxdp044cqscccuv06fli,5625,kangri,Kangri,en,Kangri,xnr,xnr,core,,2026-09-03T07:00:06.934937+00:00,85,85,70,14,1,70,70,70,70,70,0,0,0,70,40,38,40,38,30,0,0,en,37,70,declared metadata; canonical identity and stream health not guaranteed
cmokkztj404btqscchzq23gv9,6362,kanjari,Kanjari,en,Kanjari,kft,kft,core,,2026-09-03T07:00:06.934937+00:00,76,76,62,14,0,62,62,62,62,62,0,0,0,62,35,34,35,34,27,0,0,en,33,62,declared metadata; canonical identity and stream health not guaranteed
cmok1la2o00ikqsv1vcc5pchg,12682,kankanaey,Kankanaey,en,Kankanaey,kne,kne,core,,2026-09-03T07:00:06.934937+00:00,76,76,62,14,0,62,62,62,62,62,0,0,0,62,35,34,35,34,27,0,0,en,33,62,declared metadata; canonical identity and stream health not guaranteed
cmok1lba800ivqsv1rk9hdqcj,12696,kankanay-northern,"Kankanay, Northern",en,"Kankanay, Northern",xnn,xnn,core,,2026-09-03T07:00:06.934937+00:00,76,76,62,14,0,62,62,62,62,62,0,0,0,62,35,34,35,34,27,0,0,en,33,62,declared metadata; canonical identity and stream health not guaranteed
cmokkzrj504baqsccyxz6sjuz,6318,kannada,Kannada,en|kn,Kannada,kn,kan,core,,2026-09-03T07:00:06.934937+00:00,287,287,252,28,7,252,252,252,252,252,0,0,0,252,132,124,110,104,120,0,0,kn,0,0,declared metadata; canonical identity and stream health not guaranteed
cmokkv72n036hqscce30h9667,2614,kanuri-yerwa,"Kanuri, Yerwa",en|knc,"Kanuri, Yerwa",knc,knc,core,,2026-09-03T07:00:06.934937+00:00,92,92,76,15,1,76,76,76,76,76,0,0,0,76,48,46,36,35,28,0,0,en,34,76,declared metadata; canonical identity and stream health not guaranteed
cmok1rokz021lqsv1kw9yq0jb,15653,kanyok,Kanyok,en,Kanyok,kny,kny,core,,2026-09-03T07:00:06.934937+00:00,76,76,62,14,0,62,62,62,62,62,0,0,0,62,35,34,35,34,27,0,0,en,33,62,declared metadata; canonical identity and stream health not guaranteed
cmok1ro97021iqsv12gvri48d,15642,kaonde,Kaonde,en,Kaonde,kqn,kqn,core,,2026-09-03T07:00:06.934937+00:00,79,79,64,15,0,64,64,64,64,64,0,0,0,64,35,34,35,34,29,0,0,en,33,64,declared metadata; canonical identity and stream health not guaranteed
cmokksnv002k9qsccvvvpfpjf,20871,kapampangan,Kapampangan,en|pam,Kapampangan,pam,pam,core,,2026-09-03T07:00:06.934937+00:00,76,76,62,14,0,62,62,62,62,62,0,0,0,62,35,34,35,34,27,0,0,en,33,62,declared metadata; canonical identity and stream health not guaranteed
cmokkscm402hgqsccc9p5atk1,20738,karai-karai,Karai-Karai,en,Karai-Karai,kai,kai,core,,2026-09-03T07:00:06.934937+00:00,76,76,62,14,0,62,62,62,62,62,0,0,0,62,35,34,35,34,27,0,0,en,33,62,declared metadata; canonical identity and stream health not guaranteed
cmokkwt4403l6qscc8bsgjp4c,448,karakalpak,Karakalpak,en|kaa,Karakalpak,kaa,kaa,core,,2026-09-03T07:00:06.934937+00:00,164,164,144,17,3,144,144,144,144,144,0,0,0,144,81,76,59,56,63,0,0,en,55,144,declared metadata; canonical identity and stream health not guaranteed
cmokkrh3c029hqscctt0dotng,19877,karang,Karang,en,Karang,kzr,kzr,core,,2026-09-03T07:00:06.934937+00:00,76,76,62,14,0,62,62,62,62,62,0,0,0,62,35,34,35,34,27,0,0,en,33,62,declared metadata; canonical identity and stream health not guaranteed
cmokkrs0q02c6qscc4h3odqh7,20211,karanga,Karanga,en,Karanga,sn-kth,sna,core,,2026-09-03T07:00:06.934937+00:00,76,76,62,14,0,62,62,62,62,62,0,0,0,62,35,34,35,34,27,0,0,sn,0,0,declared metadata; canonical identity and stream health not guaranteed
cmokkubip02ysqsccpr9rsdfj,23563,karbi,Karbi,en,Karbi,mjw,mjw,core,,2026-09-03T07:00:06.934937+00:00,76,76,62,14,0,62,62,62,62,62,0,0,0,62,35,34,35,34,27,0,0,en,33,62,declared metadata; canonical identity and stream health not guaranteed
cmokkxbtr03pvqscco3lb3bma,4835,karelian,Karelian,en|krl,Karelian,krl,krl,core,,2026-09-03T07:00:06.934937+00:00,76,76,62,14,0,62,62,62,62,62,0,0,0,62,35,34,35,34,27,0,0,en,33,62,declared metadata; canonical identity and stream health not guaranteed
cmokl1nz904scqsccyf0cldj7,8714,karen-pwo,"Karen, Pwo",en,"Karen, Pwo",pwo,pwo,core,,2026-09-03T07:00:06.934937+00:00,85,85,70,14,1,70,70,70,70,70,0,0,0,70,40,38,40,38,30,0,0,en,37,70,declared metadata; canonical identity and stream health not guaranteed
cmok1pdva01htqsv1ht69opih,14295,karen-pwo-eastern,"Karen, Pwo Eastern",en,"Karen, Pwo Eastern",kjp,kjp,core,,2026-09-03T07:00:06.934937+00:00,76,76,62,14,0,62,62,62,62,62,0,0,0,62,35,34,35,34,27,0,0,en,33,62,declared metadata; canonical identity and stream health not guaranteed
cmok1ptq401lhqsv17e6uuw70,14358,karen-pwo-omkoi,"Karen, Pwo Omkoi",en,"Karen, Pwo Omkoi",pww,pww,core,,2026-09-03T07:00:06.934937+00:00,76,76,62,14,0,62,62,62,62,62,0,0,0,62,35,34,35,34,27,0,0,en,33,62,declared metadata; canonical identity and stream health not guaranteed
cmokl1n3b04s4qsccgztgjjp1,8631,karen-sgaw,"Karen, Sgaw",en,"Karen, Sgaw",ksw,ksw,core,,2026-09-03T07:00:06.934937+00:00,87,87,71,15,1,71,71,71,71,71,0,0,0,71,40,38,40,38,31,0,0,en,37,71,declared metadata; canonical identity and stream health not guaranteed
cmok1rv9q0237qsv1yqllw1ej,158935,karina,Karina,en,Karina,car,car,core,,2026-09-03T07:00:06.934937+00:00,79,79,63,16,0,63,63,63,63,63,0,0,0,63,35,34,35,34,28,0,0,en,33,63,declared metadata; canonical identity and stream health not guaranteed
cmokky0fl03w3qsccn2li6iek,53298,karnali,Karnali,en,Karnali,jml,jml,core,,2026-09-03T07:00:06.934937+00:00,76,76,62,14,0,62,62,62,62,62,0,0,0,62,35,34,35,34,27,0,0,en,33,62,declared metadata; canonical identity and stream health not guaranteed
cmok1o8gr018gqsv17brwvhbj,141536,karo,Karo,en,Karo,kxh,kxh,core,,2026-09-03T07:00:06.934937+00:00,76,76,62,14,0,62,62,62,62,62,0,0,0,62,35,34,35,34,27,0,0,en,33,62,declared metadata; canonical identity and stream health not guaranteed
cmok1odup019aqsv1wbq4ccqq,141602,karon,Karon,en,Karon,krx,krx,core,,2026-09-03T07:00:06.934937+00:00,79,79,64,15,0,64,64,64,64,64,0,0,0,64,35,34,35,34,29,0,0,en,33,64,declared metadata; canonical identity and stream health not guaranteed
cmok1r66o01xcqsv10huyf4zd,150352,karunsie,Karunsi'E,en,Karunsi'E,xmz,xmz,core,,2026-09-03T07:00:06.934937+00:00,76,76,62,14,0,62,62,62,62,62,0,0,0,62,35,34,35,34,27,0,0,en,33,62,declared metadata; canonical identity and stream health not guaranteed
cmokktpzr02ttqscc6m3jrft2,22909,kasem-burkina-faso,"Kasem, Burkina Faso",en,"Kasem, Burkina Faso",xsm,xsm,core,,2026-09-03T07:00:06.934937+00:00,76,76,62,14,0,62,62,62,62,62,0,0,0,62,35,34,35,34,27,0,0,en,33,62,declared metadata; canonical identity and stream health not guaranteed
cmokktqdl02twqscciftfo0y8,22910,kasem-ghana,"Kasem, Ghana",en,"Kasem, Ghana",xsm-GH,xsm,core,,2026-09-03T07:00:06.934937+00:00,82,82,67,14,1,67,67,67,67,67,0,0,0,67,39,38,39,38,28,0,0,en,37,67,declared metadata; canonical identity and stream health not guaranteed
cmokkzr3o04b5qscc7v359dav,6298,kashmiri,Kashmiri,en|ks,Kashmiri,ks,kas,core,,2026-09-03T07:00:06.934937+00:00,148,148,130,16,2,130,130,130,130,130,0,0,0,130,80,75,58,55,50,0,0,ks,0,0,declared metadata; canonical identity and stream health not guaranteed
cmok1lkl500l4qsv1etx40a02,12869,kashubian,Kashubian,csb|en,Kashubian,csb,csb,core,,2026-09-03T07:00:06.934937+00:00,76,76,62,14,0,62,62,62,62,62,0,0,0,62,35,34,35,34,27,0,0,csb,0,0,declared metadata; canonical identity and stream health not guaranteed
cmokl1zaz04v6qsccjzoksk3v,9626,katab,Katab,en,Katab,kcg,kcg,core,,2026-09-03T07:00:06.934937+00:00,76,76,62,14,0,62,62,62,62,62,0,0,0,62,35,34,35,34,27,0,0,en,33,62,declared metadata; canonical identity and stream health not guaranteed
cmokl0jtq04igqsccok16g37k,7506,katang,Katang,en,Katang,ncq,ncq,core,,2026-09-03T07:00:06.934937+00:00,76,76,62,14,0,62,62,62,62,62,0,0,0,62,35,34,35,34,27,0,0,en,33,62,declared metadata; canonical identity and stream health not guaranteed
cmok1m5fv00qfqsv16nng653t,13719,katcha-kadugli-miri,Katcha-Kadugli-Miri,en,Katcha-Kadugli-Miri,xtc,xtc,core,,2026-09-03T07:00:06.934937+00:00,79,79,64,15,0,64,64,64,64,64,0,0,0,64,35,34,35,34,29,0,0,en,33,64,declared metadata; canonical identity and stream health not guaranteed
cmokl020v04dyqsccj8pm49rr,6596,kathiyawadi,Kathiyawadi,en,Kathiyawadi,gu-x-Kathiyawadi,guj,core,,2026-09-03T07:00:06.934937+00:00,76,76,62,14,0,62,62,62,62,62,0,0,0,62,35,34,35,34,27,0,0,gu,0,0,declared metadata; canonical identity and stream health not guaranteed
cmok1of9d019mqsv1si8y11lv,141637,katu-eastern,"Katu, Eastern",en,"Katu, Eastern",ktv,ktv,core,,2026-09-03T07:00:06.934937+00:00,76,76,62,14,0,62,62,62,62,62,0,0,0,62,35,34,35,34,27,0,0,en,33,62,declared metadata; canonical identity and stream health not guaranteed
cmok1sx9j02c4qsv1xb61y4ma,175097,kau-bru,Kau Bru,en,Kau Bru,ria,ria,core,,2026-09-03T07:00:06.934937+00:00,76,76,62,14,0,62,62,62,62,62,0,0,0,62,35,34,35,34,27,0,0,en,33,62,declared metadata; canonical identity and stream health not guaranteed
cmok1t8ax02eqqsv1ojpe475k,17757,kaur,Kaur,en,Kaur,vkk,vkk,core,,2026-09-03T07:00:06.934937+00:00,79,79,63,16,0,63,63,63,63,63,0,0,0,63,35,34,35,34,28,0,0,en,33,63,declared metadata; canonical identity and stream health not guaranteed
cmok1s748025yqsv1r00rop3z,1624,kayabi,Kayabi,en,Kayabi,kyz,kyz,core,,2026-09-03T07:00:06.934937+00:00,76,76,62,14,0,62,62,62,62,62,0,0,0,62,35,34,35,34,27,0,0,en,33,62,declared metadata; canonical identity and stream health not guaranteed
cmokkub5k02ypqsccns1qdach,23549,kayah-li-western,"Kayah Li, Western",en,"Kayah Li, Western",kyu,kyu,core,,2026-09-03T07:00:06.934937+00:00,76,76,62,14,0,62,62,62,62,62,0,0,0,62,35,34,35,34,27,0,0,en,33,62,declared metadata; canonical identity and stream health not guaranteed
cmokkt9sf02pvqsccmejwjal0,21773,kayan,Kayan,en,Kayan,pdu,pdu,core,,2026-09-03T07:00:06.934937+00:00,76,76,62,14,0,62,62,62,62,62,0,0,0,62,35,34,35,34,27,0,0,en,33,62,declared metadata; canonical identity and stream health not guaranteed
cmok1sejv027qqsv1sm3833vm,1676,kayapo,Kayapo,en,Kayapo,txu,txu,core,,2026-09-03T07:00:06.934937+00:00,76,76,62,14,0,62,62,62,62,62,0,0,0,62,35,34,35,34,27,0,0,en,33,62,declared metadata; canonical identity and stream health not guaranteed
cmokkvwg903cvqsccdt9yhr17,371,kazakh,Kazakh,en|kk,Kazakh,kk,kaz,core,,2026-09-03T07:00:06.934937+00:00,219,219,191,24,4,191,191,191,191,191,0,0,0,191,110,103,88,83,81,0,0,kk,80,188,declared metadata; canonical identity and stream health not guaranteed
cmok1mnuq00v1qsv1ho2u0oy2,139193,keakalo,Keakalo,en,Keakalo,khz,khz,core,,2026-09-03T07:00:06.934937+00:00,79,79,63,16,0,63,63,63,63,63,0,0,0,63,35,34,35,34,28,0,0,en,33,63,declared metadata; canonical identity and stream health not guaranteed
cmokl2ibn04zqqsccped7sdu0,99042,keapara,Keapara,en,Keapara,khz,khz,core,,2026-09-03T07:00:06.934937+00:00,79,79,63,16,0,63,63,63,63,63,0,0,0,63,35,34,35,34,28,0,0,en,33,63,declared metadata; canonical identity and stream health not guaranteed
cmokkpd5f01reqscceln5z2aj,184501,kechwa-san-martin,"Kechwa, San Martin",en,"Kechwa, San Martin",qvs,qvs,core,,2026-09-03T07:00:06.934937+00:00,79,79,63,16,0,63,63,63,63,63,0,0,0,63,35,34,35,34,28,0,0,en,33,63,declared metadata; canonical identity and stream health not guaranteed
cmok1oexr019jqsv1qyng9owc,141620,kedang,Kedang,en,Kedang,ksx,ksx,core,,2026-09-03T07:00:06.934937+00:00,79,79,63,16,0,63,63,63,63,63,0,0,0,63,35,34,35,34,28,0,0,en,33,63,declared metadata; canonical identity and stream health not guaranteed
cmok1le5b00jlqsv1nfxhvge4,1276,kekchi,Kekchi,en,Kekchi,kek,kek,core,,2026-09-03T07:00:06.934937+00:00,151,151,132,17,2,132,132,132,132,132,0,0,0,132,80,75,58,55,52,0,0,en,54,132,declared metadata; canonical identity and stream health not guaranteed
cmokkrg2f0298qsccsv59gxja,19803,kele,Kele,en,Kele,khy,khy,core,,2026-09-03T07:00:06.934937+00:00,76,76,62,14,0,62,62,62,62,62,0,0,0,62,35,34,35,34,27,0,0,en,33,62,declared metadata; canonical identity and stream health not guaranteed
cmokl2hb804zhqscctljrnr8q,98838,keliko,Keliko,en,Keliko,kbo,kbo,core,,2026-09-03T07:00:06.934937+00:00,76,76,62,14,0,62,62,62,62,62,0,0,0,62,35,34,35,34,27,0,0,en,33,62,declared metadata; canonical identity and stream health not guaranteed
cmokktkxp02slqsccmmuqug80,22679,kendayan-kanayatn,Kendayan (Kanayatn),en,Kendayan (Kanayatn),knx,knx,core,,2026-09-03T07:00:06.934937+00:00,76,76,62,14,0,62,62,62,62,62,0,0,0,62,35,34,35,34,27,0,0,en,33,62,declared metadata; canonical identity and stream health not guaranteed
cmok1oljp01b4qsv1gk6d4uii,141870,kenyah,Kenyah,en,Kenyah,xkl,xkl,core,,2026-09-03T07:00:06.934937+00:00,76,76,62,14,0,62,62,62,62,62,0,0,0,62,35,34,35,34,27,0,0,en,33,62,declared metadata; canonical identity and stream health not guaranteed
cmokkqkfp021jqsccdh7ekht7,185228,kenyah-badeng,"Kenyah, Badeng",en,"Kenyah, Badeng",xkl,xkl,core,,2026-09-03T07:00:06.934937+00:00,76,76,62,14,0,62,62,62,62,62,0,0,0,62,35,34,35,34,27,0,0,en,33,62,declared metadata; canonical identity and stream health not guaranteed
cmok1o3b80178qsv1y2g89hx5,141325,kerewe,Kerewe,en,Kerewe,ked,ked,core,,2026-09-03T07:00:06.934937+00:00,76,76,62,14,0,62,62,62,62,62,0,0,0,62,35,34,35,34,27,0,0,en,33,62,declared metadata; canonical identity and stream health not guaranteed
cmok1t79u02ehqsv1zu15kldn,17739,kerinci,Kerinci,en,Kerinci,kvr,kvr,core,,2026-09-03T07:00:06.934937+00:00,76,76,62,14,0,62,62,62,62,62,0,0,0,62,35,34,35,34,27,0,0,en,33,62,declared metadata; canonical identity and stream health not guaranteed
cmok1kd0100ajqsv1qqv4x2jt,111677,kermanshahi,Kermanshahi,en,Kermanshahi,sdh,sdh,core,,2026-09-03T07:00:06.934937+00:00,151,151,132,17,2,132,132,132,132,132,0,0,0,132,80,75,58,55,52,0,0,en,54,132,declared metadata; canonical identity and stream health not guaranteed
cmok1orha01cjqsv1lm4gkw58,142141,ketengban,Ketengban,en,Ketengban,xte,xte,core,,2026-09-03T07:00:06.934937+00:00,76,76,62,14,0,62,62,62,62,62,0,0,0,62,35,34,35,34,27,0,0,en,33,62,declared metadata; canonical identity and stream health not guaranteed
cmokkw1qm03e7qsccforcvl3h,3816,khakas,Khakas,en|kjh,Khakas,kjh,kjh,core,,2026-09-03T07:00:06.934937+00:00,78,78,63,15,0,63,63,63,63,63,0,0,0,63,35,34,35,34,28,0,0,en,33,63,declared metadata; canonical identity and stream health not guaranteed
cmokktzkk02w9qsccvjw11ccc,23225,khampa-eastern,"Khampa, Eastern",en,"Khampa, Eastern",khg,khg,core,,2026-09-03T07:00:06.934937+00:00,76,76,62,14,0,62,62,62,62,62,0,0,0,62,35,34,35,34,27,0,0,en,33,62,declared metadata; canonical identity and stream health not guaranteed
cmok1s9ox026jqsv147mfgt6k,164337,khandeshi-bhili,Khandeshi Bhili,en,Khandeshi Bhili,khn,khn,core,,2026-09-03T07:00:06.934937+00:00,85,85,70,14,1,70,70,70,70,70,0,0,0,70,40,38,40,38,30,0,0,en,37,70,declared metadata; canonical identity and stream health not guaranteed
cmokkrfqm0295qsccz5l6p2s3,19800,khandesi,Khandesi,en,Khandesi,khn,khn,core,,2026-09-03T07:00:06.934937+00:00,76,76,62,14,0,62,62,62,62,62,0,0,0,62,35,34,35,34,27,0,0,en,33,62,declared metadata; canonical identity and stream health not guaranteed
cmokkzs0n04bfqsccxo5x9i6l,6326,kharia,Kharia,en,Kharia,khr,khr,core,,2026-09-03T07:00:06.934937+00:00,76,76,62,14,0,62,62,62,62,62,0,0,0,62,35,34,35,34,27,0,0,en,33,62,declared metadata; canonical identity and stream health not guaranteed
cmok1knux00d7qsv1ou7ky6tp,1197,khasi,Khasi,en|kha,Khasi,kha,kha,core,,2026-09-03T07:00:06.934937+00:00,92,92,76,15,1,76,76,76,76,76,0,0,0,76,48,46,36,35,28,0,0,kha,0,0,declared metadata; canonical identity and stream health not guaranteed
cmok1s8lb026aqsv1rfn0ayo2,163806,khiamniungan,Khiamniungan,en,Khiamniungan,kix,kix,core,,2026-09-03T07:00:06.934937+00:00,76,76,62,14,0,62,62,62,62,62,0,0,0,62,35,34,35,34,27,0,0,en,33,62,declared metadata; canonical identity and stream health not guaranteed
cmokkulyl031cqsccq2myl7f5,24024,khmer-central-m,"Khmer, Central-M",en|km-khm,"Khmer, Central-M",km-khm,khm,core,,2026-09-03T07:00:06.934937+00:00,76,76,62,14,0,62,62,62,62,62,0,0,0,62,35,34,35,34,27,0,0,km,0,0,declared metadata; canonical identity and stream health not guaranteed
cmok1q13v01n7qsv1m6i3h6oj,14384,khmer-northern,"Khmer, Northern",en|km-kxm,"Khmer, Northern",km-kxm,kxm,core,,2026-09-03T07:00:06.934937+00:00,76,76,62,14,0,62,62,62,62,62,0,0,0,62,35,34,35,34,27,0,0,km,0,0,declared metadata; canonical identity and stream health not guaranteed
cmok1tbn602fhqsv192wvst2h,178043,khmer-standard,"Khmer, Standard",en,"Khmer, Standard",km,khm,core,,2026-09-03T07:00:06.934937+00:00,232,232,198,26,8,198,198,198,198,198,0,0,0,198,120,113,98,93,78,0,0,km,0,0,declared metadata; canonical identity and stream health not guaranteed
cmokkw27y03ecqsccsjndg534,3817,khmu,Khmu,en,Khmu,kjg,kjg,core,,2026-09-03T07:00:06.934937+00:00,76,76,62,14,0,62,62,62,62,62,0,0,0,62,35,34,35,34,27,0,0,en,33,62,declared metadata; canonical identity and stream health not guaranteed
cmokky3s803wxqscc9krnp6ec,53327,khoekhoegowab,Khoekhoegowab,en|naq,Khoekhoegowab,naq,naq,core,,2026-09-03T07:00:06.934937+00:00,76,76,62,14,0,62,62,62,62,62,0,0,0,62,35,34,35,34,27,0,0,en,33,62,declared metadata; canonical identity and stream health not guaranteed
cmok1k0rc007gqsv17ydisjw3,10558,khowar,Khowar,en,Khowar,khw,khw,core,,2026-09-03T07:00:06.934937+00:00,76,76,62,14,0,62,62,62,62,62,0,0,0,62,35,34,35,34,27,0,0,en,33,62,declared metadata; canonical identity and stream health not guaranteed
cmok1meqo00ssqsv1lh1830e2,139116,kiche-cunen,"Kiche, Cunen",en,"Kiche, Cunen",quc,quc,core,,2026-09-03T07:00:06.934937+00:00,76,76,62,14,0,62,62,62,62,62,0,0,0,62,35,34,35,34,27,0,0,quc,0,0,declared metadata; canonical identity and stream health not guaranteed
cmokkxevr03qoqsccsxogxf55,50087,kifuliiru,Kifuliiru,en,Kifuliiru,flr,flr,core,,2026-09-03T07:00:06.934937+00:00,76,76,62,14,0,62,62,62,62,62,0,0,0,62,35,34,35,34,27,0,0,en,33,62,declared metadata; canonical identity and stream health not guaranteed
cmokksbu702haqscczbo1ci88,20730,kikamba,Kikamba,en,Kikamba,kam,kam,core,,2026-09-03T07:00:06.934937+00:00,82,82,67,14,1,67,67,67,67,67,0,0,0,67,39,38,39,38,28,0,0,en,37,67,declared metadata; canonical identity and stream health not guaranteed
cmokksemr02hxqscc8h2f217t,20754,kikongo,Kikongo,en|kng,Kikongo,kng,kng,core,,2026-09-03T07:00:06.934937+00:00,165,165,144,19,2,144,144,144,144,144,0,0,0,144,83,78,73,69,61,0,0,en,65,142,declared metadata; canonical identity and stream health not guaranteed
cmok1m9t800rjqsv1gmmtvnsz,139071,kikuro,Kikuro,en,Kikuro,kui,kui,core,,2026-09-03T07:00:06.934937+00:00,76,76,62,14,0,62,62,62,62,62,0,0,0,62,35,34,35,34,27,0,0,en,33,62,declared metadata; canonical identity and stream health not guaranteed
cmokksa0302gtqsccd4hrqf1i,20679,kikuyu,Kikuyu,en|ki,Kikuyu,ki,kik,core,,2026-09-03T07:00:06.934937+00:00,88,88,71,15,2,71,71,71,71,71,0,0,0,71,39,38,39,38,32,0,0,en,37,71,declared metadata; canonical identity and stream health not guaranteed
cmok1sb1w026vqsv1sden02fn,164996,kilaangi,Kilaangi,en,Kilaangi,lag,lag,core,,2026-09-03T07:00:06.934937+00:00,82,82,67,14,1,67,67,67,67,67,0,0,0,67,39,38,39,38,28,0,0,en,37,67,declared metadata; canonical identity and stream health not guaranteed
cmokktk4d02sdqscctjw4hj2p,22652,kilega,Kilega,en,Kilega,lea,lea,core,,2026-09-03T07:00:06.934937+00:00,76,76,62,14,0,62,62,62,62,62,0,0,0,62,35,34,35,34,27,0,0,en,33,62,declared metadata; canonical identity and stream health not guaranteed
cmokksh3l02ilqscc0b513xua,20791,kiluba,Kiluba,en,Kiluba,lu,lub,core,,2026-09-03T07:00:06.934937+00:00,76,76,62,14,0,62,62,62,62,62,0,0,0,62,35,34,35,34,27,0,0,en,33,62,declared metadata; canonical identity and stream health not guaranteed
cmok1o3n8017bqsv15n1wg6tz,141333,kim,Kim,en,Kim,kia,kia,core,,2026-09-03T07:00:06.934937+00:00,76,76,62,14,0,62,62,62,62,62,0,0,0,62,35,34,35,34,27,0,0,en,33,62,declared metadata; canonical identity and stream health not guaranteed
cmokkyzzv044zqscc13g0gr41,569,kimbundu,Kimbundu,en,Kimbundu,kmb,kmb,core,,2026-09-03T07:00:06.934937+00:00,105,105,86,19,0,86,86,86,86,86,0,0,0,86,48,46,48,46,38,0,0,en,42,84,declared metadata; canonical identity and stream health not guaranteed
cmokksjsf02j8qscc7k2qnzdm,20824,kimeru,Kimeru,en,Kimeru,mer,mer,core,,2026-09-03T07:00:06.934937+00:00,76,76,62,14,0,62,62,62,62,62,0,0,0,62,35,34,35,34,27,0,0,en,33,62,declared metadata; canonical identity and stream health not guaranteed
cmokkq5gz01y3qscczdgo2zbd,184901,kimpokomu,Kimpokomu,en,Kimpokomu,pkb,pkb,core,,2026-09-03T07:00:06.934937+00:00,76,76,62,14,0,62,62,62,62,62,0,0,0,62,35,34,35,34,27,0,0,en,33,62,declared metadata; canonical identity and stream health not guaranteed
cmokksl7p02jkqsccbl2eou2j,20849,kinandi,Kinandi,en,Kinandi,nnb,nnb,core,,2026-09-03T07:00:06.934937+00:00,76,76,62,14,0,62,62,62,62,62,0,0,0,62,35,34,35,34,27,0,0,en,33,62,declared metadata; canonical identity and stream health not guaranteed
cmok1l9o700ihqsv1eodpxrgw,12672,kinaray-a,Kinaray-A,en,Kinaray-A,krj,krj,core,,2026-09-03T07:00:06.934937+00:00,76,76,62,14,0,62,62,62,62,62,0,0,0,62,35,34,35,34,27,0,0,en,33,62,declared metadata; canonical identity and stream health not guaranteed
cmok1od5w0194qsv1x2l2szqk,14159,kinga,Kinga,en,Kinga,zga,zga,core,,2026-09-03T07:00:06.934937+00:00,76,76,62,14,0,62,62,62,62,62,0,0,0,62,35,34,35,34,27,0,0,en,33,62,declared metadata; canonical identity and stream health not guaranteed
cmokkzuvu04c5qscca0khm0s8,6383,kinnauri,Kinnauri,en,Kinnauri,kfk,kfk,core,,2026-09-03T07:00:06.934937+00:00,76,76,62,14,0,62,62,62,62,62,0,0,0,62,35,34,35,34,27,0,0,en,33,62,declared metadata; canonical identity and stream health not guaranteed
cmok1o53n017nqsv1rn5xofn8,141363,kinnauri-pahari,"Kinnauri, Pahari",en|kjo,"Kinnauri, Pahari",kjo,kjo,core,,2026-09-03T07:00:06.934937+00:00,76,76,62,14,0,62,62,62,62,62,0,0,0,62,35,34,35,34,27,0,0,en,33,62,declared metadata; canonical identity and stream health not guaranteed
cmokktfz802reqsccynkgchkb,22379,kintandu,Kintandu,en,Kintandu,ndl,ndl,core,,2026-09-03T07:00:06.934937+00:00,82,82,67,14,1,67,67,67,67,67,0,0,0,67,39,38,39,38,28,0,0,en,37,67,declared metadata; canonical identity and stream health not guaranteed
cmokkyabr03ylqsccvtdoy43d,53401,kinyakyusa-tanzania,Kinyakyusa (Tanzania),en,Kinyakyusa (Tanzania),nyy,nyy,core,,2026-09-03T07:00:06.934937+00:00,76,76,62,14,0,62,62,62,62,62,0,0,0,62,35,34,35,34,27,0,0,en,33,62,declared metadata; canonical identity and stream health not guaranteed
cmokkqk3s021gqsccw0xz75nm,185227,kinyamulenge,Kinyamulenge,en,Kinyamulenge,kin,kin,core,,2026-09-03T07:00:06.934937+00:00,76,76,62,14,0,62,62,62,62,62,0,0,0,62,35,34,35,34,27,0,0,en,33,62,declared metadata; canonical identity and stream health not guaranteed
cmokksplp02krqsccxlzeu2ij,20900,kinyarwanda,Kinyarwanda,en|rw,Kinyarwanda,rw,kin,core,,2026-09-03T07:00:06.934937+00:00,181,181,159,19,3,159,159,159,159,159,0,0,0,159,97,91,75,71,62,0,0,rw,0,0,declared metadata; canonical identity and stream health not guaranteed
cmok1jt7m005nqsv1fcciyk6k,10262,kirho,Kirho,en,Kirho,dud,uth,core,,2026-09-03T07:00:06.934937+00:00,76,76,62,14,0,62,62,62,62,62,0,0,0,62,35,34,35,34,27,0,0,en,33,62,declared metadata; canonical identity and stream health not guaranteed
cmokkx9u803pbqscck5soakz1,4812,kiribati,Kiribati,en|gil,Kiribati,gil,gil,core,,2026-09-03T07:00:06.934937+00:00,105,105,86,19,0,86,86,86,86,86,0,0,0,86,48,46,48,46,38,0,0,gil,0,0,declared metadata; canonical identity and stream health not guaranteed
cmokksoo302khqscclq9h66wm,20896,kirundi,Kirundi,en|rn,Kirundi,rn,run,core,,2026-09-03T07:00:06.934937+00:00,175,175,154,19,2,154,154,154,154,154,0,0,0,154,93,87,71,67,61,0,0,rn,0,0,declared metadata; canonical identity and stream health not guaranteed
cmokkpaoy01qqqscc135zje8l,184496,kisan,Kisan,en,Kisan,xis,xis,core,,2026-09-03T07:00:06.934937+00:00,76,76,62,14,0,62,62,62,62,62,0,0,0,62,35,34,35,34,27,0,0,en,33,62,declared metadata; canonical identity and stream health not guaranteed
cmokktdfk02qrqsccbe6vc0xu,22196,kisanga,Kisanga,en,Kisanga,sng,sng,core,,2026-09-03T07:00:06.934937+00:00,76,76,62,14,0,62,62,62,62,62,0,0,0,62,35,34,35,34,27,0,0,en,33,62,declared metadata; canonical identity and stream health not guaranteed
cmokl2hya04znqscc78kb4ow7,98914,kisi,Kisi,en,Kisi,kiz,kiz,core,,2026-09-03T07:00:06.934937+00:00,76,76,62,14,0,62,62,62,62,62,0,0,0,62,35,34,35,34,27,0,0,en,33,62,declared metadata; canonical identity and stream health not guaranteed
cmokl0nf104jdqsccybg7y4aj,7587,kisi-southern,"Kisi, Southern",en,"Kisi, Southern",kss,kss,core,,2026-09-03T07:00:06.934937+00:00,82,82,67,14,1,67,67,67,67,67,0,0,0,67,39,38,39,38,28,0,0,en,37,67,declared metadata; canonical identity and stream health not guaranteed
cmokkyrj9042tqsccvwiryqgy,5481,kissi-northern,"Kissi, Northern",en,"Kissi, Northern",kqs,kqs,core,,2026-09-03T07:00:06.934937+00:00,76,76,62,14,0,62,62,62,62,62,0,0,0,62,35,34,35,34,27,0,0,en,33,62,declared metadata; canonical identity and stream health not guaranteed
cmok1rnup021fqsv1w6uw23nz,15639,kituba,Kituba,en,Kituba,ktu,ktu,core,,2026-09-03T07:00:06.934937+00:00,76,76,62,14,0,62,62,62,62,62,0,0,0,62,35,34,35,34,27,0,0,en,33,62,declared metadata; canonical identity and stream health not guaranteed
cmok1nv1h015bqsv183va0q5t,141073,kiviila,Kiviila,en,Kiviila,job,job,core,,2026-09-03T07:00:06.934937+00:00,76,76,62,14,0,62,62,62,62,62,0,0,0,62,35,34,35,34,27,0,0,en,33,62,declared metadata; canonical identity and stream health not guaranteed
cmok1pria01kzqsv1ujrn75p5,143494,kiwilwana,Kiwilwana,en,Kiwilwana,mlk,mlk,core,,2026-09-03T07:00:06.934937+00:00,76,76,62,14,0,62,62,62,62,62,0,0,0,62,35,34,35,34,27,0,0,en,33,62,declared metadata; canonical identity and stream health not guaranteed
cmokktd2402qoqsccad262qw1,22195,kiyombe,Kiyombe,en,Kiyombe,yom,yom,core,,2026-09-03T07:00:06.934937+00:00,82,82,67,14,1,67,67,67,67,67,0,0,0,67,39,38,39,38,28,0,0,en,37,67,declared metadata; canonical identity and stream health not guaranteed
cmok1o40k017eqsv19pwiszcp,141334,koalib,Koalib,en,Koalib,kib,kib,core,,2026-09-03T07:00:06.934937+00:00,132,132,116,15,1,116,116,116,116,116,0,0,0,116,67,63,57,54,49,0,0,en,53,116,declared metadata; canonical identity and stream health not guaranteed
cmokkqa6e01z6qsccpo35rfmd,184990,kobo,Kobo,en,Kobo,okc,okc,core,,2026-09-03T07:00:06.934937+00:00,76,76,62,14,0,62,62,62,62,62,0,0,0,62,35,34,35,34,27,0,0,en,33,62,declared metadata; canonical identity and stream health not guaranteed
cmok1jxxh006sqsv1qgj1j5xs,10526,kohistani-indus,"Kohistani, Indus",en,"Kohistani, Indus",mvy,mvy,core,,2026-09-03T07:00:06.934937+00:00,76,76,62,14,0,62,62,62,62,62,0,0,0,62,35,34,35,34,27,0,0,en,33,62,declared metadata; canonical identity and stream health not guaranteed
cmok1jzos0077qsv1altfn93j,10536,kohli-parkari,"Kohli, Parkari",en,"Kohli, Parkari",kvx,kvx,core,,2026-09-03T07:00:06.934937+00:00,132,132,116,15,1,116,116,116,116,116,0,0,0,116,67,63,57,54,49,0,0,en,53,116,declared metadata; canonical identity and stream health not guaranteed
cmokkqznp0256qsccto5u7shw,19241,koho,Koho,en,Koho,kpm,kpm,core,,2026-09-03T07:00:06.934937+00:00,132,132,116,15,1,116,116,116,116,116,0,0,0,116,67,63,57,54,49,0,0,en,53,116,declared metadata; canonical identity and stream health not guaranteed
cmok1ocie018yqsv1yyqiczjx,141574,koita-ga,Koita Ga,en,Koita Ga,kqi,kqi,core,,2026-09-03T07:00:06.934937+00:00,76,76,62,14,0,62,62,62,62,62,0,0,0,62,35,34,35,34,27,0,0,en,33,62,declared metadata; canonical identity and stream health not guaranteed
cmok1kspe00eeqsv1lclqo40y,1231,kok-borok,Kok Borok,en,Kok Borok,trp,trp,core,,2026-09-03T07:00:06.934937+00:00,92,92,76,15,1,76,76,76,76,76,0,0,0,76,48,46,36,35,28,0,0,en,34,76,declared metadata; canonical identity and stream health not guaranteed
cmokkp5f801pgqsccdw0p0tpy,184464,kok-borok-bangladesh,"Kok Borok, Bangladesh",en,"Kok Borok, Bangladesh",tpe,tpe,core,,2026-09-03T07:00:06.934937+00:00,76,76,62,14,0,62,62,62,62,62,0,0,0,62,35,34,35,34,27,0,0,en,33,62,declared metadata; canonical identity and stream health not guaranteed
cmokkp50u01pdqscclx0tjtiz,184462,kokoda-k-ainake,Kokoda K Ainake,en,Kokoda K Ainake,hkk,hkk,core,,2026-09-03T07:00:06.934937+00:00,79,79,63,16,0,63,63,63,63,63,0,0,0,63,35,34,35,34,28,0,0,en,33,63,declared metadata; canonical identity and stream health not guaranteed
cmokl0tn004kxqscc95p7ms6n,7793,kokola,Kokola,en,Kokola,kzn,kzn,core,,2026-09-03T07:00:06.934937+00:00,76,76,62,14,0,62,62,62,62,62,0,0,0,62,35,34,35,34,27,0,0,en,33,62,declared metadata; canonical identity and stream health not guaranteed
cmok1s7hh0261qsv18lwjnkeh,163136,kolami,Kolami,en,Kolami,kfb,kfb,core,,2026-09-03T07:00:06.934937+00:00,76,76,62,14,0,62,62,62,62,62,0,0,0,62,35,34,35,34,27,0,0,en,33,62,declared metadata; canonical identity and stream health not guaranteed
cmok1jzcv0074qsv14bqxecxs,10535,koli-wadiyara,"Koli, Wadiyara",en,"Koli, Wadiyara",kxp,kxp,core,,2026-09-03T07:00:06.934937+00:00,132,132,116,15,1,116,116,116,116,116,0,0,0,116,67,63,57,54,49,0,0,en,53,116,declared metadata; canonical identity and stream health not guaranteed
cmokkyeo103znqscc4e4ywdep,53432,kolokuma-izon,Kolokuma (Izon),en,Kolokuma (Izon),ijc,ijc,core,,2026-09-03T07:00:06.934937+00:00,76,76,62,14,0,62,62,62,62,62,0,0,0,62,35,34,35,34,27,0,0,en,33,62,declared metadata; canonical identity and stream health not guaranteed
cmokkr6go026xqscco3b1ru7y,19558,kom,Kom,bkm|en,Kom,bkm,bkm,core,,2026-09-03T07:00:06.934937+00:00,76,76,62,14,0,62,62,62,62,62,0,0,0,62,35,34,35,34,27,0,0,en,33,62,declared metadata; canonical identity and stream health not guaranteed
cmok1t7lg02ekqsv11dt8x3tw,17752,komering,Komering,en,Komering,kge,kge,core,,2026-09-03T07:00:06.934937+00:00,76,76,62,14,0,62,62,62,62,62,0,0,0,62,35,34,35,34,27,0,0,en,33,62,declared metadata; canonical identity and stream health not guaranteed
cmokkqntl022aqscctgwk90w1,18528,komi-permyak,Komi-Permyak,en|koi,Komi-Permyak,koi,koi,core,,2026-09-03T07:00:06.934937+00:00,76,76,62,14,0,62,62,62,62,62,0,0,0,62,35,34,35,34,27,0,0,koi,0,0,declared metadata; canonical identity and stream health not guaranteed
cmokkqhs5020wqscc5stnk6lw,18521,komi-zyrian,Komi-Zyrian,en|kpv,Komi-Zyrian,kpv,kpv,core,,2026-09-03T07:00:06.934937+00:00,151,151,132,17,2,132,132,132,132,132,0,0,0,132,80,75,58,55,52,0,0,en,54,132,declared metadata; canonical identity and stream health not guaranteed
cmok1nzp7016eqsv1jx91ps2i,141204,konda-dora,Konda-Dora,en,Konda-Dora,kfc,kfc,core,,2026-09-03T07:00:06.934937+00:00,76,76,62,14,0,62,62,62,62,62,0,0,0,62,35,34,35,34,27,0,0,en,33,62,declared metadata; canonical identity and stream health not guaranteed
cmokkynyy041xqsccv4bvwdkf,545,kongo-san-salvador,"Kongo, San Salvador",en,"Kongo, San Salvador",kwy,kwy,core,,2026-09-03T07:00:06.934937+00:00,76,76,62,14,0,62,62,62,62,62,0,0,0,62,35,34,35,34,27,0,0,en,33,62,declared metadata; canonical identity and stream health not guaranteed
cmok1sxx702caqsv10hruf7wg,17518,konjo-highland,"Konjo, Highland",en,"Konjo, Highland",kjk,kjk,core,,2026-09-03T07:00:06.934937+00:00,76,76,62,14,0,62,62,62,62,62,0,0,0,62,35,34,35,34,27,0,0,en,33,62,declared metadata; canonical identity and stream health not guaranteed
cmokkxxo303vcqsccdfui41n3,5302,konkomba,Konkomba,en,Konkomba,xon,xon,core,,2026-09-03T07:00:06.934937+00:00,82,82,67,14,1,67,67,67,67,67,0,0,0,67,39,38,39,38,28,0,0,en,37,67,declared metadata; canonical identity and stream health not guaranteed
cmokkxxzx03vfqscca4za4i94,5303,konni,Konni,en,Konni,kma,kma,core,,2026-09-03T07:00:06.934937+00:00,76,76,62,14,0,62,62,62,62,62,0,0,0,62,35,34,35,34,27,0,0,en,33,62,declared metadata; canonical identity and stream health not guaranteed
cmokku8qt02y3qscc4jk26wzr,23520,kono-sierra-leone,"Kono, Sierra Leone",en,"Kono, Sierra Leone",kno,kno,core,,2026-09-03T07:00:06.934937+00:00,76,76,62,14,0,62,62,62,62,62,0,0,0,62,35,34,35,34,27,0,0,en,33,62,declared metadata; canonical identity and stream health not guaranteed
cmok1ofyo019sqsv1grj54afw,14165,konongo-2,Konongo,en,Konongo,kcz,kcz,core,,2026-09-03T07:00:06.934937+00:00,76,76,62,14,0,62,62,62,62,62,0,0,0,62,35,34,35,34,27,0,0,en,33,62,declared metadata; canonical identity and stream health not guaranteed
cmokkse8o02huqsccplpuz7gb,20753,konso,Konso,en,Konso,kxc,kxc,core,,2026-09-03T07:00:06.934937+00:00,76,76,62,14,0,62,62,62,62,62,0,0,0,62,35,34,35,34,27,0,0,en,33,62,declared metadata; canonical identity and stream health not guaranteed
cmok1qzkv01voqsv13ho83yc1,147285,konta,Konta,en,Konta,dwr,dwr,core,,2026-09-03T07:00:06.934937+00:00,76,76,62,14,0,62,62,62,62,62,0,0,0,62,35,34,35,34,27,0,0,en,33,62,declared metadata; canonical identity and stream health not guaranteed
cmokkx03i03mzqsccmjlc3tlk,4656,koorete,Koorete,en,Koorete,kqy,kqy,core,,2026-09-03T07:00:06.934937+00:00,76,76,62,14,0,62,62,62,62,62,0,0,0,62,35,34,35,34,27,0,0,en,33,62,declared metadata; canonical identity and stream health not guaranteed
cmok1r3rt01wrqsv1d1qlyaqz,149217,kope,Kope,en,Kope,kiw,kiw,core,,2026-09-03T07:00:06.934937+00:00,76,76,62,14,0,62,62,62,62,62,0,0,0,62,35,34,35,34,27,0,0,en,33,62,declared metadata; canonical identity and stream health not guaranteed
cmokkzqp204b2qscc0tx92hum,6282,koraku,Koraku,en,Koraku,ksz,ksz,core,,2026-09-03T07:00:06.934937+00:00,76,76,62,14,0,62,62,62,62,62,0,0,0,62,35,34,35,34,27,0,0,en,33,62,declared metadata; canonical identity and stream health not guaranteed
cmokkw1aw03e2qsccoctp0tnp,3804,korean,Korean,en|ko,Korean,ko,kor,core,,2026-09-03T07:00:06.934937+00:00,368,368,326,33,9,326,326,326,326,326,0,0,0,326,160,149,135,126,166,0,0,ko,123,322,declared metadata; canonical identity and stream health not guaranteed
cmokkuj8g030nqsccjzlc6yxe,24000,korean-north,"Korean, North",en|ko-x-North,"Korean, North",ko-x-North,kor,core,,2026-09-03T07:00:06.934937+00:00,199,199,174,25,0,174,174,174,174,174,0,0,0,174,80,75,80,75,94,0,0,ko,72,172,declared metadata; canonical identity and stream health not guaranteed
cmokl0htt04hxqscc6e170m7u,7355,korean-sign-language,Korean Sign Language,en|kvk,Korean Sign Language,kvk,kvk,core,,2026-09-03T07:00:06.934937+00:00,8,8,1,7,0,1,1,1,1,1,0,0,0,1,1,1,1,1,0,0,0,en,1,1,declared metadata; canonical identity and stream health not guaranteed
cmokkwi0203idqsccahuj6ukd,4250,koreguaje,Koreguaje,en,Koreguaje,coe,coe,core,,2026-09-03T07:00:06.934937+00:00,79,79,63,16,0,63,63,63,63,63,0,0,0,63,35,34,35,34,28,0,0,en,33,63,declared metadata; canonical identity and stream health not guaranteed
cmokkzu6c04bzqsccf2fx578e,6370,korku,Korku,en,Korku,kfq,kfq,core,,2026-09-03T07:00:06.934937+00:00,82,82,67,14,1,67,67,67,67,67,0,0,0,67,35,34,35,34,32,0,0,en,33,67,declared metadata; canonical identity and stream health not guaranteed
cmokkrx9p02dfqscc010onxed,2046,koromfe,Koromfe,en,Koromfe,kfz,kfz,core,,2026-09-03T07:00:06.934937+00:00,76,76,62,14,0,62,62,62,62,62,0,0,0,62,35,34,35,34,27,0,0,en,33,62,declared metadata; canonical identity and stream health not guaranteed
cmokkp2mn01orqsccf4n61eak,183121,kortha,Kortha,en,Kortha,mai,mai,core,,2026-09-03T07:00:06.934937+00:00,76,76,62,14,0,62,62,62,62,62,0,0,0,62,35,34,35,34,27,0,0,mai,0,0,declared metadata; canonical identity and stream health not guaranteed
cmokkzuk204c2qscctz9u9obg,6372,korwa,Korwa,en,Korwa,kfp,kfp,core,,2026-09-03T07:00:06.934937+00:00,76,76,62,14,0,62,62,62,62,62,0,0,0,62,35,34,35,34,27,0,0,en,33,62,declared metadata; canonical identity and stream health not guaranteed
cmokl1jf904r6qscc2o32dilo,8434,koti,Koti,en,Koti,eko,eko,core,,2026-09-03T07:00:06.934937+00:00,76,76,62,14,0,62,62,62,62,62,0,0,0,62,35,34,35,34,27,0,0,en,33,62,declared metadata; canonical identity and stream health not guaranteed
cmokl2lgb050hqscc80wrmhyw,99359,kouya,Kouya,en,Kouya,kyf,kyf,core,,2026-09-03T07:00:06.934937+00:00,76,76,62,14,0,62,62,62,62,62,0,0,0,62,35,34,35,34,27,0,0,en,33,62,declared metadata; canonical identity and stream health not guaranteed
cmokkzv9004c8qsccetoompyx,6400,koya,Koya,en,Koya,kff,kff,core,,2026-09-03T07:00:06.934937+00:00,76,76,62,14,0,62,62,62,62,62,0,0,0,62,35,34,35,34,27,0,0,en,33,62,declared metadata; canonical identity and stream health not guaranteed
cmokkyoo40423qscc0btg3riy,5456,kpelle-guinea,"Kpelle, Guinea",en,"Kpelle, Guinea",gkp,gkp,core,,2026-09-03T07:00:06.934937+00:00,92,92,76,15,1,76,76,76,76,76,0,0,0,76,48,46,36,35,28,0,0,en,34,76,declared metadata; canonical identity and stream health not guaranteed
cmokl0nvb04jgqscccjpkjiu3,7609,kpelle-liberia,"Kpelle, Liberia",en,"Kpelle, Liberia",xpe,xpe,core,,2026-09-03T07:00:06.934937+00:00,113,113,93,19,1,93,93,93,93,93,0,0,0,93,52,50,52,50,41,0,0,en,46,91,declared metadata; canonical identity and stream health not guaranteed
cmokkt1zm02nwqscc6n2epi8k,21197,kreol-mauricean,Kreol Mauricean,en,Kreol Mauricean,mfe,mfe,core,,2026-09-03T07:00:06.934937+00:00,92,92,76,15,1,76,76,76,76,76,0,0,0,76,48,46,36,35,28,0,0,en,34,76,declared metadata; canonical identity and stream health not guaranteed
cmokkwvo703luqsccm0azbcwp,4547,krio,Krio,en,Krio,kri,kri,core,,2026-09-03T07:00:06.934937+00:00,181,181,159,19,3,159,159,159,159,159,0,0,0,159,97,91,75,71,62,0,0,en,67,157,declared metadata; canonical identity and stream health not guaranteed
cmok1o040016hqsv11zh79dnb,141227,krongo,Krongo,en,Krongo,kgo,kgo,core,,2026-09-03T07:00:06.934937+00:00,75,75,62,13,0,62,62,62,62,62,0,0,0,62,35,34,35,34,27,0,0,en,33,62,declared metadata; canonical identity and stream health not guaranteed
cmokl2jca04zzqsccd2icxs87,99184,kroumen-plapo,"Kroumen, Plapo",en,"Kroumen, Plapo",ktj,ktj,core,,2026-09-03T07:00:06.934937+00:00,76,76,62,14,0,62,62,62,62,62,0,0,0,62,35,34,35,34,27,0,0,en,33,62,declared metadata; canonical identity and stream health not guaranteed
cmok1qc4101pwqsv1nmgvmlof,144313,kroumen-pye,"Kroumen, Pye",en,"Kroumen, Pye",pye,pye,core,,2026-09-03T07:00:06.934937+00:00,76,76,62,14,0,62,62,62,62,62,0,0,0,62,35,34,35,34,27,0,0,en,33,62,declared metadata; canonical identity and stream health not guaranteed
cmok1jb6y001cqsv11msjvc5d,100677,kroumen-tepo,"Kroumen, Tepo",en,"Kroumen, Tepo",ted,ted,core,,2026-09-03T07:00:06.934937+00:00,76,76,62,14,0,62,62,62,62,62,0,0,0,62,35,34,35,34,27,0,0,en,33,62,declared metadata; canonical identity and stream health not guaranteed
cmokksdtr02hrqsccmqcpg0ij,20750,kru,Kru,en,Kru,klu,klu,core,,2026-09-03T07:00:06.934937+00:00,82,82,67,14,1,67,67,67,67,67,0,0,0,67,39,38,39,38,28,0,0,en,37,67,declared metadata; canonical identity and stream health not guaranteed
cmok1kl0m00cjqsv1cphf62ne,11816,kuanua,Kuanua,en,Kuanua,ksd,ksd,core,,2026-09-03T07:00:06.934937+00:00,76,76,62,14,0,62,62,62,62,62,0,0,0,62,35,34,35,34,27,0,0,en,33,62,declared metadata; canonical identity and stream health not guaranteed
cmokkzqbo04azqscc9haku6l4,6278,kui,Kui,en,Kui,kxu,uki,core,,2026-09-03T07:00:06.934937+00:00,76,76,62,14,0,62,62,62,62,62,0,0,0,62,35,34,35,34,27,0,0,en,33,62,declared metadata; canonical identity and stream health not guaranteed
cmokl1y8704uxqscczfe343gm,9604,kukele,Kukele,en,Kukele,kez,kez,core,,2026-09-03T07:00:06.934937+00:00,76,76,62,14,0,62,62,62,62,62,0,0,0,62,35,34,35,34,27,0,0,en,33,62,declared metadata; canonical identity and stream health not guaranteed
cmokkubun02yvqscc2fm8mf3x,23569,kuki,Kuki,en,Kuki,tcz,tcz,core,,2026-09-03T07:00:06.934937+00:00,76,76,62,14,0,62,62,62,62,62,0,0,0,62,35,34,35,34,27,0,0,en,33,62,declared metadata; canonical identity and stream health not guaranteed
cmokkzvkl04cbqsccu3yzhlfj,6414,kukna,Kukna,en,Kukna,kex,kex,core,,2026-09-03T07:00:06.934937+00:00,76,76,62,14,0,62,62,62,62,62,0,0,0,62,35,34,35,34,27,0,0,en,33,62,declared metadata; canonical identity and stream health not guaranteed
cmokkxu9703uhqscc6ib2bg07,5257,kulango-bondoukou,"Kulango, Bondoukou",en,"Kulango, Bondoukou",kzc,kzc,core,,2026-09-03T07:00:06.934937+00:00,76,76,62,14,0,62,62,62,62,62,0,0,0,62,35,34,35,34,27,0,0,en,33,62,declared metadata; canonical identity and stream health not guaranteed
cmokkxrxu03txqscckuh7foxh,5224,kulango-bouna,"Kulango, Bouna",en,"Kulango, Bouna",nku,nku,core,,2026-09-03T07:00:06.934937+00:00,76,76,62,14,0,62,62,62,62,62,0,0,0,62,35,34,35,34,27,0,0,en,33,62,declared metadata; canonical identity and stream health not guaranteed
cmok1mykg00xlqsv1i7zaksx7,139643,kulung,Kulung,en,Kulung,bbu,bbu,core,,2026-09-03T07:00:06.934937+00:00,76,76,62,14,0,62,62,62,62,62,0,0,0,62,35,34,35,34,27,0,0,en,33,62,declared metadata; canonical identity and stream health not guaranteed
cmokkudkr02zaqscc0xuisv52,23692,kulvi,Kulvi,en,Kulvi,kfx,kfx,core,,2026-09-03T07:00:06.934937+00:00,76,76,62,14,0,62,62,62,62,62,0,0,0,62,35,34,35,34,27,0,0,en,33,62,declared metadata; canonical identity and stream health not guaranteed
cmok1qxnq01v7qsv1ciisysr7,14677,kumam,Kumam,en,Kumam,kdi,kdi,core,,2026-09-03T07:00:06.934937+00:00,76,76,62,14,0,62,62,62,62,62,0,0,0,62,35,34,35,34,27,0,0,en,33,62,declared metadata; canonical identity and stream health not guaranteed
cmokkrgrh029eqsccvquv2o6a,19854,kuman,Kuman,en,Kuman,kue,kue,core,,2026-09-03T07:00:06.934937+00:00,105,105,86,19,0,86,86,86,86,86,0,0,0,86,48,46,48,46,38,0,0,en,42,84,declared metadata; canonical identity and stream health not guaranteed
cmokkzt5h04bqqscc1ohtx8lr,6353,kumauni,Kumauni,en,Kumauni,kfy,kfy,core,,2026-09-03T07:00:06.934937+00:00,76,76,62,14,0,62,62,62,62,62,0,0,0,62,35,34,35,34,27,0,0,en,33,62,declared metadata; canonical identity and stream health not guaranteed
cmok1qv9t01ulqsv1yhje26nv,14629,kumyk,Kumyk,en|kum,Kumyk,kum,kum,core,,2026-09-03T07:00:06.934937+00:00,78,78,63,15,0,63,63,63,63,63,0,0,0,63,35,34,35,34,28,0,0,kum,0,0,declared metadata; canonical identity and stream health not guaranteed
cmokkydyr03zhqsccew1i5dig,53430,kuna,Kuna,en,Kuna,cuk,cuk,core,,2026-09-03T07:00:06.934937+00:00,148,148,130,16,2,130,130,130,130,130,0,0,0,130,80,75,58,55,50,0,0,en,54,130,declared metadata; canonical identity and stream health not guaranteed
cmokkwx0903m7qsccng402qns,4585,kunama,Kunama,en,Kunama,kun,kun,core,,2026-09-03T07:00:06.934937+00:00,79,79,64,15,0,64,64,64,64,64,0,0,0,64,35,34,35,34,29,0,0,en,33,64,declared metadata; canonical identity and stream health not guaranteed
cmok1ognv019yqsv1z5qxtqr9,141667,kuni-boazi,Kuni-Boazi,en,Kuni-Boazi,kvg,kvg,core,,2026-09-03T07:00:06.934937+00:00,76,76,62,14,0,62,62,62,62,62,0,0,0,62,35,34,35,34,27,0,0,en,33,62,declared metadata; canonical identity and stream health not guaranteed
cmok1kkbh00cdqsv1ad7u00n0,11789,kunimaipa,Kunimaipa,en,Kunimaipa,kup,kup,core,,2026-09-03T07:00:06.934937+00:00,79,79,63,16,0,63,63,63,63,63,0,0,0,63,35,34,35,34,28,0,0,en,33,63,declared metadata; canonical identity and stream health not guaranteed
cmokkvau0037fqscc37f951s4,2641,kuo,Kuo,en,Kuo,xuo,xuo,core,,2026-09-03T07:00:06.934937+00:00,76,76,62,14,0,62,62,62,62,62,0,0,0,62,35,34,35,34,27,0,0,en,33,62,declared metadata; canonical identity and stream health not guaranteed
cmok1nzag016bqsv1nci50txr,141202,kupia,Kupia,en,Kupia,key,key,core,,2026-09-03T07:00:06.934937+00:00,76,76,62,14,0,62,62,62,62,62,0,0,0,62,35,34,35,34,27,0,0,en,33,62,declared metadata; canonical identity and stream health not guaranteed
cmok1obfw018pqsv1pmr6m2km,141566,kupsapiiny,Kupsapiiny,en,Kupsapiiny,kpz,kpz,core,,2026-09-03T07:00:06.934937+00:00,76,76,62,14,0,62,62,62,62,62,0,0,0,62,35,34,35,34,27,0,0,en,33,62,declared metadata; canonical identity and stream health not guaranteed
cmokkyrwm042wqsccmlpv3evh,5485,kuranko,Kuranko,en,Kuranko,knk,knk,core,,2026-09-03T07:00:06.934937+00:00,76,76,62,14,0,62,62,62,62,62,0,0,0,62,35,34,35,34,27,0,0,en,33,62,declared metadata; canonical identity and stream health not guaranteed
cmokky54e03x8qscc68efb9on,53333,kurdi-behdini,"Kurdi, Behdini",en|kmr,"Kurdi, Behdini",kmr,kmr,core,,2026-09-03T07:00:06.934937+00:00,175,175,154,19,2,154,154,154,154,154,0,0,0,154,93,87,71,67,61,0,0,en,63,152,declared metadata; canonical identity and stream health not guaranteed
cmok1mlnj00uhqsv1tuhuxodl,139169,kurdi-hawrami,"Kurdi, Hawrami",en|hac,"Kurdi, Hawrami",hac,hac,core,,2026-09-03T07:00:06.934937+00:00,76,76,62,14,0,62,62,62,62,62,0,0,0,62,35,34,35,34,27,0,0,en,33,62,declared metadata; canonical identity and stream health not guaranteed
cmok1mdxp00skqsv198gxxck0,139114,kurdi-sorani,"Kurdi, Sorani",ckb|en,"Kurdi, Sorani",ckb,ckb,core,,2026-09-03T07:00:06.934937+00:00,220,220,196,21,3,196,196,196,196,196,0,0,0,196,99,93,77,73,97,0,0,ckb,0,0,declared metadata; canonical identity and stream health not guaranteed
cmok1medp00spqsv1h5c9kjzs,139115,kurdi-sorani-eastern,"Kurdi, Sorani-Eastern",en,"Kurdi, Sorani-Eastern",ckb,ckb,core,,2026-09-03T07:00:06.934937+00:00,75,75,61,14,0,61,61,61,61,61,0,0,0,61,34,33,34,33,27,0,0,ckb,0,0,declared metadata; canonical identity and stream health not guaranteed
cmokkp7yz01q1qsccxh7arzp6,184484,kurdish-afrini,"Kurdish, Afrini",en|kmr,"Kurdish, Afrini",kmr,kmr,core,,2026-09-03T07:00:06.934937+00:00,105,105,86,19,0,86,86,86,86,86,0,0,0,86,48,46,48,46,38,0,0,en,42,84,declared metadata; canonical identity and stream health not guaranteed
cmokl0bqi04ggqscc8youxgti,7186,kuria,Kuria,en,Kuria,kuj,kuj,core,,2026-09-03T07:00:06.934937+00:00,76,76,62,14,0,62,62,62,62,62,0,0,0,62,35,34,35,34,27,0,0,en,33,62,declared metadata; canonical identity and stream health not guaranteed
cmokkt0dg02ngqsccc2mcafsi,21096,kurmanji-cis,Kurmanji-Cis,en,Kurmanji-Cis,kmr,kmr,core,,2026-09-03T07:00:06.934937+00:00,76,76,62,14,0,62,62,62,62,62,0,0,0,62,35,34,35,34,27,0,0,en,33,62,declared metadata; canonical identity and stream health not guaranteed
cmokksf2g02i2qscc1yti7gxo,20770,kurmanji-standard,Kurmanji Standard,en,Kurmanji Standard,ko-kmr,kmr,core,,2026-09-03T07:00:06.934937+00:00,162,162,140,20,2,140,140,140,140,140,0,0,0,140,76,72,66,63,64,0,0,ko,63,140,declared metadata; canonical identity and stream health not guaranteed
cmok1otwj01d4qsv1gte7b6x5,142214,kurumba-jennu,"Kurumba, Jennu",en,"Kurumba, Jennu",xuj,xuj,core,,2026-09-03T07:00:06.934937+00:00,76,76,62,14,0,62,62,62,62,62,0,0,0,62,35,34,35,34,27,0,0,en,33,62,declared metadata; canonical identity and stream health not guaranteed
cmokl2gxi04zeqsccgqu1lrrr,98730,kurumba-kannada,Kurumba Kannada,en,Kurumba Kannada,kfi,kfi,core,,2026-09-03T07:00:06.934937+00:00,132,132,116,15,1,116,116,116,116,116,0,0,0,116,67,63,57,54,49,0,0,en,53,116,declared metadata; canonical identity and stream health not guaranteed
cmok1kn5g00d1qsv1qiy6efi6,1194,kurux,Kurux,en,Kurux,kru,kru,core,,2026-09-03T07:00:06.934937+00:00,76,76,62,14,0,62,62,62,62,62,0,0,0,62,35,34,35,34,27,0,0,en,33,62,declared metadata; canonical identity and stream health not guaranteed
cmok1ogam019vqsv1ptrwh8x1,141653,kusaal,Kusaal,en,Kusaal,kus,kus,core,,2026-09-03T07:00:06.934937+00:00,15,15,5,9,1,5,5,5,5,5,0,0,0,5,4,4,4,4,1,0,0,en,4,5,declared metadata; canonical identity and stream health not guaranteed
cmokkxul003ukqsccon5qlgly,5261,kusaal-eastern,"Kusaal, Eastern",en,"Kusaal, Eastern",kus,kus,core,,2026-09-03T07:00:06.934937+00:00,76,76,62,14,0,62,62,62,62,62,0,0,0,62,35,34,35,34,27,0,0,en,33,62,declared metadata; canonical identity and stream health not guaranteed
cmokkrwy402dcqsccpfjxto9b,2045,kusaal-western,"Kusaal, Western",en,"Kusaal, Western",kus,kus,core,,2026-09-03T07:00:06.934937+00:00,76,76,62,14,0,62,62,62,62,62,0,0,0,62,35,34,35,34,27,0,0,en,33,62,declared metadata; canonical identity and stream health not guaranteed
cmokkv5n50365qsccx7pvxufl,2590,kuteb,Kuteb,en,Kuteb,kub,kub,core,,2026-09-03T07:00:06.934937+00:00,76,76,62,14,0,62,62,62,62,62,0,0,0,62,35,34,35,34,27,0,0,en,33,62,declared metadata; canonical identity and stream health not guaranteed
cmokkqamc01z9qsccbsdiaj37,185002,kutia,Kutia,en,Kutia,ort,ort,core,,2026-09-03T07:00:06.934937+00:00,76,76,62,14,0,62,62,62,62,62,0,0,0,62,35,34,35,34,27,0,0,en,33,62,declared metadata; canonical identity and stream health not guaranteed
cmok1o28f016zqsv1ytmhuuea,141310,kutu,Kutu,en,Kutu,kdc,kdc,core,,2026-09-03T07:00:06.934937+00:00,76,76,62,14,0,62,62,62,62,62,0,0,0,62,35,34,35,34,27,0,0,en,33,62,declared metadata; canonical identity and stream health not guaranteed
cmokkpn0b01trqsccfcmsp1tq,184573,kuvale,Kuvale,en,Kuvale,olu,olu,core,,2026-09-03T07:00:06.934937+00:00,76,76,62,14,0,62,62,62,62,62,0,0,0,62,35,34,35,34,27,0,0,en,33,62,declared metadata; canonical identity and stream health not guaranteed
cmokkzpzy04awqsccxelbxmcy,6275,kuvi,Kuvi,en,Kuvi,kxv,kxv,core,,2026-09-03T07:00:06.934937+00:00,76,76,62,14,0,62,62,62,62,62,0,0,0,62,35,34,35,34,27,0,0,en,33,62,declared metadata; canonical identity and stream health not guaranteed
cmokkp5r101pjqsccgturtpjg,184467,kuvi-odisha,"Kuvi, Odisha",en,"Kuvi, Odisha",kxv,kxv,core,,2026-09-03T07:00:06.934937+00:00,76,76,62,14,0,62,62,62,62,62,0,0,0,62,35,34,35,34,27,0,0,en,33,62,declared metadata; canonical identity and stream health not guaranteed
cmokkt83202pfqsccpgy55b2q,2173,kuy,Kuy,en,Kuy,kdt,kdt,core,,2026-09-03T07:00:06.934937+00:00,76,76,62,14,0,62,62,62,62,62,0,0,0,62,35,34,35,34,27,0,0,en,33,62,declared metadata; canonical identity and stream health not guaranteed
cmok1o7280184qsv18jtli7pw,141513,kwaio,Kwaio,en,Kwaio,kwd,kwd,core,,2026-09-03T07:00:06.934937+00:00,79,79,63,16,0,63,63,63,63,63,0,0,0,63,35,34,35,34,28,0,0,en,33,63,declared metadata; canonical identity and stream health not guaranteed
cmokkp44p01p5qsccpz3u488e,184452,kwamashi,Kwamashi,en,Kwamashi,mho,mho,core,,2026-09-03T07:00:06.934937+00:00,79,79,64,15,0,64,64,64,64,64,0,0,0,64,35,34,35,34,29,0,0,en,33,64,declared metadata; canonical identity and stream health not guaranteed
cmok1smo1029nqsv1qf0ukeqo,171395,kwamba,Kwamba,en,Kwamba,rwm,rwm,core,,2026-09-03T07:00:06.934937+00:00,76,76,62,14,0,62,62,62,62,62,0,0,0,62,35,34,35,34,27,0,0,en,33,62,declared metadata; canonical identity and stream health not guaranteed
cmokkyq0p042fqsccomz8xw9q,547,kwangali,Kwangali,en,Kwangali,kwn,kwn,core,,2026-09-03T07:00:06.934937+00:00,76,76,62,14,0,62,62,62,62,62,0,0,0,62,35,34,35,34,27,0,0,en,33,62,declared metadata; canonical identity and stream health not guaranteed
cmokkpfkq01rzqsccdwgc7k1p,184511,kwangwa,Kwangwa,en,Kwangwa,lyn,lyn,core,,2026-09-03T07:00:06.934937+00:00,79,79,64,15,0,64,64,64,64,64,0,0,0,64,35,34,35,34,29,0,0,en,33,64,declared metadata; canonical identity and stream health not guaranteed
cmokkyr3m042oqscciicirxmj,548,kwanyama,Kwanyama,en|kj,Kwanyama,kj,kua,core,,2026-09-03T07:00:06.934937+00:00,111,111,91,19,1,91,91,91,91,91,0,0,0,91,52,50,52,50,39,0,0,en,46,89,declared metadata; canonical identity and stream health not guaranteed
cmok1o7dx0187qsv13pjw9kp9,141515,kwaraae,Kwara'ae,en,Kwara'ae,kwf,kwf,core,,2026-09-03T07:00:06.934937+00:00,79,79,63,16,0,63,63,63,63,63,0,0,0,63,35,34,35,34,28,0,0,en,33,63,declared metadata; canonical identity and stream health not guaranteed
cmok1q55j01o8qsv1h0bvwvfm,144002,kwasio,Kwasio,en,Kwasio,nmg,nmg,core,,2026-09-03T07:00:06.934937+00:00,16,16,10,5,1,10,10,10,10,10,0,0,0,10,9,9,9,9,1,0,0,en,9,10,declared metadata; canonical identity and stream health not guaranteed
cmok1louq00m9qsv1fzjmik9e,13063,kwatay,Kwatay,en,Kwatay,cwt,cwt,core,,2026-09-03T07:00:06.934937+00:00,76,76,62,14,0,62,62,62,62,62,0,0,0,62,35,34,35,34,27,0,0,en,33,62,declared metadata; canonical identity and stream health not guaranteed
cmok1o2xo0175qsv11012ofz4,14132,kwaya,Kwaya,en,Kwaya,kya,kya,core,,2026-09-03T07:00:06.934937+00:00,76,76,62,14,0,62,62,62,62,62,0,0,0,62,35,34,35,34,27,0,0,en,33,62,declared metadata; canonical identity and stream health not guaranteed
cmok1p83k01gdqsv1j9miotse,14273,kwere,Kwere,en,Kwere,cwe,cwe,core,,2026-09-03T07:00:06.934937+00:00,76,76,62,14,0,62,62,62,62,62,0,0,0,62,35,34,35,34,27,0,0,en,33,62,declared metadata; canonical identity and stream health not guaranteed
cmok1rng3021cqsv14kiixqlf,15633,kwese,Kwese,en,Kwese,kws,kws,core,,2026-09-03T07:00:06.934937+00:00,76,76,62,14,0,62,62,62,62,62,0,0,0,62,35,34,35,34,27,0,0,en,33,62,declared metadata; canonical identity and stream health not guaranteed
cmokky0sp03w6qsccriuj0f70,53299,kyrgyz,Kyrgyz,en|ky,Kyrgyz,ky,kir,core,,2026-09-03T07:00:06.934937+00:00,206,206,179,24,3,179,179,179,179,179,0,0,0,179,103,97,81,77,76,0,0,ky,0,0,declared metadata; canonical identity and stream health not guaranteed
cmokkwmux03jiqsccyxk8h8py,4350,laadi,Laadi,en,Laadi,ldi,ldi,core,,2026-09-03T07:00:06.934937+00:00,76,76,62,14,0,62,62,62,62,62,0,0,0,62,35,34,35,34,27,0,0,en,33,62,declared metadata; canonical identity and stream health not guaranteed
cmokl2mgz050qqscc3pcfjcup,99460,laarim,Laarim,en,Laarim,loh,loh,core,,2026-09-03T07:00:06.934937+00:00,132,132,116,15,1,116,116,116,116,116,0,0,0,116,67,63,57,54,49,0,0,en,53,116,declared metadata; canonical identity and stream health not guaranteed
cmok1ogzh01a1qsv1x7pqxko8,141691,label,Label,en,Label,lbb,lbb,core,,2026-09-03T07:00:06.934937+00:00,76,76,62,14,0,62,62,62,62,62,0,0,0,62,35,34,35,34,27,0,0,en,33,62,declared metadata; canonical identity and stream health not guaranteed
cmokkzpi604arqscc3u0s4gct,6271,ladakhi,Ladakhi,en|lbj,Ladakhi,lbj,lbj,core,,2026-09-03T07:00:06.934937+00:00,76,76,62,14,0,62,62,62,62,62,0,0,0,62,35,34,35,34,27,0,0,en,33,62,declared metadata; canonical identity and stream health not guaranteed
cmokkw0iy03dwqsccx0dasw6h,3794,lahu,Lahu,en,Lahu,lhu,lhu,core,,2026-09-03T07:00:06.934937+00:00,76,76,62,14,0,62,62,62,62,62,0,0,0,62,35,34,35,34,27,0,0,en,33,62,declared metadata; canonical identity and stream health not guaranteed
cmokkqdfu01zuqsccyeqmaary,18509,lak,Lak,en,Lak,lbe,lbe,core,,2026-09-03T07:00:06.934937+00:00,78,78,63,15,0,63,63,63,63,63,0,0,0,63,35,34,35,34,28,0,0,lbe,0,0,declared metadata; canonical identity and stream health not guaranteed
cmok1k4010089qsv1n9sujfy3,106963,lala,Lala (Nigeria),en,Lala (Nigeria),lla,lla,core,,2026-09-03T07:00:06.934937+00:00,75,75,62,13,0,61,61,61,61,61,0,0,0,61,34,33,34,33,27,0,0,en,33,61,declared metadata; canonical identity and stream health not guaranteed
cmok1lvu300o1qsv1hi94o8xr,1333,lama,Lama,en,Lama,las,las,core,,2026-09-03T07:00:06.934937+00:00,76,76,62,14,0,62,62,62,62,62,0,0,0,62,35,34,35,34,27,0,0,en,33,62,declared metadata; canonical identity and stream health not guaranteed
cmok1sowg02a5qsv1o7ca7s4j,17239,lamaholot,Lamaholot,en,Lamaholot,slp,slp,core,,2026-09-03T07:00:06.934937+00:00,76,76,62,14,0,62,62,62,62,62,0,0,0,62,35,34,35,34,27,0,0,en,33,62,declared metadata; canonical identity and stream health not guaranteed
cmok1px9z01mbqsv16qnyq9hn,143732,lamalera,Lamalera,en,Lamalera,lmr,lmr,core,,2026-09-03T07:00:06.934937+00:00,79,79,63,16,0,63,63,63,63,63,0,0,0,63,35,34,35,34,28,0,0,en,33,63,declared metadata; canonical identity and stream health not guaranteed
cmok1pwy501m8qsv100ltmvd3,143731,lamatuka,Lamatuka,en,Lamatuka,lmq,lmq,core,,2026-09-03T07:00:06.934937+00:00,76,76,62,14,0,62,62,62,62,62,0,0,0,62,35,34,35,34,27,0,0,en,33,62,declared metadata; canonical identity and stream health not guaranteed
cmok1rn2q0219qsv196009x7j,15631,lamba,Lamba,en,Lamba,lam,lam,core,,2026-09-03T07:00:06.934937+00:00,79,79,64,15,0,64,64,64,64,64,0,0,0,64,35,34,35,34,29,0,0,en,33,64,declared metadata; canonical identity and stream health not guaranteed
cmokksfhz02i5qscc29cz2v0s,20777,lambadi,Lambadi,en,Lambadi,lmn,lmn,core,,2026-09-03T07:00:06.934937+00:00,76,76,62,14,0,62,62,62,62,62,0,0,0,62,35,34,35,34,27,0,0,en,33,62,declared metadata; canonical identity and stream health not guaranteed
cmokl0t9304kuqscch4nfe47k,7792,lambya,Lambya,en,Lambya,lai,lai,core,,2026-09-03T07:00:06.934937+00:00,76,76,62,14,0,62,62,62,62,62,0,0,0,62,35,34,35,34,27,0,0,en,33,62,declared metadata; canonical identity and stream health not guaranteed
cmokku1ar02woqscclbzfdc8h,2331,lamnso,Lamnso,en,Lamnso,lns,lns,core,,2026-09-03T07:00:06.934937+00:00,76,76,62,14,0,62,62,62,62,62,0,0,0,62,35,34,35,34,27,0,0,en,33,62,declared metadata; canonical identity and stream health not guaranteed
cmok1ok7301asqsv1tqcx0p3q,141801,lampung-api,Lampung Api,en,Lampung Api,ljp,ljp,core,,2026-09-03T07:00:06.934937+00:00,76,76,62,14,0,62,62,62,62,62,0,0,0,62,35,34,35,34,27,0,0,en,33,62,declared metadata; canonical identity and stream health not guaranteed
cmok1mpld00vgqsv102pbjopw,139250,lampung-nyo,Lampung Nyo,abl|en,Lampung Nyo,abl,abl,core,,2026-09-03T07:00:06.934937+00:00,76,76,62,14,0,62,62,62,62,62,0,0,0,62,35,34,35,34,27,0,0,en,33,62,declared metadata; canonical identity and stream health not guaranteed
20f2d7bf-c49a-4d7f-8a12-cef32062108d,185340,langilan-manobo,Langilan Manobo,en,Langilan Manobo,atd,atd,core,,2026-09-03T07:00:06.934937+00:00,75,75,62,13,0,62,62,62,62,62,0,0,0,62,35,34,35,34,27,0,0,en,33,62,declared metadata; canonical identity and stream health not guaranteed
cmok1pxnf01meqsv1d5o2wnea,143747,lango-south-sudan,Lango-South Sudan,en,Lango-South Sudan,lno,lno,core,,2026-09-03T07:00:06.934937+00:00,76,76,62,14,0,62,62,62,62,62,0,0,0,62,35,34,35,34,27,0,0,en,33,62,declared metadata; canonical identity and stream health not guaranteed
cmokkrhgo029kqsccsd7aytt4,19884,lango-uganda,Lango-Uganda,en,Lango-Uganda,laj,laj,core,,2026-09-03T07:00:06.934937+00:00,76,76,62,14,0,62,62,62,62,62,0,0,0,62,35,34,35,34,27,0,0,en,33,62,declared metadata; canonical identity and stream health not guaranteed
cmokl0imv04i5qscc6uaxkvc8,7411,lao,Lao,en|lo,Lao,lo,lao,core,,2026-09-03T07:00:06.934937+00:00,183,183,159,22,2,159,159,159,159,159,0,0,0,159,95,89,73,69,64,0,0,lo,0,0,declared metadata; canonical identity and stream health not guaranteed
cmok1q0s201n4qsv1tc4r99n6,143834,laro,Laro,en,Laro,lro,lro,core,,2026-09-03T07:00:06.934937+00:00,79,79,64,15,0,64,64,64,64,64,0,0,0,64,35,34,35,34,29,0,0,en,33,64,declared metadata; canonical identity and stream health not guaranteed
cmokkwb0m03glqsccrom9yd9v,4045,lashi,Lashi,en,Lashi,lsi,lsi,core,,2026-09-03T07:00:06.934937+00:00,76,76,62,14,0,62,62,62,62,62,0,0,0,62,35,34,35,34,27,0,0,en,33,62,declared metadata; canonical identity and stream health not guaranteed
cmokl0kgs04imqscc2fzkvn7a,7519,latvian,Latvian,en|lv,Latvian,lv,lvs,core,,2026-09-03T07:00:06.934937+00:00,101,101,80,20,1,80,80,80,80,80,0,0,0,80,50,48,38,37,30,0,0,lv,0,0,declared metadata; canonical identity and stream health not guaranteed
cmok1sfl1027zqsv1noaj5rii,16805,lawangan,Lawangan,en,Lawangan,lbx,lbx,core,,2026-09-03T07:00:06.934937+00:00,76,76,62,14,0,62,62,62,62,62,0,0,0,62,35,34,35,34,27,0,0,en,33,62,declared metadata; canonical identity and stream health not guaranteed
cmok1maie00rpqsv1y4xvaqfa,139080,lebanese-sign-language,Lebanese Sign Language,en,Lebanese Sign Language,jos,jos,core,,2026-09-03T07:00:06.934937+00:00,9,9,2,7,0,2,2,2,2,2,0,0,0,2,1,1,1,1,1,0,0,en,1,2,declared metadata; canonical identity and stream health not guaranteed
cmok1rq0k021xqsv1t9rk0mtt,156811,lebanese-syrian-arabic,Lebanese-Syrian Arabic,apc|en,Lebanese-Syrian Arabic,apc,apc,core,,2026-09-03T07:00:06.934937+00:00,21,21,11,9,1,11,11,11,11,11,0,0,0,11,10,10,10,10,1,0,0,en,10,11,declared metadata; canonical identity and stream health not guaranteed
cmok1sw7002bvqsv1wuduwyvr,17492,ledo-ija,"Ledo, Ija",en,"Ledo, Ija",lew,lew,core,,2026-09-03T07:00:06.934937+00:00,76,76,62,14,0,62,62,62,62,62,0,0,0,62,35,34,35,34,27,0,0,en,33,62,declared metadata; canonical identity and stream health not guaranteed
cmokkqfnr020eqsccja229b9k,185194,ledo-taa,"Ledo, Taa",en,"Ledo, Taa",lew,lew,core,,2026-09-03T07:00:06.934937+00:00,76,76,62,14,0,62,62,62,62,62,0,0,0,62,35,34,35,34,27,0,0,en,33,62,declared metadata; canonical identity and stream health not guaranteed
cmokl1tcm04trqsccldz207wq,9291,legbo,Legbo,agb|en,Legbo,agb,agb,core,,2026-09-03T07:00:06.934937+00:00,76,76,62,14,0,62,62,62,62,62,0,0,0,62,35,34,35,34,27,0,0,en,33,62,declared metadata; canonical identity and stream health not guaranteed
cmokkxtxc03ueqsccze40o7kp,5251,lelemi,Lelemi,en,Lelemi,lef,lef,core,,2026-09-03T07:00:06.934937+00:00,76,76,62,14,0,62,62,62,62,62,0,0,0,62,35,34,35,34,27,0,0,en,33,62,declared metadata; canonical identity and stream health not guaranteed
cmok1rmcf0213qsv1dkzjbwb3,15615,lendu,Lendu,en,Lendu,led,led,core,,2026-09-03T07:00:06.934937+00:00,76,76,62,14,0,62,62,62,62,62,0,0,0,62,35,34,35,34,27,0,0,en,33,62,declared metadata; canonical identity and stream health not guaranteed
cmokkrhsq029nqsccnbs90ovx,19898,lenje,Lenje,en,Lenje,leh,leh,core,,2026-09-03T07:00:06.934937+00:00,79,79,64,15,0,64,64,64,64,64,0,0,0,64,35,34,35,34,29,0,0,en,33,64,declared metadata; canonical identity and stream health not guaranteed
cmok1m17a00pfqsv11vismmp2,1352,lepcha,Lepcha,en,Lepcha,lep,lep,core,,2026-09-03T07:00:06.934937+00:00,76,76,62,14,0,62,62,62,62,62,0,0,0,62,35,34,35,34,27,0,0,en,33,62,declared metadata; canonical identity and stream health not guaranteed
cmok1q0b201n1qsv1c57dff8l,143827,lepki,Lepki,en,Lepki,lpe,lpe,core,,2026-09-03T07:00:06.934937+00:00,76,76,62,14,0,62,62,62,62,62,0,0,0,62,35,34,35,34,27,0,0,en,33,62,declared metadata; canonical identity and stream health not guaranteed
cmokkwrwf03kvqscc8lw0oidb,4472,lesser-antillean-creole-french,Lesser Antillean Creole French,en,Lesser Antillean Creole French,gcf,gcf,core,,2026-09-03T07:00:06.934937+00:00,76,76,62,14,0,62,62,62,62,62,0,0,0,62,35,34,35,34,27,0,0,en,33,62,declared metadata; canonical identity and stream health not guaranteed
cmokkwdyd03heqsccmjynqrt9,41117,letuama-tanimuca,Letuama-Tanimuca,en,Letuama-Tanimuca,tnc,tnc,core,,2026-09-03T07:00:06.934937+00:00,8,8,1,7,0,1,1,1,1,1,0,0,0,1,1,1,1,1,0,0,0,en,1,1,declared metadata; canonical identity and stream health not guaranteed
cmokky5nh03xdqscc0ehkobu5,53345,levantine-turkmen,Levantine Turkmen,en,Levantine Turkmen,tuk,tuk,core,,2026-09-03T07:00:06.934937+00:00,80,80,65,15,0,65,65,65,65,65,0,0,0,65,35,34,35,34,30,0,0,en,33,64,declared metadata; canonical identity and stream health not guaranteed
cmok1q5un01oeqsv1lr3cvm3r,144034,levuka,Levuka,en,Levuka,lvu,lvu,core,,2026-09-03T07:00:06.934937+00:00,79,79,63,16,0,63,63,63,63,63,0,0,0,63,35,34,35,34,28,0,0,en,33,63,declared metadata; canonical identity and stream health not guaranteed
cmok1q6jr01okqsv1s5k8fby8,144042,lewo,Lewo,en,Lewo,lww,lww,core,,2026-09-03T07:00:06.934937+00:00,79,79,63,16,0,63,63,63,63,63,0,0,0,63,35,34,35,34,28,0,0,en,33,63,declared metadata; canonical identity and stream health not guaranteed
cmok1q66h01ohqsv1misle3bp,144036,lewo-eleng,Lewo Eleng,en,Lewo Eleng,lwe,lwe,core,,2026-09-03T07:00:06.934937+00:00,79,79,63,16,0,63,63,63,63,63,0,0,0,63,35,34,35,34,28,0,0,en,33,63,declared metadata; canonical identity and stream health not guaranteed
cmok1kf2600b1qsv19etzpayh,1127,lezgi,Lezgi,en|lez,Lezgi,lez,lez,core,,2026-09-03T07:00:06.934937+00:00,80,80,65,15,0,65,65,65,65,65,0,0,0,65,35,34,35,34,30,0,0,lez,0,0,declared metadata; canonical identity and stream health not guaranteed
cmokktsxy02uhqscce7hppyx1,23044,lhao-vo,Lhao Vo,en,Lhao Vo,mhx,mhx,core,,2026-09-03T07:00:06.934937+00:00,76,76,62,14,0,62,62,62,62,62,0,0,0,62,35,34,35,34,27,0,0,en,33,62,declared metadata; canonical identity and stream health not guaranteed
cmokkta4b02pyqsccfg1ifr8x,21795,lhasa-tibetan,"Lhasa, Tibetan",bo|en,"Lhasa, Tibetan",bo,bod,core,,2026-09-03T07:00:06.934937+00:00,101,101,84,15,2,84,84,84,84,84,0,0,0,84,53,50,41,39,31,0,0,bo,0,0,declared metadata; canonical identity and stream health not guaranteed
cmokktrqe02u8qsccwf9pslnw,23019,li-bendi,"Li, Bendi",en,"Li, Bendi",lic,lic,core,,2026-09-03T07:00:06.934937+00:00,75,75,62,13,0,62,62,62,62,62,0,0,0,62,35,34,35,34,27,0,0,en,33,62,declared metadata; canonical identity and stream health not guaranteed
cmokktny002tbqsccnw5fzsls,22838,li-qi,"Li, Qi",en,"Li, Qi",lic,lic,core,,2026-09-03T07:00:06.934937+00:00,76,76,62,14,0,62,62,62,62,62,0,0,0,62,35,34,35,34,27,0,0,en,33,62,declared metadata; canonical identity and stream health not guaranteed
cmok1ojho01amqsv1hw9btkuc,141789,lihir,Lihir,en,Lihir,lih,lih,core,,2026-09-03T07:00:06.934937+00:00,76,76,62,14,0,62,62,62,62,62,0,0,0,62,35,34,35,34,27,0,0,en,33,62,declared metadata; canonical identity and stream health not guaranteed
cmokkpqhk01uiqscczbj2ywxs,184626,lik,Lik,en,Lik,eip,eip,core,,2026-09-03T07:00:06.934937+00:00,76,76,62,14,0,62,62,62,62,62,0,0,0,62,35,34,35,34,27,0,0,en,33,62,declared metadata; canonical identity and stream health not guaranteed
cmok1rgta01zuqsv1z2wnh4do,15395,lika,Lika,en,Lika,lik,lik,core,,2026-09-03T07:00:06.934937+00:00,76,76,62,14,0,62,62,62,62,62,0,0,0,62,35,34,35,34,27,0,0,en,33,62,declared metadata; canonical identity and stream health not guaranteed
cmok1k5r0008oqsv147mpt7dz,108321,likoonl,Likoonl,en,Likoonl,xon,xon,core,,2026-09-03T07:00:06.934937+00:00,76,76,62,14,0,62,62,62,62,62,0,0,0,62,35,34,35,34,27,0,0,en,33,62,declared metadata; canonical identity and stream health not guaranteed
cmokkq8ga01yrqscci9ajii1z,184933,limba-tonko-sella,"Limba, Tonko-Sella",en,"Limba, Tonko-Sella",lia,lia,core,,2026-09-03T07:00:06.934937+00:00,85,85,69,15,1,69,69,69,69,69,0,0,0,69,39,38,39,38,30,0,0,en,37,69,declared metadata; canonical identity and stream health not guaranteed
cmok1lr3g00mtqsv17lk4xif4,13110,limba-west-central,"Limba, West-Central",en,"Limba, West-Central",lia,lia,core,,2026-09-03T07:00:06.934937+00:00,0,0,0,0,0,0,0,0,0,0,0,0,0,0,0,0,0,0,0,0,0,en,0,0,declared metadata; canonical identity and stream health not guaranteed
cmokkzp3l04aoqscc5f6phag0,6259,limbu,Limbu,en,Limbu,lif,lif,core,,2026-09-03T07:00:06.934937+00:00,76,76,62,14,0,62,62,62,62,62,0,0,0,62,35,34,35,34,27,0,0,en,33,62,declared metadata; canonical identity and stream health not guaranteed
cmokkv58j0362qscc4928zgi4,2565,limbum,Limbum,en,Limbum,lmp,lmp,core,,2026-09-03T07:00:06.934937+00:00,76,76,62,14,0,62,62,62,62,62,0,0,0,62,35,34,35,34,27,0,0,en,33,62,declared metadata; canonical identity and stream health not guaranteed
cmokkwmda03jdqscckimnorpg,4344,lingala,Lingala,en|ln,Lingala,ln,lin,core,,2026-09-03T07:00:06.934937+00:00,266,266,238,25,3,238,238,238,238,238,0,0,0,238,116,108,106,99,122,0,0,ln,0,0,declared metadata; canonical identity and stream health not guaranteed
cmokkw93r03g4qscck1tuv4d6,3964,lingao,Lingao,en,Lingao,onb,onb,core,,2026-09-03T07:00:06.934937+00:00,95,95,78,16,1,78,78,78,78,78,0,0,0,78,48,46,36,35,30,0,0,en,34,78,declared metadata; canonical identity and stream health not guaranteed
cmokkusqf0330qsccwy6lhav5,24211,lio,Li'O,en,Li'O,ljl,ljl,core,,2026-09-03T07:00:06.934937+00:00,76,76,62,14,0,62,62,62,62,62,0,0,0,62,35,34,35,34,27,0,0,en,33,62,declared metadata; canonical identity and stream health not guaranteed
cmokkto9o02teqsccv3ura6dk,22839,lipo-eastern,"Lipo, Eastern",en,"Lipo, Eastern",lpo,lpo,core,,2026-09-03T07:00:06.934937+00:00,79,79,64,15,0,64,64,64,64,64,0,0,0,64,35,34,35,34,29,0,0,en,33,64,declared metadata; canonical identity and stream health not guaranteed
cmokkqksv021mqscc34iagn91,185230,lipovan,Lipovan,en,Lipovan,rus,rus,core,,2026-09-03T07:00:06.934937+00:00,76,76,62,14,0,62,62,62,62,62,0,0,0,62,35,34,35,34,27,0,0,en,33,62,declared metadata; canonical identity and stream health not guaranteed
cmokkyd9a03zbqsccuxy7ij4o,53423,lis-ma-ron,Lis Ma Ron,en,Lis Ma Ron,cla,cla,core,,2026-09-03T07:00:06.934937+00:00,76,76,62,14,0,62,62,62,62,62,0,0,0,62,35,34,35,34,27,0,0,en,33,62,declared metadata; canonical identity and stream health not guaranteed
cmokkri5u029qqsccfagiln1i,19908,lisu,Lisu,en|lis,Lisu,lis,lis,core,,2026-09-03T07:00:06.934937+00:00,80,80,65,15,0,65,65,65,65,65,0,0,0,65,35,34,35,34,30,0,0,en,33,65,declared metadata; canonical identity and stream health not guaranteed
cmokl0pal04jsqscckfa9cof5,7698,lithuanian,Lithuanian,en|lt,Lithuanian,lt,lit,core,,2026-09-03T07:00:06.934937+00:00,223,223,194,23,6,194,194,194,194,194,0,0,0,194,105,99,83,79,89,0,0,lt,0,0,declared metadata; canonical identity and stream health not guaranteed
cmokkwm1g03jaqsccx6bjk0tw,4343,lobala,Lobala,en,Lobala,loq,loq,core,,2026-09-03T07:00:06.934937+00:00,76,76,62,14,0,62,62,62,62,62,0,0,0,62,35,34,35,34,27,0,0,en,33,62,declared metadata; canonical identity and stream health not guaranteed
cmok1pxz501mhqsv1k4eytwqa,143751,lobi,Lobi,en,Lobi,lob,lob,core,,2026-09-03T07:00:06.934937+00:00,76,76,62,14,0,62,62,62,62,62,0,0,0,62,35,34,35,34,27,0,0,en,33,62,declared metadata; canonical identity and stream health not guaranteed
cmok1rg5x01zoqsv1aev5o87t,15383,logo,Logo,en,Logo,log,log,core,,2026-09-03T07:00:06.934937+00:00,76,76,62,14,0,62,62,62,62,62,0,0,0,62,35,34,35,34,27,0,0,en,33,62,declared metadata; canonical identity and stream health not guaranteed
cmokktvry02v8qsccvt79o2dh,23154,lokaa,Lokaa,en,Lokaa,yaz,yaz,core,,2026-09-03T07:00:06.934937+00:00,76,76,62,14,0,62,62,62,62,62,0,0,0,62,35,34,35,34,27,0,0,en,33,62,declared metadata; canonical identity and stream health not guaranteed
cmokkriyz029yqscc4znop5w8,19922,loko,Loko,en,Loko,lok,lok,core,,2026-09-03T07:00:06.934937+00:00,82,82,67,14,1,67,67,67,67,67,0,0,0,67,39,38,39,38,28,0,0,en,37,67,declared metadata; canonical identity and stream health not guaranteed
cmok1t4ry02dwqsv1lptwb3a3,176838,lokpa,Lokpa,en,Lokpa,dop,dop,core,,2026-09-03T07:00:06.934937+00:00,154,154,135,16,3,135,135,135,135,135,0,0,0,135,84,79,62,59,51,0,0,en,58,135,declared metadata; canonical identity and stream health not guaranteed
cmokkvhdh0393qsccoi8i0ig3,27261,lolo,Lolo,en,Lolo,llb,llb,core,,2026-09-03T07:00:06.934937+00:00,76,76,62,14,0,62,62,62,62,62,0,0,0,62,35,34,35,34,27,0,0,en,33,62,declared metadata; canonical identity and stream health not guaranteed
cmok1shpk028hqsv1hk3q0l38,16906,loloda,Loloda,en,Loloda,loa,loa,core,,2026-09-03T07:00:06.934937+00:00,76,76,62,14,0,62,62,62,62,62,0,0,0,62,35,34,35,34,27,0,0,en,33,62,declared metadata; canonical identity and stream health not guaranteed
cmokl0mrj04j7qsccmw20v9n9,7584,loma,Loma,en,Loma,lom,lom,core,,2026-09-03T07:00:06.934937+00:00,76,76,62,14,0,62,62,62,62,62,0,0,0,62,35,34,35,34,27,0,0,en,33,62,declared metadata; canonical identity and stream health not guaranteed
cmokl0sje04koqscciiofgbsa,7790,lomwe,Lomwe,en,Lomwe,ngl,ngl,core,,2026-09-03T07:00:06.934937+00:00,76,76,62,14,0,62,62,62,62,62,0,0,0,62,35,34,35,34,27,0,0,en,33,62,declared metadata; canonical identity and stream health not guaranteed
cmokl1xkx04urqsccqkqj662n,9506,longuda,Longuda,en,Longuda,lnu,lnu,core,,2026-09-03T07:00:06.934937+00:00,76,76,62,14,0,62,62,62,62,62,0,0,0,62,35,34,35,34,27,0,0,en,33,62,declared metadata; canonical identity and stream health not guaranteed
cmok1m3r400pzqsv1215tziyj,13664,lopit,Lopit,en,Lopit,lpx,lpx,core,,2026-09-03T07:00:06.934937+00:00,131,131,116,14,1,115,115,115,115,115,0,0,0,115,67,63,57,54,48,0,0,en,53,115,declared metadata; canonical identity and stream health not guaranteed
cmokl2k1s0505qsccvvdlvc8p,99260,lorung-northern,"Lorung, Northern",en,"Lorung, Northern",lbr,lbr,core,,2026-09-03T07:00:06.934937+00:00,76,76,62,14,0,62,62,62,62,62,0,0,0,62,35,34,35,34,27,0,0,en,33,62,declared metadata; canonical identity and stream health not guaranteed
cmok1k99a009lqsv17ykqog4t,11092,lote,Lote,en,Lote,uvl,uvl,core,,2026-09-03T07:00:06.934937+00:00,76,76,62,14,0,62,62,62,62,62,0,0,0,62,35,34,35,34,27,0,0,en,33,62,declared metadata; canonical identity and stream health not guaranteed
cmok1qx9c01v4qsv1xezenoqq,146764,lower-daga,Lower Daga,en,Lower Daga,dgz,dgz,core,,2026-09-03T07:00:06.934937+00:00,76,76,62,14,0,62,62,62,62,62,0,0,0,62,35,34,35,34,27,0,0,en,33,62,declared metadata; canonical identity and stream health not guaranteed
cmokl1ooh04siqsccmw6q1rmx,8799,lozi,Lozi,en,Lozi,loz,loz,core,,2026-09-03T07:00:06.934937+00:00,85,85,69,15,1,69,69,69,69,69,0,0,0,69,39,38,39,38,30,0,0,en,37,69,declared metadata; canonical identity and stream health not guaranteed
cmok1t6wf02eeqsv1v3wif4ox,17732,lubu,Lubu,en,Lubu,lcf,lcf,core,,2026-09-03T07:00:06.934937+00:00,76,76,62,14,0,62,62,62,62,62,0,0,0,62,35,34,35,34,27,0,0,en,33,62,declared metadata; canonical identity and stream health not guaranteed
cmokkte4m02qxqscc116mgjyh,22203,lubwisi,Lubwisi,en,Lubwisi,tlj,tlj,core,,2026-09-03T07:00:06.934937+00:00,76,76,62,14,0,62,62,62,62,62,0,0,0,62,35,34,35,34,27,0,0,en,33,62,declared metadata; canonical identity and stream health not guaranteed
cmokkyuzo043qqscce19xx6el,555,luchazi,Luchazi,en,Luchazi,lch,lch,core,,2026-09-03T07:00:06.934937+00:00,79,79,64,15,0,64,64,64,64,64,0,0,0,64,35,34,35,34,29,0,0,en,33,64,declared metadata; canonical identity and stream health not guaranteed
cmokks9in02goqsccguflfhob,20675,luganda,Luganda,en|lg,Luganda,lg,lug,core,,2026-09-03T07:00:06.934937+00:00,292,292,262,25,5,262,262,262,262,262,0,0,0,262,138,129,116,109,124,0,0,en,105,260,declared metadata; canonical identity and stream health not guaranteed
cmokkuil1030hqsccbhhysvar,23981,lugbara,Lugbara,en,Lugbara,lgg,lgg,core,,2026-09-03T07:00:06.934937+00:00,82,82,67,14,1,67,67,67,67,67,0,0,0,67,39,38,39,38,28,0,0,en,37,67,declared metadata; canonical identity and stream health not guaranteed
cmok1luta00nsqsv1lwffaw23,132358,lughuru,Lughuru,en,Lughuru,ruf,ruf,core,,2026-09-03T07:00:06.934937+00:00,76,76,62,14,0,62,62,62,62,62,0,0,0,62,35,34,35,34,27,0,0,en,33,62,declared metadata; canonical identity and stream health not guaranteed
cmokl2l2o050eqsccrltfapgy,99311,lukabaras,Lukabaras,en,Lukabaras,lkb,lkb,core,,2026-09-03T07:00:06.934937+00:00,76,76,62,14,0,62,62,62,62,62,0,0,0,62,35,34,35,34,27,0,0,en,33,62,declared metadata; canonical identity and stream health not guaranteed
cmok1loh300m6qsv1vzwfx9a4,1305,lukpa,Lukpa,en,Lukpa,dop,dop,core,,2026-09-03T07:00:06.934937+00:00,76,76,62,14,0,62,62,62,62,62,0,0,0,62,35,34,35,34,27,0,0,en,33,62,declared metadata; canonical identity and stream health not guaranteed
cmokksjf002j5qsccgberb25c,20815,lumasaba,Lumasaba,en,Lumasaba,myx,myx,core,,2026-09-03T07:00:06.934937+00:00,76,76,62,14,0,62,62,62,62,62,0,0,0,62,35,34,35,34,27,0,0,en,33,62,declared metadata; canonical identity and stream health not guaranteed
cmok1ohd501a4qsv1ze8a67r1,141728,lumun,Lumun,en,Lumun,lmd,lmd,core,,2026-09-03T07:00:06.934937+00:00,79,79,64,15,0,64,64,64,64,64,0,0,0,64,35,34,35,34,29,0,0,en,33,64,declared metadata; canonical identity and stream health not guaranteed
cmokkz3cg045sqsccrgodvoqg,573,lunda,Lunda,en,Lunda,lun,lun,core,,2026-09-03T07:00:06.934937+00:00,79,79,64,15,0,64,64,64,64,64,0,0,0,64,35,34,35,34,29,0,0,en,33,64,declared metadata; canonical identity and stream health not guaranteed
cmokkqy5y024uqscceo1yhmdv,1918,lundayeh,Lundayeh,en,Lundayeh,lnd,lnd,core,,2026-09-03T07:00:06.934937+00:00,76,76,62,14,0,62,62,62,62,62,0,0,0,62,35,34,35,34,27,0,0,en,33,62,declared metadata; canonical identity and stream health not guaranteed
cmok1oish01agqsv140kfcg1j,141767,lungga,Lungga,en,Lungga,lga,lga,core,,2026-09-03T07:00:06.934937+00:00,79,79,63,16,0,63,63,63,63,63,0,0,0,63,35,34,35,34,28,0,0,en,33,63,declared metadata; canonical identity and stream health not guaranteed
cmokkrjau02a1qscc7h6x35i1,19936,luo,Luo,en|luo,Luo,luo,luo,core,,2026-09-03T07:00:06.934937+00:00,82,82,67,14,1,67,67,67,67,67,0,0,0,67,39,38,39,38,28,0,0,en,37,67,declared metadata; canonical identity and stream health not guaranteed
cmokksfuu02i8qscc9nm55pon,20785,luragoli,Luragoli,en,Luragoli,rag,rag,core,,2026-09-03T07:00:06.934937+00:00,76,76,62,14,0,62,62,62,62,62,0,0,0,62,35,34,35,34,27,0,0,en,33,62,declared metadata; canonical identity and stream health not guaranteed
cmokkuecl02zgqscc9xp7zjl6,23743,luri-luristan-province-iran,"Luri (Luristan Province, Iran)",en|lrc,"Luri (Luristan Province, Iran)",lrc,lrc,core,,2026-09-03T07:00:06.934937+00:00,75,75,61,14,0,61,61,61,61,61,0,0,0,61,34,33,34,33,27,0,0,en,32,61,declared metadata; canonical identity and stream health not guaranteed
cmokksrvo02lbqscc73uukfgd,20926,lusoga,Lusoga,en,Lusoga,xog,xog,core,,2026-09-03T07:00:06.934937+00:00,82,82,67,14,1,67,67,67,67,67,0,0,0,67,39,38,39,38,28,0,0,en,37,67,declared metadata; canonical identity and stream health not guaranteed
cmok1psji01l8qsv1cg0bm8hz,143542,lutos,Lutos,en,Lutos,ndy,ndy,core,,2026-09-03T07:00:06.934937+00:00,76,76,62,14,0,62,62,62,62,62,0,0,0,62,35,34,35,34,27,0,0,en,33,62,declared metadata; canonical identity and stream health not guaranteed
cmokkyt9d0438qsccr3vtbnxi,554,luvale,Luvale,en,Luvale,lue,lue,core,,2026-09-03T07:00:06.934937+00:00,79,79,64,15,0,64,64,64,64,64,0,0,0,64,35,34,35,34,29,0,0,en,33,64,declared metadata; canonical identity and stream health not guaranteed
cmok1mis900ttqsv145do0uqh,13915,luwo,Luwo,en,Luwo,lwo,lwo,core,,2026-09-03T07:00:06.934937+00:00,76,76,62,14,0,62,62,62,62,62,0,0,0,62,35,34,35,34,27,0,0,en,33,62,declared metadata; canonical identity and stream health not guaranteed
cmok1qokm01szqsv1stosc90c,144740,luwu-tae,"Luwu, Tae'",en,"Luwu, Tae'",rob,rob,core,,2026-09-03T07:00:06.934937+00:00,76,76,62,14,0,62,62,62,62,62,0,0,0,62,35,34,35,34,27,0,0,en,33,62,declared metadata; canonical identity and stream health not guaranteed
cmokkrwkg02d9qscc0a7tlyze,2035,lyele,Lyele,en,Lyele,lee,lee,core,,2026-09-03T07:00:06.934937+00:00,76,76,62,14,0,62,62,62,62,62,0,0,0,62,35,34,35,34,27,0,0,en,33,62,declared metadata; canonical identity and stream health not guaranteed
cmok1sf7i027wqsv1kg3ypgyr,16781,maanyan,Maanyan,en,Maanyan,mhy,mhy,core,,2026-09-03T07:00:06.934937+00:00,76,76,62,14,0,62,62,62,62,62,0,0,0,62,35,34,35,34,27,0,0,en,33,62,declared metadata; canonical identity and stream health not guaranteed
cmokl0fle04hdqsccu6rnj19s,7309,maasai,Maasai,en|mas,Maasai,mas,mas,core,,2026-09-03T07:00:06.934937+00:00,138,138,121,15,2,121,121,121,121,121,0,0,0,121,71,67,61,58,50,0,0,en,57,121,declared metadata; canonical identity and stream health not guaranteed
cmok1lwxt00oaqsv1j5e57yo6,13376,maay,Maay,en,Maay,ymm,ymm,core,,2026-09-03T07:00:06.934937+00:00,132,132,116,15,1,116,116,116,116,116,0,0,0,116,67,63,57,54,49,0,0,en,53,116,declared metadata; canonical identity and stream health not guaranteed
cmokkshy602irqsccaxqxktb6,20796,macedonian,Macedonian,en|mk,Macedonian,mk,mkd,core,,2026-09-03T07:00:06.934937+00:00,175,175,154,19,2,154,154,154,154,154,0,0,0,154,93,87,71,67,61,0,0,mk,0,0,declared metadata; canonical identity and stream health not guaranteed
cmokkrjsb02a6qscc5ygw7mhv,19951,mada,Mada,en,Mada,mda,mda,core,,2026-09-03T07:00:06.934937+00:00,76,76,62,14,0,62,62,62,62,62,0,0,0,62,35,34,35,34,27,0,0,en,33,62,declared metadata; canonical identity and stream health not guaranteed
cmok1m8o900r8qsv1jbzc8keh,13893,madi,Madi,en,Madi,mhi,mhi,core,,2026-09-03T07:00:06.934937+00:00,76,76,62,14,0,62,62,62,62,62,0,0,0,62,35,34,35,34,27,0,0,en,33,62,declared metadata; canonical identity and stream health not guaranteed
cmok1mmu200usqsv1z5wb4l8k,139183,madi-okollo,Ma'Di Okollo,en,Ma'Di Okollo,snm,snm,core,,2026-09-03T07:00:06.934937+00:00,76,76,62,14,0,62,62,62,62,62,0,0,0,62,35,34,35,34,27,0,0,en,33,62,declared metadata; canonical identity and stream health not guaranteed
cmok1lthl00nfqsv19s474iqk,13183,madura,Madura,en,Madura,mad,mad,core,,2026-09-03T07:00:06.934937+00:00,76,76,62,14,0,62,62,62,62,62,0,0,0,62,35,34,35,34,27,0,0,en,33,62,declared metadata; canonical identity and stream health not guaranteed
cmokkv4je035wqscc0pkqqd41,2556,mafa,Mafa,en,Mafa,maf,maf,core,,2026-09-03T07:00:06.934937+00:00,76,76,62,14,0,62,62,62,62,62,0,0,0,62,35,34,35,34,27,0,0,en,33,62,declared metadata; canonical identity and stream health not guaranteed
cmokkzj98049uqscc6gq2eyvf,6186,magahi,Magahi,en|mag,Magahi,mag,mag,core,,2026-09-03T07:00:06.934937+00:00,76,76,62,14,0,62,62,62,62,62,0,0,0,62,35,34,35,34,27,0,0,en,33,62,declared metadata; canonical identity and stream health not guaranteed
cmok1m4yd00qaqsv1pgqspbb0,1371,magar-eastern,"Magar, Eastern",en|mgp,"Magar, Eastern",mgp,mgp,core,,2026-09-03T07:00:06.934937+00:00,76,76,62,14,0,62,62,62,62,62,0,0,0,62,35,34,35,34,27,0,0,en,33,62,declared metadata; canonical identity and stream health not guaranteed
cmokl1qms04t1qsccz98wsq4s,9030,magar-western,"Magar, Western",en|mrd,"Magar, Western",mrd,mrd,core,,2026-09-03T07:00:06.934937+00:00,76,76,62,14,0,62,62,62,62,62,0,0,0,62,35,34,35,34,27,0,0,en,33,62,declared metadata; canonical identity and stream health not guaranteed
cmok1l8ke00i8qsv1usu45k6l,12635,magindanaon,Magindanaon,en,Magindanaon,mdh,mdh,core,,2026-09-03T07:00:06.934937+00:00,132,132,116,15,1,116,116,116,116,116,0,0,0,116,67,63,57,54,49,0,0,mdh,0,0,declared metadata; canonical identity and stream health not guaranteed
cmokkp96e01qcqscci82pmm25,184487,mahasu-pahari,Mahasu Pahari,bfz|en,Mahasu Pahari,bfz,bfz,core,,2026-09-03T07:00:06.934937+00:00,85,85,70,14,1,70,70,70,70,70,0,0,0,70,40,38,40,38,30,0,0,en,37,70,declared metadata; canonical identity and stream health not guaranteed
cmok1s5on025mqsv1ympb3zjx,16176,mai-brat,Mai Brat,ayz|en,Mai Brat,ayz,ayz,core,,2026-09-03T07:00:06.934937+00:00,76,76,62,14,0,62,62,62,62,62,0,0,0,62,35,34,35,34,27,0,0,en,33,62,declared metadata; canonical identity and stream health not guaranteed
cmok1qm5801seqsv1g82hmnal,144630,mailu,Mailu,en,Mailu,mgu,mgu,core,,2026-09-03T07:00:06.934937+00:00,79,79,63,16,0,63,63,63,63,63,0,0,0,63,35,34,35,34,28,0,0,en,33,63,declared metadata; canonical identity and stream health not guaranteed
cmokkzjqj049zqsccfc7zh48j,6199,maithili,Maithili,en|mai,Maithili,mai,mai,core,,2026-09-03T07:00:06.934937+00:00,95,95,78,16,1,78,78,78,78,78,0,0,0,78,48,46,36,35,30,0,0,mai,0,0,declared metadata; canonical identity and stream health not guaranteed
cmokkq94b01yxqsccvo0ddn4o,184939,maithili-nepal,"Maithili, Nepal",en,"Maithili, Nepal",mai,mai,core,,2026-09-03T07:00:06.934937+00:00,76,76,62,14,0,62,62,62,62,62,0,0,0,62,35,34,35,34,27,0,0,mai,0,0,declared metadata; canonical identity and stream health not guaranteed
cmokkrvx102d3qsccrg64bvao,20324,maiwa,Maiwa,en,Maiwa,wmm,wmm,core,,2026-09-03T07:00:06.934937+00:00,76,76,62,14,0,62,62,62,62,62,0,0,0,62,35,34,35,34,27,0,0,en,33,62,declared metadata; canonical identity and stream health not guaranteed
cmok1q3r301nwqsv1jdwk4w88,143881,majang,Majang,en,Majang,mpe,mpe,core,,2026-09-03T07:00:06.934937+00:00,76,76,62,14,0,62,62,62,62,62,0,0,0,62,35,34,35,34,27,0,0,en,33,62,declared metadata; canonical identity and stream health not guaranteed
cmok1pnz001k5qsv10m4c4m2y,143400,majhi,Majhi,en,Majhi,mjz,mjz,core,,2026-09-03T07:00:06.934937+00:00,76,76,62,14,0,62,62,62,62,62,0,0,0,62,35,34,35,34,27,0,0,en,33,62,declared metadata; canonical identity and stream health not guaranteed
cmokkv3te035qqscca2o803ob,2530,makaa,Makaa,en,Makaa,mcp,mcp,core,,2026-09-03T07:00:06.934937+00:00,82,82,67,14,1,67,67,67,67,67,0,0,0,67,39,38,39,38,28,0,0,en,37,67,declared metadata; canonical identity and stream health not guaranteed
cmokkt4ix02ojqscce5i43t9l,21248,makasar,Makasar,en,Makasar,mak,mak,core,,2026-09-03T07:00:06.934937+00:00,76,76,62,14,0,62,62,62,62,62,0,0,0,62,35,34,35,34,27,0,0,en,33,62,declared metadata; canonical identity and stream health not guaranteed
cmokkpe8601rnqscc92u15ljb,184505,makhau-tanzania,"Makhau, Tanzania",en,"Makhau, Tanzania",vmw,vmw,core,,2026-09-03T07:00:06.934937+00:00,76,76,62,14,0,62,62,62,62,62,0,0,0,62,35,34,35,34,27,0,0,en,33,62,declared metadata; canonical identity and stream health not guaranteed
cmok1p1zs01eyqsv1yhqwf1o6,142483,makhuwa,Makhuwa,en,Makhuwa,vmw,vmw,core,,2026-09-03T07:00:06.934937+00:00,82,82,67,14,1,67,67,67,67,67,0,0,0,67,39,38,39,38,28,0,0,en,37,67,declared metadata; canonical identity and stream health not guaranteed
cmok1r8ap01xuqsv1mrmplsna,151261,makoma,Makoma,en,Makoma,sie,sie,core,,2026-09-03T07:00:06.934937+00:00,79,79,64,15,0,64,64,64,64,64,0,0,0,64,35,34,35,34,29,0,0,en,33,64,declared metadata; canonical identity and stream health not guaranteed
cmokl1j1q04r3qsccxv6ku276,8433,makonde-mozambique,"Makonde, Mozambique",en,"Makonde, Mozambique",kde,kde,core,,2026-09-03T07:00:06.934937+00:00,76,76,62,14,0,62,62,62,62,62,0,0,0,62,35,34,35,34,27,0,0,en,33,62,declared metadata; canonical identity and stream health not guaranteed
cmokkp9vm01qiqsccuzguycs2,184494,makonde-tanzania,"Makonde, Tanzania",en,"Makonde, Tanzania",kde,kde,core,,2026-09-03T07:00:06.934937+00:00,76,76,62,14,0,62,62,62,62,62,0,0,0,62,35,34,35,34,27,0,0,en,33,62,declared metadata; canonical identity and stream health not guaranteed
cmokkzkmv04a7qsccty5kghtf,6210,mal-paharia,Mal Paharia,en,Mal Paharia,mkb,mkb,core,,2026-09-03T07:00:06.934937+00:00,76,76,62,14,0,62,62,62,62,62,0,0,0,62,35,34,35,34,27,0,0,en,33,62,declared metadata; canonical identity and stream health not guaranteed
cmokl0qx404k8qscck47jsm2y,7761,malagasy,Malagasy,en|mg,Malagasy,mg,plt,core,,2026-09-03T07:00:06.934937+00:00,187,187,163,21,3,163,163,163,163,163,0,0,0,163,98,92,76,72,65,0,0,mg,0,0,declared metadata; canonical identity and stream health not guaranteed
cmokl0q3w04k0qsccka3mc8ne,7750,malagasy-antankarana,"Malagasy, Antankarana",en|mg-xmv,"Malagasy, Antankarana",mg-xmv,xmv,core,,2026-09-03T07:00:06.934937+00:00,76,76,62,14,0,62,62,62,62,62,0,0,0,62,35,34,35,34,27,0,0,mg,0,0,declared metadata; canonical identity and stream health not guaranteed
cmok1mf2f00svqsv13g7zemj7,139117,malagasy-antesaka,"Malagasy, Antesaka",en|mg-tkg,"Malagasy, Antesaka",mg-tkg,tkg,core,,2026-09-03T07:00:06.934937+00:00,78,78,63,15,0,63,63,63,63,63,0,0,0,63,35,34,35,34,28,0,0,mg,0,0,declared metadata; canonical identity and stream health not guaranteed
cmokkvcir037tqsccp5ggdmbo,26664,malagasy-northern-betsimisaraka,"Malagasy, Northern Betsimisaraka",en|mg-bmm,"Malagasy, Northern Betsimisaraka",mg-bmm,bmm,core,,2026-09-03T07:00:06.934937+00:00,79,79,64,15,0,64,64,64,64,64,0,0,0,64,35,34,35,34,29,0,0,mg,0,0,declared metadata; canonical identity and stream health not guaranteed
cmokkvgvz038yqsccqwrmmz12,27226,malagasy-southern-betsimisaraka,"Malagasy, Southern Betsimisaraka",en|mg-bzc,"Malagasy, Southern Betsimisaraka",mg-bzc,bzc,core,,2026-09-03T07:00:06.934937+00:00,76,76,62,14,0,62,62,62,62,62,0,0,0,62,35,34,35,34,27,0,0,mg,0,0,declared metadata; canonical identity and stream health not guaranteed
cmokkve4v0387qscc8jlv6uz2,26972,malagasy-tanosy,"Malagasy, Tanosy",en|mg-txy,"Malagasy, Tanosy",mg-txy,txy,core,,2026-09-03T07:00:06.934937+00:00,79,79,64,15,0,64,64,64,64,64,0,0,0,64,35,34,35,34,29,0,0,mg,0,0,declared metadata; canonical identity and stream health not guaranteed
cmok1prvp01l2qsv1qgofxiq2,143497,malango-teha,Malango Teha,en,Malango Teha,mln,mln,core,,2026-09-03T07:00:06.934937+00:00,76,76,62,14,0,62,62,62,62,62,0,0,0,62,35,34,35,34,27,0,0,en,33,62,declared metadata; canonical identity and stream health not guaranteed
cmokkr02i0259qsccil5b712y,1927,malay,Malay,en|ms,Malay,ms,zlm,core,,2026-09-03T07:00:06.934937+00:00,287,287,255,31,1,255,255,255,255,255,0,0,0,255,114,108,102,97,141,0,0,ms,0,0,declared metadata; canonical identity and stream health not guaranteed
cmok1sh0h028bqsv1744nn7vj,16891,malay-ambonese,"Malay, Ambonese",en|ms-abs,"Malay, Ambonese",ms-abs,abs,core,,2026-09-03T07:00:06.934937+00:00,79,79,64,15,0,64,64,64,64,64,0,0,0,64,35,34,35,34,29,0,0,ms,0,0,declared metadata; canonical identity and stream health not guaranteed
cmok1sgol0288qsv1hiecam4l,16883,malay-bukit,"Malay, Bukit",bvu|en,"Malay, Bukit",bvu,bvu,core,,2026-09-03T07:00:06.934937+00:00,76,76,62,14,0,62,62,62,62,62,0,0,0,62,35,34,35,34,27,0,0,en,33,62,declared metadata; canonical identity and stream health not guaranteed
cmok1t7xa02enqsv14uuow2gj,17753,malay-jambi,"Malay, Jambi",en,"Malay, Jambi",jax,jax,core,,2026-09-03T07:00:06.934937+00:00,76,76,62,14,0,62,62,62,62,62,0,0,0,62,35,34,35,34,27,0,0,en,33,62,declared metadata; canonical identity and stream health not guaranteed
cmok1sevp027tqsv1t8f9h7gi,16777,malay-kota-bangun-kutai,"Malay, Kota Bangun Kutai",en,"Malay, Kota Bangun Kutai",mqg,mqg,core,,2026-09-03T07:00:06.934937+00:00,76,76,62,14,0,62,62,62,62,62,0,0,0,62,35,34,35,34,27,0,0,en,33,62,declared metadata; canonical identity and stream health not guaranteed
cmok1shds028eqsv1otziglnn,16900,malay-north-moluccan,"Malay, North Moluccan",en,"Malay, North Moluccan",max,max,core,,2026-09-03T07:00:06.934937+00:00,76,76,62,14,0,62,62,62,62,62,0,0,0,62,35,34,35,34,27,0,0,en,33,62,declared metadata; canonical identity and stream health not guaranteed
cmok1jdpc001xqsv1doezajbo,100882,malay-papuan,"Malay, Papuan",en,"Malay, Papuan",ms-pmy,pmy,core,,2026-09-03T07:00:06.934937+00:00,76,76,62,14,0,62,62,62,62,62,0,0,0,62,35,34,35,34,27,0,0,ms,0,0,declared metadata; canonical identity and stream health not guaranteed
cmok1q28n01niqsv12c32wils,14386,malay-pattani,"Malay, Pattani",en|ms-mfa,"Malay, Pattani",ms-mfa,mfa,core,,2026-09-03T07:00:06.934937+00:00,79,79,64,15,0,64,64,64,64,64,0,0,0,64,35,34,35,34,29,0,0,ms,0,0,declared metadata; canonical identity and stream health not guaranteed
cmok1sduf027kqsv14pyubv5k,16695,malay-tenggarong-kutai,"Malay, Tenggarong Kutai",en,"Malay, Tenggarong Kutai",vkt,vkt,core,,2026-09-03T07:00:06.934937+00:00,76,76,62,14,0,62,62,62,62,62,0,0,0,62,35,34,35,34,27,0,0,en,33,62,declared metadata; canonical identity and stream health not guaranteed
cmokkrklf02acqsccdeim4tbl,19985,malayalam,Malayalam,en|ml,Malayalam,ml,mal,core,,2026-09-03T07:00:06.934937+00:00,327,327,289,28,10,289,289,289,289,289,0,0,0,289,133,125,111,105,156,0,0,ml,0,0,declared metadata; canonical identity and stream health not guaranteed
cmok1plti01jnqsv11j8kgawj,143339,malayic-dayak,Malayic Dayak,en,Malayic Dayak,xdy,xdy,core,,2026-09-03T07:00:06.934937+00:00,76,76,62,14,0,62,62,62,62,62,0,0,0,62,35,34,35,34,27,0,0,en,33,62,declared metadata; canonical identity and stream health not guaranteed
cmokkx77103ooqscc2edgvlli,4768,male,Male,en,Male,mdy,mdy,core,,2026-09-03T07:00:06.934937+00:00,76,76,62,14,0,62,62,62,62,62,0,0,0,62,35,34,35,34,27,0,0,en,33,62,declared metadata; canonical identity and stream health not guaranteed
cmok1p4y001fmqsv181xc3sjd,14260,malila,Malila,en,Malila,mgq,mgq,core,,2026-09-03T07:00:06.934937+00:00,76,76,62,14,0,62,62,62,62,62,0,0,0,62,35,34,35,34,27,0,0,en,33,62,declared metadata; canonical identity and stream health not guaranteed
cmokkpsoc01v0qsccflp4lbq2,184646,malinke-kenieba,"Malinke, Kenieba",en,"Malinke, Kenieba",mlq,mlq,core,,2026-09-03T07:00:06.934937+00:00,76,76,62,14,0,62,62,62,62,62,0,0,0,62,35,34,35,34,27,0,0,en,33,62,declared metadata; canonical identity and stream health not guaranteed
cmokkpt0901v3qsccmzdcynr8,184647,malinke-kita,"Malinke, Kita",en,"Malinke, Kita",mwk,mwk,core,,2026-09-03T07:00:06.934937+00:00,76,76,62,14,0,62,62,62,62,62,0,0,0,62,35,34,35,34,27,0,0,en,33,62,declared metadata; canonical identity and stream health not guaranteed
cmok1r32k01wlqsv122gz9n27,148910,malkangiri-koya,Malkangiri Koya,en,Malkangiri Koya,kff,kff,core,,2026-09-03T07:00:06.934937+00:00,76,76,62,14,0,62,62,62,62,62,0,0,0,62,35,34,35,34,27,0,0,en,33,62,declared metadata; canonical identity and stream health not guaranteed
cmokkx6v103olqsccfyas9yef,4767,malo,Malo,en,Malo,mfx,mfx,core,,2026-09-03T07:00:06.934937+00:00,76,76,62,14,0,62,62,62,62,62,0,0,0,62,35,34,35,34,27,0,0,en,33,62,declared metadata; canonical identity and stream health not guaranteed
cmokl0uzt04l9qscc6sxozhqv,7885,maltese,Maltese,en|mt,Maltese,mt,mlt,core,,2026-09-03T07:00:06.934937+00:00,175,175,154,19,2,154,154,154,154,154,0,0,0,154,93,87,71,67,61,0,0,mt,0,0,declared metadata; canonical identity and stream health not guaranteed
cmokkzi4i049jqsccgur5kqbi,6171,malvi,Malvi,en,Malvi,mup,mup,core,,2026-09-03T07:00:06.934937+00:00,84,84,69,14,1,69,69,69,69,69,0,0,0,69,39,37,39,37,30,0,0,en,36,69,declared metadata; canonical identity and stream health not guaranteed
cmokkyj89040sqscctir1fzr8,5408,mam-central,"Mam, Central",en,"Mam, Central",mam-x-Central,mam,core,,2026-09-03T07:00:06.934937+00:00,76,76,62,14,0,62,62,62,62,62,0,0,0,62,35,34,35,34,27,0,0,en,33,62,declared metadata; canonical identity and stream health not guaranteed
cmokkyl4t0419qsccjxmhrcqe,5427,mam-northern,"Mam, Northern",en,"Mam, Northern",mam,mam,core,,2026-09-03T07:00:06.934937+00:00,105,105,86,19,0,86,86,86,86,86,0,0,0,86,48,46,48,46,38,0,0,en,42,84,declared metadata; canonical identity and stream health not guaranteed
cmokkyjk2040vqsccg6s8lrd8,5410,mam-tajumulco,"Mam, Tajumulco",en,"Mam, Tajumulco",mam-x-Tajumulco,mam,core,,2026-09-03T07:00:06.934937+00:00,76,76,62,14,0,62,62,62,62,62,0,0,0,62,35,34,35,34,27,0,0,en,33,62,declared metadata; canonical identity and stream health not guaranteed
cmokl2pxe051kqscc7btb7paj,99766,mamainde,Mamainde,en,Mamainde,wmd,wmd,core,,2026-09-03T07:00:06.934937+00:00,76,76,62,14,0,62,62,62,62,62,0,0,0,62,35,34,35,34,27,0,0,en,33,62,declared metadata; canonical identity and stream health not guaranteed
cmok1t1n702d6qsv1d91lwjq0,17616,mamasa,Mamasa,en,Mamasa,mqj,mqj,core,,2026-09-03T07:00:06.934937+00:00,76,76,62,14,0,62,62,62,62,62,0,0,0,62,35,34,35,34,27,0,0,en,33,62,declared metadata; canonical identity and stream health not guaranteed
cmok1sxlj02c7qsv18tipele6,175157,mambilla,Mambilla,en,Mambilla,mzk,mzk,core,,2026-09-03T07:00:06.934937+00:00,76,76,62,14,0,62,62,62,62,62,0,0,0,62,35,34,35,34,27,0,0,en,33,62,declared metadata; canonical identity and stream health not guaranteed
cmok1p4kf01fjqsv1uimcug2a,14259,mambwe-lungu,Mambwe-Lungu,en,Mambwe-Lungu,mgr,mgr,core,,2026-09-03T07:00:06.934937+00:00,79,79,64,15,0,64,64,64,64,64,0,0,0,64,35,34,35,34,29,0,0,en,33,64,declared metadata; canonical identity and stream health not guaranteed
cmokkxsyp03u6qsccyzadj2qi,5240,mampruli,Mampruli,en,Mampruli,maw,maw,core,,2026-09-03T07:00:06.934937+00:00,76,76,62,14,0,62,62,62,62,62,0,0,0,62,35,34,35,34,27,0,0,en,33,62,declared metadata; canonical identity and stream health not guaranteed
cmokkrmn402avqscc604zqnb3,20025,mamuju,Mamuju,en,Mamuju,mqx,mqx,core,,2026-09-03T07:00:06.934937+00:00,76,76,62,14,0,62,62,62,62,62,0,0,0,62,35,34,35,34,27,0,0,en,33,62,declared metadata; canonical identity and stream health not guaranteed
cmok1o2m00172qsv1ns5sfwtr,141311,mamusi,Mamusi,en,Mamusi,kdf,kdf,core,,2026-09-03T07:00:06.934937+00:00,76,76,62,14,0,62,62,62,62,62,0,0,0,62,35,34,35,34,27,0,0,en,33,62,declared metadata; canonical identity and stream health not guaranteed
cmokkuxsv034bqsccqwrkfopk,24314,manado,Manado,en,Manado,xmm,xmm,core,,2026-09-03T07:00:06.934937+00:00,76,76,62,14,0,62,62,62,62,62,0,0,0,62,35,34,35,34,27,0,0,en,33,62,declared metadata; canonical identity and stream health not guaranteed
cmok1pr6d01kwqsv1ha9vaiwp,143488,manambu,Manambu,en,Manambu,mle,mle,core,,2026-09-03T07:00:06.934937+00:00,76,76,62,14,0,62,62,62,62,62,0,0,0,62,35,34,35,34,27,0,0,en,33,62,declared metadata; canonical identity and stream health not guaranteed
cmok1jorb004lqsv1lxvolzii,101919,manda,Manda,en,Manda,mgs,mgs,core,,2026-09-03T07:00:06.934937+00:00,76,76,62,14,0,62,62,62,62,62,0,0,0,62,35,34,35,34,27,0,0,en,33,62,declared metadata; canonical identity and stream health not guaranteed
cmok1svv702bsqsv1zd3323vn,17471,mandar,Mandar,en,Mandar,mdr,mdr,core,,2026-09-03T07:00:06.934937+00:00,76,76,62,14,0,62,62,62,62,62,0,0,0,62,35,34,35,34,27,0,0,en,33,62,declared metadata; canonical identity and stream health not guaranteed
cmok1kdby00amqsv1doz28214,11230,mandara,Mandara,en,Mandara,tbf,tbf,core,,2026-09-03T07:00:06.934937+00:00,76,76,62,14,0,62,62,62,62,62,0,0,0,62,35,34,35,34,27,0,0,en,33,62,declared metadata; canonical identity and stream health not guaranteed
cmok1qj0x01rnqsv1q5dynbem,144476,mandara-cameroon,"Mandara, Cameroon",en,"Mandara, Cameroon",mfi,mfi,core,,2026-09-03T07:00:06.934937+00:00,82,82,67,14,1,67,67,67,67,67,0,0,0,67,39,38,39,38,28,0,0,en,37,67,declared metadata; canonical identity and stream health not guaranteed
cmokks4g402fcqscct6py8r9r,20615,mandarin-china,"Mandarin, China",en|zh,"Mandarin, China",zh,cmn,core,,2026-09-03T07:00:06.934937+00:00,632,632,570,40,22,570,570,570,570,570,0,0,0,570,189,179,164,156,381,0,0,zh,0,0,declared metadata; canonical identity and stream health not guaranteed
cmokktz3702w4qscczigs0vip,23221,mandarin-taiwan,Mandarin (Taiwan),en|zh-Hant-TW,Mandarin (Taiwan),zh-Hant-TW,cmn,core,,2026-09-03T07:00:06.934937+00:00,171,171,148,20,3,148,148,148,148,148,0,0,0,148,91,85,69,65,57,0,0,zh-Hant,0,0,declared metadata; canonical identity and stream health not guaranteed
cmokkzos604alqscczikcvr9n,6242,mandeali,Mandeali,en,Mandeali,mjl,mjl,core,,2026-09-03T07:00:06.934937+00:00,76,76,62,14,0,62,62,62,62,62,0,0,0,62,35,34,35,34,27,0,0,en,33,62,declared metadata; canonical identity and stream health not guaranteed
cmokkxga703r0qsccew9862p6,5040,mandinka,Mandinka,en|mnk,Mandinka,mnk,mnk,core,,2026-09-03T07:00:06.934937+00:00,76,76,62,14,0,62,62,62,62,62,0,0,0,62,35,34,35,34,27,0,0,en,33,62,declared metadata; canonical identity and stream health not guaranteed
cmokkvrat03blqsccizt6mr90,3171,mandja,Mandja,en,Mandja,mzv,mzv,core,,2026-09-03T07:00:06.934937+00:00,82,82,67,14,1,67,67,67,67,67,0,0,0,67,39,38,39,38,28,0,0,en,37,67,declared metadata; canonical identity and stream health not guaranteed
cmokkwg7103hyqscci0t17nfa,42106,manga,Manga,en,Manga,kby,kby,core,,2026-09-03T07:00:06.934937+00:00,132,132,116,15,1,116,116,116,116,116,0,0,0,116,67,63,57,54,49,0,0,en,53,116,declared metadata; canonical identity and stream health not guaranteed
cmok1s9aj026gqsv1lsbjs7kh,164216,mangalorean-konkani,Mangalorean Konkani,en,Mangalorean Konkani,knn,knn,core,,2026-09-03T07:00:06.934937+00:00,76,76,62,14,0,62,62,62,62,62,0,0,0,62,35,34,35,34,27,0,0,en,33,62,declared metadata; canonical identity and stream health not guaranteed
cmok1r08a01vuqsv1udtsx9yx,14749,mangbetu,Mangbetu,en,Mangbetu,mdj,mdj,core,,2026-09-03T07:00:06.934937+00:00,76,76,62,14,0,62,62,62,62,62,0,0,0,62,35,34,35,34,27,0,0,en,33,62,declared metadata; canonical identity and stream health not guaranteed
cmok1sq0i02aeqsv1xocasaw9,17282,manggarai,Manggarai,en,Manggarai,mqy,mqy,core,,2026-09-03T07:00:06.934937+00:00,76,76,62,14,0,62,62,62,62,62,0,0,0,62,35,34,35,34,27,0,0,en,33,62,declared metadata; canonical identity and stream health not guaranteed
cmok1mdjz00shqsv1upv47yly,139111,mangghuer-wuge,Mangghuer Wuge,en,Mangghuer Wuge,mjg,mjg,core,,2026-09-03T07:00:06.934937+00:00,79,79,64,15,0,64,64,64,64,64,0,0,0,64,35,34,35,34,29,0,0,en,33,64,declared metadata; canonical identity and stream health not guaranteed
cmokkv7i5036mqscc9az73o6d,26152,mango,Mango,en,Mango,mge,mge,core,,2026-09-03T07:00:06.934937+00:00,79,79,64,15,0,64,64,64,64,64,0,0,0,64,35,34,35,34,29,0,0,en,33,64,declared metadata; canonical identity and stream health not guaranteed
cmokkyoax0420qscctwfyu6dw,5450,maninka,Maninka,en,Maninka,emk,emk,core,,2026-09-03T07:00:06.934937+00:00,115,115,95,19,1,95,95,95,95,95,0,0,0,95,53,50,53,50,42,0,0,en,46,93,declared metadata; canonical identity and stream health not guaranteed
cmokkv1aw0355qscc66blptth,24413,maninka-konyanka,"Maninka, Konyanka",en,"Maninka, Konyanka",mku,mku,core,,2026-09-03T07:00:06.934937+00:00,76,76,62,14,0,62,62,62,62,62,0,0,0,62,35,34,35,34,27,0,0,en,33,62,declared metadata; canonical identity and stream health not guaranteed
cmokkui7a030eqsccuvmlf687,23979,manjaku,Manjaku,en,Manjaku,mfv,mfv,core,,2026-09-03T07:00:06.934937+00:00,76,76,62,14,0,62,62,62,62,62,0,0,0,62,35,34,35,34,27,0,0,mfv,0,0,declared metadata; canonical identity and stream health not guaranteed
cmokkxgq203r5qsccfoprlvsf,5042,mankanya,Mankanya,en,Mankanya,knf,knf,core,,2026-09-03T07:00:06.934937+00:00,76,76,62,14,0,62,62,62,62,62,0,0,0,62,35,34,35,34,27,0,0,knf,0,0,declared metadata; canonical identity and stream health not guaranteed
cmokkyqqe042lqsccaw17chgc,5472,mano,Mano,en,Mano,mev,mev,core,,2026-09-03T07:00:06.934937+00:00,82,82,67,14,1,67,67,67,67,67,0,0,0,67,39,38,39,38,28,0,0,en,37,67,declared metadata; canonical identity and stream health not guaranteed
cmok1ljid00kvqsv1k5kht5w6,12850,manobo-ata,"Manobo, Ata",atd|en,"Manobo, Ata",atd,atd,core,,2026-09-03T07:00:06.934937+00:00,75,75,62,13,0,62,62,62,62,62,0,0,0,62,35,34,35,34,27,0,0,en,33,62,declared metadata; canonical identity and stream health not guaranteed
649843b1-0376-452f-95a2-6edbe1bf8779,144211,manobo-dibabawon,"Manobo, Dibabawon",en,"Manobo, Dibabawon",mbd,mbd,core,,2026-09-03T07:00:06.934937+00:00,75,75,62,13,0,62,62,62,62,62,0,0,0,62,35,34,35,34,27,0,0,en,33,62,declared metadata; canonical identity and stream health not guaranteed
cmok1q9od01pbqsv1qagyekp3,144214,manobo-ilianen,"Manobo, Ilianen",en,"Manobo, Ilianen",mbi,mbi,core,,2026-09-03T07:00:06.934937+00:00,76,76,62,14,0,62,62,62,62,62,0,0,0,62,35,34,35,34,27,0,0,en,33,62,declared metadata; canonical identity and stream health not guaranteed
cmok1l8yw00ibqsv13ndbeizg,12640,manobo-matigsalug,"Manobo, Matigsalug",en,"Manobo, Matigsalug",mbt,mbt,core,,2026-09-03T07:00:06.934937+00:00,132,132,116,15,1,115,115,115,115,115,0,0,0,115,67,63,57,54,48,0,0,en,53,115,declared metadata; canonical identity and stream health not guaranteed
cmokl2nvt0512qsccbsvsfneg,99564,manobo-sarangani,"Manobo, Sarangani",en,"Manobo, Sarangani",mbs,mbs,core,,2026-09-03T07:00:06.934937+00:00,79,79,64,15,0,64,64,64,64,64,0,0,0,64,35,34,35,34,29,0,0,en,33,64,declared metadata; canonical identity and stream health not guaranteed
cmok1lisg00kpqsv1knqiwwzz,12839,manobo-tagabawa,"Manobo, Tagabawa",bgs|en,"Manobo, Tagabawa",bgs,bgs,core,,2026-09-03T07:00:06.934937+00:00,76,76,62,14,0,62,62,62,62,62,0,0,0,62,35,34,35,34,27,0,0,en,33,62,declared metadata; canonical identity and stream health not guaranteed
cmok1q9ay01p8qsv1dlmj1gq9,144210,manobo-western-bukidnon,"Manobo, Western Bukidnon",en,"Manobo, Western Bukidnon",mbb,mbb,core,,2026-09-03T07:00:06.934937+00:00,76,76,62,14,0,62,62,62,62,62,0,0,0,62,35,34,35,34,27,0,0,en,33,62,declared metadata; canonical identity and stream health not guaranteed
cmokkxfws03qxqscc1yvd2qaz,5038,mansoanka,Mansoanka,en,Mansoanka,msw,msw,core,,2026-09-03T07:00:06.934937+00:00,76,76,62,14,0,62,62,62,62,62,0,0,0,62,35,34,35,34,27,0,0,en,33,62,declared metadata; canonical identity and stream health not guaranteed
cmokl1k2l04rcqsccsso0rfrb,8456,manyika,Manyika,en,Manyika,mxc,mxc,core,,2026-09-03T07:00:06.934937+00:00,76,76,62,14,0,62,62,62,62,62,0,0,0,62,35,34,35,34,27,0,0,en,33,62,declared metadata; canonical identity and stream health not guaranteed
cmokkwan503giqscc45na3b9v,4031,maonan,Maonan,en,Maonan,mmd,mmd,core,,2026-09-03T07:00:06.934937+00:00,75,75,62,13,0,62,62,62,62,62,0,0,0,62,35,34,35,34,27,0,0,en,33,62,declared metadata; canonical identity and stream health not guaranteed
cmokl1shl04tjqsccabjheq1p,9198,maori,Maori,en|mi,Maori,mi,mri,core,,2026-09-03T07:00:06.934937+00:00,76,76,62,14,0,62,62,62,62,62,0,0,0,62,35,34,35,34,27,0,0,mi,0,0,declared metadata; canonical identity and stream health not guaranteed
cmokkzwz404cnqscc6gh18myu,644,mapudungun,Mapudungun,en,Mapudungun,arn,arn,core,,2026-09-03T07:00:06.934937+00:00,105,105,86,19,0,86,86,86,86,86,0,0,0,86,48,46,48,46,38,0,0,en,42,84,declared metadata; canonical identity and stream health not guaranteed
cmok1qbek01pqqsv17zngjby7,144295,maquiritari,Maquiritari,en,Maquiritari,mch,mch,core,,2026-09-03T07:00:06.934937+00:00,79,79,63,16,0,63,63,63,63,63,0,0,0,63,35,34,35,34,28,0,0,en,33,63,declared metadata; canonical identity and stream health not guaranteed
cmokkv0wt0352qsccobao801t,24410,marakwet,Marakwet,en,Marakwet,enb,enb,core,,2026-09-03T07:00:06.934937+00:00,132,132,116,15,1,116,116,116,116,116,0,0,0,116,67,63,57,54,49,0,0,en,53,116,declared metadata; canonical identity and stream health not guaranteed
cmokkpwts01w0qsccw0arvmh1,184815,maram-naga,Maram Naga,en,Maram Naga,nma,nma,core,,2026-09-03T07:00:06.934937+00:00,79,79,64,15,0,64,64,64,64,64,0,0,0,64,35,34,35,34,29,0,0,en,33,64,declared metadata; canonical identity and stream health not guaranteed
cmok1l85p00i5qsv1ef4ghg9o,12624,maranao,Maranao,en,Maranao,mrw,mrw,core,,2026-09-03T07:00:06.934937+00:00,76,76,62,14,0,62,62,62,62,62,0,0,0,62,35,34,35,34,27,0,0,en,33,62,declared metadata; canonical identity and stream health not guaranteed
cmokkzigi049mqsccmlkcryeg,6174,marathi,Marathi,en|mr,Marathi,mr,mar,core,,2026-09-03T07:00:06.934937+00:00,325,325,294,26,5,294,294,294,294,294,0,0,0,294,132,124,110,104,162,0,0,mr,0,0,declared metadata; canonical identity and stream health not guaranteed
cmokkvukp03ceqsccbwqvfgq7,3534,marba,Marba,en,Marba,mpg,mpg,core,,2026-09-03T07:00:06.934937+00:00,76,76,62,14,0,62,62,62,62,62,0,0,0,62,35,34,35,34,27,0,0,en,33,62,declared metadata; canonical identity and stream health not guaranteed
cmokkuf6602zoqscce4w5qai3,23800,mardini,Mardini,ar-ayp|en,Mardini,ar-ayp,ayp,core,,2026-09-03T07:00:06.934937+00:00,105,105,86,19,0,86,86,86,86,86,0,0,0,86,48,46,48,46,38,0,0,ar,42,84,declared metadata; canonical identity and stream health not guaranteed
cmokl1x7c04uoqsccuf7tqr4u,9495,marghi-central,Marghi Central,en,Marghi Central,mrt,mrt,core,,2026-09-03T07:00:06.934937+00:00,76,76,62,14,0,62,62,62,62,62,0,0,0,62,35,34,35,34,27,0,0,en,33,62,declared metadata; canonical identity and stream health not guaranteed
cmok1mg8x00t6qsv1sr70ph70,139128,margi-south,Margi South,en,Margi South,mfm,mfm,core,,2026-09-03T07:00:06.934937+00:00,76,76,62,14,0,62,62,62,62,62,0,0,0,62,35,34,35,34,27,0,0,en,33,62,declared metadata; canonical identity and stream health not guaranteed
cmokkq50x01xyqscco8qdespw,18489,mari-low,"Mari, Low",en|mhr,"Mari, Low",mhr,mhr,core,,2026-09-03T07:00:06.934937+00:00,76,76,62,14,0,62,62,62,62,62,0,0,0,62,35,34,35,34,27,0,0,en,33,62,declared metadata; canonical identity and stream health not guaranteed
cmokkzixl049rqsccdcxta1zc,6178,maria,Maria,en,Maria,mrr,mrr,core,,2026-09-03T07:00:06.934937+00:00,76,76,62,14,0,62,62,62,62,62,0,0,0,62,35,34,35,34,27,0,0,en,33,62,declared metadata; canonical identity and stream health not guaranteed
cmokl01n304dvqsccqlc29f24,6558,maria-dandami,"Maria, Dandami",en,"Maria, Dandami",daq,daq,core,,2026-09-03T07:00:06.934937+00:00,76,76,62,14,0,62,62,62,62,62,0,0,0,62,35,34,35,34,27,0,0,en,33,62,declared metadata; canonical identity and stream health not guaranteed
cmok1ngz8011xqsv1o56jgc1b,140520,markweeta,Markweeta,en,Markweeta,enb,enb,core,,2026-09-03T07:00:06.934937+00:00,76,76,62,14,0,62,62,62,62,62,0,0,0,62,35,34,35,34,27,0,0,en,33,62,declared metadata; canonical identity and stream health not guaranteed
cmok1jn180046qsv1dybpvmzw,101788,marma,Marma,en,Marma,rmz,rmz,core,,2026-09-03T07:00:06.934937+00:00,76,76,62,14,0,62,62,62,62,62,0,0,0,62,35,34,35,34,27,0,0,en,33,62,declared metadata; canonical identity and stream health not guaranteed
cmokl2kqz050bqscc2fodpr9o,99303,maro,Maro,en,Maro,liq,liq,core,,2026-09-03T07:00:06.934937+00:00,76,76,62,14,0,62,62,62,62,62,0,0,0,62,35,34,35,34,27,0,0,en,33,62,declared metadata; canonical identity and stream health not guaranteed
cmokl0vh504leqsccrpv98ykb,7889,marshallese,Marshallese,en|mh,Marshallese,mh,mah,core,,2026-09-03T07:00:06.934937+00:00,105,105,86,19,0,86,86,86,86,86,0,0,0,86,48,46,48,46,38,0,0,mh,0,0,declared metadata; canonical identity and stream health not guaranteed
cmokkzk8704a4qscciqpg3jif,6209,marwari,Marwari,en,Marwari,rwr,rwr,core,,2026-09-03T07:00:06.934937+00:00,92,92,76,15,1,76,76,76,76,76,0,0,0,76,48,46,36,35,28,0,0,en,34,76,declared metadata; canonical identity and stream health not guaranteed
cmok1jyc0006vqsv12zn8gsmz,10527,marwari-northern,"Marwari, Northern",en,"Marwari, Northern",mve,mve,core,,2026-09-03T07:00:06.934937+00:00,75,75,61,14,0,61,61,61,61,61,0,0,0,61,34,33,34,33,27,0,0,en,32,61,declared metadata; canonical identity and stream health not guaranteed
cmok1jynt006yqsv1o28y3usp,10528,marwari-southern,"Marwari, Southern",en,"Marwari, Southern",mve,mve,core,,2026-09-03T07:00:06.934937+00:00,132,132,116,15,1,116,116,116,116,116,0,0,0,116,67,63,57,54,49,0,0,en,53,116,declared metadata; canonical identity and stream health not guaranteed
cmokkvu8t03cbqscczwcies12,3531,masalit,Masalit,en,Masalit,mls,mls,core,,2026-09-03T07:00:06.934937+00:00,76,76,62,14,0,62,62,62,62,62,0,0,0,62,35,34,35,34,27,0,0,en,33,62,declared metadata; canonical identity and stream health not guaranteed
cmokkv45c035tqsccqy7cqsjx,2538,masana,Masana,en,Masana,mcn,mcn,core,,2026-09-03T07:00:06.934937+00:00,82,82,67,14,1,67,67,67,67,67,0,0,0,67,39,38,39,38,28,0,0,en,37,67,declared metadata; canonical identity and stream health not guaranteed
cmok1l7rj00i2qsv1yph1qyfy,12622,masbatenyo,Masbatenyo,en,Masbatenyo,msb,msb,core,,2026-09-03T07:00:06.934937+00:00,76,76,62,14,0,62,62,62,62,62,0,0,0,62,35,34,35,34,27,0,0,en,33,62,declared metadata; canonical identity and stream health not guaranteed
cmokkuqia032iqsccqiidfd68,24142,mashami-chagga,Mashami-Chagga,en,Mashami-Chagga,jmc,jmc,core,,2026-09-03T07:00:06.934937+00:00,76,76,62,14,0,62,62,62,62,62,0,0,0,62,35,34,35,34,27,0,0,en,33,62,declared metadata; canonical identity and stream health not guaranteed
cmokksrid02l8qscczbrdkbhr,20919,mashi,Mashi,en,Mashi,shr,shr,core,,2026-09-03T07:00:06.934937+00:00,76,76,62,14,0,62,62,62,62,62,0,0,0,62,35,34,35,34,27,0,0,en,33,62,declared metadata; canonical identity and stream health not guaranteed
cmokktyri02w1qsccr10588zz,23196,masikoro,Masikoro,en,Masikoro,msh,msh,core,,2026-09-03T07:00:06.934937+00:00,79,79,64,15,0,64,64,64,64,64,0,0,0,64,35,34,35,34,29,0,0,en,33,64,declared metadata; canonical identity and stream health not guaranteed
cmok1o6ad017yqsv1zp0vzm33,141436,maskelynes,Maskelynes,en,Maskelynes,klv,klv,core,,2026-09-03T07:00:06.934937+00:00,79,79,63,16,0,63,63,63,63,63,0,0,0,63,35,34,35,34,28,0,0,en,33,63,declared metadata; canonical identity and stream health not guaranteed
cmok1jnet0049qsv1nvbfmj0s,101827,matal,Matal,en,Matal,mfh,mfh,core,,2026-09-03T07:00:06.934937+00:00,76,76,62,14,0,62,62,62,62,62,0,0,0,62,35,34,35,34,27,0,0,en,33,62,declared metadata; canonical identity and stream health not guaranteed
cmok1p3v301fdqsv1bhonrkdd,14255,matengo,Matengo,en,Matengo,mgv,mgv,core,,2026-09-03T07:00:06.934937+00:00,76,76,62,14,0,62,62,62,62,62,0,0,0,62,35,34,35,34,27,0,0,en,33,62,declared metadata; canonical identity and stream health not guaranteed
cmok1qhzt01reqsv1ky8ocu07,144465,mato,Mato,en,Mato,met,met,core,,2026-09-03T07:00:06.934937+00:00,76,76,62,14,0,62,62,62,62,62,0,0,0,62,35,34,35,34,27,0,0,en,33,62,declared metadata; canonical identity and stream health not guaranteed
cmok1rz3t0244qsv16u7vasjn,1604,matses,Matses,en,Matses,mcf,mcf,core,,2026-09-03T07:00:06.934937+00:00,79,79,63,16,0,63,63,63,63,63,0,0,0,63,35,34,35,34,28,0,0,en,33,63,declared metadata; canonical identity and stream health not guaranteed
cmok1srte02atqsv11vzrmzxp,173888,matsigenka,Matsigenka,en,Matsigenka,mcb,mcb,core,,2026-09-03T07:00:06.934937+00:00,79,79,63,16,0,63,63,63,63,63,0,0,0,63,35,34,35,34,28,0,0,en,33,63,declared metadata; canonical identity and stream health not guaranteed
cmok1p3j801faqsv1v4kprus5,14254,matumbi,Matumbi,en,Matumbi,mgw,mgw,core,,2026-09-03T07:00:06.934937+00:00,79,79,64,15,0,64,64,64,64,64,0,0,0,64,35,34,35,34,29,0,0,en,33,64,declared metadata; canonical identity and stream health not guaranteed
cmok1rbmu01ylqsv1o8fwgzj7,152300,mawae,Mawae,en,Mawae,zia,zia,core,,2026-09-03T07:00:06.934937+00:00,79,79,63,16,0,63,63,63,63,63,0,0,0,63,35,34,35,34,28,0,0,en,33,63,declared metadata; canonical identity and stream health not guaranteed
cmokkrl5t02ahqsccakkjt7b3,19988,mawchi,Mawchi,en,Mawchi,mke,mke,core,,2026-09-03T07:00:06.934937+00:00,76,76,62,14,0,62,62,62,62,62,0,0,0,62,35,34,35,34,27,0,0,en,33,62,declared metadata; canonical identity and stream health not guaranteed
cmok1s1mx024pqsv17hh8gfp0,1608,maxakali,Maxakali,en,Maxakali,mbl,mbl,core,,2026-09-03T07:00:06.934937+00:00,76,76,62,14,0,62,62,62,62,62,0,0,0,62,35,34,35,34,27,0,0,en,33,62,declared metadata; canonical identity and stream health not guaranteed
cmokkswnx02miqsccmdce1kzl,21012,mayan,Mayan,en,Mayan,yua,yua,core,,2026-09-03T07:00:06.934937+00:00,148,148,130,16,2,130,130,130,130,130,0,0,0,130,80,75,58,55,50,0,0,en,54,130,declared metadata; canonical identity and stream health not guaranteed
cmok1p0wc01epqsv1gcfns1wr,142395,mayangna,Mayangna,en,Mayangna,yan,yan,core,,2026-09-03T07:00:06.934937+00:00,78,78,63,15,0,63,63,63,63,63,0,0,0,63,35,34,35,34,28,0,0,en,33,63,declared metadata; canonical identity and stream health not guaranteed
cmok1rdd801z0qsv16ahfsxos,15329,mayogo,Mayogo,en,Mayogo,mdm,mdm,core,,2026-09-03T07:00:06.934937+00:00,76,76,62,14,0,62,62,62,62,62,0,0,0,62,35,34,35,34,27,0,0,en,33,62,declared metadata; canonical identity and stream health not guaranteed
cmok1t1ba02d3qsv1o89prn9w,176144,mazagway-hidi,Mazagway-Hidi,en,Mazagway-Hidi,dkx,dkx,core,,2026-09-03T07:00:06.934937+00:00,76,76,62,14,0,62,62,62,62,62,0,0,0,62,35,34,35,34,27,0,0,en,33,62,declared metadata; canonical identity and stream health not guaranteed
cmokl195c04otqscctmyx9oa1,8241,mazahua,Mazahua,en,Mazahua,maz,maz,core,,2026-09-03T07:00:06.934937+00:00,76,76,62,14,0,62,62,62,62,62,0,0,0,62,35,34,35,34,27,0,0,en,33,62,declared metadata; canonical identity and stream health not guaranteed
cmokl05nu04exqscc7xcz39lo,6793,mazanderani,Mazanderani,en,Mazanderani,mzn,mzn,core,,2026-09-03T07:00:06.934937+00:00,67,67,54,12,1,54,54,54,54,54,0,0,0,54,32,29,31,28,22,0,0,en,28,54,declared metadata; canonical identity and stream health not guaranteed
cmokl19j504owqsccfrhyblm0,8245,mazateco-huautla-de-jimenez,"Mazateco, Huautla De Jimenez",en,"Mazateco, Huautla De Jimenez",mau,mau,core,,2026-09-03T07:00:06.934937+00:00,76,76,62,14,0,62,62,62,62,62,0,0,0,62,35,34,35,34,27,0,0,en,33,62,declared metadata; canonical identity and stream health not guaranteed
cmok1qip301rkqsv1oggqku9l,144472,mba,Mba,en,Mba,mfc,mfc,core,,2026-09-03T07:00:06.934937+00:00,76,76,62,14,0,62,62,62,62,62,0,0,0,62,35,34,35,34,27,0,0,en,33,62,declared metadata; canonical identity and stream health not guaranteed
cmokkrk4d02a9qsccjtef3bt7,19953,mbala,Mbala,en,Mbala,mdp,mdp,core,,2026-09-03T07:00:06.934937+00:00,76,76,62,14,0,62,62,62,62,62,0,0,0,62,35,34,35,34,27,0,0,en,33,62,declared metadata; canonical identity and stream health not guaranteed
cmok1pmmo01jtqsv1oe8v4ph5,143356,mbandja,Mbandja,en,Mbandja,zmz,zmz,core,,2026-09-03T07:00:06.934937+00:00,79,79,64,15,0,64,64,64,64,64,0,0,0,64,35,34,35,34,29,0,0,en,33,64,declared metadata; canonical identity and stream health not guaranteed
cmok1jnqk004cqsv1cags37m3,101833,mbe,Mbe,en,Mbe,mfo,mfo,core,,2026-09-03T07:00:06.934937+00:00,79,79,64,15,0,64,64,64,64,64,0,0,0,64,35,34,35,34,29,0,0,en,33,64,declared metadata; canonical identity and stream health not guaranteed
cmok1jeci0023qsv1r40ckqqm,100953,mbelime,Mbelime,en,Mbelime,mql,mql,core,,2026-09-03T07:00:06.934937+00:00,76,76,62,14,0,62,62,62,62,62,0,0,0,62,35,34,35,34,27,0,0,en,33,62,declared metadata; canonical identity and stream health not guaranteed
cmokl1w6d04ufqsccowgs4l17,9473,mbembe-cross-river,"Mbembe, Cross River",en,"Mbembe, Cross River",mfn,mfn,core,,2026-09-03T07:00:06.934937+00:00,76,76,62,14,0,62,62,62,62,62,0,0,0,62,35,34,35,34,27,0,0,en,33,62,declared metadata; canonical identity and stream health not guaranteed
cmokku0x302wlqsccctmub96h,2329,mbembe-tigon,"Mbembe, Tigon",en,"Mbembe, Tigon",nza,nza,core,,2026-09-03T07:00:06.934937+00:00,79,79,64,15,0,64,64,64,64,64,0,0,0,64,35,34,35,34,29,0,0,en,33,64,declared metadata; canonical identity and stream health not guaranteed
cmokkwlnc03j7qscc7b15m14b,4336,mbosi,Mbosi,en,Mbosi,mdw,mdw,core,,2026-09-03T07:00:06.934937+00:00,76,76,62,14,0,62,62,62,62,62,0,0,0,62,35,34,35,34,27,0,0,en,33,62,declared metadata; canonical identity and stream health not guaranteed
cmok1qmh201shqsv1ckzc7ivk,144632,mbugwe,Mbugwe,en,Mbugwe,mgz,mgz,core,,2026-09-03T07:00:06.934937+00:00,76,76,62,14,0,62,62,62,62,62,0,0,0,62,35,34,35,34,27,0,0,en,33,62,declared metadata; canonical identity and stream health not guaranteed
cmok1je0z0020qsv1gk7x5aoi,100947,mbuko,Mbuko,en,Mbuko,mqb,mqb,core,,2026-09-03T07:00:06.934937+00:00,76,76,62,14,0,62,62,62,62,62,0,0,0,62,35,34,35,34,27,0,0,en,33,62,declared metadata; canonical identity and stream health not guaranteed
cmokkz1q2045eqscc12csstjm,570,mbukushu,Mbukushu,en,Mbukushu,mhw,mhw,core,,2026-09-03T07:00:06.934937+00:00,76,76,62,14,0,62,62,62,62,62,0,0,0,62,35,34,35,34,27,0,0,en,33,62,declared metadata; canonical identity and stream health not guaranteed
cmokl1wi104uiqsccso0tb29p,9490,mbula,Mbula,en,Mbula,mbu,mbu,core,,2026-09-03T07:00:06.934937+00:00,79,79,64,15,0,64,64,64,64,64,0,0,0,64,35,34,35,34,29,0,0,en,33,64,declared metadata; canonical identity and stream health not guaranteed
cmok1kipf00bxqsv1pknzfgf8,11668,medlpa,Medlpa,en,Medlpa,med,med,core,,2026-09-03T07:00:06.934937+00:00,76,76,62,14,0,62,62,62,62,62,0,0,0,62,35,34,35,34,27,0,0,en,33,62,declared metadata; canonical identity and stream health not guaranteed
cmokkvl8h03a0qsccs17ee9wz,2871,medumba,Medumba,byv|en,Medumba,byv,byv,core,,2026-09-03T07:00:06.934937+00:00,76,76,62,14,0,62,62,62,62,62,0,0,0,62,35,34,35,34,27,0,0,en,33,62,declared metadata; canonical identity and stream health not guaranteed
cmok1qk1w01rwqsv123n8vswe,144517,meen,Me'En,en,Me'En,mym,mym,core,,2026-09-03T07:00:06.934937+00:00,76,76,62,14,0,62,62,62,62,62,0,0,0,62,35,34,35,34,27,0,0,en,33,62,declared metadata; canonical identity and stream health not guaranteed
cmok1pzdv01mtqsv1xs9jd16k,143789,meitei,Meitei,en|mni,Meitei,mni,mni,core,,2026-09-03T07:00:06.934937+00:00,151,151,131,18,2,131,131,131,131,131,0,0,0,131,81,76,59,56,50,0,0,en,55,131,declared metadata; canonical identity and stream health not guaranteed
cmok1qhmo01rbqsv1bistftrb,144461,mekeo,Mekeo,en,Mekeo,mek,mek,core,,2026-09-03T07:00:06.934937+00:00,79,79,63,16,0,63,63,63,63,63,0,0,0,63,35,34,35,34,28,0,0,en,33,63,declared metadata; canonical identity and stream health not guaranteed
cmok1qg9o01qzqsv1o13ushqd,144425,mele-fila,Mele-Fila,en,Mele-Fila,mxe,mxe,core,,2026-09-03T07:00:06.934937+00:00,79,79,63,16,0,63,63,63,63,63,0,0,0,63,35,34,35,34,28,0,0,en,33,63,declared metadata; canonical identity and stream health not guaranteed
cmok1jmc20040qsv1uu5twp8z,101718,melpa,Melpa,en,Melpa,med,med,core,,2026-09-03T07:00:06.934937+00:00,78,78,63,15,0,63,63,63,63,63,0,0,0,63,35,34,35,34,28,0,0,en,33,63,declared metadata; canonical identity and stream health not guaranteed
cmokl0mdz04j4qsccol75sq3m,7577,mende,Mende,en,Mende,men,men,core,,2026-09-03T07:00:06.934937+00:00,126,126,105,19,2,105,105,105,105,105,0,0,0,105,65,62,53,51,40,0,0,en,47,103,declared metadata; canonical identity and stream health not guaranteed
cmok1taxt02fbqsv1zfopf1cu,17797,mentawai,Mentawai,en,Mentawai,mwv,mwv,core,,2026-09-03T07:00:06.934937+00:00,76,76,62,14,0,62,62,62,62,62,0,0,0,62,35,34,35,34,27,0,0,en,33,62,declared metadata; canonical identity and stream health not guaranteed
cmokksuxk02m3qsccy83ydibw,20977,mephaa,Me'phaa,en,Me'phaa,tcf,tcf,core,,2026-09-03T07:00:06.934937+00:00,76,76,62,14,0,62,62,62,62,62,0,0,0,62,35,34,35,34,27,0,0,en,33,62,declared metadata; canonical identity and stream health not guaranteed
cmokkq3if01xkqsccs7388369,184853,mephaa-de-acatapec,Me'Phaa De Acatapec,en,Me'Phaa De Acatapec,tpx,tpx,core,,2026-09-03T07:00:06.934937+00:00,76,76,62,14,0,62,62,62,62,62,0,0,0,62,35,34,35,34,27,0,0,en,33,62,declared metadata; canonical identity and stream health not guaranteed
cmokkpzh101wnqsccyxw95bm0,184831,mephaa-de-huitzapula,Me'Phaa De Huitzapula,en,Me'Phaa De Huitzapula,tcf,tcf,core,,2026-09-03T07:00:06.934937+00:00,76,76,62,14,0,62,62,62,62,62,0,0,0,62,35,34,35,34,27,0,0,en,33,62,declared metadata; canonical identity and stream health not guaranteed
cmok1jhut002xqsv1ody277dq,101396,meqa,Meqa,en,Meqa,mvz,mvz,core,,2026-09-03T07:00:06.934937+00:00,76,76,62,14,0,62,62,62,62,62,0,0,0,62,35,34,35,34,27,0,0,en,33,62,declared metadata; canonical identity and stream health not guaranteed
cmok1jmpk0043qsv1mvykyrv2,101729,merey,Merey,en,Merey,meq,meq,core,,2026-09-03T07:00:06.934937+00:00,76,76,62,14,0,62,62,62,62,62,0,0,0,62,35,34,35,34,27,0,0,en,33,62,declared metadata; canonical identity and stream health not guaranteed
cmokl2qn3051qqsccpkszffdt,99886,merwari,Merwari,en,Merwari,wry,wry,core,,2026-09-03T07:00:06.934937+00:00,76,76,62,14,0,62,62,62,62,62,0,0,0,62,35,34,35,34,27,0,0,en,33,62,declared metadata; canonical identity and stream health not guaranteed
cmokksj3802j2qscc02s9jlzf,20814,mewari,Mewari,en,Mewari,mtr,mtr,core,,2026-09-03T07:00:06.934937+00:00,76,76,62,14,0,62,62,62,62,62,0,0,0,62,35,34,35,34,27,0,0,en,33,62,declared metadata; canonical identity and stream health not guaranteed
cmokl18i204onqsccjwmkptcl,8230,mexican-sign-language,Mexican Sign Language,en,Mexican Sign Language,mfs,mfs,core,,2026-09-03T07:00:06.934937+00:00,8,8,1,7,0,1,1,1,1,1,0,0,0,1,1,1,1,1,0,0,0,en,1,1,declared metadata; canonical identity and stream health not guaranteed
cmok1qhas01r8qsv1jqhrkksa,144460,meyah,Meyah,en,Meyah,mej,mej,core,,2026-09-03T07:00:06.934937+00:00,76,76,62,14,0,62,62,62,62,62,0,0,0,62,35,34,35,34,27,0,0,en,33,62,declared metadata; canonical identity and stream health not guaranteed
cmokky2r203woqsccn75z9djw,53313,mgbolizhia,Mgbolizhia,en,Mgbolizhia,gmz,gmz,core,,2026-09-03T07:00:06.934937+00:00,76,76,62,14,0,62,62,62,62,62,0,0,0,62,35,34,35,34,27,0,0,en,33,62,declared metadata; canonical identity and stream health not guaranteed
cmok1nrwj014kqsv11quy2pbv,140982,miao-central-mashan,"Miao, Central Mashan",en,"Miao, Central Mashan",hmm,hmm,core,,2026-09-03T07:00:06.934937+00:00,75,75,62,13,0,62,62,62,62,62,0,0,0,62,35,34,35,34,27,0,0,en,33,62,declared metadata; canonical identity and stream health not guaranteed
cmok1nc3n010rqsv1jqtv66ru,140246,miao-chuanqiandian-cluster,"Miao, Chuanqiandian Cluster",en,"Miao, Chuanqiandian Cluster",cqd,cqd,core,,2026-09-03T07:00:06.934937+00:00,76,76,62,14,0,62,62,62,62,62,0,0,0,62,35,34,35,34,27,0,0,en,33,62,declared metadata; canonical identity and stream health not guaranteed
cmok1qrbo01tnqsv1nzgqlkr9,144869,miao-eastern-qiandong,"Miao, Eastern Qiandong",en,"Miao, Eastern Qiandong",hmq,hmq,core,,2026-09-03T07:00:06.934937+00:00,79,79,63,16,0,63,63,63,63,63,0,0,0,63,35,34,35,34,28,0,0,en,33,63,declared metadata; canonical identity and stream health not guaranteed
cmok1qr0001tkqsv1iiab5uuh,144844,miao-eastern-xiangxi,,,"Miao, Eastern Xiangxi",muq,muq,core,2026-07-21T22:32:29.377+00:00,2026-06-04T23:05:30.955364+00:00,79,79,63,16,0,63,0,0,0,0,0,0,0,0,0,0,0,0,0,0,0,,,,declared metadata; canonical identity and stream health not guaranteed
cmokkton902thqsccqndolmy2,22842,miao-huishui-northern,"Miao, Huishui (Northern)",en,"Miao, Huishui (Northern)",hmi,hmi,core,,2026-09-03T07:00:06.934937+00:00,79,79,63,16,0,63,63,63,63,63,0,0,0,63,35,34,35,34,28,0,0,en,33,63,declared metadata; canonical identity and stream health not guaranteed
cmok1nrkx014hqsv12jwq37yl,140948,miao-northern-qiandong,"Miao, Northern Qiandong",en,"Miao, Northern Qiandong",hea,hea,core,,2026-09-03T07:00:06.934937+00:00,79,79,63,16,0,63,63,63,63,63,0,0,0,63,35,34,35,34,28,0,0,en,33,63,declared metadata; canonical identity and stream health not guaranteed
cmok1oxa501dvqsv1cbh7xx6q,142333,miao-small-flowery,"Miao, Small Flowery",en,"Miao, Small Flowery",sfm,sfm,core,,2026-09-03T07:00:06.934937+00:00,79,79,63,16,0,63,63,63,63,63,0,0,0,63,35,34,35,34,28,0,0,en,33,63,declared metadata; canonical identity and stream health not guaranteed
cmok1nsa7014nqsv17u40xx6g,140985,miao-southern-qiandong,"Miao, Southern Qiandong",en,"Miao, Southern Qiandong",hms,hms,core,,2026-09-03T07:00:06.934937+00:00,76,76,62,14,0,62,62,62,62,62,0,0,0,62,35,34,35,34,27,0,0,en,33,62,declared metadata; canonical identity and stream health not guaranteed
cmokkvsbo03buqsccpxma5gdu,32122,migili,Migili,en,Migili,mgi,mgi,core,,2026-09-03T07:00:06.934937+00:00,79,79,64,15,0,64,64,64,64,64,0,0,0,64,35,34,35,34,29,0,0,en,33,64,declared metadata; canonical identity and stream health not guaranteed
cmok1qglb01r2qsv1wh516yiy,144427,miju-mishmi,Miju-Mishmi,en,Miju-Mishmi,mxj,mxj,core,,2026-09-03T07:00:06.934937+00:00,76,76,62,14,0,62,62,62,62,62,0,0,0,62,35,34,35,34,27,0,0,en,33,62,declared metadata; canonical identity and stream health not guaranteed
cmok1t67e02e8qsv1a490ywhb,17695,minangkabau,Minangkabau,en,Minangkabau,min,min,core,,2026-09-03T07:00:06.934937+00:00,76,76,62,14,0,62,62,62,62,62,0,0,0,62,35,34,35,34,27,0,0,en,33,62,declared metadata; canonical identity and stream health not guaranteed
cmokkxjx703rxqsccgknuq2qs,5076,mingrelian,Mingrelian,en,Mingrelian,xmf,xmf,core,,2026-09-03T07:00:06.934937+00:00,76,76,62,14,0,62,62,62,62,62,0,0,0,62,35,34,35,34,27,0,0,en,33,62,declared metadata; canonical identity and stream health not guaranteed
cmokksr6g02l5qsccg3pk2lys,20917,minianka,Minianka,en,Minianka,myk,myk,core,,2026-09-03T07:00:06.934937+00:00,76,76,62,14,0,62,62,62,62,62,0,0,0,62,35,34,35,34,27,0,0,en,33,62,declared metadata; canonical identity and stream health not guaranteed
cmokkzb1m047sqsccy75lygj3,5935,mirgan,Mirgan,en,Mirgan,zrg,zrg,core,,2026-09-03T07:00:06.934937+00:00,76,76,62,14,0,62,62,62,62,62,0,0,0,62,35,34,35,34,27,0,0,en,33,62,declared metadata; canonical identity and stream health not guaranteed
cmokkusec032xqsccn7k89ybt,24177,mising,Mising,en,Mising,mrg,mrg,core,,2026-09-03T07:00:06.934937+00:00,76,76,62,14,0,62,62,62,62,62,0,0,0,62,35,34,35,34,27,0,0,en,33,62,declared metadata; canonical identity and stream health not guaranteed
cmokkysxp0435qscc7fsq7b5m,5527,miskito,Miskito,en,Miskito,miq,miq,core,,2026-09-03T07:00:06.934937+00:00,76,76,62,14,0,62,62,62,62,62,0,0,0,62,35,34,35,34,27,0,0,en,33,62,declared metadata; canonical identity and stream health not guaranteed
cmokl18tn04oqqscci5r7e82k,8235,mixe-coatlan,"Mixe, Coatlan",en,"Mixe, Coatlan",mco,mco,core,,2026-09-03T07:00:06.934937+00:00,76,76,62,14,0,62,62,62,62,62,0,0,0,62,35,34,35,34,27,0,0,en,33,62,declared metadata; canonical identity and stream health not guaranteed
cmokl1dgq04ptqscc1gfjb25p,8295,mixe-del-istmo,Mixe Del Istmo,en,Mixe Del Istmo,mir,mir,core,,2026-09-03T07:00:06.934937+00:00,76,76,62,14,0,62,62,62,62,62,0,0,0,62,35,34,35,34,27,0,0,en,33,62,declared metadata; canonical identity and stream health not guaranteed
cmok1qa0301peqsv1n43ms8xh,144228,mixtec-amoltepec,"Mixtec, Amoltepec",en,"Mixtec, Amoltepec",mbz,mbz,core,,2026-09-03T07:00:06.934937+00:00,76,76,62,14,0,62,62,62,62,62,0,0,0,62,35,34,35,34,27,0,0,en,33,62,declared metadata; canonical identity and stream health not guaranteed
cmokkv7vj036pqscc8294iyql,26162,mixtec-ayutla,"Mixtec, Ayutla",en,"Mixtec, Ayutla",miy,miy,core,,2026-09-03T07:00:06.934937+00:00,76,76,62,14,0,62,62,62,62,62,0,0,0,62,35,34,35,34,27,0,0,en,33,62,declared metadata; canonical identity and stream health not guaranteed
cmok1orsv01cmqsv1f0aht8b4,142146,mixtec-magdalena-penasco,"Mixtec, Magdalena Penasco",en,"Mixtec, Magdalena Penasco",xtm,xtm,core,,2026-09-03T07:00:06.934937+00:00,79,79,63,16,0,63,63,63,63,63,0,0,0,63,35,34,35,34,28,0,0,en,33,63,declared metadata; canonical identity and stream health not guaranteed
cmokl1eaw04pzqsccvpvh5vh0,8299,mixteco-alacatlatzala,"Mixteco, Alacatlatzala",en,"Mixteco, Alacatlatzala",mim,mim,core,,2026-09-03T07:00:06.934937+00:00,76,76,62,14,0,62,62,62,62,62,0,0,0,62,35,34,35,34,27,0,0,en,33,62,declared metadata; canonical identity and stream health not guaranteed
cmokl108h04mlqsccw8wvf4yp,8038,mixteco-central-juxtlahuaca,"Mixteco, Central Juxtlahuaca",en,"Mixteco, Central Juxtlahuaca",vmc,vmc,core,,2026-09-03T07:00:06.934937+00:00,76,76,62,14,0,62,62,62,62,62,0,0,0,62,35,34,35,34,27,0,0,en,33,62,declared metadata; canonical identity and stream health not guaranteed
cmokkq06a01wtqscc3icu6ygu,184833,mixteco-cuquila-ocotepec,Mixteco Cuquila Ocotepec,en,Mixteco Cuquila Ocotepec,mie,mie,core,,2026-09-03T07:00:06.934937+00:00,76,76,62,14,0,62,62,62,62,62,0,0,0,62,35,34,35,34,27,0,0,en,33,62,declared metadata; canonical identity and stream health not guaranteed
cmokl1d3904pqqsccjecv8gq8,8294,mixteco-diuxi-tilantongo,"Mixteco, Diuxi-Tilantongo",en,"Mixteco, Diuxi-Tilantongo",xtd,xtd,core,,2026-09-03T07:00:06.934937+00:00,76,76,62,14,0,62,62,62,62,62,0,0,0,62,35,34,35,34,27,0,0,en,33,62,declared metadata; canonical identity and stream health not guaranteed
cmokl1epg04q2qsccf2wkllpm,8303,mixteco-eastern,"Mixteco, Eastern",en,"Mixteco, Eastern",mil,mil,core,,2026-09-03T07:00:06.934937+00:00,76,76,62,14,0,62,62,62,62,62,0,0,0,62,35,34,35,34,27,0,0,en,33,62,declared metadata; canonical identity and stream health not guaranteed
cmokl17pw04ohqsccqjua3awd,8193,mixteco-metlatonoc,"Mixteco, Metlatonoc",en,"Mixteco, Metlatonoc",mxv-x-Metlatonoc,mxv,core,,2026-09-03T07:00:06.934937+00:00,76,76,62,14,0,62,62,62,62,62,0,0,0,62,35,34,35,34,27,0,0,en,33,62,declared metadata; canonical identity and stream health not guaranteed
cmokkuiwq030kqscc4c6i8z3x,23992,mixteco-monte-verde,"Mixteco, Monte Verde",en,"Mixteco, Monte Verde",xtn,xtn,core,,2026-09-03T07:00:06.934937+00:00,76,76,62,14,0,62,62,62,62,62,0,0,0,62,35,34,35,34,27,0,0,en,33,62,declared metadata; canonical identity and stream health not guaranteed
cmokl183h04okqsccbociejwy,8202,mixteco-northwest-oaxaca,"Mixteco, Northwest Oaxaca",en,"Mixteco, Northwest Oaxaca",mxa,mxa,core,,2026-09-03T07:00:06.934937+00:00,76,76,62,14,0,62,62,62,62,62,0,0,0,62,35,34,35,34,27,0,0,en,33,62,declared metadata; canonical identity and stream health not guaranteed
cmokkpzsr01wqqsccccoamukr,184832,mixteco-potoichan,Mixteco Potoichan,en,Mixteco Potoichan,mim,mim,core,,2026-09-03T07:00:06.934937+00:00,76,76,62,14,0,62,62,62,62,62,0,0,0,62,35,34,35,34,27,0,0,en,33,62,declared metadata; canonical identity and stream health not guaranteed
cmokl1dw404pwqsccfckssjpd,8296,mixteco-santa-maria-apasco,"Mixteco, Santa Maria Apasco",en,"Mixteco, Santa Maria Apasco",mip,mip,core,,2026-09-03T07:00:06.934937+00:00,76,76,62,14,0,62,62,62,62,62,0,0,0,62,35,34,35,34,27,0,0,en,33,62,declared metadata; canonical identity and stream health not guaranteed
cmokl1ca004pkqsccuy9h7yjk,8287,mixteco-silacayoapan,"Mixteco, Silacayoapan",en,"Mixteco, Silacayoapan",mks,mks,core,,2026-09-03T07:00:06.934937+00:00,76,76,62,14,0,62,62,62,62,62,0,0,0,62,35,34,35,34,27,0,0,en,33,62,declared metadata; canonical identity and stream health not guaranteed
cmokl1coz04pnqscc1n760azr,8293,mixteco-southern-puebla,"Mixteco, Southern Puebla",en,"Mixteco, Southern Puebla",mit,mit,core,,2026-09-03T07:00:06.934937+00:00,76,76,62,14,0,62,62,62,62,62,0,0,0,62,35,34,35,34,27,0,0,en,33,62,declared metadata; canonical identity and stream health not guaranteed
cmokkujq0030sqscc1kscsst6,24007,mixteco-terroro-venado,"Mixteco, Terroro Venado",en,"Mixteco, Terroro Venado",mxv,mxv,core,,2026-09-03T07:00:06.934937+00:00,76,76,62,14,0,62,62,62,62,62,0,0,0,62,35,34,35,34,27,0,0,en,33,62,declared metadata; canonical identity and stream health not guaranteed
cmokl1vu404ucqsccjnfxr7yi,9461,miya,Miya,en,Miya,mkf,mkf,core,,2026-09-03T07:00:06.934937+00:00,76,76,62,14,0,62,62,62,62,62,0,0,0,62,35,34,35,34,27,0,0,en,33,62,declared metadata; canonical identity and stream health not guaranteed
cmokkucjt02z1qsccqog09vg5,23578,mizo-lushai,"Mizo, Lushai",en,"Mizo, Lushai",lus,lus,core,,2026-09-03T07:00:06.934937+00:00,76,76,62,14,0,62,62,62,62,62,0,0,0,62,35,34,35,34,27,0,0,en,33,62,declared metadata; canonical identity and stream health not guaranteed
cmok1n37900yoqsv18xfptk58,139817,mmen,Mmen,bfm|en,Mmen,bfm,bfm,core,,2026-09-03T07:00:06.934937+00:00,79,79,64,15,0,64,64,64,64,64,0,0,0,64,35,34,35,34,29,0,0,en,33,64,declared metadata; canonical identity and stream health not guaranteed
cmokkt6d302p0qscco6c3pdob,2159,mnong-central,"Mnong, Central",en,"Mnong, Central",cmo,cmo,core,,2026-09-03T07:00:06.934937+00:00,78,78,63,14,1,63,63,63,63,63,0,0,0,63,35,34,35,34,28,0,0,en,33,63,declared metadata; canonical identity and stream health not guaranteed
cmokkqyyl0250qsccle40il3v,19200,mnong-rlam,Mnong Rlam,en,Mnong Rlam,mng,mng,core,,2026-09-03T07:00:06.934937+00:00,75,75,62,13,0,62,62,62,62,62,0,0,0,62,35,34,35,34,27,0,0,en,33,62,declared metadata; canonical identity and stream health not guaranteed
cmokkruug02cuqsccbqu2v9w4,2029,moba,Moba,en,Moba,mfq,mfq,core,,2026-09-03T07:00:06.934937+00:00,138,138,121,15,2,121,121,121,121,121,0,0,0,121,71,67,61,58,50,0,0,en,57,121,declared metadata; canonical identity and stream health not guaranteed
cmok1qnvn01stqsv1yviunze9,144705,mochi,Mochi,en,Mochi,old,old,core,,2026-09-03T07:00:06.934937+00:00,76,76,62,14,0,62,62,62,62,62,0,0,0,62,35,34,35,34,27,0,0,en,33,62,declared metadata; canonical identity and stream health not guaranteed
cmok1slkm029eqsv1egpjn9rd,17075,modole,Modole,en,Modole,mqo,mqo,core,,2026-09-03T07:00:06.934937+00:00,76,76,62,14,0,62,62,62,62,62,0,0,0,62,35,34,35,34,27,0,0,en,33,62,declared metadata; canonical identity and stream health not guaranteed
cmokkugh602zzqscc095o5ll4,23922,mofu-gudur,Mofu-Gudur,en,Mofu-Gudur,mif,mif,core,,2026-09-03T07:00:06.934937+00:00,76,76,62,14,0,62,62,62,62,62,0,0,0,62,35,34,35,34,27,0,0,en,33,62,declared metadata; canonical identity and stream health not guaranteed
cmok1jjwt003fqsv18an17not,101562,moken,Moken,en,Moken,mwt,mwt,core,,2026-09-03T07:00:06.934937+00:00,76,76,62,14,0,62,62,62,62,62,0,0,0,62,35,34,35,34,27,0,0,en,33,62,declared metadata; canonical identity and stream health not guaranteed
cmokkq4ji01xtqsccdglyn8jv,18487,moksha,Moksha,en|mdf,Moksha,mdf,mdf,core,,2026-09-03T07:00:06.934937+00:00,76,76,62,14,0,62,62,62,62,62,0,0,0,62,35,34,35,34,27,0,0,mdf,0,0,declared metadata; canonical identity and stream health not guaranteed
cmok1l71y00hwqsv1ult5p6r7,12603,molbog,Molbog,en,Molbog,pwm,pwm,core,,2026-09-03T07:00:06.934937+00:00,76,76,62,14,0,62,62,62,62,62,0,0,0,62,35,34,35,34,27,0,0,en,33,62,declared metadata; canonical identity and stream health not guaranteed
cmok1jlmw003uqsv1cde11j52,101665,moma,Moma,en,Moma,myl,myl,core,,2026-09-03T07:00:06.934937+00:00,76,76,62,14,0,62,62,62,62,62,0,0,0,62,35,34,35,34,27,0,0,en,33,62,declared metadata; canonical identity and stream health not guaranteed
cmokkrm7j02aqqsccu3aw7caq,20010,mon,Mon,en|mnw,Mon,mnw,mnw,core,,2026-09-03T07:00:06.934937+00:00,76,76,62,14,0,62,62,62,62,62,0,0,0,62,35,34,35,34,27,0,0,en,33,62,declared metadata; canonical identity and stream health not guaranteed
cmok1rd1h01yxqsv1isz24ptt,15300,mongo-nkundu,Mongo-Nkundu,en,Mongo-Nkundu,lol,lol,core,,2026-09-03T07:00:06.934937+00:00,76,76,62,14,0,62,62,62,62,62,0,0,0,62,35,34,35,34,27,0,0,en,33,62,declared metadata; canonical identity and stream health not guaranteed
cmokkp26v01omqsccec7y87lf,18259,mongolian-halh,"Mongolian, Halh",en|mn,"Mongolian, Halh",mn,khk,core,,2026-09-03T07:00:06.934937+00:00,264,264,233,24,7,233,233,233,233,233,0,0,0,233,106,100,84,80,127,0,0,mn,77,230,declared metadata; canonical identity and stream health not guaranteed
cmok1svjh02bpqsv1s1cvyih9,17467,mongondow,Mongondow,en,Mongondow,mog,mog,core,,2026-09-03T07:00:06.934937+00:00,76,76,62,14,0,62,62,62,62,62,0,0,0,62,35,34,35,34,27,0,0,en,33,62,declared metadata; canonical identity and stream health not guaranteed
cmokkrlud02anqsccl160vvv5,20007,mono,Mono,en,Mono,mnh,mnh,core,,2026-09-03T07:00:06.934937+00:00,76,76,62,14,0,62,62,62,62,62,0,0,0,62,35,34,35,34,27,0,0,en,33,62,declared metadata; canonical identity and stream health not guaranteed
cmokkru5002coqsccue4wwwj7,2028,moore,Moore,en,Moore,mos,mos,core,,2026-09-03T07:00:06.934937+00:00,166,166,145,19,2,145,145,145,145,145,0,0,0,145,84,79,74,70,61,0,0,en,66,143,declared metadata; canonical identity and stream health not guaranteed
cmok1m8ar00r5qsv1cqr2nuu2,13889,moro,Moro,en,Moro,mor,mor,core,,2026-09-03T07:00:06.934937+00:00,76,76,62,14,0,62,62,62,62,62,0,0,0,62,35,34,35,34,27,0,0,en,33,62,declared metadata; canonical identity and stream health not guaranteed
cmok1m90000rbqsv1jhw2w31s,13901,moru,Moru,en,Moru,mgd,mgd,core,,2026-09-03T07:00:06.934937+00:00,76,76,62,14,0,62,62,62,62,62,0,0,0,62,35,34,35,34,27,0,0,en,33,62,declared metadata; canonical identity and stream health not guaranteed
cmok1ne880119qsv1g3vhv1h6,140404,mosiye,Mosiye,en,Mosiye,dox,dox,core,,2026-09-03T07:00:06.934937+00:00,76,76,62,14,0,62,62,62,62,62,0,0,0,62,35,34,35,34,27,0,0,en,33,62,declared metadata; canonical identity and stream health not guaranteed
cmok1nupr0158qsv1th16yvyb,141066,mouwase,Mouwase,en,Mouwase,jmw,jmw,core,,2026-09-03T07:00:06.934937+00:00,76,76,62,14,0,62,62,62,62,62,0,0,0,62,35,34,35,34,27,0,0,en,33,62,declared metadata; canonical identity and stream health not guaranteed
cmokl0sv004krqscchvqexkb6,7791,mpoto,Mpoto,en,Mpoto,mpa,mpa,core,,2026-09-03T07:00:06.934937+00:00,76,76,62,14,0,62,62,62,62,62,0,0,0,62,35,34,35,34,27,0,0,en,33,62,declared metadata; canonical identity and stream health not guaranteed
cmokkvs0203brqsccr1hc00yr,3207,mpyemo,Mpyemo,en,Mpyemo,mcx,mcx,core,,2026-09-03T07:00:06.934937+00:00,76,76,62,14,0,62,62,62,62,62,0,0,0,62,35,34,35,34,27,0,0,en,33,62,declared metadata; canonical identity and stream health not guaranteed
cmokky5zd03xgqscc1dareutu,53346,mro,Mro,en,Mro,cmr,cmr,core,,2026-09-03T07:00:06.934937+00:00,76,76,62,14,0,62,62,62,62,62,0,0,0,62,35,34,35,34,27,0,0,en,33,62,declared metadata; canonical identity and stream health not guaranteed
cmok1kyi900fuqsv1pjkvz3s1,1251,mru,Mru,en,Mru,mro,mro,core,,2026-09-03T07:00:06.934937+00:00,76,76,62,14,0,62,62,62,62,62,0,0,0,62,35,34,35,34,27,0,0,en,33,62,declared metadata; canonical identity and stream health not guaranteed
cmok1q8ln01p2qsv1odei00ce,144156,mualang,Mualang,en,Mualang,mtd,mtd,core,,2026-09-03T07:00:06.934937+00:00,76,76,62,14,0,62,62,62,62,62,0,0,0,62,35,34,35,34,27,0,0,en,33,62,declared metadata; canonical identity and stream health not guaranteed
cmokkv0lf034zqsccak86psxy,2441,mumuye,Mumuye,en,Mumuye,mzm,mzm,core,,2026-09-03T07:00:06.934937+00:00,76,76,62,14,0,62,62,62,62,62,0,0,0,62,35,34,35,34,27,0,0,en,33,62,declared metadata; canonical identity and stream health not guaranteed
cmok1sv6g02bmqsv1zo74b5d0,17462,muna,Muna,en,Muna,mnb,mnb,core,,2026-09-03T07:00:06.934937+00:00,76,76,62,14,0,62,62,62,62,62,0,0,0,62,35,34,35,34,27,0,0,en,33,62,declared metadata; canonical identity and stream health not guaranteed
cmok1j9d1000xqsv1qvu67awq,100408,munda,Munda,en,Munda,unx,unx,core,,2026-09-03T07:00:06.934937+00:00,76,76,62,14,0,62,62,62,62,62,0,0,0,62,35,34,35,34,27,0,0,en,33,62,declared metadata; canonical identity and stream health not guaranteed
cmokkv2nb035hqscc6h75f01f,2453,mundang,Mundang,en,Mundang,mua,mua,core,,2026-09-03T07:00:06.934937+00:00,76,76,62,14,0,62,62,62,62,62,0,0,0,62,35,34,35,34,27,0,0,en,33,62,declared metadata; canonical identity and stream health not guaranteed
cmokkuzwb034tqsccaq8q81bw,2440,mundani,Mundani,en,Mundani,mnf,mnf,core,,2026-09-03T07:00:06.934937+00:00,76,76,62,14,0,62,62,62,62,62,0,0,0,62,35,34,35,34,27,0,0,en,33,62,declared metadata; canonical identity and stream health not guaranteed
cmok1ky1e00frqsv1rsrdj37u,1250,mundari,Mundari,en,Mundari,unr,unr,core,,2026-09-03T07:00:06.934937+00:00,76,76,62,14,0,62,62,62,62,62,0,0,0,62,35,34,35,34,27,0,0,en,33,62,declared metadata; canonical identity and stream health not guaranteed
cmok1leiq00joqsv1hnzwx8m8,127670,mundari-south-sudan,Mundari (South Sudan),en,Mundari (South Sudan),mqu,mqu,core,,2026-09-03T07:00:06.934937+00:00,76,76,62,14,0,62,62,62,62,62,0,0,0,62,35,34,35,34,27,0,0,en,33,62,declared metadata; canonical identity and stream health not guaranteed
cmokkpdix01rhqsccsqrx0jif,184502,mundu,Mundu,en,Mundu,muh,muh,core,,2026-09-03T07:00:06.934937+00:00,76,76,62,14,0,62,62,62,62,62,0,0,0,62,35,34,35,34,27,0,0,en,33,62,declared metadata; canonical identity and stream health not guaranteed
cmokkp1sp01ojqsccwjegkfyv,1821,munduruku,Munduruku,en,Munduruku,myu,myu,core,,2026-09-03T07:00:06.934937+00:00,76,76,62,14,0,62,62,62,62,62,0,0,0,62,35,34,35,34,27,0,0,en,33,62,declared metadata; canonical identity and stream health not guaranteed
cmokkv30z035kqsccgkd9cz53,2485,mungaka,Mungaka,en,Mungaka,mhk,mhk,core,,2026-09-03T07:00:06.934937+00:00,76,76,62,14,0,62,62,62,62,62,0,0,0,62,35,34,35,34,27,0,0,en,33,62,declared metadata; canonical identity and stream health not guaranteed
cmokkwla303j4qscchgxjx1r3,4334,munukutuba,Munukutuba,en,Munukutuba,mkw,mkw,core,,2026-09-03T07:00:06.934937+00:00,105,105,86,19,0,86,86,86,86,86,0,0,0,86,48,46,48,46,38,0,0,en,42,84,declared metadata; canonical identity and stream health not guaranteed
cmokkqylh024xqsccvxbnrf1k,19191,muong,Muong,en,Muong,mtq,mtq,core,,2026-09-03T07:00:06.934937+00:00,132,132,116,15,1,116,116,116,116,116,0,0,0,116,67,63,57,54,49,0,0,en,53,116,declared metadata; canonical identity and stream health not guaranteed
45fc28b3-523b-422b-afdd-11e802ab3766,155934,mupun,Mupun,en,Mupun,sur,sur,core,,2026-09-03T07:00:06.934937+00:00,75,75,62,13,0,62,62,62,62,62,0,0,0,62,35,34,35,34,27,0,0,en,33,62,declared metadata; canonical identity and stream health not guaranteed
cmokl2d5y04yhqsccdkqdtzjv,98139,muria-eastern,"Muria, Eastern",en,"Muria, Eastern",emu,emu,core,,2026-09-03T07:00:06.934937+00:00,76,76,62,14,0,62,62,62,62,62,0,0,0,62,35,34,35,34,27,0,0,en,33,62,declared metadata; canonical identity and stream health not guaranteed
cmok1jivo0036qsv1ry2fehwi,101474,muria-western,"Muria, Western",en,"Muria, Western",mut,mut,core,,2026-09-03T07:00:06.934937+00:00,76,76,62,14,0,62,62,62,62,62,0,0,0,62,35,34,35,34,27,0,0,en,33,62,declared metadata; canonical identity and stream health not guaranteed
cmokkx6hx03oiqsccm927fqq7,4764,murle,Murle,en,Murle,mur,mur,core,,2026-09-03T07:00:06.934937+00:00,76,76,62,14,0,62,62,62,62,62,0,0,0,62,35,34,35,34,27,0,0,en,33,62,declared metadata; canonical identity and stream health not guaranteed
cmokkv2bp035eqscc9arkxqra,2449,musgu,Musgu,en,Musgu,mug,mug,core,,2026-09-03T07:00:06.934937+00:00,76,76,62,14,0,62,62,62,62,62,0,0,0,62,35,34,35,34,27,0,0,en,33,62,declared metadata; canonical identity and stream health not guaranteed
cmokkuwzw0343qsccfre63owh,2430,muyang,Muyang,en,Muyang,muy,muy,core,,2026-09-03T07:00:06.934937+00:00,76,76,62,14,0,62,62,62,62,62,0,0,0,62,35,34,35,34,27,0,0,en,33,62,declared metadata; canonical identity and stream health not guaranteed
cmok1j6j20009qsv1n8gws7z7,10021,mwaghavul,Mwaghavul,en,Mwaghavul,sur,sur,core,,2026-09-03T07:00:06.934937+00:00,82,82,67,14,1,67,67,67,67,67,0,0,0,67,39,38,39,38,28,0,0,en,37,67,declared metadata; canonical identity and stream health not guaranteed
cmok1q31u01nqqsv13dmqth4v,143863,mwan,Mwan,en,Mwan,moa,moa,core,,2026-09-03T07:00:06.934937+00:00,76,76,62,14,0,62,62,62,62,62,0,0,0,62,35,34,35,34,27,0,0,en,33,62,declared metadata; canonical identity and stream health not guaranteed
cmokl1krv04riqsccqmummprv,8486,mwani,Mwani,en,Mwani,wmw,wmw,core,,2026-09-03T07:00:06.934937+00:00,76,76,62,14,0,62,62,62,62,62,0,0,0,62,35,34,35,34,27,0,0,en,33,62,declared metadata; canonical identity and stream health not guaranteed
cmok1o0t6016nqsv1k82ww0nr,14124,mwera,Mwera,en,Mwera,mwe,mwe,core,,2026-09-03T07:00:06.934937+00:00,76,76,62,14,0,62,62,62,62,62,0,0,0,62,35,34,35,34,27,0,0,en,33,62,declared metadata; canonical identity and stream health not guaranteed
cmokl0f7g04haqsccw6lxnxhg,7300,mwimbi-igoji-muthambi,Mwimbi-Igoji-Muthambi,en,Mwimbi-Igoji-Muthambi,mws,mws,core,,2026-09-03T07:00:06.934937+00:00,76,76,62,14,0,62,62,62,62,62,0,0,0,62,35,34,35,34,27,0,0,en,33,62,declared metadata; canonical identity and stream health not guaranteed
cmokkrng602b3qsccve8q723x,20061,naasioi,Naasioi,en,Naasioi,nas,nas,core,,2026-09-03T07:00:06.934937+00:00,76,76,62,14,0,62,62,62,62,62,0,0,0,62,35,34,35,34,27,0,0,en,33,62,declared metadata; canonical identity and stream health not guaranteed
cmokkxsb103u0qsccsedc0kwb,5228,nafaanra,Nafaanra,en,Nafaanra,nfr,nfr,core,,2026-09-03T07:00:06.934937+00:00,76,76,62,14,0,62,62,62,62,62,0,0,0,62,35,34,35,34,27,0,0,en,33,62,declared metadata; canonical identity and stream health not guaranteed
cmokkzfha048uqsccpakw1u3h,6071,naga-angami,"Naga, Angami",en,"Naga, Angami",njm,njm,core,,2026-09-03T07:00:06.934937+00:00,76,76,62,14,0,62,62,62,62,62,0,0,0,62,35,34,35,34,27,0,0,en,33,62,declared metadata; canonical identity and stream health not guaranteed
cmok1jo28004fqsv18o4iipvs,101847,naga-chang,"Naga, Chang",en,"Naga, Chang",nbc,nbc,core,,2026-09-03T07:00:06.934937+00:00,76,76,62,14,0,62,62,62,62,62,0,0,0,62,35,34,35,34,27,0,0,en,33,62,declared metadata; canonical identity and stream health not guaranteed
cmok1jgs4002oqsv150irdmeq,101310,naga-chokri,"Naga, Chokri",en,"Naga, Chokri",nri,nri,core,,2026-09-03T07:00:06.934937+00:00,76,76,62,14,0,62,62,62,62,62,0,0,0,62,35,34,35,34,27,0,0,en,33,62,declared metadata; canonical identity and stream health not guaranteed
cmok1q44m01nzqsv11yaudpmu,143890,naga-khezha,"Naga, Khezha",en,"Naga, Khezha",nkh,nkh,core,,2026-09-03T07:00:06.934937+00:00,76,76,62,14,0,62,62,62,62,62,0,0,0,62,35,34,35,34,27,0,0,en,33,62,declared metadata; canonical identity and stream health not guaranteed
cmokkzhb8049bqscc21gkced2,6144,naga-konyak,"Naga, Konyak",en,"Naga, Konyak",nbe,nbe,core,,2026-09-03T07:00:06.934937+00:00,76,76,62,14,0,62,62,62,62,62,0,0,0,62,35,34,35,34,27,0,0,en,33,62,declared metadata; canonical identity and stream health not guaranteed
cmok1pzz201myqsv16i647zdy,143810,naga-liangmai,"Naga, Liangmai",en,"Naga, Liangmai",njn,njn,core,,2026-09-03T07:00:06.934937+00:00,76,76,62,14,0,62,62,62,62,62,0,0,0,62,35,34,35,34,27,0,0,en,33,62,declared metadata; canonical identity and stream health not guaranteed
cmokkzfsz048xqsccjegk5yiq,6079,naga-lotha,"Naga, Lotha",en,"Naga, Lotha",njh,njh,core,,2026-09-03T07:00:06.934937+00:00,76,76,62,14,0,62,62,62,62,62,0,0,0,62,35,34,35,34,27,0,0,en,33,62,declared metadata; canonical identity and stream health not guaranteed
cmokkzgzk0498qscc0gc2a52m,6110,naga-mao,"Naga, Mao",en,"Naga, Mao",nbi,nbi,core,,2026-09-03T07:00:06.934937+00:00,76,76,62,14,0,62,62,62,62,62,0,0,0,62,35,34,35,34,27,0,0,en,33,62,declared metadata; canonical identity and stream health not guaranteed
cmokkzgm10495qscc6htef40v,6108,naga-rongmei,"Naga, Rongmei",en,"Naga, Rongmei",nbu,nbu,core,,2026-09-03T07:00:06.934937+00:00,76,76,62,14,0,62,62,62,62,62,0,0,0,62,35,34,35,34,27,0,0,en,33,62,declared metadata; canonical identity and stream health not guaranteed
cmok1jh5j002rqsv1qy3gxxb2,101316,naga-sangtam,"Naga, Sangtam",en,"Naga, Sangtam",nsa,nsa,core,,2026-09-03T07:00:06.934937+00:00,76,76,62,14,0,62,62,62,62,62,0,0,0,62,35,34,35,34,27,0,0,en,33,62,declared metadata; canonical identity and stream health not guaranteed
cmok1qb1201pnqsv11tr6xn5q,144286,naga-sumi,"Naga, Sumi",en,"Naga, Sumi",nsm,nsm,core,,2026-09-03T07:00:06.934937+00:00,76,76,62,14,0,62,62,62,62,62,0,0,0,62,35,34,35,34,27,0,0,en,33,62,declared metadata; canonical identity and stream health not guaranteed
cmokkzf3n048rqsccnv9bp5u4,6044,naga-tangkhul,"Naga, Tangkhul",en,"Naga, Tangkhul",nmf,nmf,core,,2026-09-03T07:00:06.934937+00:00,76,76,62,14,0,62,62,62,62,62,0,0,0,62,35,34,35,34,27,0,0,en,33,62,declared metadata; canonical identity and stream health not guaranteed
cmok1j9rn0010qsv116l89vfk,100453,naga-yimchungru,"Naga, Yimchungru",en,"Naga, Yimchungru",yim,yim,core,,2026-09-03T07:00:06.934937+00:00,76,76,62,14,0,62,62,62,62,62,0,0,0,62,35,34,35,34,27,0,0,en,33,62,declared metadata; canonical identity and stream health not guaranteed
cmok1jm0b003xqsv1mnr5m25v,101677,naga-zeme,"Naga, Zeme",en,"Naga, Zeme",nzm,nzm,core,,2026-09-03T07:00:06.934937+00:00,76,76,62,14,0,62,62,62,62,62,0,0,0,62,35,34,35,34,27,0,0,en,33,62,declared metadata; canonical identity and stream health not guaranteed
cmokkskiq02jeqscch7z2wvg3,20842,nagamese,Nagamese,en,Nagamese,nag,nag,core,,2026-09-03T07:00:06.934937+00:00,82,82,64,18,0,64,64,64,64,64,0,0,0,64,36,35,36,35,28,0,0,en,34,64,declared metadata; canonical identity and stream health not guaranteed
cmok1spou02abqsv1myd5owo8,17269,nage,Nage,en,Nage,nxe,nxe,core,,2026-09-03T07:00:06.934937+00:00,76,76,62,14,0,62,62,62,62,62,0,0,0,62,35,34,35,34,27,0,0,en,33,62,declared metadata; canonical identity and stream health not guaranteed
cmok1lv5000nvqsv130y0s38j,1327,nago,Nago,en,Nago,nqg,nqg,core,,2026-09-03T07:00:06.934937+00:00,76,76,62,14,0,62,62,62,62,62,0,0,0,62,35,34,35,34,27,0,0,en,33,62,declared metadata; canonical identity and stream health not guaranteed
cmokkvbn2037lqsccvbmw4c2r,26419,nahuatl-central-huasteca,"Nahuatl, Central Huasteca",en|nch,"Nahuatl, Central Huasteca",nch,nch,core,,2026-09-03T07:00:06.934937+00:00,132,132,116,15,1,116,116,116,116,116,0,0,0,116,67,63,57,54,49,0,0,en,53,116,declared metadata; canonical identity and stream health not guaranteed
cmokl17ac04ocqscck6odu7oh,8188,nahuatl-eastern-huasteca,"Nahuatl, Eastern Huasteca",en|nhe,"Nahuatl, Eastern Huasteca",nhe,nhe,core,,2026-09-03T07:00:06.934937+00:00,132,132,116,15,1,116,116,116,116,116,0,0,0,116,67,63,57,54,49,0,0,en,53,116,declared metadata; canonical identity and stream health not guaranteed
cmok1pwkw01m5qsv1k53qxgmt,143712,nahuatl-isthmus-pajapan,"Nahuatl, Isthmus-Pajapan",en,"Nahuatl, Isthmus-Pajapan",nhp,nhp,core,,2026-09-03T07:00:06.934937+00:00,76,76,62,14,0,62,62,62,62,62,0,0,0,62,35,34,35,34,27,0,0,en,33,62,declared metadata; canonical identity and stream health not guaranteed
cmok1qplp01t8qsv1f9q3y91k,144766,nahuatl-michoacan,"Nahuatl, Michoacan",en,"Nahuatl, Michoacan",ncl,ncl,core,,2026-09-03T07:00:06.934937+00:00,76,76,62,14,0,62,62,62,62,62,0,0,0,62,35,34,35,34,27,0,0,en,33,62,declared metadata; canonical identity and stream health not guaranteed
cmok1qp9x01t5qsv1ztopla90,144765,nahuatl-northern-puebla,"Nahuatl, Northern Puebla",en,"Nahuatl, Northern Puebla",ncj,ncj,core,,2026-09-03T07:00:06.934937+00:00,76,76,62,14,0,62,62,62,62,62,0,0,0,62,35,34,35,34,27,0,0,en,33,62,declared metadata; canonical identity and stream health not guaranteed
cmokl15vw04nxqscc1pxez7ms,8164,nahuatl-orizaba,"Nahuatl, Orizaba",en|nlv,"Nahuatl, Orizaba",nlv,nlv,core,,2026-09-03T07:00:06.934937+00:00,148,148,130,16,2,130,130,130,130,130,0,0,0,130,80,75,58,55,50,0,0,en,54,130,declared metadata; canonical identity and stream health not guaranteed
cmokl1fx404qbqscc0pehajvq,8336,nahuatl-sierra-de-puebla,"Nahuatl, Sierra De Puebla",azz|en,"Nahuatl, Sierra De Puebla",azz,azz,core,,2026-09-03T07:00:06.934937+00:00,76,76,62,14,0,62,62,62,62,62,0,0,0,62,35,34,35,34,27,0,0,en,33,62,declared metadata; canonical identity and stream health not guaranteed
cmokl16sv04o7qscc2ymqbcau,8173,nahuatl-southeast-puebla,"Nahuatl, Southeast Puebla",en|npl,"Nahuatl, Southeast Puebla",npl,npl,core,,2026-09-03T07:00:06.934937+00:00,76,76,62,14,0,62,62,62,62,62,0,0,0,62,35,34,35,34,27,0,0,en,33,62,declared metadata; canonical identity and stream health not guaranteed
cmokl16bg04o2qsccpgivr79p,8170,nahuatl-western-huasteca,Nahuatl Western Huasteca,en|nhw,Nahuatl Western Huasteca,nhw,nhw,core,,2026-09-03T07:00:06.934937+00:00,132,132,116,15,1,116,116,116,116,116,0,0,0,116,67,63,57,54,49,0,0,en,53,116,declared metadata; canonical identity and stream health not guaranteed
cmok1pw9001m2qsv13zkywmz4,143707,nahuatl-zacatlan-ahuacatlan-tepetzintla,"Nahuatl, Zacatlan-Ahuacatlan-Tepetzintla",en,"Nahuatl, Zacatlan-Ahuacatlan-Tepetzintla",nhi,nhi,core,,2026-09-03T07:00:06.934937+00:00,76,76,62,14,0,62,62,62,62,62,0,0,0,62,35,34,35,34,27,0,0,en,33,62,declared metadata; canonical identity and stream health not guaranteed
cmok1ki0t00brqsv1yltqhjnx,11536,nakanai,Nakanai,en,Nakanai,nak,nak,core,,2026-09-03T07:00:06.934937+00:00,79,79,63,16,0,63,63,63,63,63,0,0,0,63,35,34,35,34,28,0,0,en,33,63,declared metadata; canonical identity and stream health not guaranteed
cmok1s6gg025sqsv1ennjzd8a,16214,nalca,Nalca,en,Nalca,nlc,nlc,core,,2026-09-03T07:00:06.934937+00:00,76,76,62,14,0,62,62,62,62,62,0,0,0,62,35,34,35,34,27,0,0,en,33,62,declared metadata; canonical identity and stream health not guaranteed
cmok1q5h801obqsv1x648ouhk,144017,nama,Nama,en,Nama,nmx,nmx,core,,2026-09-03T07:00:06.934937+00:00,76,76,62,14,0,62,62,62,62,62,0,0,0,62,35,34,35,34,27,0,0,en,33,62,declared metadata; canonical identity and stream health not guaranteed
cmokkp0oy01oaqscc3ovh40j3,1816,nambikuara-southern,"Nambikuara, Southern",en,"Nambikuara, Southern",nab,nab,core,,2026-09-03T07:00:06.934937+00:00,76,76,62,14,0,62,62,62,62,62,0,0,0,62,35,34,35,34,27,0,0,en,33,62,declared metadata; canonical identity and stream health not guaranteed
cmok1rtqe022tqsv1stllbt7c,15865,nambya,Nambya,en,Nambya,nmq,nmq,core,,2026-09-03T07:00:06.934937+00:00,76,76,62,14,0,62,62,62,62,62,0,0,0,62,35,34,35,34,27,0,0,en,33,62,declared metadata; canonical identity and stream health not guaranteed
cmok1qgys01r5qsv1bwjk1mrf,144455,namiae,Namiae,en,Namiae,nvm,nvm,core,,2026-09-03T07:00:06.934937+00:00,75,75,62,13,0,62,62,62,62,62,0,0,0,62,35,34,35,34,27,0,0,en,33,62,declared metadata; canonical identity and stream health not guaranteed
cmokkxydb03viqscc02lnx7ci,53095,namwanga,Namwanga,en,Namwanga,mwn,mwn,core,,2026-09-03T07:00:06.934937+00:00,79,79,64,15,0,64,64,64,64,64,0,0,0,64,35,34,35,34,29,0,0,en,33,64,declared metadata; canonical identity and stream health not guaranteed
cmok1si1g028kqsv1eunxyren,169287,nandeva,Nandeva,en,Nandeva,tpj,tpj,core,,2026-09-03T07:00:06.934937+00:00,79,79,63,16,0,63,63,63,63,63,0,0,0,63,35,34,35,34,28,0,0,en,33,63,declared metadata; canonical identity and stream health not guaranteed
cmok1jrhr0058qsv10acxp5eq,102324,nandi,Nandi,en,Nandi,niq,niq,core,,2026-09-03T07:00:06.934937+00:00,76,76,62,14,0,62,62,62,62,62,0,0,0,62,35,34,35,34,27,0,0,en,33,62,declared metadata; canonical identity and stream health not guaranteed
cmokkvz6a03dkqscc1nygdlmk,37552,nangjere,Nangjere,en,Nangjere,nnc,nnc,core,,2026-09-03T07:00:06.934937+00:00,76,76,62,14,0,62,62,62,62,62,0,0,0,62,35,34,35,34,27,0,0,en,33,62,declared metadata; canonical identity and stream health not guaranteed
cmok1jgg9002lqsv1p5stm85n,101301,napu,Napu,en,Napu,npy,npy,core,,2026-09-03T07:00:06.934937+00:00,76,76,62,14,0,62,62,62,62,62,0,0,0,62,35,34,35,34,27,0,0,en,33,62,declared metadata; canonical identity and stream health not guaranteed
cmokktoz502tkqsccu48ah4g3,22847,nasu-eastern,"Nasu, Eastern",en,"Nasu, Eastern",ywq,ywq,core,,2026-09-03T07:00:06.934937+00:00,148,148,130,16,2,130,130,130,130,130,0,0,0,130,80,75,58,55,50,0,0,en,54,130,declared metadata; canonical identity and stream health not guaranteed
cmokl1p0404slqscco5mmrywp,8818,nauruan,Nauruan,en|na,Nauruan,na,nau,core,,2026-09-03T07:00:06.934937+00:00,105,105,86,19,0,86,86,86,86,86,0,0,0,86,48,46,48,46,38,0,0,na,0,0,declared metadata; canonical identity and stream health not guaranteed
cmokkqxcc024mqsccig1b8d4r,19097,navaho,Navaho,en|nv,Navaho,nv,nav,core,,2026-09-03T07:00:06.934937+00:00,76,76,62,14,0,62,62,62,62,62,0,0,0,62,35,34,35,34,27,0,0,en,33,62,declared metadata; canonical identity and stream health not guaranteed
cmokkwibo03igqscc79ydgxbw,427,nawary,Nawary,en,Nawary,rmt,rmt,core,,2026-09-03T07:00:06.934937+00:00,76,76,62,14,0,62,62,62,62,62,0,0,0,62,35,34,35,34,27,0,0,en,33,62,declared metadata; canonical identity and stream health not guaranteed
cmokkxrly03tuqsccgvtevdum,5220,nawdm,Nawdm,en,Nawdm,nmz,nmz,core,,2026-09-03T07:00:06.934937+00:00,76,76,62,14,0,62,62,62,62,62,0,0,0,62,35,34,35,34,27,0,0,en,33,62,declared metadata; canonical identity and stream health not guaranteed
cmokkw9i203g7qsccncs7g3co,3974,naxi,Naxi,en,Naxi,nxq,nxq,core,,2026-09-03T07:00:06.934937+00:00,88,88,72,15,1,72,72,72,72,72,0,0,0,72,40,38,40,38,32,0,0,en,37,72,declared metadata; canonical identity and stream health not guaranteed
cmokkrntr02b6qsccmcvpwg0s,20070,ndali,Ndali,en,Ndali,ndh,ndh,core,,2026-09-03T07:00:06.934937+00:00,76,76,62,14,0,62,62,62,62,62,0,0,0,62,35,34,35,34,27,0,0,en,33,62,declared metadata; canonical identity and stream health not guaranteed
cmok1ny9p0162qsv1kfvn6urg,14117,ndamba,Ndamba,en,Ndamba,ndj,ndj,core,,2026-09-03T07:00:06.934937+00:00,76,76,62,14,0,62,62,62,62,62,0,0,0,62,35,34,35,34,27,0,0,en,33,62,declared metadata; canonical identity and stream health not guaranteed
cmokl1jqw04r9qsccz9krwdf4,8441,ndau,Ndau,en,Ndau,ndc,ndc,core,,2026-09-03T07:00:06.934937+00:00,76,76,62,14,0,62,62,62,62,62,0,0,0,62,35,34,35,34,27,0,0,en,33,62,declared metadata; canonical identity and stream health not guaranteed
cmokksljh02jnqscc5q1mx5eh,20851,ndebele-northern,"Ndebele, Northern",en,"Ndebele, Northern",nd,nde,core,,2026-09-03T07:00:06.934937+00:00,166,166,145,19,2,145,145,145,145,145,0,0,0,145,84,79,74,70,61,0,0,nd,0,0,declared metadata; canonical identity and stream health not guaranteed
cmokkslx002jqqsccbxoh4ub2,20852,ndebele-southern,"Ndebele, Southern",en,"Ndebele, Southern",nr,nbl,core,,2026-09-03T07:00:06.934937+00:00,76,76,62,14,0,62,62,62,62,62,0,0,0,62,35,34,35,34,27,0,0,nr,0,0,declared metadata; canonical identity and stream health not guaranteed
cmok1p7rq01gaqsv1x142mpt6,14271,ndendeule,Ndendeule,en,Ndendeule,dne,dne,core,,2026-09-03T07:00:06.934937+00:00,76,76,62,14,0,62,62,62,62,62,0,0,0,62,35,34,35,34,27,0,0,en,33,62,declared metadata; canonical identity and stream health not guaranteed
cmok1m7z500r2qsv1ytkyzei1,13876,ndogo,Ndogo,en,Ndogo,ndz,ndz,core,,2026-09-03T07:00:06.934937+00:00,76,76,62,14,0,62,62,62,62,62,0,0,0,62,35,34,35,34,27,0,0,en,33,62,declared metadata; canonical identity and stream health not guaranteed
cmok1ostw01cvqsv142cxnn7j,142180,ndokwa-ukwuani,Ndokwa Ukwuani,en,Ndokwa Ukwuani,ukw,ukw,core,,2026-09-03T07:00:06.934937+00:00,76,76,62,14,0,62,62,62,62,62,0,0,0,62,35,34,35,34,27,0,0,en,33,62,declared metadata; canonical identity and stream health not guaranteed
cmok1t0xw02d0qsv1gpob1faj,176097,ndola,Ndola,en,Ndola,ndr,ndr,core,,2026-09-03T07:00:06.934937+00:00,76,76,62,14,0,62,62,62,62,62,0,0,0,62,35,34,35,34,27,0,0,en,33,62,declared metadata; canonical identity and stream health not guaranteed
cmok1mjy400u2qsv1y4ov7yvm,139155,ndrulo,Ndrulo,en,Ndrulo,led,led,core,,2026-09-03T07:00:06.934937+00:00,76,76,62,14,0,62,62,62,62,62,0,0,0,62,35,34,35,34,27,0,0,en,33,62,declared metadata; canonical identity and stream health not guaranteed
cmokkuwo10340qscc13rdx5n5,24295,ndruna,Ndruna,en,Ndruna,niy,niy,core,,2026-09-03T07:00:06.934937+00:00,76,76,62,14,0,62,62,62,62,62,0,0,0,62,35,34,35,34,27,0,0,en,33,62,declared metadata; canonical identity and stream health not guaranteed
cmok1pp1v01keqsv1y9mf0rp4,143453,ndut,Ndut,en,Ndut,ndv,ndv,core,,2026-09-03T07:00:06.934937+00:00,79,79,64,15,0,64,64,64,64,64,0,0,0,64,35,34,35,34,29,0,0,en,33,64,declared metadata; canonical identity and stream health not guaranteed
cmokl26lf04wxqsccz7tbxpms,9731,nembe,Nembe,en,Nembe,ijs,ijs,core,,2026-09-03T07:00:06.934937+00:00,76,76,62,14,0,62,62,62,62,62,0,0,0,62,35,34,35,34,27,0,0,en,33,62,declared metadata; canonical identity and stream health not guaranteed
cmok1m4ir00q5qsv171kbkmex,1370,nepali,Nepali,en|npi,Nepali,npi,npi,core,,2026-09-03T07:00:06.934937+00:00,293,293,258,29,6,258,258,258,258,258,0,0,0,258,128,118,106,98,130,0,0,ne,0,0,declared metadata; canonical identity and stream health not guaranteed
cmok1mlbp00ueqsv14s53eqlb,139167,nethakani,Nethakani,en,Nethakani,te,tel,core,,2026-09-03T07:00:06.934937+00:00,78,78,63,15,0,63,63,63,63,63,0,0,0,63,35,34,35,34,28,0,0,te,0,0,declared metadata; canonical identity and stream health not guaranteed
cmokl1s2004tgqscctrkis65l,9194,new-zealand-sign-language,New Zealand Sign Language,en,New Zealand Sign Language,nzs,nzs,core,,2026-09-03T07:00:06.934937+00:00,8,8,1,7,0,1,1,1,1,1,0,0,0,1,1,1,1,1,0,0,0,en,1,1,declared metadata; canonical identity and stream health not guaranteed
cmokkzg6h0490qsccz9f8ipad,6093,newari,Newari,en|new,Newari,new,new,core,,2026-09-03T07:00:06.934937+00:00,76,76,62,14,0,62,62,62,62,62,0,0,0,62,35,34,35,34,27,0,0,en,33,62,declared metadata; canonical identity and stream health not guaranteed
cmok1qkfb01rzqsv1f3n2kmzi,144528,ngada,Ngad'A,en,Ngad'A,nxg,nxg,core,,2026-09-03T07:00:06.934937+00:00,76,76,62,14,0,62,62,62,62,62,0,0,0,62,35,34,35,34,27,0,0,en,33,62,declared metadata; canonical identity and stream health not guaranteed
cmokksc7o02hdqsccoowi6hh5,20736,ngakarimojong,Ngakarimojong,en,Ngakarimojong,kdj,kdj,core,,2026-09-03T07:00:06.934937+00:00,82,82,67,14,1,67,67,67,67,67,0,0,0,67,39,38,39,38,28,0,0,en,37,67,declared metadata; canonical identity and stream health not guaranteed
cmokkts3u02ubqscch7r6dkm7,2303,ngambay,Ngambay,en,Ngambay,sba,sba,core,,2026-09-03T07:00:06.934937+00:00,76,76,62,14,0,62,62,62,62,62,0,0,0,62,35,34,35,34,27,0,0,en,33,62,declared metadata; canonical identity and stream health not guaranteed
cmokl1vec04u9qscc0rsqo2mf,9410,ngamo,Ngamo,en,Ngamo,nbh,nbh,core,,2026-09-03T07:00:06.934937+00:00,76,76,62,14,0,62,62,62,62,62,0,0,0,62,35,34,35,34,27,0,0,en,33,62,declared metadata; canonical identity and stream health not guaranteed
cmokktccm02qiqsccdwmgxey2,22193,ngas,Ngas,en,Ngas,anc,anc,core,,2026-09-03T07:00:06.934937+00:00,76,76,62,14,0,62,62,62,62,62,0,0,0,62,35,34,35,34,27,0,0,en,33,62,declared metadata; canonical identity and stream health not guaranteed
cmokkwkxy03j1qscco7ou78qh,4327,ngbaka,Ngbaka,en,Ngbaka,nga,nga,core,,2026-09-03T07:00:06.934937+00:00,76,76,62,14,0,62,62,62,62,62,0,0,0,62,35,34,35,34,27,0,0,en,33,62,declared metadata; canonical identity and stream health not guaranteed
cmok1rcnw01yuqsv16eph4btg,15269,ngbandi,Ngbandi,en,Ngbandi,ngb,ngb,core,,2026-09-03T07:00:06.934937+00:00,76,76,62,14,0,62,62,62,62,62,0,0,0,62,35,34,35,34,27,0,0,en,33,62,declared metadata; canonical identity and stream health not guaranteed
cmokkvbb4037iqsccbcx9frwa,26416,ngbandi-ngiri,Ngbandi-Ngiri,en,Ngbandi-Ngiri,nbw,nbw,core,,2026-09-03T07:00:06.934937+00:00,76,76,62,14,0,62,62,62,62,62,0,0,0,62,35,34,35,34,27,0,0,en,33,62,declared metadata; canonical identity and stream health not guaranteed
cmokkyf4i03zqqsccnfy8gbfi,53433,ngbugu,Ngbugu,en,Ngbugu,lnl,lnl,core,,2026-09-03T07:00:06.934937+00:00,82,82,67,14,1,67,67,67,67,67,0,0,0,67,39,38,39,38,28,0,0,en,37,67,declared metadata; canonical identity and stream health not guaranteed
cmokkprlh01urqsccihtjd3yv,184630,nghlawa,N'Ghlawa,en,N'Ghlawa,kga,kga,core,,2026-09-03T07:00:06.934937+00:00,76,76,62,14,0,62,62,62,62,62,0,0,0,62,35,34,35,34,27,0,0,en,33,62,declared metadata; canonical identity and stream health not guaranteed
cmokku58g02xmqsccknuxkjj4,2348,ngiemboon,Ngiemboon,en,Ngiemboon,nnh,nnh,core,,2026-09-03T07:00:06.934937+00:00,76,76,62,14,0,62,62,62,62,62,0,0,0,62,35,34,35,34,27,0,0,en,33,62,declared metadata; canonical identity and stream health not guaranteed
cmok1nvd9015eqsv1wecdlk0s,14108,ngindo,Ngindo,en,Ngindo,nnq,nnq,core,,2026-09-03T07:00:06.934937+00:00,76,76,62,14,0,62,62,62,62,62,0,0,0,62,35,34,35,34,27,0,0,en,33,62,declared metadata; canonical identity and stream health not guaranteed
cmokl1v2q04u6qsccyackkqxg,9396,ngizim,Ngizim,en,Ngizim,ngi,ngi,core,,2026-09-03T07:00:06.934937+00:00,76,76,62,14,0,62,62,62,62,62,0,0,0,62,35,34,35,34,27,0,0,en,33,62,declared metadata; canonical identity and stream health not guaranteed
cmokku4v102xjqscccqxozi09,2344,ngomba,Ngomba,en,Ngomba,jgo,jgo,core,,2026-09-03T07:00:06.934937+00:00,76,76,62,14,0,62,62,62,62,62,0,0,0,62,35,34,35,34,27,0,0,en,33,62,declared metadata; canonical identity and stream health not guaranteed
cmokkuc7w02yyqsccl9aona51,2357,ngombale,Ngombale,en,Ngombale,nla,nla,core,,2026-09-03T07:00:06.934937+00:00,76,76,62,14,0,62,62,62,62,62,0,0,0,62,35,34,35,34,27,0,0,en,33,62,declared metadata; canonical identity and stream health not guaranteed
cmokkro8g02b9qscc54vo4l6f,20077,ngombe,Ngombe,en,Ngombe,ngc,ngc,core,,2026-09-03T07:00:06.934937+00:00,76,76,62,14,0,62,62,62,62,62,0,0,0,62,35,34,35,34,27,0,0,en,33,62,declared metadata; canonical identity and stream health not guaranteed
cmokkq9t401z3qsccti5zouqs,184944,ngombe-north,"Ngombe, North",en,"Ngombe, North",ngc,ngc,core,,2026-09-03T07:00:06.934937+00:00,78,78,63,15,0,63,63,63,63,63,0,0,0,63,35,34,35,34,28,0,0,en,33,63,declared metadata; canonical identity and stream health not guaranteed
cmokkq9hc01z0qsccvvztvttw,184943,ngombe-south,"Ngombe, South",en,"Ngombe, South",ngc,ngc,core,,2026-09-03T07:00:06.934937+00:00,78,78,63,15,0,63,63,63,63,63,0,0,0,63,35,34,35,34,28,0,0,en,33,63,declared metadata; canonical identity and stream health not guaranteed
cmokkpf8x01rwqsccif2n2fi5,184510,ngonde,Ngonde,en,Ngonde,nyy,nyy,core,,2026-09-03T07:00:06.934937+00:00,76,76,62,14,0,62,62,62,62,62,0,0,0,62,35,34,35,34,27,0,0,en,33,62,declared metadata; canonical identity and stream health not guaranteed
cmok1nx8u015tqsv1fmcuzjum,14115,ngulu,Ngulu,en,Ngulu,ngp,ngp,core,,2026-09-03T07:00:06.934937+00:00,76,76,62,14,0,62,62,62,62,62,0,0,0,62,35,34,35,34,27,0,0,en,33,62,declared metadata; canonical identity and stream health not guaranteed
cmok1r5hk01x6qsv13k47npyc,149957,nguna,Nguna,en,Nguna,llp,llp,core,,2026-09-03T07:00:06.934937+00:00,79,79,63,16,0,63,63,63,63,63,0,0,0,63,35,34,35,34,28,0,0,en,33,63,declared metadata; canonical identity and stream health not guaranteed
cmok1pv8301ltqsv1sdxdzqhx,143643,ngungwel,Ngungwel,en,Ngungwel,ngz,ngz,core,,2026-09-03T07:00:06.934937+00:00,76,76,62,14,0,62,62,62,62,62,0,0,0,62,35,34,35,34,27,0,0,en,33,62,declared metadata; canonical identity and stream health not guaranteed
cmokkrow002bfqscce2y5dll8,20089,nias,Nias,en,Nias,nia,nia,core,,2026-09-03T07:00:06.934937+00:00,76,76,62,14,0,62,62,62,62,62,0,0,0,62,35,34,35,34,27,0,0,en,33,62,declared metadata; canonical identity and stream health not guaranteed
cmokktc1002qfqscc6tqwuqhq,22176,nigerian-pidgin-english,Nigerian Pidgin English,en,Nigerian Pidgin English,pcm,pcm,core,,2026-09-03T07:00:06.934937+00:00,82,82,67,14,1,67,67,67,67,67,0,0,0,67,39,38,39,38,28,0,0,en,37,67,declared metadata; canonical identity and stream health not guaranteed
cmokkzerz048oqscc5b28snyp,6029,nimadi,Nimadi,en,Nimadi,noe,noe,core,,2026-09-03T07:00:06.934937+00:00,85,85,70,14,1,70,70,70,70,70,0,0,0,70,40,38,40,38,30,0,0,en,37,70,declared metadata; canonical identity and stream health not guaranteed
cmokkvhp90396qsccnvcrmnq2,27269,ninzo,Ninzo,en,Ninzo,nin,nin,core,,2026-09-03T07:00:06.934937+00:00,76,76,62,14,0,62,62,62,62,62,0,0,0,62,35,34,35,34,27,0,0,en,33,62,declared metadata; canonical identity and stream health not guaranteed
cmok1p5c101fpqsv1ehxmbid9,142610,nisu-northern,"Nisu, Northern",en,"Nisu, Northern",yiv,yiv,core,,2026-09-03T07:00:06.934937+00:00,79,79,63,16,0,63,63,63,63,63,0,0,0,63,35,34,35,34,28,0,0,en,33,63,declared metadata; canonical identity and stream health not guaranteed
cmok1n7e000zoqsv1p3w3cz99,140010,nivacle,Nivacle,en,Nivacle,cag,cag,core,,2026-09-03T07:00:06.934937+00:00,76,76,62,14,0,62,62,62,62,62,0,0,0,62,35,34,35,34,27,0,0,en,33,62,declared metadata; canonical identity and stream health not guaranteed
cmokkwk7l03ivqsccyhfgtbwe,4312,njebi,Njebi,en,Njebi,nzb,nzb,core,,2026-09-03T07:00:06.934937+00:00,76,76,62,14,0,62,62,62,62,62,0,0,0,62,35,34,35,34,27,0,0,en,33,62,declared metadata; canonical identity and stream health not guaranteed
cmokkpno301txqscc1c6w3zsa,184584,nkim-nkum,Nkim-Nkum,en,Nkim-Nkum,isi,isi,core,,2026-09-03T07:00:06.934937+00:00,79,79,64,15,0,64,64,64,64,64,0,0,0,64,35,34,35,34,29,0,0,en,33,64,declared metadata; canonical identity and stream health not guaranteed
cmok1rrez0229qsv1z6w58vgi,15739,nkoya,Nkoya,en,Nkoya,nka,nka,core,,2026-09-03T07:00:06.934937+00:00,79,79,64,15,0,64,64,64,64,64,0,0,0,64,35,34,35,34,29,0,0,en,33,64,declared metadata; canonical identity and stream health not guaranteed
cmokkqthh023qqscche4trk6v,18634,nogai,Nogai,en,Nogai,nog,nog,core,,2026-09-03T07:00:06.934937+00:00,78,78,63,15,0,63,63,63,63,63,0,0,0,63,35,34,35,34,28,0,0,en,33,63,declared metadata; canonical identity and stream health not guaranteed
cmok1jfr6002fqsv1jchq69wi,101184,noiri,Noiri,en,Noiri,noi,noi,core,,2026-09-03T07:00:06.934937+00:00,76,76,62,14,0,62,62,62,62,62,0,0,0,62,35,34,35,34,27,0,0,en,33,62,declared metadata; canonical identity and stream health not guaranteed
cmok1q7wk01owqsv1rt1ltqtc,144116,nomane,Nomane,en,Nomane,nof,nof,core,,2026-09-03T07:00:06.934937+00:00,76,76,62,14,0,62,62,62,62,62,0,0,0,62,35,34,35,34,27,0,0,en,33,62,declared metadata; canonical identity and stream health not guaranteed
cmok1pbt901hbqsv1xqlzhtpf,142878,noon,Noon,en,Noon,snf,snf,core,,2026-09-03T07:00:06.934937+00:00,79,79,64,15,0,64,64,64,64,64,0,0,0,64,35,34,35,34,29,0,0,snf,0,0,declared metadata; canonical identity and stream health not guaranteed
cmokkud8u02z7qsccvaymb183,2364,noone,Noone,en,Noone,nhu,nhu,core,,2026-09-03T07:00:06.934937+00:00,76,76,62,14,0,62,62,62,62,62,0,0,0,62,35,34,35,34,27,0,0,en,33,62,declared metadata; canonical identity and stream health not guaranteed
cmokkptby01v6qsccymnmjmfe,184659,north-gumuz,"Gumuz, North",en,"Gumuz, North",guk,guk,core,,2026-09-03T07:00:06.934937+00:00,76,76,62,14,0,62,62,62,62,62,0,0,0,62,35,34,35,34,27,0,0,en,33,62,declared metadata; canonical identity and stream health not guaranteed
cmok1juxr0062qsv15hcq6aav,10393,norwegian-bokmal,"Norwegian, Bokmal",en|no,"Norwegian, Bokmal",no,nor,core,,2026-09-03T07:00:06.934937+00:00,131,131,110,18,3,110,110,110,110,110,0,0,0,110,47,43,47,43,63,0,0,no,0,0,declared metadata; canonical identity and stream health not guaranteed
cmokkvxyp03d9qscc5mnhuf0t,3732,nosu-shengzha,"Nosu, Shengzha",en,"Nosu, Shengzha",iii,iii,core,,2026-09-03T07:00:06.934937+00:00,75,75,62,13,0,62,62,62,62,62,0,0,0,62,35,34,35,34,27,0,0,en,33,62,declared metadata; canonical identity and stream health not guaranteed
cmokktqpm02tzqscc58ocm82y,22928,nosu-tianba,"Nosu, Tianba",en,"Nosu, Tianba",iii,iii,core,,2026-09-03T07:00:06.934937+00:00,79,79,63,16,0,63,63,63,63,63,0,0,0,63,35,34,35,34,28,0,0,en,33,63,declared metadata; canonical identity and stream health not guaranteed
cmokktr2r02u2qscci3hrtzr2,22929,nosu-yinuo,"Nosu, Yinuo",en,"Nosu, Yinuo",iii,iii,core,,2026-09-03T07:00:06.934937+00:00,79,79,63,16,0,63,63,63,63,63,0,0,0,63,35,34,35,34,28,0,0,en,33,63,declared metadata; canonical identity and stream health not guaranteed
cmok1qowe01t2qsv1m9gzpc3e,144763,notsi,Notsi,en,Notsi,ncf,ncf,core,,2026-09-03T07:00:06.934937+00:00,75,75,62,13,0,62,62,62,62,62,0,0,0,62,35,34,35,34,27,0,0,en,33,62,declared metadata; canonical identity and stream health not guaranteed
cmokl1kg904rfqsccjivr7rkx,8464,nsenga,Nsenga,en,Nsenga,nse,nse,core,,2026-09-03T07:00:06.934937+00:00,76,76,62,14,0,62,62,62,62,62,0,0,0,62,35,34,35,34,27,0,0,en,33,62,declared metadata; canonical identity and stream health not guaranteed
cmok1rcc501yrqsv19e9i66oq,152629,nta,Nta,en,Nta,ndd,ndd,core,,2026-09-03T07:00:06.934937+00:00,76,76,62,14,0,62,62,62,62,62,0,0,0,62,35,34,35,34,27,0,0,en,33,62,declared metadata; canonical identity and stream health not guaranteed
cmokkxnuo03syqscc6xzwpcdf,5171,ntcham,Ntcham,en,Ntcham,bud,bud,core,,2026-09-03T07:00:06.934937+00:00,138,138,121,15,2,121,121,121,121,121,0,0,0,121,71,67,61,58,50,0,0,en,57,121,declared metadata; canonical identity and stream health not guaranteed
cmokkx66003ofqsccs9o52ir0,4752,nuer,Nuer,en,Nuer,nus,nus,core,,2026-09-03T07:00:06.934937+00:00,105,105,86,19,0,86,86,86,86,86,0,0,0,86,48,46,48,46,38,0,0,en,42,84,declared metadata; canonical identity and stream health not guaranteed
cmok1kgko00bfqsv17z4lguuf,11479,numanggang,Numanggang,en,Numanggang,nop,nop,core,,2026-09-03T07:00:06.934937+00:00,76,76,62,14,0,62,62,62,62,62,0,0,0,62,35,34,35,34,27,0,0,en,33,62,declared metadata; canonical identity and stream health not guaranteed
cmokl0jg404idqsccyjiq4nw4,7481,nung,Nung,en,Nung,nut,nut,core,,2026-09-03T07:00:06.934937+00:00,76,76,62,14,0,62,62,62,62,62,0,0,0,62,35,34,35,34,27,0,0,en,33,62,declared metadata; canonical identity and stream health not guaranteed
cmokkrrox02c3qscc5p4n838i,2021,nuni-southern,"Nuni, Southern",en,"Nuni, Southern",nnw,nnw,core,,2026-09-03T07:00:06.934937+00:00,78,78,63,15,0,63,63,63,63,63,0,0,0,63,35,34,35,34,28,0,0,en,33,63,declared metadata; canonical identity and stream health not guaranteed
cmokl1ur204u3qscc67aihkwx,9384,nupe,Nupe,en,Nupe,nup,nup,core,,2026-09-03T07:00:06.934937+00:00,82,82,67,14,1,67,67,67,67,67,0,0,0,67,39,38,39,38,28,0,0,en,37,67,declared metadata; canonical identity and stream health not guaranteed
cmokkqfby020bqsccq5un9b3o,185193,nusa-penida,Nusa Penida,ban|en,Nusa Penida,ban,ban,core,,2026-09-03T07:00:06.934937+00:00,75,75,62,13,0,62,62,62,62,62,0,0,0,62,35,34,35,34,27,0,0,en,33,62,declared metadata; canonical identity and stream health not guaranteed
cmok1jeq70026qsv1c7i1hv31,100971,nyala,Nyala,en,Nyala,nle,nle,core,,2026-09-03T07:00:06.934937+00:00,76,76,62,14,0,62,62,62,62,62,0,0,0,62,35,34,35,34,27,0,0,en,33,62,declared metadata; canonical identity and stream health not guaranteed
cmokkpr9n01uoqsccpujwwz6e,184629,nyamboa,Nyamboa,en,Nyamboa,nwb,nwb,core,,2026-09-03T07:00:06.934937+00:00,76,76,62,14,0,62,62,62,62,62,0,0,0,62,35,34,35,34,27,0,0,en,33,62,declared metadata; canonical identity and stream health not guaranteed
cmok1noyw013uqsv1y5c0h6ad,14089,nyamwezi,Nyamwezi,en|nym,Nyamwezi,nym,nym,core,,2026-09-03T07:00:06.934937+00:00,76,76,62,14,0,62,62,62,62,62,0,0,0,62,35,34,35,34,27,0,0,en,33,62,declared metadata; canonical identity and stream health not guaranteed
cmokkz8qo0478qscc9mygykdl,588,nyaneka,Nyaneka,en,Nyaneka,nyk,nyk,core,,2026-09-03T07:00:06.934937+00:00,76,76,62,14,0,62,62,62,62,62,0,0,0,62,35,34,35,34,27,0,0,en,33,62,declared metadata; canonical identity and stream health not guaranteed
cmok1rb4p01yiqsv19k5seswo,15224,nyanga,Nyanga,en,Nyanga,nyj,nyj,core,,2026-09-03T07:00:06.934937+00:00,76,76,62,14,0,62,62,62,62,62,0,0,0,62,35,34,35,34,27,0,0,en,33,62,declared metadata; canonical identity and stream health not guaranteed
cmok1q7kr01otqsv1d77n4e9f,144101,nyangatom,Nyangatom,en,Nyangatom,nnj,nnj,core,,2026-09-03T07:00:06.934937+00:00,76,76,62,14,0,62,62,62,62,62,0,0,0,62,35,34,35,34,27,0,0,en,33,62,declared metadata; canonical identity and stream health not guaranteed
cmok1p1m901evqsv108hwd993,14248,nyaturu,Nyaturu,en,Nyaturu,rim,rim,core,,2026-09-03T07:00:06.934937+00:00,76,76,62,14,0,62,62,62,62,62,0,0,0,62,35,34,35,34,27,0,0,en,33,62,declared metadata; canonical identity and stream health not guaranteed
cmokkupsp032cqscc37bo1s15,24140,nyiramba,Nyiramba,en,Nyiramba,nim,nim,core,,2026-09-03T07:00:06.934937+00:00,76,76,62,14,0,62,62,62,62,62,0,0,0,62,35,34,35,34,27,0,0,en,33,62,declared metadata; canonical identity and stream health not guaranteed
cmokktibi02ryqsccc4fe7lfv,22564,nyishi,Nyishi,en,Nyishi,njz,njz,core,,2026-09-03T07:00:06.934937+00:00,76,76,62,14,0,62,62,62,62,62,0,0,0,62,35,34,35,34,27,0,0,en,33,62,declared metadata; canonical identity and stream health not guaranteed
cmok1qzwo01vrqsv1yl0ad1jk,14731,nyole,Nyole,en,Nyole,nuj,nuj,core,,2026-09-03T07:00:06.934937+00:00,76,76,62,14,0,62,62,62,62,62,0,0,0,62,35,34,35,34,27,0,0,en,33,62,declared metadata; canonical identity and stream health not guaranteed
cmokl1mrn04s1qsccz6kmleo2,8523,nyungwe,Nyungwe,en,Nyungwe,nyu,nyu,core,,2026-09-03T07:00:06.934937+00:00,76,76,62,14,0,62,62,62,62,62,0,0,0,62,35,34,35,34,27,0,0,en,33,62,declared metadata; canonical identity and stream health not guaranteed
cmokkvqx903biqsccb8f08hkw,3161,nzakara,Nzakara,en,Nzakara,nzk,nzk,core,,2026-09-03T07:00:06.934937+00:00,76,76,62,14,0,62,62,62,62,62,0,0,0,62,35,34,35,34,27,0,0,en,33,62,declared metadata; canonical identity and stream health not guaranteed
cmokkucx702z4qscc8a2bl6pz,2363,nzanyi,Nzanyi,en,Nzanyi,nja,nja,core,,2026-09-03T07:00:06.934937+00:00,76,76,62,14,0,62,62,62,62,62,0,0,0,62,35,34,35,34,27,0,0,en,33,62,declared metadata; canonical identity and stream health not guaranteed
cmokkxr7603trqscc2makbzfq,5213,nzema,Nzema,en,Nzema,nzi,nzi,core,,2026-09-03T07:00:06.934937+00:00,76,76,62,14,0,62,62,62,62,62,0,0,0,62,35,34,35,34,27,0,0,en,33,62,declared metadata; canonical identity and stream health not guaranteed
cmokkpw4h01vuqscc54zq517k,184811,oadki,Oadki,en,Oadki,odk,odk,core,,2026-09-03T07:00:06.934937+00:00,132,132,116,15,1,116,116,116,116,116,0,0,0,116,67,63,57,54,49,0,0,en,53,116,declared metadata; canonical identity and stream health not guaranteed
cmokkqjs1021dqscc1piyblxl,185226,obamba,Obamba,en,Obamba,mdt,mdt,core,,2026-09-03T07:00:06.934937+00:00,76,76,62,14,0,62,62,62,62,62,0,0,0,62,35,34,35,34,27,0,0,en,33,62,declared metadata; canonical identity and stream health not guaranteed
cmokkpsax01uxqsccax06woco,184632,obe-nrung-ene,Obe Nrung Ene,afe|en,Obe Nrung Ene,afe,afe,core,,2026-09-03T07:00:06.934937+00:00,79,79,64,15,0,64,64,64,64,64,0,0,0,64,35,34,35,34,29,0,0,en,33,64,declared metadata; canonical identity and stream health not guaranteed
cmokkyb1y03yrqscc0ud1sqj4,53403,obo-manobo,Obo Manobo,en,Obo Manobo,obo,obo,core,,2026-09-03T07:00:06.934937+00:00,76,76,62,14,0,62,62,62,62,62,0,0,0,62,35,34,35,34,27,0,0,en,33,62,declared metadata; canonical identity and stream health not guaranteed
cmok1juab005wqsv1rpsfysqg,10364,obolo,Obolo,en,Obolo,ann,ann,core,,2026-09-03T07:00:06.934937+00:00,76,76,62,14,0,62,62,62,62,62,0,0,0,62,35,34,35,34,27,0,0,en,33,62,declared metadata; canonical identity and stream health not guaranteed
cmokkpjhf01sxqsccpkw7cl31,184537,od-rajput,"Od, Rajput",en,"Od, Rajput",odk,odk,core,,2026-09-03T07:00:06.934937+00:00,76,76,62,14,0,62,62,62,62,62,0,0,0,62,35,34,35,34,27,0,0,en,33,62,declared metadata; canonical identity and stream health not guaranteed
cmokkpi9p01smqsccn2au7mnl,184528,odiya,Odiya,en|ory,Odiya,ory,ory,core,,2026-09-03T07:00:06.934937+00:00,264,264,237,23,4,237,237,237,237,237,0,0,0,237,112,104,90,84,125,0,0,en,83,237,declared metadata; canonical identity and stream health not guaranteed
cmok1taft02f8qsv1fe0yr17m,17785,ogan,Ogan,en,Ogan,ms-pse-x-Ogan,pse,core,,2026-09-03T07:00:06.934937+00:00,76,76,62,14,0,62,62,62,62,62,0,0,0,62,35,34,35,34,27,0,0,ms,0,0,declared metadata; canonical identity and stream health not guaranteed
cmok1kra700e2qsv1rxtmxog0,12186,ogea,Ogea,en,Ogea,eri,eri,core,,2026-09-03T07:00:06.934937+00:00,76,76,62,14,0,62,62,62,62,62,0,0,0,62,35,34,35,34,27,0,0,en,33,62,declared metadata; canonical identity and stream health not guaranteed
cmokkt3tp02odqscctggnbo7n,21236,ogoni,Ogoni,en,Ogoni,ogo,ogo,core,,2026-09-03T07:00:06.934937+00:00,76,76,62,14,0,62,62,62,62,62,0,0,0,62,35,34,35,34,27,0,0,en,33,62,declared metadata; canonical identity and stream health not guaranteed
cmokkvnfy03akqscc3h9p0uz1,3001,ojibwa-western,"Ojibwa, Western",en|ojw,"Ojibwa, Western",ojw,ojw,core,,2026-09-03T07:00:06.934937+00:00,76,76,62,14,0,62,62,62,62,62,0,0,0,62,35,34,35,34,27,0,0,en,33,62,declared metadata; canonical identity and stream health not guaranteed
cmokl0ekc04h4qsccsw84wmvq,7266,okiek,Okiek,en,Okiek,oki,oki,core,,2026-09-03T07:00:06.934937+00:00,76,76,62,14,0,62,62,62,62,62,0,0,0,62,35,34,35,34,27,0,0,en,33,62,declared metadata; canonical identity and stream health not guaranteed
cmokl09c004fwqsccius0lly7,7103,okinawan-central,"Okinawan, Central",en,"Okinawan, Central",ryu,ryu,core,,2026-09-03T07:00:06.934937+00:00,76,76,62,14,0,62,62,62,62,62,0,0,0,62,35,34,35,34,27,0,0,en,33,62,declared metadata; canonical identity and stream health not guaranteed
cmok1qmuh01skqsv102yay12a,144693,okpe,Okpe,en,Okpe,oke,oke,core,,2026-09-03T07:00:06.934937+00:00,76,76,62,14,0,62,62,62,62,62,0,0,0,62,35,34,35,34,27,0,0,en,33,62,declared metadata; canonical identity and stream health not guaranteed
cmokkp13901odqscc4j257pkg,181696,okpella,Okpella,atg|en,Okpella,atg,atg,core,,2026-09-03T07:00:06.934937+00:00,76,76,62,14,0,62,62,62,62,62,0,0,0,62,35,34,35,34,27,0,0,en,33,62,declared metadata; canonical identity and stream health not guaranteed
cmokl1udo04u0qscc2sfyh7gg,9346,okrika,Okrika,en,Okrika,okr,okr,core,,2026-09-03T07:00:06.934937+00:00,76,76,62,14,0,62,62,62,62,62,0,0,0,62,35,34,35,34,27,0,0,en,33,62,declared metadata; canonical identity and stream health not guaranteed
cmok1qn6h01snqsv1jei6vxsh,144701,oku,Oku,en,Oku,oku,oku,core,,2026-09-03T07:00:06.934937+00:00,76,76,62,14,0,62,62,62,62,62,0,0,0,62,35,34,35,34,27,0,0,en,33,62,declared metadata; canonical identity and stream health not guaranteed
cmok1ot7b01cyqsv1pyj79b9m,142183,olukwumi,Olukwumi,en,Olukwumi,ulb,ulb,core,,2026-09-03T07:00:06.934937+00:00,76,76,62,14,0,62,62,62,62,62,0,0,0,62,35,34,35,34,27,0,0,en,33,62,declared metadata; canonical identity and stream health not guaranteed
cmok1ntb8014wqsv1ih6h4nmt,141024,olulumo-ikom,Olulumo-Ikom,en,Olulumo-Ikom,iko,iko,core,,2026-09-03T07:00:06.934937+00:00,75,75,62,13,0,62,62,62,62,62,0,0,0,62,35,34,35,34,27,0,0,en,33,62,declared metadata; canonical identity and stream health not guaranteed
cmok1qkr001s2qsv1gau1vjsr,144539,olunyole,Olunyole,en,Olunyole,nyd,nyd,core,,2026-09-03T07:00:06.934937+00:00,76,76,62,14,0,62,62,62,62,62,0,0,0,62,35,34,35,34,27,0,0,en,33,62,declared metadata; canonical identity and stream health not guaranteed
cmokl2msp050tqsccb5u9pi92,99504,olutachoni,Olutachoni,en,Olutachoni,lts,lts,core,,2026-09-03T07:00:06.934937+00:00,76,76,62,14,0,62,62,62,62,62,0,0,0,62,35,34,35,34,27,0,0,en,33,62,declared metadata; canonical identity and stream health not guaranteed
cmok1rar101yfqsv104oxjg89,15220,omi,Omi,en,Omi,omi,omi,core,,2026-09-03T07:00:06.934937+00:00,76,76,62,14,0,62,62,62,62,62,0,0,0,62,35,34,35,34,27,0,0,en,33,62,declared metadata; canonical identity and stream health not guaranteed
cmok1rk50020lqsv1kpztliv1,155279,omwunra-toqura,Omwunra-Toqura,en,Omwunra-Toqura,omw,omw,core,,2026-09-03T07:00:06.934937+00:00,79,79,63,16,0,63,63,63,63,63,0,0,0,63,35,34,35,34,28,0,0,en,33,63,declared metadata; canonical identity and stream health not guaranteed
cmok1n59200z6qsv15o7fnsuy,139945,oniyan,Oniyan,bsc|en,Oniyan,bsc,bsc,core,,2026-09-03T07:00:06.934937+00:00,79,79,64,15,0,64,64,64,64,64,0,0,0,64,35,34,35,34,29,0,0,bsc,0,0,declared metadata; canonical identity and stream health not guaranteed
cmok1qqb501teqsv1bdltz8ok,144792,ono,Ono,en,Ono,ons,ons,core,,2026-09-03T07:00:06.934937+00:00,79,79,63,16,0,63,63,63,63,63,0,0,0,63,35,34,35,34,28,0,0,en,33,63,declared metadata; canonical identity and stream health not guaranteed
cmok1ppdm01khqsv1ordm8x4x,143459,orang-seletar,Orang Seletar,en,Orang Seletar,ors,ors,core,,2026-09-03T07:00:06.934937+00:00,75,75,62,13,0,62,62,62,62,62,0,0,0,62,35,34,35,34,27,0,0,en,33,62,declared metadata; canonical identity and stream health not guaranteed
cmok1pppb01kkqsv1dcdrp7cq,143460,oriya-adivasi,"Oriya, Adivasi",en,"Oriya, Adivasi",ort,ort,core,,2026-09-03T07:00:06.934937+00:00,76,76,62,14,0,62,62,62,62,62,0,0,0,62,35,34,35,34,27,0,0,en,33,62,declared metadata; canonical identity and stream health not guaranteed
cmok1sn1o029qqsv1e9mlbwpi,171627,oro-wari-2,Oro Wari,en,Oro Wari,pav,pav,core,,2026-09-03T07:00:06.934937+00:00,75,75,62,13,0,62,62,62,62,62,0,0,0,62,35,34,35,34,27,0,0,en,33,62,declared metadata; canonical identity and stream health not guaranteed
cmok1qnjo01sqqsv1mig5elq6,144702,orokaiva,Orokaiva,en,Orokaiva,okv,okv,core,,2026-09-03T07:00:06.934937+00:00,79,79,63,16,0,63,63,63,63,63,0,0,0,63,35,34,35,34,28,0,0,en,33,63,declared metadata; canonical identity and stream health not guaranteed
cmokl25ig04woqscceieypq01,97247,oroko,Oroko,en,Oroko,bdu,bdu,core,,2026-09-03T07:00:06.934937+00:00,79,79,64,15,0,64,64,64,64,64,0,0,0,64,35,34,35,34,29,0,0,en,33,64,declared metadata; canonical identity and stream health not guaranteed
cmokkx3uq03nvqscceilpvpkp,4700,oromo-borana-arsi-guji,"Oromo, Borana-Arsi-Guji",en,"Oromo, Borana-Arsi-Guji",gax,gax,core,,2026-09-03T07:00:06.934937+00:00,76,76,62,14,0,62,62,62,62,62,0,0,0,62,35,34,35,34,27,0,0,en,33,62,declared metadata; canonical identity and stream health not guaranteed
cmok1nq6s0145qsv1albm0hfi,140928,oromo-eastern,"Oromo, Eastern",en,"Oromo, Eastern",hae,hae,core,,2026-09-03T07:00:06.934937+00:00,82,82,67,14,1,67,67,67,67,67,0,0,0,67,39,38,39,38,28,0,0,en,37,67,declared metadata; canonical identity and stream health not guaranteed
cmokkx2r003nmqscc5rzqetna,4695,oromo-west-central,"Oromo, West-Central",en,"Oromo, West-Central",gaz,gaz,core,,2026-09-03T07:00:06.934937+00:00,155,155,136,16,3,136,136,136,136,136,0,0,0,136,85,80,63,60,51,0,0,en,59,136,declared metadata; canonical identity and stream health not guaranteed
cmokkxks803s5qscckq7jy1gu,5089,osetin,Osetin,en|os,Osetin,os,oss,core,,2026-09-03T07:00:06.934937+00:00,76,76,62,14,0,62,62,62,62,62,0,0,0,62,35,34,35,34,27,0,0,os,0,0,declared metadata; canonical identity and stream health not guaranteed
cmok1scrm027bqsv1t17v7ci5,16640,osing,Osing,en,Osing,osi,osi,core,,2026-09-03T07:00:06.934937+00:00,76,76,62,14,0,62,62,62,62,62,0,0,0,62,35,34,35,34,27,0,0,en,33,62,declared metadata; canonical identity and stream health not guaranteed
cmok1pq2p01knqsv1ss8aam0d,143465,ososo,Ososo,en,Ososo,oso,oso,core,,2026-09-03T07:00:06.934937+00:00,76,76,62,14,0,62,62,62,62,62,0,0,0,62,35,34,35,34,27,0,0,en,33,62,declared metadata; canonical identity and stream health not guaranteed
cmok1pqeq01kqqsv1tq756yjb,143469,ot-danum,Ot Danum,en,Ot Danum,otd,otd,core,,2026-09-03T07:00:06.934937+00:00,76,76,62,14,0,62,62,62,62,62,0,0,0,62,35,34,35,34,27,0,0,en,33,62,declared metadata; canonical identity and stream health not guaranteed
cmokkstqw02lsqsccf1fj3lrx,20965,otetela,Otetela,en,Otetela,tll,tll,core,,2026-09-03T07:00:06.934937+00:00,76,76,62,14,0,62,62,62,62,62,0,0,0,62,35,34,35,34,27,0,0,en,33,62,declared metadata; canonical identity and stream health not guaranteed
cmokl156t04nrqscc1eb68rb5,8156,otomi-eastern,"Otomi, Eastern",en,"Otomi, Eastern",otm,otm,core,,2026-09-03T07:00:06.934937+00:00,76,76,62,14,0,62,62,62,62,62,0,0,0,62,35,34,35,34,27,0,0,en,33,62,declared metadata; canonical identity and stream health not guaranteed
cmokl15il04nuqsccgzsobg4l,8158,otomi-mezquital,"Otomi, Mezquital",en,"Otomi, Mezquital",ote,ote,core,,2026-09-03T07:00:06.934937+00:00,76,76,62,14,0,62,62,62,62,62,0,0,0,62,35,34,35,34,27,0,0,en,33,62,declared metadata; canonical identity and stream health not guaranteed
cmokl14v104noqscchgjhiapk,8154,otomi-western,"Otomi, Western",en,"Otomi, Western",otq,otq,core,,2026-09-03T07:00:06.934937+00:00,76,76,62,14,0,62,62,62,62,62,0,0,0,62,35,34,35,34,27,0,0,en,33,62,declared metadata; canonical identity and stream health not guaranteed
cmok1pqs601ktqsv1job7i53d,143475,otoro,Otoro,en,Otoro,otr,otr,core,,2026-09-03T07:00:06.934937+00:00,76,76,62,14,0,62,62,62,62,62,0,0,0,62,35,34,35,34,27,0,0,en,33,62,declared metadata; canonical identity and stream health not guaranteed
cmokkycxr03z8qscc195brq8g,53422,otuho-lotuko,Otuho (Lotuko),en,Otuho (Lotuko),lot,lot,core,,2026-09-03T07:00:06.934937+00:00,75,75,61,14,0,61,61,61,61,61,0,0,0,61,34,33,34,33,27,0,0,en,32,61,declared metadata; canonical identity and stream health not guaranteed
cmok1pjn201j5qsv11krpsuxp,143295,owa,Owa,en,Owa,stn,stn,core,,2026-09-03T07:00:06.934937+00:00,79,79,63,16,0,63,63,63,63,63,0,0,0,63,35,34,35,34,28,0,0,en,33,63,declared metadata; canonical identity and stream health not guaranteed
cmok1pswt01lbqsv197fej8i6,143568,oyda,Oyda,en,Oyda,oyd,oyd,core,,2026-09-03T07:00:06.934937+00:00,76,76,62,14,0,62,62,62,62,62,0,0,0,62,35,34,35,34,27,0,0,en,33,62,declared metadata; canonical identity and stream health not guaranteed
cmok1q1x101nfqsv1usx7ct2k,143851,paama,Paama,en,Paama,pma,pma,core,,2026-09-03T07:00:06.934937+00:00,79,79,63,16,0,63,63,63,63,63,0,0,0,63,35,34,35,34,28,0,0,en,33,63,declared metadata; canonical identity and stream health not guaranteed
cmok1pu6601lkqsv1rpmfymd7,143600,padoe,Padoe,en,Padoe,pdo,pdo,core,,2026-09-03T07:00:06.934937+00:00,76,76,62,14,0,62,62,62,62,62,0,0,0,62,35,34,35,34,27,0,0,en,33,62,declared metadata; canonical identity and stream health not guaranteed
cmokkweze03hnqscc12g4rbqd,4181,paez,Paez,en,Paez,pbb,pbb,core,,2026-09-03T07:00:06.934937+00:00,76,76,62,14,0,62,62,62,62,62,0,0,0,62,35,34,35,34,27,0,0,en,33,62,declared metadata; canonical identity and stream health not guaranteed
cmok1ptdq01leqsv18m3qbn85,143573,pagabete,Pagabete,en,Pagabete,pae,pae,core,,2026-09-03T07:00:06.934937+00:00,76,76,62,14,0,62,62,62,62,62,0,0,0,62,35,34,35,34,27,0,0,en,33,62,declared metadata; canonical identity and stream health not guaranteed
cmokkrpl402blqsccaroaye9h,20138,pagoe,Pagoe,en,Pagoe,pgu,pgu,core,,2026-09-03T07:00:06.934937+00:00,76,76,62,14,0,62,62,62,62,62,0,0,0,62,35,34,35,34,27,0,0,en,33,62,declared metadata; canonical identity and stream health not guaranteed
cmokkt6p102p3qsccjws2uuz9,21637,pak-pak-dairi,Pak Pak Dairi,btd|en,Pak Pak Dairi,btd,btd,core,,2026-09-03T07:00:06.934937+00:00,76,76,62,14,0,62,62,62,62,62,0,0,0,62,35,34,35,34,27,0,0,en,33,62,declared metadata; canonical identity and stream health not guaranteed
cmokkpmmz01toqsccbcctw9ox,184571,palamua,Palamua,en,Palamua,kwx,kwx,core,,2026-09-03T07:00:06.934937+00:00,76,76,62,14,0,62,62,62,62,62,0,0,0,62,35,34,35,34,27,0,0,en,33,62,declared metadata; canonical identity and stream health not guaranteed
cmok1k1sd007pqsv1k2tczkso,10589,palauan,Palauan,en|pau,Palauan,pau,pau,core,,2026-09-03T07:00:06.934937+00:00,107,107,88,19,0,88,88,88,88,88,0,0,0,88,48,46,48,46,40,0,0,pau,0,0,declared metadata; canonical identity and stream health not guaranteed
cmokkw87q03fwqsccarng4z97,3957,palaung-pale,"Palaung, Pale",en,"Palaung, Pale",pce,pce,core,,2026-09-03T07:00:06.934937+00:00,76,76,62,14,0,62,62,62,62,62,0,0,0,62,35,34,35,34,27,0,0,en,33,62,declared metadata; canonical identity and stream health not guaranteed
cmokkw7dq03foqsccto40qzy0,3936,palaung-rumai,"Palaung, Rumai",en,"Palaung, Rumai",rbb,rbb,core,,2026-09-03T07:00:06.934937+00:00,76,76,62,14,0,62,62,62,62,62,0,0,0,62,35,34,35,34,27,0,0,en,33,62,declared metadata; canonical identity and stream health not guaranteed
cmok1ta1502f5qsv1joli8moh,17774,palembang,Palembang,en,Palembang,mui,mui,core,,2026-09-03T07:00:06.934937+00:00,76,76,62,14,0,62,62,62,62,62,0,0,0,62,35,34,35,34,27,0,0,en,33,62,declared metadata; canonical identity and stream health not guaranteed
cmok1q1l301ncqsv1e28hx13e,143846,palikur,Palikur,en,Palikur,plu,plu,core,,2026-09-03T07:00:06.934937+00:00,76,76,62,14,0,62,62,62,62,62,0,0,0,62,35,34,35,34,27,0,0,en,33,62,declared metadata; canonical identity and stream health not guaranteed
cmokl14ha04nlqsccxu3c2tmn,8145,pame-central,"Pame, Central",en,"Pame, Central",pbs,pbs,core,,2026-09-03T07:00:06.934937+00:00,76,76,62,14,0,62,62,62,62,62,0,0,0,62,35,34,35,34,27,0,0,en,33,62,declared metadata; canonical identity and stream health not guaranteed
cmokkr4qp026hqsccfcnyot4f,19521,pamona,Pamona,en,Pamona,pmf,pmf,core,,2026-09-03T07:00:06.934937+00:00,76,76,62,14,0,62,62,62,62,62,0,0,0,62,35,34,35,34,27,0,0,en,33,62,declared metadata; canonical identity and stream health not guaranteed
cmok1r79k01xlqsv1p1ulz2dw,15088,panare,Panare,en,Panare,pbh,pbh,core,,2026-09-03T07:00:06.934937+00:00,76,76,62,14,0,62,62,62,62,62,0,0,0,62,35,34,35,34,27,0,0,en,33,62,declared metadata; canonical identity and stream health not guaranteed
cmokku4j702xgqsccj306uuxc,23403,panchpargania,Panchpargania,en,Panchpargania,tdb,tdb,core,,2026-09-03T07:00:06.934937+00:00,76,76,62,14,0,62,62,62,62,62,0,0,0,62,35,34,35,34,27,0,0,en,33,62,declared metadata; canonical identity and stream health not guaranteed
cmok1l7dt00hzqsv1c8p6q0i9,12606,pangasinan,Pangasinan,en,Pangasinan,pag,pag,core,,2026-09-03T07:00:06.934937+00:00,76,76,62,14,0,62,62,62,62,62,0,0,0,62,35,34,35,34,27,0,0,pag,0,0,declared metadata; canonical identity and stream health not guaranteed
cmok1nnkc013iqsv1aq9k2b7t,14084,pangwa,Pangwa,en,Pangwa,pbr,pbr,core,,2026-09-03T07:00:06.934937+00:00,76,76,62,14,0,62,62,62,62,62,0,0,0,62,35,34,35,34,27,0,0,en,33,62,declared metadata; canonical identity and stream health not guaranteed
cmok1pvjy01lwqsv1c75kffyf,143668,pangwali,Pangwali,en,Pangwali,pgg,pgg,core,,2026-09-03T07:00:06.934937+00:00,79,79,63,16,0,63,63,63,63,63,0,0,0,63,35,34,35,34,28,0,0,en,33,63,declared metadata; canonical identity and stream health not guaranteed
cmokkzdr2048fqsccwti7srg1,5969,paniya,Paniya,en,Paniya,pcg,pcg,core,,2026-09-03T07:00:06.934937+00:00,76,76,62,14,0,62,62,62,62,62,0,0,0,62,35,34,35,34,27,0,0,en,33,62,declared metadata; canonical identity and stream health not guaranteed
cmokkzbfs047vqsccofkwmnp1,5949,panjabi-western,"Panjabi, Western",en|pnb,"Panjabi, Western",pnb,pnb,core,,2026-09-03T07:00:06.934937+00:00,76,76,62,14,0,62,62,62,62,62,0,0,0,62,35,34,35,34,27,0,0,en,33,62,declared metadata; canonical identity and stream health not guaranteed
cmokkt7e802p9qscc9m2lpqwm,21662,pao,Pa'O,blk|en,Pa'O,blk,blk,core,,2026-09-03T07:00:06.934937+00:00,76,76,62,14,0,62,62,62,62,62,0,0,0,62,35,34,35,34,27,0,0,en,33,62,declared metadata; canonical identity and stream health not guaranteed
cmokkynlv041uqscclo7gnwuq,5446,papel,Papel,en,Papel,pbo,pbo,core,,2026-09-03T07:00:06.934937+00:00,76,76,62,14,0,62,62,62,62,62,0,0,0,62,35,34,35,34,27,0,0,en,33,62,declared metadata; canonical identity and stream health not guaranteed
cmokl1r4t04t6qscctj7uiijh,9131,papiamentu,Papiamentu,en|pap,Papiamentu,pap,pap,core,,2026-09-03T07:00:06.934937+00:00,105,105,86,19,0,86,86,86,86,86,0,0,0,86,48,46,48,46,38,0,0,pap,0,0,declared metadata; canonical identity and stream health not guaranteed
cmokkp6gm01ppqscc0yp5uy98,184475,parakana,Parakana,en,Parakana,pak,pak,core,,2026-09-03T07:00:06.934937+00:00,76,76,62,14,0,62,62,62,62,62,0,0,0,62,35,34,35,34,27,0,0,en,33,62,declared metadata; canonical identity and stream health not guaranteed
cmok1kyup00fxqsv13g5dnkfc,12518,paranan,Paranan,en,Paranan,prf,prf,core,,2026-09-03T07:00:06.934937+00:00,76,76,62,14,0,62,62,62,62,62,0,0,0,62,35,34,35,34,27,0,0,en,33,62,declared metadata; canonical identity and stream health not guaranteed
cmokkzddh048cqsccydqie6iz,5968,pardhan,Pardhan,en,Pardhan,pch,pch,core,,2026-09-03T07:00:06.934937+00:00,78,78,63,15,0,63,63,63,63,63,0,0,0,63,35,34,35,34,28,0,0,en,33,63,declared metadata; canonical identity and stream health not guaranteed
cmokkzccq0483qsccgxm53mnu,5960,pardhi,Pardhi,en,Pardhi,pcl,pcl,core,,2026-09-03T07:00:06.934937+00:00,79,79,64,15,0,64,64,64,64,64,0,0,0,64,35,34,35,34,29,0,0,en,33,64,declared metadata; canonical identity and stream health not guaranteed
cmokkoxrx01nmqscc13m3l9vm,1794,parecis,Parecis,en,Parecis,pab,pab,core,,2026-09-03T07:00:06.934937+00:00,76,76,62,14,0,62,62,62,62,62,0,0,0,62,35,34,35,34,27,0,0,en,33,62,declared metadata; canonical identity and stream health not guaranteed
cmokkxqi003tlqscc44pmslbe,5209,pasaale,Pasaale,en,Pasaale,sig,sig,core,,2026-09-03T07:00:06.934937+00:00,76,76,62,14,0,62,62,62,62,62,0,0,0,62,35,34,35,34,27,0,0,en,33,62,declared metadata; canonical identity and stream health not guaranteed
cmok1t9p802f2qsv1pbw92pf4,17773,pasemah,Pasemah,en,Pasemah,ms-pse,pse,core,,2026-09-03T07:00:06.934937+00:00,76,76,62,14,0,62,62,62,62,62,0,0,0,62,35,34,35,34,27,0,0,ms,0,0,declared metadata; canonical identity and stream health not guaranteed
cmokkpxxo01w9qscc2e79z0s2,184820,pashto-eastern-afghan,"Pashto, Eastern Afghan",en,"Pashto, Eastern Afghan",pbu,pbu,core,,2026-09-03T07:00:06.934937+00:00,147,147,126,20,1,126,126,126,126,126,0,0,0,126,77,73,67,64,49,0,0,en,63,126,declared metadata; canonical identity and stream health not guaranteed
cmok1jxiv006pqsv18wra5izd,10519,pashto-southern,"Pashto, Southern",en,"Pashto, Southern",pbt,pbt,core,,2026-09-03T07:00:06.934937+00:00,132,132,116,15,1,116,116,116,116,116,0,0,0,116,67,63,57,54,49,0,0,en,53,116,declared metadata; canonical identity and stream health not guaranteed
cmokkvyai03dcqsccg8ppnvie,374,pashto-yusufzai,"Pashto, Yusufzai",en|pbu,"Pashto, Yusufzai",pbu,pbu,core,,2026-09-03T07:00:06.934937+00:00,223,223,199,20,4,199,199,199,199,199,0,0,0,199,80,75,70,66,119,0,0,en,62,197,declared metadata; canonical identity and stream health not guaranteed
cmok1rf3801zfqsv1cdj4zaw1,153568,pattae,Pattae',en,Pattae',mqj,mqj,core,,2026-09-03T07:00:06.934937+00:00,76,76,62,14,0,62,62,62,62,62,0,0,0,62,35,34,35,34,27,0,0,en,33,62,declared metadata; canonical identity and stream health not guaranteed
cmok1mkzy00ubqsv14umm7mig,139166,pattapu,Pattapu,en,Pattapu,ptq,ptq,core,,2026-09-03T07:00:06.934937+00:00,76,76,62,14,0,62,62,62,62,62,0,0,0,62,35,34,35,34,27,0,0,en,33,62,declared metadata; canonical identity and stream health not guaranteed
cmokkpxj201w6qscc0wp6jteg,184819,penang-hokkien,Penang Hokkien,en,Penang Hokkien,nan,nan,core,,2026-09-03T07:00:06.934937+00:00,76,76,62,14,0,62,62,62,62,62,0,0,0,62,35,34,35,34,27,0,0,en,33,62,declared metadata; canonical identity and stream health not guaranteed
cmokkzbz30480qsccen24f8ku,5956,pengo,Pengo,en,Pengo,peg,peg,core,,2026-09-03T07:00:06.934937+00:00,76,76,62,14,0,62,62,62,62,62,0,0,0,62,35,34,35,34,27,0,0,en,33,62,declared metadata; canonical identity and stream health not guaranteed
cmok1q89y01ozqsv1fpd67zo9,144134,persian-sign-language,Persian Sign Language,en,Persian Sign Language,psc,psc,core,,2026-09-03T07:00:06.934937+00:00,76,76,62,14,0,62,62,62,62,1,61,0,0,62,35,34,35,34,27,1,61,en,1,1,declared metadata; canonical identity and stream health not guaranteed
cmokkv4v5035zqscc2j5yxvmt,2561,peve,Peve,en,Peve,lme,lme,core,,2026-09-03T07:00:06.934937+00:00,76,76,62,14,0,62,62,62,62,62,0,0,0,62,35,34,35,34,27,0,0,en,33,62,declared metadata; canonical identity and stream health not guaranteed
cmok1ra3f01y9qsv14cql3dis,15213,phende,Phende,en,Phende,pem,pem,core,,2026-09-03T07:00:06.934937+00:00,82,82,67,14,1,67,67,67,67,67,0,0,0,67,39,38,39,38,28,0,0,en,37,67,declared metadata; canonical identity and stream health not guaranteed
cmok1t4fz02dtqsv1mupurm4l,176708,phom,Phom,en,Phom,nph,nph,core,,2026-09-03T07:00:06.934937+00:00,76,76,62,14,0,62,62,62,62,62,0,0,0,62,35,34,35,34,27,0,0,en,33,62,declared metadata; canonical identity and stream health not guaranteed
cmok1pyoo01mnqsv1sz9hdvuc,143762,piapoco,Piapoco,en,Piapoco,pio,pio,core,,2026-09-03T07:00:06.934937+00:00,79,79,63,16,0,63,63,63,63,63,0,0,0,63,35,34,35,34,28,0,0,en,33,63,declared metadata; canonical identity and stream health not guaranteed
cmokkwenk03hkqscci1xgut60,4178,piaroa,Piaroa,en,Piaroa,pid,pid,core,,2026-09-03T07:00:06.934937+00:00,76,76,62,14,0,62,62,62,62,62,0,0,0,62,35,34,35,34,27,0,0,en,33,62,declared metadata; canonical identity and stream health not guaranteed
cmokktiou02s1qsccgwhvwes4,2261,pidgin-cameroon,"Pidgin, Cameroon",en,"Pidgin, Cameroon",wes,wes,core,,2026-09-03T07:00:06.934937+00:00,111,111,91,19,1,91,91,91,91,91,0,0,0,91,52,50,52,50,39,0,0,en,46,89,declared metadata; canonical identity and stream health not guaranteed
cmokl0n3f04jaqscc50m29agy,7586,pidgin-liberian,"Pidgin, Liberian",en,"Pidgin, Liberian",lir,lir,core,,2026-09-03T07:00:06.934937+00:00,141,141,123,16,2,123,123,123,123,123,0,0,0,123,71,67,61,58,52,0,0,en,57,123,declared metadata; canonical identity and stream health not guaranteed
cmok1lvif00nyqsv16slh8wk1,13316,pijin,Pijin,en,Pijin,pis,pis,core,,2026-09-03T07:00:06.934937+00:00,175,175,154,19,2,154,154,154,154,154,0,0,0,154,93,87,71,67,61,0,0,en,63,152,declared metadata; canonical identity and stream health not guaranteed
cmok1pz0b01mqqsv17wv95e2e,143768,pimbwe,Pimbwe,en,Pimbwe,piw,piw,core,,2026-09-03T07:00:06.934937+00:00,76,76,62,14,0,62,62,62,62,62,0,0,0,62,35,34,35,34,27,0,0,en,33,62,declared metadata; canonical identity and stream health not guaranteed
cmok1q4ts01o5qsv1qrogdsuc,143962,pinyin,Pinyin,en,Pinyin,pny,pny,core,,2026-09-03T07:00:06.934937+00:00,79,79,64,15,0,64,64,64,64,64,0,0,0,64,35,34,35,34,29,0,0,en,33,64,declared metadata; canonical identity and stream health not guaranteed
cmokkxn5a03ssqsccs4z8q2qm,51689,pipero,Pipero,en,Pipero,pip,pip,core,,2026-09-03T07:00:06.934937+00:00,76,76,62,14,0,62,62,62,62,62,0,0,0,62,35,34,35,34,27,0,0,en,33,62,declared metadata; canonical identity and stream health not guaranteed
cmok1kh9x00blqsv1m2gxylmf,114936,plang,Plang,en,Plang,blr,blr,core,,2026-09-03T07:00:06.934937+00:00,76,76,62,14,0,62,62,62,62,62,0,0,0,62,35,34,35,34,27,0,0,en,33,62,declared metadata; canonical identity and stream health not guaranteed
cmok1lfjq00jxqsv1rc4d2ute,1278,plautdietsch,Plautdietsch,en|pdt,Plautdietsch,pdt,pdt,core,,2026-09-03T07:00:06.934937+00:00,76,76,62,14,0,62,62,62,62,62,0,0,0,62,35,34,35,34,27,0,0,en,33,62,declared metadata; canonical identity and stream health not guaranteed
cmokkze2v048iqscc8sedzkjn,5973,pnar,Pnar,en,Pnar,pbv,pbv,core,,2026-09-03T07:00:06.934937+00:00,76,76,62,14,0,62,62,62,62,62,0,0,0,62,35,34,35,34,27,0,0,en,33,62,declared metadata; canonical identity and stream health not guaranteed
cmok1lcf900j6qsv1o2g1lyc3,127283,pogoro,Pogoro,en,Pogoro,poy,poy,core,,2026-09-03T07:00:06.934937+00:00,76,76,62,14,0,62,62,62,62,62,0,0,0,62,35,34,35,34,27,0,0,en,33,62,declared metadata; canonical identity and stream health not guaranteed
cmokksocd02keqscct1sob7f8,20880,pohnpeian,Pohnpeian,en,Pohnpeian,pon,pon,core,,2026-09-03T07:00:06.934937+00:00,105,105,86,19,0,86,86,86,86,86,0,0,0,86,48,46,48,46,38,0,0,en,42,84,declared metadata; canonical identity and stream health not guaranteed
cmok1r9px01y6qsv1gl4174nc,15210,poke,Poke,en,Poke,pof,pof,core,,2026-09-03T07:00:06.934937+00:00,76,76,62,14,0,62,62,62,62,62,0,0,0,62,35,34,35,34,27,0,0,en,33,62,declared metadata; canonical identity and stream health not guaranteed
cmokl0dvf04gyqsccitgv1sxr,7248,pokomo-lower,"Pokomo, Lower",en,"Pokomo, Lower",pkb,pkb,core,,2026-09-03T07:00:06.934937+00:00,76,76,62,14,0,62,62,62,62,62,0,0,0,62,35,34,35,34,27,0,0,en,33,62,declared metadata; canonical identity and stream health not guaranteed
cmokl0e7104h1qsccw6jtlv6h,7251,pokoot,Pokoot,en,Pokoot,pko,pko,core,,2026-09-03T07:00:06.934937+00:00,82,82,67,14,1,67,67,67,67,67,0,0,0,67,39,38,39,38,28,0,0,en,37,67,declared metadata; canonical identity and stream health not guaranteed
cmokkwpaf03k6qscch6a280c9,4451,polish,Polish,en|pl,Polish,pl,pol,core,,2026-09-03T07:00:06.934937+00:00,391,391,352,31,8,352,352,352,352,352,0,0,0,352,153,144,131,124,199,0,0,pl,0,0,declared metadata; canonical identity and stream health not guaranteed
cmokkpoul01u6qscclheotu33,184588,pomeranian-brazilian,"Pomeranian, Brazilian",en,"Pomeranian, Brazilian",nds,nds,core,,2026-09-03T07:00:06.934937+00:00,76,76,62,14,0,62,62,62,62,62,0,0,0,62,35,34,35,34,27,0,0,en,33,62,declared metadata; canonical identity and stream health not guaranteed
cmok1s6sa025vqsv1x47umwhx,162168,pontianak-hakka,"Pontianak, Hakka",en,"Pontianak, Hakka",hak,hak,core,,2026-09-03T07:00:06.934937+00:00,76,76,62,14,0,62,62,62,62,62,0,0,0,62,35,34,35,34,27,0,0,en,33,62,declared metadata; canonical identity and stream health not guaranteed
cmokl13gk04ncqsccpeoda5ge,8130,popoloca-san-felipe-otlaltepec,"Popoloca, San Felipe Otlaltepec",en,"Popoloca, San Felipe Otlaltepec",pow,pow,core,,2026-09-03T07:00:06.934937+00:00,76,76,62,14,0,62,62,62,62,62,0,0,0,62,35,34,35,34,27,0,0,en,33,62,declared metadata; canonical identity and stream health not guaranteed
cmokl145r04niqscc2kk0uj0w,8134,popoloca-san-juan-atzingo,"Popoloca, San Juan Atzingo",en,"Popoloca, San Juan Atzingo",poe,poe,core,,2026-09-03T07:00:06.934937+00:00,76,76,62,14,0,62,62,62,62,62,0,0,0,62,35,34,35,34,27,0,0,en,33,62,declared metadata; canonical identity and stream health not guaranteed
cmok1jfff002cqsv1taxllg5v,101096,popoloca-san-luis-temalacayuca,"Popoloca, San Luis Temalacayuca",en,"Popoloca, San Luis Temalacayuca",pps,pps,core,,2026-09-03T07:00:06.934937+00:00,76,76,62,14,0,62,62,62,62,62,0,0,0,62,35,34,35,34,27,0,0,en,33,62,declared metadata; canonical identity and stream health not guaranteed
cmokl13s304nfqsccfdyg2oaj,8133,popoluca-sierra,"Popoluca, Sierra",en,"Popoluca, Sierra",poi,poi,core,,2026-09-03T07:00:06.934937+00:00,76,76,62,14,0,62,62,62,62,62,0,0,0,62,35,34,35,34,27,0,0,en,33,62,declared metadata; canonical identity and stream health not guaranteed
cmokkz6kt046lqscck1podlgm,584,portuguese-brazil,"Portuguese, Brazil",en|pt,"Portuguese, Brazil",pt,por,core,,2026-09-03T07:00:06.934937+00:00,598,598,540,37,21,540,540,540,540,540,0,0,0,540,192,181,167,158,348,0,0,pt,154,521,declared metadata; canonical identity and stream health not guaranteed
cmok1mhz900tlqsv1l0zayuyc,139136,portuguese-mozambique,"Portuguese, Mozambique",en|pt-MZ,"Portuguese, Mozambique",pt-MZ,por,core,,2026-09-03T07:00:06.934937+00:00,48,48,30,17,1,30,30,30,30,30,0,0,0,30,18,17,18,17,12,0,0,pt,14,28,declared metadata; canonical identity and stream health not guaranteed
cmokksza002n6qsccrluj19av,21064,portuguese-portugal,"Portuguese, Portugal",en|pt-PT,"Portuguese, Portugal",pt-PT,por,core,,2026-09-03T07:00:06.934937+00:00,236,236,199,27,10,199,199,199,199,199,0,0,0,199,109,103,87,83,90,0,0,pt,78,195,declared metadata; canonical identity and stream health not guaranteed
cmok1ss5602awqsv1a7mpa4yr,173946,pougouli,Pougouli,en,Pougouli,pug,pug,core,,2026-09-03T07:00:06.934937+00:00,76,76,62,14,0,62,62,62,62,62,0,0,0,62,35,34,35,34,27,0,0,en,33,62,declared metadata; canonical identity and stream health not guaranteed
cmokkplxu01tiqsccbejm31vh,184557,poumai-naga,Poumai Naga,en,Poumai Naga,pmx,pmx,core,,2026-09-03T07:00:06.934937+00:00,76,76,62,14,0,62,62,62,62,62,0,0,0,62,35,34,35,34,27,0,0,en,33,62,declared metadata; canonical identity and stream health not guaranteed
cmok1jhh8002uqsv1w8mrtv8v,101328,powari,Powari,en,Powari,pwr,pwr,core,,2026-09-03T07:00:06.934937+00:00,76,76,62,14,0,62,62,62,62,62,0,0,0,62,35,34,35,34,27,0,0,en,33,62,declared metadata; canonical identity and stream health not guaranteed
cmok1rjfl020fqsv1znjob1me,154958,provencal,Provencal,en,Provencal,oci,oci,core,,2026-09-03T07:00:06.934937+00:00,76,76,62,14,0,62,62,62,62,62,0,0,0,62,35,34,35,34,27,0,0,en,33,62,declared metadata; canonical identity and stream health not guaranteed
cmok1qabu01phqsv1o53n57zw,144251,puinave,Puinave,en,Puinave,pui,pui,core,,2026-09-03T07:00:06.934937+00:00,79,79,63,16,0,63,63,63,63,63,0,0,0,63,35,34,35,34,28,0,0,en,33,63,declared metadata; canonical identity and stream health not guaranteed
f6c53437-2ac2-4143-bec2-df31c15b6cdb,154060,pulangiyen,Pulangiyen Manobo,en,Pulangiyen Manobo,mbb,mbb,core,,2026-09-03T07:00:06.934937+00:00,75,75,62,13,0,62,62,62,62,62,0,0,0,62,35,34,35,34,27,0,0,en,33,62,declared metadata; canonical identity and stream health not guaranteed
cmok1qapb01pkqsv1zrcw94mm,144252,punan-tubu,Punan Tubu,en,Punan Tubu,puj,puj,core,,2026-09-03T07:00:06.934937+00:00,76,76,62,14,0,62,62,62,62,62,0,0,0,62,35,34,35,34,27,0,0,en,33,62,declared metadata; canonical identity and stream health not guaranteed
cmokkx1lu03nbqsccnddtm5k7,46771,punjabi,Punjabi,en|pa,Punjabi,pa,pan,core,,2026-09-03T07:00:06.934937+00:00,231,231,204,22,5,204,204,204,204,204,0,0,0,204,104,99,82,79,100,0,0,pa,0,0,declared metadata; canonical identity and stream health not guaranteed
cmokl11cm04muqsccmwp3rog8,8075,purepecha,Purepecha,en,Purepecha,tsz,tsz,core,,2026-09-03T07:00:06.934937+00:00,87,87,72,14,1,72,72,72,72,72,0,0,0,72,44,43,44,43,28,0,0,en,42,72,declared metadata; canonical identity and stream health not guaranteed
cmok1tbbj02feqsv1yltm1nya,178026,pyam,Pyam,en,Pyam,pym,pym,core,,2026-09-03T07:00:06.934937+00:00,76,76,62,14,0,62,62,62,62,62,0,0,0,62,35,34,35,34,27,0,0,en,33,62,declared metadata; canonical identity and stream health not guaranteed
cmok1o4ca017hqsv1go284mrt,141355,qanjobal,Q'Anjob'Al,en,Q'Anjob'Al,kjb,kjb,core,,2026-09-03T07:00:06.934937+00:00,76,76,62,14,0,62,62,62,62,62,0,0,0,62,35,34,35,34,27,0,0,en,33,62,declared metadata; canonical identity and stream health not guaranteed
cmokkpiru01srqscc902737ik,184529,qashqai,Qashqa'I,en,Qashqa'I,qxq,qxq,core,,2026-09-03T07:00:06.934937+00:00,79,79,63,16,0,63,63,63,63,63,0,0,0,63,35,34,35,34,28,0,0,en,33,63,declared metadata; canonical identity and stream health not guaranteed
cmok1rowz021oqsv10bz0x83h,156595,qena,Qebena,alw|en,Qebena,alw,alw,core,,2026-09-03T07:00:06.934937+00:00,75,75,62,13,0,62,62,62,62,62,0,0,0,62,35,34,35,34,27,0,0,en,33,62,declared metadata; canonical identity and stream health not guaranteed
cmokkvgka038vqscc7uvrhb4x,27157,qiang-southern,"Qiang, Southern",en,"Qiang, Southern",qxs,qxs,core,,2026-09-03T07:00:06.934937+00:00,79,79,63,16,0,63,63,63,63,63,0,0,0,63,35,34,35,34,28,0,0,en,33,63,declared metadata; canonical identity and stream health not guaranteed
cmok1qdu501qbqsv1o87afi8v,144393,quechua-ambo-pasco,"Quechua, Ambo-Pasco",en|qva,"Quechua, Ambo-Pasco",qva,qva,core,,2026-09-03T07:00:06.934937+00:00,79,79,64,15,0,64,64,64,64,64,0,0,0,64,35,34,35,34,29,0,0,en,33,64,declared metadata; canonical identity and stream health not guaranteed
cmok1kx4d00fhqsv1588gj97r,12449,quechua-ancash-conchucos-northern,"Quechua, Ancash, Conchucos, Northern",en|qxn,"Quechua, Ancash, Conchucos, Northern",qxn,qxn,core,,2026-09-03T07:00:06.934937+00:00,76,76,62,14,0,62,62,62,62,62,0,0,0,62,35,34,35,34,27,0,0,en,33,62,declared metadata; canonical identity and stream health not guaranteed
cmok1kwr600feqsv1rl3syiw5,12445,quechua-ancash-conchucos-southern,"Quechua, Ancash, Conchucos, Southern",en,"Quechua, Ancash, Conchucos, Southern",qxo,qxo,core,,2026-09-03T07:00:06.934937+00:00,76,76,62,14,0,62,62,62,62,62,0,0,0,62,35,34,35,34,27,0,0,en,33,62,declared metadata; canonical identity and stream health not guaranteed
cmok1kxke00fmqsv1901so19h,12461,quechua-ancash-huaylas,"Quechua, Ancash, Huaylas",en|qwh,"Quechua, Ancash, Huaylas",qwh,qwh,core,,2026-09-03T07:00:06.934937+00:00,76,76,62,14,0,62,62,62,62,62,0,0,0,62,35,34,35,34,27,0,0,en,33,62,declared metadata; canonical identity and stream health not guaranteed
cmok1kut100exqsv1n54him93,12402,quechua-ayacucho,"Quechua, Ayacucho",en|quy,"Quechua, Ayacucho",quy,quy,core,,2026-09-03T07:00:06.934937+00:00,162,162,142,19,1,141,141,141,141,141,0,0,0,141,80,75,70,66,61,0,0,en,62,139,declared metadata; canonical identity and stream health not guaranteed
cmok1kuam00esqsv1qknircrx,12399,quechua-cuzco,"Quechua, Cuzco",en|quz,"Quechua, Cuzco",quz,quz,core,,2026-09-03T07:00:06.934937+00:00,160,160,140,19,1,139,139,139,139,139,0,0,0,139,80,75,70,66,59,0,0,en,62,137,declared metadata; canonical identity and stream health not guaranteed
cmokkvekj038cqscc7dk6drw4,27039,quechua-eastern-apurimac,"Quechua, Eastern Apurimac",en|qve,"Quechua, Eastern Apurimac",qve,qve,core,,2026-09-03T07:00:06.934937+00:00,79,79,64,15,0,64,64,64,64,64,0,0,0,64,35,34,35,34,29,0,0,en,33,64,declared metadata; canonical identity and stream health not guaranteed
cmok1kvm800f5qsv1d3lsyo5k,12422,quechua-huanuco-huallaga,"Quechua, Huanuco, Huallaga",en,"Quechua, Huanuco, Huallaga",qub,qub,core,,2026-09-03T07:00:06.934937+00:00,76,76,62,14,0,62,62,62,62,62,0,0,0,62,35,34,35,34,27,0,0,en,33,62,declared metadata; canonical identity and stream health not guaranteed
cmok1kwfe00fbqsv121iw2fb7,12441,quechua-huanuco-huamalies-northern-dos-de-mayo,"Quechua, Huanuco, Huamalies-Northern Dos De Mayo",en,"Quechua, Huanuco, Huamalies-Northern Dos De Mayo",qvh,qvh,core,,2026-09-03T07:00:06.934937+00:00,76,76,62,14,0,62,62,62,62,62,0,0,0,62,35,34,35,34,27,0,0,en,33,62,declared metadata; canonical identity and stream health not guaranteed
cmok1kv8q00f2qsv1pt7ydsh1,12421,quechua-lambayeque,"Quechua, Lambayeque",en,"Quechua, Lambayeque",quf,quf,core,,2026-09-03T07:00:06.934937+00:00,76,76,62,14,0,62,62,62,62,62,0,0,0,62,35,34,35,34,27,0,0,en,33,62,declared metadata; canonical identity and stream health not guaranteed
cmokkv9a30371qsccau6xa93p,26302,quechua-margos-yarowilca-lauricocha,"Quechua, Margos-Yarowilca-Lauricocha",en|qvm,"Quechua, Margos-Yarowilca-Lauricocha",qvm,qvm,core,,2026-09-03T07:00:06.934937+00:00,76,76,62,14,0,62,62,62,62,62,0,0,0,62,35,34,35,34,27,0,0,en,33,62,declared metadata; canonical identity and stream health not guaranteed
cmok1paax01gxqsv1ponrmnc5,1428,quechua-north-bolivian,"Quechua, North Bolivian",en|qul,"Quechua, North Bolivian",qul,qul,core,,2026-09-03T07:00:06.934937+00:00,76,76,62,14,0,62,62,62,62,62,0,0,0,62,35,34,35,34,27,0,0,en,33,62,declared metadata; canonical identity and stream health not guaranteed
cmok1kw2600f8qsv12e2i9rix,12428,quechua-north-junin,"Quechua, North Junin",en,"Quechua, North Junin",qvn,qvn,core,,2026-09-03T07:00:06.934937+00:00,76,76,62,14,0,62,62,62,62,62,0,0,0,62,35,34,35,34,27,0,0,en,33,62,declared metadata; canonical identity and stream health not guaranteed
cmok1qf2x01qoqsv1igtrk5v8,144408,quechua-panao-huanuco,"Quechua, Panao Huanuco",en|qxh,"Quechua, Panao Huanuco",qxh,qxh,core,,2026-09-03T07:00:06.934937+00:00,76,76,62,14,0,62,62,62,62,62,0,0,0,62,35,34,35,34,27,0,0,en,33,62,declared metadata; canonical identity and stream health not guaranteed
cmokkzsc704biqscc55u85jpl,633,quechua-south-bolivian,"Quechua, South Bolivian",en|quh,"Quechua, South Bolivian",quh,quh,core,,2026-09-03T07:00:06.934937+00:00,175,175,154,19,2,154,154,154,154,154,0,0,0,154,93,87,71,67,61,0,0,en,63,152,declared metadata; canonical identity and stream health not guaranteed
cmok1qcft01pzqsv1t62clpxc,144330,quechua-southern-pastaza,"Quechua, Southern Pastaza",en,"Quechua, Southern Pastaza",qup,qup,core,,2026-09-03T07:00:06.934937+00:00,79,79,63,16,0,63,63,63,63,63,0,0,0,63,35,34,35,34,28,0,0,en,33,63,declared metadata; canonical identity and stream health not guaranteed
cmokkyirg040nqscchsim3zew,5399,quiche-central,"Quiche, Central",en|quc,"Quiche, Central",quc,quc,core,,2026-09-03T07:00:06.934937+00:00,105,105,86,19,0,86,86,86,86,86,0,0,0,86,48,46,48,46,38,0,0,quc,0,0,declared metadata; canonical identity and stream health not guaranteed
cmokkyic6040kqscc6w5ydgjt,5398,quiche-joyabaj,"Quiche, Joyabaj",en,"Quiche, Joyabaj",quc,quc,core,,2026-09-03T07:00:06.934937+00:00,151,151,132,17,2,132,132,132,132,132,0,0,0,132,80,75,58,55,52,0,0,quc,0,0,declared metadata; canonical identity and stream health not guaranteed
cmokkykmh0414qsccl24pb6u8,5425,quiche-west-central,"Quiche, West Central",en|quc,"Quiche, West Central",quc,quc,core,,2026-09-03T07:00:06.934937+00:00,76,76,62,14,0,62,62,62,62,62,0,0,0,62,35,34,35,34,27,0,0,quc,0,0,declared metadata; canonical identity and stream health not guaranteed
cmok1qfwe01qwqsv1fu1sl9rx,144413,quichua-canar-highland,"Quichua, Canar Highland",en,"Quichua, Canar Highland",qxr,qxr,core,,2026-09-03T07:00:06.934937+00:00,76,76,62,14,0,62,62,62,62,62,0,0,0,62,35,34,35,34,27,0,0,en,33,62,declared metadata; canonical identity and stream health not guaranteed
cmokkwtmo03lbqscc34misiia,4481,quichua-highland-chimborazo,"Quichua, Highland, Chimborazo",en|qug,"Quichua, Highland, Chimborazo",qug,qug,core,,2026-09-03T07:00:06.934937+00:00,76,76,62,14,0,62,62,62,62,62,0,0,0,62,35,34,35,34,27,0,0,en,33,62,declared metadata; canonical identity and stream health not guaranteed
cmok1qe9w01qgqsv1la9kye53,144395,quichua-imbabura-highland,"Quichua, Imbabura Highland",en,"Quichua, Imbabura Highland",qvi,qvi,core,,2026-09-03T07:00:06.934937+00:00,76,76,62,14,0,62,62,62,62,62,0,0,0,62,35,34,35,34,27,0,0,en,33,62,declared metadata; canonical identity and stream health not guaranteed
cmok1suqb02bhqsv1k3uofjei,174473,quichua-pastaza,"Quichua, Pastaza",en|qvz,"Quichua, Pastaza",qvz,qvz,core,,2026-09-03T07:00:06.934937+00:00,76,76,62,14,0,62,62,62,62,62,0,0,0,62,35,34,35,34,27,0,0,en,33,62,declared metadata; canonical identity and stream health not guaranteed
cmok1qfkh01qtqsv15olkkrjl,144409,quichua-salasaca-highland,"Quichua, Salasaca Highland",en,"Quichua, Salasaca Highland",qxl,qxl,core,,2026-09-03T07:00:06.934937+00:00,79,79,63,16,0,63,63,63,63,63,0,0,0,63,35,34,35,34,28,0,0,en,33,63,declared metadata; canonical identity and stream health not guaranteed
cmok1qdgl01q8qsv120ifpjw3,144390,quichua-tena-lowland,"Quichua, Tena Lowland",en,"Quichua, Tena Lowland",quw,quw,core,,2026-09-03T07:00:06.934937+00:00,79,79,63,16,0,63,63,63,63,63,0,0,0,63,35,34,35,34,28,0,0,en,33,63,declared metadata; canonical identity and stream health not guaranteed
cmokkzanv047pqscc1v0277tk,5934,rabha,Rabha,en,Rabha,rah,rah,core,,2026-09-03T07:00:06.934937+00:00,76,76,62,14,0,62,62,62,62,62,0,0,0,62,35,34,35,34,27,0,0,en,33,62,declared metadata; canonical identity and stream health not guaranteed
cmok1qjeb01rqqsv1sgu4l2j1,144481,rade,Rade,en,Rade,rad,rad,core,,2026-09-03T07:00:06.934937+00:00,76,76,62,14,0,62,62,62,62,62,0,0,0,62,35,34,35,34,27,0,0,en,33,62,declared metadata; canonical identity and stream health not guaranteed
cmokkumvn031mqsccd4m16ins,24043,rai-bantawa,"Rai, Bantawa",bap|en,"Rai, Bantawa",bap,bap,core,,2026-09-03T07:00:06.934937+00:00,76,76,62,14,0,62,62,62,62,62,0,0,0,62,35,34,35,34,27,0,0,en,33,62,declared metadata; canonical identity and stream health not guaranteed
cmokktzwa02wcqsccoout8a56,23226,rajbangsi-india,"Rajbangsi, India",en,"Rajbangsi, India",rjs,rkt,core,,2026-09-03T07:00:06.934937+00:00,76,76,62,14,0,62,62,62,62,62,0,0,0,62,35,34,35,34,27,0,0,en,33,62,declared metadata; canonical identity and stream health not guaranteed
cmokkuatm02ymqsccqvtjj7c6,23548,rajbanshi-nepal,"Rajbanshi, Nepal",en,"Rajbanshi, Nepal",rjs-NP,rjs,core,,2026-09-03T07:00:06.934937+00:00,76,76,62,14,0,62,62,62,62,62,0,0,0,62,35,34,35,34,27,0,0,en,33,62,declared metadata; canonical identity and stream health not guaranteed
cmok1jkzf003oqsv19rcai959,101630,rakhine,Rakhine,en,Rakhine,rki,rki,core,,2026-09-03T07:00:06.934937+00:00,85,85,70,14,1,70,70,70,70,70,0,0,0,70,40,38,40,38,30,0,0,en,37,70,declared metadata; canonical identity and stream health not guaranteed
cmok1jj7h0039qsv155ncjw1o,101511,ralte,Ralte,en,Ralte,ral,ral,core,,2026-09-03T07:00:06.934937+00:00,1,1,1,0,0,1,1,1,1,1,0,0,0,1,0,0,0,0,1,0,0,en,0,0,declared metadata; canonical identity and stream health not guaranteed
cmokkrili029vqsccrg2ox9d5,19912,rampi,Rampi,en,Rampi,lje,lje,core,,2026-09-03T07:00:06.934937+00:00,76,76,62,14,0,62,62,62,62,62,0,0,0,62,35,34,35,34,27,0,0,en,33,62,declared metadata; canonical identity and stream health not guaranteed
cmokl1phl04sqqscc7p1hwvvu,8972,rana-tharu,Rana Tharu,en,Rana Tharu,thr,thr,core,,2026-09-03T07:00:06.934937+00:00,79,79,64,15,0,64,64,64,64,64,0,0,0,64,35,34,35,34,29,0,0,en,33,64,declared metadata; canonical identity and stream health not guaranteed
cmok1jlb4003rqsv1g3f8jx44,101632,rangpuria-bangla,Rangpuria Bangla,en,Rangpuria Bangla,rkt,rkt,core,,2026-09-03T07:00:06.934937+00:00,76,76,62,14,0,62,62,62,62,62,0,0,0,62,35,34,35,34,27,0,0,en,33,62,declared metadata; canonical identity and stream health not guaranteed
cmok1qjq701rtqsv1kf2ewwkv,144489,rao,Rao,en,Rao,rao,rao,core,,2026-09-03T07:00:06.934937+00:00,79,79,63,16,0,63,63,63,63,63,0,0,0,63,35,34,35,34,28,0,0,en,33,63,declared metadata; canonical identity and stream health not guaranteed
cmokku1md02wrqsccu1li66l8,23313,rathawi,Rathawi,en,Rathawi,rtw,rtw,core,,2026-09-03T07:00:06.934937+00:00,76,76,62,14,0,62,62,62,62,62,0,0,0,62,35,34,35,34,27,0,0,en,33,62,declared metadata; canonical identity and stream health not guaranteed
cmok1p2ey01f1qsv17y9u2umf,142491,ravula,Ravula,en,Ravula,yea,yea,core,,2026-09-03T07:00:06.934937+00:00,76,76,62,14,0,62,62,62,62,62,0,0,0,62,35,34,35,34,27,0,0,en,33,62,declared metadata; canonical identity and stream health not guaranteed
cmok1kfvb00b9qsv1qf1p8y1z,11329,rawa,Rawa,en,Rawa,rwo,rwo,core,,2026-09-03T07:00:06.934937+00:00,79,79,63,16,0,63,63,63,63,63,0,0,0,63,35,34,35,34,28,0,0,en,33,63,declared metadata; canonical identity and stream health not guaranteed
cmokkza9b047mqsccmed0bygr,5930,rawang,Rawang,en,Rawang,raw,raw,core,,2026-09-03T07:00:06.934937+00:00,76,76,62,14,0,62,62,62,62,62,0,0,0,62,35,34,35,34,27,0,0,en,33,62,declared metadata; canonical identity and stream health not guaranteed
cmok1t9bq02ezqsv1k0krbbp1,17769,rejang,Rejang,en,Rejang,rej,rej,core,,2026-09-03T07:00:06.934937+00:00,76,76,62,14,0,62,62,62,62,62,0,0,0,62,35,34,35,34,27,0,0,en,33,62,declared metadata; canonical identity and stream health not guaranteed
cmokl0dhj04gvqscc5oxp46ny,7238,rendille,Rendille,en,Rendille,rel,rel,core,,2026-09-03T07:00:06.934937+00:00,148,148,130,16,2,130,130,130,130,130,0,0,0,130,80,75,58,55,50,0,0,en,54,130,declared metadata; canonical identity and stream health not guaranteed
cmok1ja3d0013qsv1e59etzdb,10048,reshe,Reshe,en,Reshe,res,res,core,,2026-09-03T07:00:06.934937+00:00,76,76,62,14,0,62,62,62,62,62,0,0,0,62,35,34,35,34,27,0,0,en,33,62,declared metadata; canonical identity and stream health not guaranteed
cmok1llhz00leqsv10m1clawa,12923,reunion-creole-french,Reunion Creole French,en,Reunion Creole French,rcf,rcf,core,,2026-09-03T07:00:06.934937+00:00,76,76,62,14,0,62,62,62,62,62,0,0,0,62,35,34,35,34,27,0,0,en,33,62,declared metadata; canonical identity and stream health not guaranteed
cmokkqpns022rqsccp6qiscz4,185334,ribeirinho,Ribeirinho,en,Ribeirinho,por,por,core,,2026-09-03T07:00:06.934937+00:00,75,75,62,13,0,62,62,62,62,62,0,0,0,62,35,34,35,34,27,0,0,pt,33,62,declared metadata; canonical identity and stream health not guaranteed
cmokkwsqq03l3qsccr4rozjxg,44748,rigwe,Rigwe,en,Rigwe,iri,iri,core,,2026-09-03T07:00:06.934937+00:00,76,76,62,14,0,62,62,62,62,62,0,0,0,62,35,34,35,34,27,0,0,en,33,62,declared metadata; canonical identity and stream health not guaranteed
4a851a44-f930-42a6-92c1-0f27dcfa78eb,1869,rikbaktsa,Rikbaktsa,en,Rikbaktsa,rkb,rkb,core,,2026-09-03T07:00:06.934937+00:00,75,75,62,13,0,62,62,62,62,62,0,0,0,62,35,34,35,34,27,0,0,en,33,62,declared metadata; canonical identity and stream health not guaranteed
cmok1ru25022wqsv1mjrya7i1,158787,rinconada-bikol,Rinconada Bikol,bto|en,Rinconada Bikol,bto,bto,core,,2026-09-03T07:00:06.934937+00:00,76,76,62,14,0,62,62,62,62,62,0,0,0,62,35,34,35,34,27,0,0,en,33,62,declared metadata; canonical identity and stream health not guaranteed
cmokkr0i8025eqsccrbjqeibn,19317,roglai-northern,"Roglai, Northern",en,"Roglai, Northern",rog,rog,core,,2026-09-03T07:00:06.934937+00:00,76,76,62,14,0,62,62,62,62,62,0,0,0,62,35,34,35,34,27,0,0,en,33,62,declared metadata; canonical identity and stream health not guaranteed
cmokkuuz1033kqsccosq5ltrh,24263,rohingya,Rohingya,en,Rohingya,rhg,rhg,core,,2026-09-03T07:00:06.934937+00:00,78,78,63,15,0,63,63,63,63,63,0,0,0,63,35,34,35,34,28,0,0,en,33,63,declared metadata; canonical identity and stream health not guaranteed
cmokkr55a026kqscculd047xv,1953,romani-balkan,"Romani, Balkan",en|rmn,"Romani, Balkan",rmn,rmn,core,,2026-09-03T07:00:06.934937+00:00,105,105,88,15,2,88,88,88,88,88,0,0,0,88,48,46,36,35,40,0,0,en,34,88,declared metadata; canonical identity and stream health not guaranteed
cmokkp4kg01p8qsccbj2ere33,184455,romani-balkan-romania,"Romani, Balkan-Romania",en|rmn,"Romani, Balkan-Romania",rmn,rmn,core,,2026-09-03T07:00:06.934937+00:00,132,132,116,15,1,116,116,116,116,116,0,0,0,116,67,63,57,54,49,0,0,en,53,116,declared metadata; canonical identity and stream health not guaranteed
cmokktf5r02r6qscc36l12ooz,22334,romani-caldarasi,"Romani, Caldarasi",en|rmy,"Romani, Caldarasi",rmy,rmy,core,,2026-09-03T07:00:06.934937+00:00,92,92,76,15,1,76,76,76,76,76,0,0,0,76,48,46,36,35,28,0,0,en,34,76,declared metadata; canonical identity and stream health not guaranteed
cmokkwota03k1qsccbl32skzq,4450,romani-carpathian,"Romani, Carpathian",en|rmc,"Romani, Carpathian",rmc,rmc,core,,2026-09-03T07:00:06.934937+00:00,76,76,62,14,0,62,62,62,62,62,0,0,0,62,35,34,35,34,27,0,0,en,33,62,declared metadata; canonical identity and stream health not guaranteed
cmokksx5102mlqsccsj45n630,21027,romani-kalderash-western,"Romani, Kalderash, Western",en|rmy-kal,"Romani, Kalderash, Western",rmy-kal,rmy,core,,2026-09-03T07:00:06.934937+00:00,76,76,62,14,0,62,62,62,62,62,0,0,0,62,35,34,35,34,27,0,0,en,33,62,declared metadata; canonical identity and stream health not guaranteed
cmok1kapz009zqsv1q11cme43,1113,romani-sinte,"Romani, Sinte",en|rmo,"Romani, Sinte",rmo,rmo,core,,2026-09-03T07:00:06.934937+00:00,76,76,62,14,0,62,62,62,62,62,0,0,0,62,35,34,35,34,27,0,0,en,33,62,declared metadata; canonical identity and stream health not guaranteed
cmokkyujz043lqscc370az7vs,5546,romanian,Romanian,en|ro,Romanian,ro,ron,core,,2026-09-03T07:00:06.934937+00:00,386,386,339,31,16,339,339,339,339,339,0,0,0,339,150,141,128,121,189,0,0,ro,0,0,declared metadata; canonical identity and stream health not guaranteed
cmok1lmj200lnqsv1noo64dz5,12961,romanian-sign-language,Romanian Sign Language,en,Romanian Sign Language,rms,rms,core,,2026-09-03T07:00:06.934937+00:00,8,8,1,7,0,1,1,1,1,1,0,0,0,1,1,1,1,1,0,0,0,en,1,1,declared metadata; canonical identity and stream health not guaranteed
cmok1l6nl00htqsv1eqftlk1h,12602,romblomanon,Romblomanon,en,Romblomanon,rol,rol,core,,2026-09-03T07:00:06.934937+00:00,76,76,62,14,0,62,62,62,62,62,0,0,0,62,35,34,35,34,27,0,0,en,33,62,declared metadata; canonical identity and stream health not guaranteed
cmokl1me304ryqsccspxrl41s,8520,ronga,Ronga,en,Ronga,rng,rng,core,,2026-09-03T07:00:06.934937+00:00,76,76,62,14,0,62,62,62,62,62,0,0,0,62,35,34,35,34,27,0,0,en,33,62,declared metadata; canonical identity and stream health not guaranteed
cmok1pooi01kbqsv10t23dj3r,143435,roviana,Roviana,en,Roviana,rug,rug,core,,2026-09-03T07:00:06.934937+00:00,79,79,63,16,0,63,63,63,63,63,0,0,0,63,35,34,35,34,28,0,0,en,33,63,declared metadata; canonical identity and stream health not guaranteed
cmok1k3ap0083qsv1kzm0grpp,106188,rufumbira,Rufumbira,en,Rufumbira,rw,kin,core,,2026-09-03T07:00:06.934937+00:00,76,76,62,14,0,62,62,62,62,62,0,0,0,62,35,34,35,34,27,0,0,rw,0,0,declared metadata; canonical identity and stream health not guaranteed
cmokkx35a03npqscciqwa0ni7,46969,rukuba,Kuce,en,Kuce,ruk,ruk,core,,2026-09-03T07:00:06.934937+00:00,75,75,62,13,0,62,62,62,62,62,0,0,0,62,35,34,35,34,27,0,0,en,33,62,declared metadata; canonical identity and stream health not guaranteed
cmok1kniy00d4qsv1f16cuflf,11956,rumu,Rumu,en,Rumu,klq,klq,core,,2026-09-03T07:00:06.934937+00:00,76,76,62,14,0,62,62,62,62,62,0,0,0,62,35,34,35,34,27,0,0,en,33,62,declared metadata; canonical identity and stream health not guaranteed
cmokksmq702jyqsccvj85kva7,20859,runyankole,Runyankole,en,Runyankole,nyn,nyn,core,,2026-09-03T07:00:06.934937+00:00,82,82,67,14,1,67,67,67,67,67,0,0,0,67,39,38,39,38,28,0,0,en,37,67,declared metadata; canonical identity and stream health not guaranteed
cmokksn1y02k1qscc7uidhb94,20861,runyoro,Runyoro,en|nyo,Runyoro,nyo,nyo,core,,2026-09-03T07:00:06.934937+00:00,82,82,67,14,1,67,67,67,67,67,0,0,0,67,39,38,39,38,28,0,0,en,37,67,declared metadata; canonical identity and stream health not guaranteed
cmok1mn5n00uvqsv14epc4olv,139185,ruruuli-runyala,Ruruuli-Runyala,en,Ruruuli-Runyala,ruc,ruc,core,,2026-09-03T07:00:06.934937+00:00,76,76,62,14,0,62,62,62,62,62,0,0,0,62,35,34,35,34,27,0,0,en,33,62,declared metadata; canonical identity and stream health not guaranteed
cmokkw6w503fjqsccy6mcuaer,3934,russian,Russian,en|ru,Russian,ru,rus,core,,2026-09-03T07:00:06.934937+00:00,604,599,541,35,23,541,541,541,541,541,0,0,0,541,189,179,164,156,352,0,0,ru,151,515,declared metadata; canonical identity and stream health not guaranteed
cmokkr2f1025vqscc137wf9qp,1944,russian-sign-language,Russian Sign Language,en,Russian Sign Language,rsl,rsl,core,,2026-09-03T07:00:06.934937+00:00,8,8,1,7,0,1,1,1,1,1,0,0,0,1,1,1,1,1,0,0,0,en,1,1,declared metadata; canonical identity and stream health not guaranteed
cmokkz67g046iqsccbugrrtlw,583,ruund,Ruund,en,Ruund,rnd,rnd,core,,2026-09-03T07:00:06.934937+00:00,76,76,62,14,0,62,62,62,62,62,0,0,0,62,35,34,35,34,27,0,0,en,33,62,declared metadata; canonical identity and stream health not guaranteed
cmokkqdtd01zxqsccn4h0pyck,185129,ruwila,Ruwila,en,Ruwila,rwl,rwl,core,,2026-09-03T07:00:06.934937+00:00,76,76,62,14,0,62,62,62,62,62,0,0,0,62,35,34,35,34,27,0,0,en,33,62,declared metadata; canonical identity and stream health not guaranteed
cmokl23s904w9qscckbjixy85,97071,saa,Sa'a,en,Sa'a,apb,apb,core,,2026-09-03T07:00:06.934937+00:00,79,79,63,16,0,63,63,63,63,63,0,0,0,63,35,34,35,34,28,0,0,en,33,63,declared metadata; canonical identity and stream health not guaranteed
cmok1puiw01lnqsv14rrzihi4,143610,saafi-saafi,Saafi-Saafi,en,Saafi-Saafi,sav,sav,core,,2026-09-03T07:00:06.934937+00:00,76,76,62,14,0,62,62,62,62,62,0,0,0,62,35,34,35,34,27,0,0,sav,0,0,declared metadata; canonical identity and stream health not guaranteed
cmokl0cdo04gmqscc7zkwueqx,7227,sabaot,Sabaot,en,Sabaot,spy,spy,core,,2026-09-03T07:00:06.934937+00:00,76,76,62,14,0,62,62,62,62,62,0,0,0,62,35,34,35,34,27,0,0,en,33,62,declared metadata; canonical identity and stream health not guaranteed
cmok1sqe202ahqsv1jvg9crvc,17346,sabu,Sabu,en,Sabu,hvn,hvn,core,,2026-09-03T07:00:06.934937+00:00,76,76,62,14,0,62,62,62,62,62,0,0,0,62,35,34,35,34,27,0,0,en,33,62,declared metadata; canonical identity and stream health not guaranteed
cmokksq2s02kwqscced4ft9zp,20902,sadani,Sadani,en,Sadani,sck,sck,core,,2026-09-03T07:00:06.934937+00:00,76,76,62,14,0,62,62,62,62,62,0,0,0,62,35,34,35,34,27,0,0,en,33,62,declared metadata; canonical identity and stream health not guaranteed
cmokkuet602zlqscc1zsg4otd,23797,sadri-oraon,"Sadri, Oraon",en,"Sadri, Oraon",sdr,sdr,core,,2026-09-03T07:00:06.934937+00:00,76,76,62,14,0,62,62,62,62,62,0,0,0,62,35,34,35,34,27,0,0,en,33,62,declared metadata; canonical identity and stream health not guaranteed
cmok1oysi01e7qsv1mu5figyo,14236,safwa,Safwa,en,Safwa,sbk,sbk,core,,2026-09-03T07:00:06.934937+00:00,76,76,62,14,0,62,62,62,62,62,0,0,0,62,35,34,35,34,27,0,0,en,33,62,declared metadata; canonical identity and stream health not guaranteed
cmokkphv401sjqscce4bseu4v,184521,saho-eritrea,Saho-Eritrea,en,Saho-Eritrea,ssy,ssy,core,,2026-09-03T07:00:06.934937+00:00,79,79,63,16,0,63,63,63,63,63,0,0,0,63,35,34,35,34,28,0,0,en,33,63,declared metadata; canonical identity and stream health not guaranteed
cmok1skvf0298qsv12lg1qzta,17040,sahu,Sahu,en,Sahu,saj,saj,core,,2026-09-03T07:00:06.934937+00:00,76,76,62,14,0,62,62,62,62,62,0,0,0,62,35,34,35,34,27,0,0,en,33,62,declared metadata; canonical identity and stream health not guaranteed
cmokkup310326qsccqv7uhrbu,24120,sakalava-analalava,Sakalava Analalava,en,Sakalava Analalava,skg-x-Analalava,skg,core,,2026-09-03T07:00:06.934937+00:00,79,79,64,15,0,64,64,64,64,64,0,0,0,64,35,34,35,34,29,0,0,en,33,64,declared metadata; canonical identity and stream health not guaranteed
cmokkupgw0329qscct2wtszvk,24121,sakalava-besalampy,Sakalava Besalampy,en,Sakalava Besalampy,skg,skg,core,,2026-09-03T07:00:06.934937+00:00,79,79,64,15,0,64,64,64,64,64,0,0,0,64,35,34,35,34,29,0,0,en,33,64,declared metadata; canonical identity and stream health not guaranteed
cmokkrqns02buqscc4lbg2360,20196,sakata,Sakata,en,Sakata,skt,skt,core,,2026-09-03T07:00:06.934937+00:00,76,76,62,14,0,62,62,62,62,62,0,0,0,62,35,34,35,34,27,0,0,en,33,62,declared metadata; canonical identity and stream health not guaranteed
cmokkw5om03f8qsccrb6gnz3h,3924,salar,Salar,en,Salar,slr,slr,core,,2026-09-03T07:00:06.934937+00:00,6,6,1,5,0,1,1,1,1,1,0,0,0,1,0,0,0,0,1,0,0,en,0,1,declared metadata; canonical identity and stream health not guaranteed
cmok1qqob01thqsv1am274v9m,144834,saluan,Saluan,en,Saluan,loe,loe,core,,2026-09-03T07:00:06.934937+00:00,76,76,62,14,0,62,62,62,62,62,0,0,0,62,35,34,35,34,27,0,0,en,33,62,declared metadata; canonical identity and stream health not guaranteed
cmokkuu63033cqscctn3pkeom,24235,sama-bangingi,"Sama, Bangingi",en,"Sama, Bangingi",sse,sse,core,,2026-09-03T07:00:06.934937+00:00,76,76,62,14,0,62,62,62,62,62,0,0,0,62,35,34,35,34,27,0,0,en,33,62,declared metadata; canonical identity and stream health not guaranteed
cmok1l4qw00hcqsv1eaxph2gf,12588,sama-central,"Sama, Central",en,"Sama, Central",sml,sml,core,,2026-09-03T07:00:06.934937+00:00,79,79,64,15,0,64,64,64,64,64,0,0,0,64,35,34,35,34,29,0,0,en,33,64,declared metadata; canonical identity and stream health not guaranteed
cmokkpex501rtqsccbv3kfyd5,184509,sama-mum,Sama Mum,en,Sama Mum,ndi,ndi,core,,2026-09-03T07:00:06.934937+00:00,76,76,62,14,0,62,62,62,62,62,0,0,0,62,35,34,35,34,27,0,0,en,33,62,declared metadata; canonical identity and stream health not guaranteed
cmok1l5y900hnqsv100f11v6z,12595,sama-southern,"Sama, Southern",en,"Sama, Southern",ssb,ssb,core,,2026-09-03T07:00:06.934937+00:00,132,132,116,15,1,116,116,116,116,116,0,0,0,116,67,63,57,54,49,0,0,en,53,116,declared metadata; canonical identity and stream health not guaranteed
cmokkurcw032oqsccwkxuqvfe,24156,samarkand-tajik,Samarkand-Tajik,en,Samarkand-Tajik,tg-x-Samarkand,tgk,core,,2026-09-03T07:00:06.934937+00:00,148,148,130,16,2,130,130,130,130,130,0,0,0,130,80,75,58,55,50,0,0,tg,0,0,declared metadata; canonical identity and stream health not guaranteed
cmokksqem02kzqsccxzusqdxf,20905,sambal,Sambal,en,Sambal,xsb,xsb,core,,2026-09-03T07:00:06.934937+00:00,79,79,64,15,0,64,64,64,64,64,0,0,0,64,35,34,35,34,29,0,0,en,33,64,declared metadata; canonical identity and stream health not guaranteed
cmok1m79u00qwqsv1b95vb3q5,138284,sambalpuri,Sambalpuri,en,Sambalpuri,spv,spv,core,,2026-09-03T07:00:06.934937+00:00,161,161,142,16,3,142,142,142,142,142,0,0,0,142,80,75,58,55,62,0,0,en,54,142,declared metadata; canonical identity and stream health not guaranteed
cmokl0d5r04gsqscc6em4yvmk,7237,samburu,Samburu,en,Samburu,saq,saq,core,,2026-09-03T07:00:06.934937+00:00,82,82,67,14,1,67,67,67,67,67,0,0,0,67,39,38,39,38,28,0,0,en,37,67,declared metadata; canonical identity and stream health not guaranteed
cmokl0crw04gpqscczboofvtq,7235,samia,Samia,en,Samia,lsm,lsm,core,,2026-09-03T07:00:06.934937+00:00,76,76,62,14,0,62,62,62,62,62,0,0,0,62,35,34,35,34,27,0,0,en,33,62,declared metadata; canonical identity and stream health not guaranteed
cmokkrqa802brqsccnbfvgd42,2018,samo,San,en,San,sbd,sbd,core,,2026-09-03T07:00:06.934937+00:00,76,76,62,14,0,62,62,62,62,62,0,0,0,62,35,34,35,34,27,0,0,en,33,62,declared metadata; canonical identity and stream health not guaranteed
cmokkxx6w03v7qscc6n0oo3g6,530,samoan,Samoan,en|sm,Samoan,sm,smo,core,,2026-09-03T07:00:06.934937+00:00,105,105,86,19,0,86,86,86,86,86,0,0,0,86,48,46,48,46,38,0,0,sm,0,0,declared metadata; canonical identity and stream health not guaranteed
cmokkphhh01sgqsccgobx3w5i,184519,san-andres-islander-creole,San Andres Islander Creole,en,San Andres Islander Creole,icr,icr,core,,2026-09-03T07:00:06.934937+00:00,76,76,62,14,0,62,62,62,62,62,0,0,0,62,35,34,35,34,27,0,0,en,33,62,declared metadata; canonical identity and stream health not guaranteed
cmok1pocu01k8qsv1caisqljo,143419,san-chi,San Chi,en,San Chi,mlc,mlc,core,,2026-09-03T07:00:06.934937+00:00,76,76,62,14,0,62,62,62,62,62,0,0,0,62,35,34,35,34,27,0,0,en,33,62,declared metadata; canonical identity and stream health not guaranteed
cmok1or3q01cgqsv1qbhf99us,142134,sanga,Sanga,en,Sanga,xsn,xsn,core,,2026-09-03T07:00:06.934937+00:00,76,76,62,14,0,62,62,62,62,62,0,0,0,62,35,34,35,34,27,0,0,en,33,62,declared metadata; canonical identity and stream health not guaranteed
cmok1pvx701lzqsv1ak6jydn4,143690,sanggau,Sanggau,en,Sanggau,scg,scg,core,,2026-09-03T07:00:06.934937+00:00,76,76,62,14,0,62,62,62,62,62,0,0,0,62,35,34,35,34,27,0,0,en,33,62,declared metadata; canonical identity and stream health not guaranteed
cmokksqry02l2qsccpzqlpr7y,20908,sangihe,Sangihe,en,Sangihe,sxn,sxn,core,,2026-09-03T07:00:06.934937+00:00,76,76,62,14,0,62,62,62,62,62,0,0,0,62,35,34,35,34,27,0,0,en,33,62,declared metadata; canonical identity and stream health not guaranteed
cmok1l4eo00h9qsv1pqsa06p5,12585,sangil,Sangil,en,Sangil,snl,snl,core,,2026-09-03T07:00:06.934937+00:00,76,76,62,14,0,62,62,62,62,62,0,0,0,62,35,34,35,34,27,0,0,en,33,62,declared metadata; canonical identity and stream health not guaranteed
cmokkvqfd03bdqsccefroay89,3156,sango,Sango,en|sg,Sango,sg,sag,core,,2026-09-03T07:00:06.934937+00:00,111,111,91,19,1,91,91,91,91,91,0,0,0,91,52,50,52,50,39,0,0,sg,0,0,declared metadata; canonical identity and stream health not guaranteed
cmokkrqzk02bxqsccvtru3t6c,20199,sangu,Sangu,en,Sangu,sbp,sbp,core,,2026-09-03T07:00:06.934937+00:00,76,76,62,14,0,62,62,62,62,62,0,0,0,62,35,34,35,34,27,0,0,en,33,62,declared metadata; canonical identity and stream health not guaranteed
cmok1pbg401h8qsv198sr0pwj,142869,sani-3,Sani,en,Sani,ysn,ysn,core,,2026-09-03T07:00:06.934937+00:00,75,75,62,13,0,62,62,62,62,62,0,0,0,62,35,34,35,34,27,0,0,en,33,62,declared metadata; canonical identity and stream health not guaranteed
cmok1k023007aqsv16jdzqw74,10545,sansi,Sansi,en,Sansi,ssi,ssi,core,,2026-09-03T07:00:06.934937+00:00,76,76,62,14,0,62,62,62,62,62,0,0,0,62,35,34,35,34,27,0,0,en,33,62,declared metadata; canonical identity and stream health not guaranteed
cmokkuujb033fqsccm8y1jo54,24249,santali-india,"Santali, India",en|sat,"Santali, India",sat,sat,core,,2026-09-03T07:00:06.934937+00:00,95,95,78,16,1,78,78,78,78,78,0,0,0,78,48,46,36,35,30,0,0,sat,0,0,declared metadata; canonical identity and stream health not guaranteed
cmokkq81p01yoqsccf4pse7bk,184924,santhali-nepal,"Santhali, Nepal",en,"Santhali, Nepal",sat,sat,core,,2026-09-03T07:00:06.934937+00:00,76,76,62,14,0,62,62,62,62,62,0,0,0,62,35,34,35,34,27,0,0,sat,0,0,declared metadata; canonical identity and stream health not guaranteed
cmok1sng9029tqsv1v2kxwcx5,1720,sanuma,Sanuma,en,Sanuma,xsu,xsu,core,,2026-09-03T07:00:06.934937+00:00,76,76,62,14,0,62,62,62,62,62,0,0,0,62,35,34,35,34,27,0,0,en,33,62,declared metadata; canonical identity and stream health not guaranteed
cmok1odj40197qsv1rte27be7,141597,sapo,Sapo,en,Sapo,krn,krn,core,,2026-09-03T07:00:06.934937+00:00,76,76,62,14,0,62,62,62,62,62,0,0,0,62,35,34,35,34,27,0,0,en,33,62,declared metadata; canonical identity and stream health not guaranteed
cmokkq5uc01y6qscchmd2z09m,184902,saptari,Saptari,en,Saptari,thq,thq,core,,2026-09-03T07:00:06.934937+00:00,79,79,64,15,0,64,64,64,64,64,0,0,0,64,35,34,35,34,29,0,0,en,33,64,declared metadata; canonical identity and stream health not guaranteed
cmokktj0r02s4qscc4wu1ajwq,22640,sara,Sara,en,Sara,mwm,mwm,core,,2026-09-03T07:00:06.934937+00:00,76,76,62,14,0,62,62,62,62,62,0,0,0,62,35,34,35,34,27,0,0,en,33,62,declared metadata; canonical identity and stream health not guaranteed
cmokkz942047bqscclo7i4rle,5907,saraiki,Saraiki,en|skr,Saraiki,skr,skr,core,,2026-09-03T07:00:06.934937+00:00,76,76,62,14,0,62,62,62,62,62,0,0,0,62,35,34,35,34,27,0,0,en,33,62,declared metadata; canonical identity and stream health not guaranteed
cmokkqnew0227qsccw7gs9wlg,185257,saraiki-megwhal,"Saraiki, Megwhal",en,"Saraiki, Megwhal",skr,skr,core,,2026-09-03T07:00:06.934937+00:00,131,131,116,14,1,115,115,115,115,115,0,0,0,115,67,63,57,54,48,0,0,en,53,115,declared metadata; canonical identity and stream health not guaranteed
cmokkquan023wqscch1liu706,18715,saramaccan,Saramaccan,en,Saramaccan,srm,srm,core,,2026-09-03T07:00:06.934937+00:00,76,76,62,14,0,62,62,62,62,62,0,0,0,62,35,34,35,34,27,0,0,en,33,62,declared metadata; canonical identity and stream health not guaranteed
cmokl086w04flqsccx5brj8p5,6975,sardinian-logudorese,"Sardinian, Logudorese",en,"Sardinian, Logudorese",src,src,core,,2026-09-03T07:00:06.934937+00:00,132,132,116,15,1,116,116,116,116,116,0,0,0,116,67,63,57,54,49,0,0,en,53,116,declared metadata; canonical identity and stream health not guaranteed
cmok1r7wz01xrqsv19jnjjrte,151150,sarlahi-tharu,Sarlahi Tharu,en,Sarlahi Tharu,thq,thq,core,,2026-09-03T07:00:06.934937+00:00,76,76,62,14,0,62,62,62,62,62,0,0,0,62,35,34,35,34,27,0,0,en,33,62,declared metadata; canonical identity and stream health not guaranteed
cmok1spai02a8qsv1xy6n4opi,17249,sasak,Sasak,en,Sasak,sas,sas,core,,2026-09-03T07:00:06.934937+00:00,76,76,62,14,0,62,62,62,62,62,0,0,0,62,35,34,35,34,27,0,0,en,33,62,declared metadata; canonical identity and stream health not guaranteed
cmokkq34d01xhqsccvbuqm850,184849,satere-mawe,Satere-Mawe,en,Satere-Mawe,mav,mav,core,,2026-09-03T07:00:06.934937+00:00,76,76,62,14,0,62,62,62,62,62,0,0,0,62,35,34,35,34,27,0,0,en,33,62,declared metadata; canonical identity and stream health not guaranteed
cmokkz9x9047jqsccoge39kvr,5920,saurashtra,Saurashtra,en,Saurashtra,saz,saz,core,,2026-09-03T07:00:06.934937+00:00,132,132,116,15,1,116,116,116,116,116,0,0,0,116,67,63,57,54,49,0,0,en,53,116,declared metadata; canonical identity and stream health not guaranteed
cmokkznhl04adqscchlw9hnx6,6222,sauria-paharia,Sauria Paharia,en,Sauria Paharia,mjt,mjt,core,,2026-09-03T07:00:06.934937+00:00,76,76,62,14,0,62,62,62,62,62,0,0,0,62,35,34,35,34,27,0,0,en,33,62,declared metadata; canonical identity and stream health not guaranteed
cmok1j8zf000uqsv1v8r6f47y,10040,saya,Saya,en,Saya,say,say,core,,2026-09-03T07:00:06.934937+00:00,76,76,62,14,0,62,62,62,62,62,0,0,0,62,35,34,35,34,27,0,0,en,33,62,declared metadata; canonical identity and stream health not guaranteed
cmok1j5tw0003qsv1em9oeg9d,100107,sedoa,Sedoa,en,Sedoa,tvw,tvw,core,,2026-09-03T07:00:06.934937+00:00,76,76,62,14,0,62,62,62,62,62,0,0,0,62,35,34,35,34,27,0,0,en,33,62,declared metadata; canonical identity and stream health not guaranteed
cmokkxqtz03toqsccom5q3a24,5210,sehwi,Sehwi,en,Sehwi,sfw,sfw,core,,2026-09-03T07:00:06.934937+00:00,79,79,64,15,0,64,64,64,64,64,0,0,0,64,35,34,35,34,29,0,0,en,33,64,declared metadata; canonical identity and stream health not guaranteed
cmok1p61d01fvqsv1j7rp2kj3,142642,seko-padang,Seko Padang,en,Seko Padang,skx,skx,core,,2026-09-03T07:00:06.934937+00:00,76,76,62,14,0,62,62,62,62,62,0,0,0,62,35,34,35,34,27,0,0,en,33,62,declared metadata; canonical identity and stream health not guaranteed
cmok1p8sk01gjqsv1yijfokha,142753,selaru,Selaru,en,Selaru,slu,slu,core,,2026-09-03T07:00:06.934937+00:00,76,76,62,14,0,62,62,62,62,62,0,0,0,62,35,34,35,34,27,0,0,en,33,62,declared metadata; canonical identity and stream health not guaranteed
cmok1sz1d02cjqsv1mrj0bvw7,17556,selayar,Selayar,en,Selayar,sly,sly,core,,2026-09-03T07:00:06.934937+00:00,76,76,62,14,0,62,62,62,62,62,0,0,0,62,35,34,35,34,27,0,0,en,33,62,declared metadata; canonical identity and stream health not guaranteed
cmok1om8p01baqsv1mhf160eu,141912,semelai,Semelai,en,Semelai,sza,sza,core,,2026-09-03T07:00:06.934937+00:00,76,76,62,14,0,62,62,62,62,62,0,0,0,62,35,34,35,34,27,0,0,en,33,62,declared metadata; canonical identity and stream health not guaranteed
cmokl1m2e04rvqscc1w0g56j7,8513,sena,Sena,en,Sena,seh,seh,core,,2026-09-03T07:00:06.934937+00:00,76,76,62,14,0,62,62,62,62,62,0,0,0,62,35,34,35,34,27,0,0,en,33,62,declared metadata; canonical identity and stream health not guaranteed
cmokl0s5n04klqsccns2u4e32,7788,sena-malawi,"Sena, Malawi",en,"Sena, Malawi",swk,swk,core,,2026-09-03T07:00:06.934937+00:00,79,79,64,15,0,64,64,64,64,64,0,0,0,64,35,34,35,34,29,0,0,en,33,64,declared metadata; canonical identity and stream health not guaranteed
cmok1ri2l0203qsv1i797oolx,15471,sengele,Sengele,en,Sengele,szg,szg,core,,2026-09-03T07:00:06.934937+00:00,76,76,62,14,0,62,62,62,62,62,0,0,0,62,35,34,35,34,27,0,0,en,33,62,declared metadata; canonical identity and stream health not guaranteed
cmokkqm7e021yqsccc7oc9el4,185249,sengwer,Sengwer,en,Sengwer,enb,enb,core,,2026-09-03T07:00:06.934937+00:00,76,76,62,14,0,62,62,62,62,62,0,0,0,62,35,34,35,34,27,0,0,en,33,62,declared metadata; canonical identity and stream health not guaranteed
cmok1ryem023yqsv1c07gig5h,15990,senoufo-cebaara,"Senoufo, Cebaara",en,"Senoufo, Cebaara",sef,sef,core,,2026-09-03T07:00:06.934937+00:00,76,76,62,14,0,62,62,62,62,62,0,0,0,62,35,34,35,34,27,0,0,en,33,62,declared metadata; canonical identity and stream health not guaranteed
cmok1s20l024sqsv1n62v0158,16084,senoufo-djimini,"Senoufo, Djimini",en,"Senoufo, Djimini",dyi,dyi,core,,2026-09-03T07:00:06.934937+00:00,76,76,62,14,0,62,62,62,62,62,0,0,0,62,35,34,35,34,27,0,0,en,33,62,declared metadata; canonical identity and stream health not guaranteed
cmok1jq5t004xqsv1kvm3lldf,102234,senoufo-nyarafolo,"Senoufo, Nyarafolo",en,"Senoufo, Nyarafolo",sev,sev,core,,2026-09-03T07:00:06.934937+00:00,76,76,62,14,0,62,62,62,62,62,0,0,0,62,35,34,35,34,27,0,0,en,33,62,declared metadata; canonical identity and stream health not guaranteed
cmokl0ucb04l3qsccejtnv8ob,7811,senoufo-supyire,"Senoufo, Supyire",en,"Senoufo, Supyire",spp,spp,core,,2026-09-03T07:00:06.934937+00:00,78,78,63,15,0,63,63,63,63,63,0,0,0,63,35,34,35,34,28,0,0,en,33,63,declared metadata; canonical identity and stream health not guaranteed
cmokkybri03yxqsccwn350xd9,53417,senoufo-tagbana,"Senoufo, Tagbana",en,"Senoufo, Tagbana",tgw,tgw,core,,2026-09-03T07:00:06.934937+00:00,76,76,62,14,0,62,62,62,62,62,0,0,0,62,35,34,35,34,27,0,0,en,33,62,declared metadata; canonical identity and stream health not guaranteed
cmok1t8mo02etqsv1pul0745p,17760,serawai,Serawai,en,Serawai,ms-pse-x-Serawai,pse,core,,2026-09-03T07:00:06.934937+00:00,76,76,62,14,0,62,62,62,62,62,0,0,0,62,35,34,35,34,27,0,0,ms,0,0,declared metadata; canonical identity and stream health not guaranteed
cmokkytmu043bqscc8au31aqz,5541,serbian,Serbian,en|sr,Serbian,sr,srp,core,,2026-09-03T07:00:06.934937+00:00,298,298,265,28,5,265,265,265,265,265,0,0,0,265,129,120,107,100,136,0,0,sr,0,0,declared metadata; canonical identity and stream health not guaranteed
cmokkxhwg03rgqscco1uwrkvl,5058,serere-sine,Serere-Sine,en|srr,Serere-Sine,srr,srr,core,,2026-09-03T07:00:06.934937+00:00,76,76,62,14,0,62,62,62,62,62,0,0,0,62,35,34,35,34,27,0,0,srr,0,0,declared metadata; canonical identity and stream health not guaranteed
cmok1lplw00mfqsv137upc8fy,13079,seselwa-creole,Seselwa Creole,en,Seselwa Creole,crs,crs,core,,2026-09-03T07:00:06.934937+00:00,105,105,86,19,0,86,86,86,86,86,0,0,0,86,48,46,48,46,38,0,0,en,42,84,declared metadata; canonical identity and stream health not guaranteed
cmok1o8sh018jqsv1owvsuug2,14154,shambala,Shambala,en,Shambala,ksb,ksb,core,,2026-09-03T07:00:06.934937+00:00,76,76,62,14,0,62,62,62,62,62,0,0,0,62,35,34,35,34,27,0,0,en,33,62,declared metadata; canonical identity and stream health not guaranteed
cmokl1nhl04s7qsccr15hmtlv,8684,shan,Shan,en|shn,Shan,shn,shn,core,,2026-09-03T07:00:06.934937+00:00,90,90,71,18,1,71,71,71,71,71,0,0,0,71,41,39,41,39,30,0,0,en,38,71,declared metadata; canonical identity and stream health not guaranteed
cmokks5bt02fkqsccconueuil,20623,shanghainese,Shanghainese,en|wuu,Shanghainese,wuu,wuu,core,,2026-09-03T07:00:06.934937+00:00,79,79,64,15,0,64,64,64,64,64,0,0,0,64,35,34,35,34,29,0,0,en,33,64,declared metadata; canonical identity and stream health not guaranteed
cmok1r9e201y3qsv1tf2qd356,151817,shanjo,Shanjo,en,Shanjo,toi,toi,core,,2026-09-03T07:00:06.934937+00:00,79,79,64,15,0,64,64,64,64,64,0,0,0,64,35,34,35,34,29,0,0,en,33,64,declared metadata; canonical identity and stream health not guaranteed
cmokkttbh02ukqscc49cmqfmo,23047,sharchogpa,Sharchogpa,en,Sharchogpa,tsj,tsj,core,,2026-09-03T07:00:06.934937+00:00,107,107,88,19,0,88,88,88,88,88,0,0,0,88,48,46,48,46,40,0,0,en,42,86,declared metadata; canonical identity and stream health not guaranteed
cmok1rvz8023dqsv1wkfz4ysu,159000,shawi-chayahuita,Shawi (Chayahuita),en,Shawi (Chayahuita),cbt,cbt,core,,2026-09-03T07:00:06.934937+00:00,134,134,117,16,1,116,116,116,116,116,0,0,0,116,67,63,57,54,49,0,0,en,53,116,declared metadata; canonical identity and stream health not guaranteed
cmokkv1mj0358qsccg1n5znp8,24416,shekhawati,Shekhawati,en,Shekhawati,swv,swv,core,,2026-09-03T07:00:06.934937+00:00,132,132,116,15,1,116,116,116,116,116,0,0,0,116,67,63,57,54,49,0,0,en,53,116,declared metadata; canonical identity and stream health not guaranteed
cmok1q3fa01ntqsv1cig959sh,143877,shekkacho,Shekkacho,en,Shekkacho,moy,moy,core,,2026-09-03T07:00:06.934937+00:00,76,76,62,14,0,62,62,62,62,62,0,0,0,62,35,34,35,34,27,0,0,en,33,62,declared metadata; canonical identity and stream health not guaranteed
cmok1p1af01esqsv1ry8kdsd4,142418,sheko,Sheko,en,Sheko,she,she,core,,2026-09-03T07:00:06.934937+00:00,76,76,62,14,0,62,62,62,62,62,0,0,0,62,35,34,35,34,27,0,0,en,33,62,declared metadata; canonical identity and stream health not guaranteed
cmok1lqe500mnqsv1prpy3ng1,13084,sherbro,Sherbro,bun|en,Sherbro,bun,bun,core,,2026-09-03T07:00:06.934937+00:00,76,76,62,14,0,62,62,62,62,62,0,0,0,62,35,34,35,34,27,0,0,en,33,62,declared metadata; canonical identity and stream health not guaranteed
cmokkw61w03fbqsccmg2z8gk6,3929,sherpa,Sherpa,en|xsr,Sherpa,xsr,xsr,core,,2026-09-03T07:00:06.934937+00:00,76,76,62,14,0,62,62,62,62,62,0,0,0,62,35,34,35,34,27,0,0,en,33,62,declared metadata; canonical identity and stream health not guaranteed
cmok1m7nc00qzqsv16uamqvdu,13848,shilluk,Shilluk,en,Shilluk,shk,shk,core,,2026-09-03T07:00:06.934937+00:00,76,76,62,14,0,62,62,62,62,62,0,0,0,62,35,34,35,34,27,0,0,en,33,62,declared metadata; canonical identity and stream health not guaranteed
cmokl0qje04k5qsccwrbwhe6e,7752,shimaore,Shimaore,en,Shimaore,swb,swb,core,,2026-09-03T07:00:06.934937+00:00,105,105,86,19,0,86,86,86,86,86,0,0,0,86,48,46,48,46,38,0,0,en,42,84,declared metadata; canonical identity and stream health not guaranteed
cmokkz9jq047gqsccwcpaqy4m,5918,shina,Shina,en,Shina,scl,scl,core,,2026-09-03T07:00:06.934937+00:00,76,76,62,14,0,62,62,62,62,62,0,0,0,62,35,34,35,34,27,0,0,en,33,62,declared metadata; canonical identity and stream health not guaranteed
cmok1jx57006mqsv1029g4k7j,10500,shina-kohistani,"Shina, Kohistani",en,"Shina, Kohistani",plk,plk,core,,2026-09-03T07:00:06.934937+00:00,76,76,62,14,0,62,62,62,62,62,0,0,0,62,35,34,35,34,27,0,0,en,33,62,declared metadata; canonical identity and stream health not guaranteed
cmok1ktwv00epqsv1mpu32tei,12392,shipibo-conibo,Shipibo-Conibo,en,Shipibo-Conibo,shp,shp,core,,2026-09-03T07:00:06.934937+00:00,76,76,62,14,0,62,62,62,62,62,0,0,0,62,35,34,35,34,27,0,0,en,33,62,declared metadata; canonical identity and stream health not guaranteed
cmokl1lkw04rqqsccycxcmkrn,8506,shona,Shona,en|sn,Shona,sn,sna,core,,2026-09-03T07:00:06.934937+00:00,184,184,160,21,3,160,160,160,160,160,0,0,0,160,98,92,76,72,62,0,0,sn,0,0,declared metadata; canonical identity and stream health not guaranteed
cmokkwu4z03lgqsccwws6mjfj,4499,shuar,Shuar,en,Shuar,jiv,jiv,core,,2026-09-03T07:00:06.934937+00:00,105,105,86,19,0,86,86,86,86,86,0,0,0,86,48,46,48,46,38,0,0,en,42,84,declared metadata; canonical identity and stream health not guaranteed
cmokkrrbe02c0qsccgpqtgezi,20208,shughni,Shughni,en,Shughni,sgh,sgh,core,,2026-09-03T07:00:06.934937+00:00,85,85,68,17,0,68,68,68,68,68,0,0,0,68,39,38,39,38,29,0,0,en,37,68,declared metadata; canonical identity and stream health not guaranteed
cmokktat802q4qsccq9y2pvrb,22094,shui,Shui,en,Shui,swi,swi,core,,2026-09-03T07:00:06.934937+00:00,76,76,62,14,0,62,62,62,62,62,0,0,0,62,35,34,35,34,27,0,0,en,33,62,declared metadata; canonical identity and stream health not guaranteed
cmokkrspo02ccqsccibqtcg56,20248,siang,Siang,en,Siang,sya,sya,core,,2026-09-03T07:00:06.934937+00:00,76,76,62,14,0,62,62,62,62,62,0,0,0,62,35,34,35,34,27,0,0,en,33,62,declared metadata; canonical identity and stream health not guaranteed
cmok1p37j01f7qsv1fncuasw0,142536,siar-lak,Siar-Lak,en,Siar-Lak,sjr,sjr,core,,2026-09-03T07:00:06.934937+00:00,76,76,62,14,0,62,62,62,62,62,0,0,0,62,35,34,35,34,27,0,0,en,33,62,declared metadata; canonical identity and stream health not guaranteed
cmok1lsaz00n4qsv17flrvf0b,131700,sidaama,Sidaama,en,Sidaama,sid,sid,core,,2026-09-03T07:00:06.934937+00:00,136,136,117,18,1,117,117,117,117,117,0,0,0,117,68,64,58,55,49,0,0,en,54,117,declared metadata; canonical identity and stream health not guaranteed
cmokkwzad03mrqsccwg00plmn,4644,sidamo,Sidamo,en|sid,Sidamo,sid,sid,core,,2026-09-03T07:00:06.934937+00:00,13,13,1,12,0,1,1,1,1,1,0,0,0,1,1,1,1,1,0,0,0,en,1,1,declared metadata; canonical identity and stream health not guaranteed
cmokkqhgf020tqscctton4et2,185207,siddi,Siddi,en,Siddi,kan,kan,core,,2026-09-03T07:00:06.934937+00:00,76,76,62,14,0,62,62,62,62,62,0,0,0,62,35,34,35,34,27,0,0,en,33,62,declared metadata; canonical identity and stream health not guaranteed
4d8a7373-7f40-4e4c-8c95-293c66e73429,153384,sihanaka-2,Sihanaka,en,Sihanaka,plt,plt,core,,2026-09-03T07:00:06.934937+00:00,75,75,62,13,0,62,62,62,62,62,0,0,0,62,35,34,35,34,27,0,0,en,33,62,declared metadata; canonical identity and stream health not guaranteed
cmok1p5o501fsqsv11n11yiqi,142631,sika,Sika,en,Sika,ski,ski,core,,2026-09-03T07:00:06.934937+00:00,76,76,62,14,0,62,62,62,62,62,0,0,0,62,35,34,35,34,27,0,0,en,33,62,declared metadata; canonical identity and stream health not guaranteed
cmok1p6ox01g1qsv1w06ur0y9,142647,sikkiligar,Sikkiligar,en,Sikkiligar,sle,sle,core,,2026-09-03T07:00:06.934937+00:00,76,76,62,14,0,62,62,62,62,62,0,0,0,62,35,34,35,34,27,0,0,en,33,62,declared metadata; canonical identity and stream health not guaranteed
cmok1pk0o01j8qsv149puuaia,143300,silte,Silt'E,en,Silt'E,stv,stv,core,,2026-09-03T07:00:06.934937+00:00,76,76,62,14,0,62,62,62,62,62,0,0,0,62,35,34,35,34,27,0,0,en,33,62,declared metadata; canonical identity and stream health not guaranteed
cmok1kecx00avqsv17vlstyne,11259,sinasina,Sinasina,en,Sinasina,sst,sst,core,,2026-09-03T07:00:06.934937+00:00,76,76,62,14,0,62,62,62,62,62,0,0,0,62,35,34,35,34,27,0,0,en,33,62,declared metadata; canonical identity and stream health not guaranteed
cmok1kfjj00b6qsv1z5dbuikp,11303,sinaugoro,Sinaugoro,en,Sinaugoro,snc,snc,core,,2026-09-03T07:00:06.934937+00:00,79,79,63,16,0,63,63,63,63,63,0,0,0,63,35,34,35,34,28,0,0,en,33,63,declared metadata; canonical identity and stream health not guaranteed
cmokkw4fm03evqscc2kae6uj7,389,sindhi,Sindhi,en|sd,Sindhi,sd,snd,core,,2026-09-03T07:00:06.934937+00:00,163,163,141,21,1,141,141,141,141,141,0,0,0,141,81,76,71,67,60,0,0,sd,0,0,declared metadata; canonical identity and stream health not guaranteed
cmok1jwth006jqsv19vk6h3o9,10488,sindhi-bhil,Sindhi Bhil,en,Sindhi Bhil,sbn,sbn,core,,2026-09-03T07:00:06.934937+00:00,131,131,116,14,1,115,115,115,115,115,0,0,0,115,67,63,57,54,48,0,0,en,53,115,declared metadata; canonical identity and stream health not guaranteed
064cb991-ea12-48b3-b5a7-209be8c294b0,185328,sindhi-sansi,Sindhi Sansi,en,Sindhi Sansi,ssi,ssi,core,,2026-09-03T07:00:06.934937+00:00,131,131,116,14,1,115,115,115,115,115,0,0,0,115,67,63,57,54,48,0,0,en,53,115,declared metadata; canonical identity and stream health not guaranteed
cmok1lsof00n7qsv1dsfvc63n,13172,sinhala,Sinhala,en|si,Sinhala,si,sin,core,,2026-09-03T07:00:06.934937+00:00,205,205,179,23,3,179,179,179,179,179,0,0,0,179,97,91,75,71,82,0,0,si,0,0,declared metadata; canonical identity and stream health not guaranteed
cmokkv9qr0376qsccqcrah1z7,26359,sirmauri,Sirmauri,en,Sirmauri,srx,srx,core,,2026-09-03T07:00:06.934937+00:00,76,76,62,14,0,62,62,62,62,62,0,0,0,62,35,34,35,34,27,0,0,en,33,62,declared metadata; canonical identity and stream health not guaranteed
cmokkxq3s03tiqscctuznu2kz,5206,sisaala-tumulung,"Sisaala, Tumulung",en,"Sisaala, Tumulung",sil,sil,core,,2026-09-03T07:00:06.934937+00:00,82,82,67,14,1,67,67,67,67,67,0,0,0,67,39,38,39,38,28,0,0,en,37,67,declared metadata; canonical identity and stream health not guaranteed
cmok1p6cy01fyqsv1ghwmkh22,142646,sissala,Sissala,en,Sissala,sld,sld,core,,2026-09-03T07:00:06.934937+00:00,78,78,63,15,0,63,63,63,63,63,0,0,0,63,35,34,35,34,28,0,0,en,33,63,declared metadata; canonical identity and stream health not guaranteed
cmokkssj502lhqscch4t339k3,20947,siswati,Siswati,en|ss,Siswati,ss,ssw,core,,2026-09-03T07:00:06.934937+00:00,126,126,105,19,2,105,105,105,105,105,0,0,0,105,65,62,53,51,40,0,0,ss,0,0,declared metadata; canonical identity and stream health not guaranteed
cmokkrse002c9qscc3s770uwd,20223,slavey,Slavey,en,Slavey,xsl,xsl,core,,2026-09-03T07:00:06.934937+00:00,76,76,62,14,0,62,62,62,62,62,0,0,0,62,35,34,35,34,27,0,0,en,33,62,declared metadata; canonical identity and stream health not guaranteed
cmokkyu2d043gqscc53gil98j,5545,slovak,Slovak,en|sk,Slovak,sk,slk,core,,2026-09-03T07:00:06.934937+00:00,296,296,265,26,5,265,265,265,265,265,0,0,0,265,136,127,114,107,129,0,0,sk,0,0,declared metadata; canonical identity and stream health not guaranteed
cmok1kaa8009uqsv1y79v2rsh,1112,slovenian,Slovenian,en|sl,Slovenian,sl,slv,core,,2026-09-03T07:00:06.934937+00:00,122,122,101,20,1,101,101,101,101,101,0,0,0,101,62,59,50,48,39,0,0,sl,0,0,declared metadata; canonical identity and stream health not guaranteed
cmok1rs43022fqsv1hmjp4uky,15796,soli,Soli,en,Soli,sby,sby,core,,2026-09-03T07:00:06.934937+00:00,79,79,64,15,0,64,64,64,64,64,0,0,0,64,35,34,35,34,29,0,0,en,33,64,declared metadata; canonical identity and stream health not guaranteed
cmokkwqx703klqsccuspmvupc,4466,somali,Somali,en|so,Somali,so,som,core,,2026-09-03T07:00:06.934937+00:00,228,228,202,22,4,202,202,202,202,202,0,0,0,202,99,93,77,73,103,0,0,so,0,0,declared metadata; canonical identity and stream health not guaranteed
cmok1n23o00yfqsv1ak3c8d56,139791,somba-siawari,Somba-Siawari,en,Somba-Siawari,bmu,bmu,core,,2026-09-03T07:00:06.934937+00:00,76,76,62,14,0,62,62,62,62,62,0,0,0,62,35,34,35,34,27,0,0,en,33,62,declared metadata; canonical identity and stream health not guaranteed
cmokkukgg030yqsccngviu46r,24012,songai-timbuktu,"Songai, Timbuktu",en,"Songai, Timbuktu",khq,khq,core,,2026-09-03T07:00:06.934937+00:00,76,76,62,14,0,62,62,62,62,62,0,0,0,62,35,34,35,34,27,0,0,en,33,62,declared metadata; canonical identity and stream health not guaranteed
cmok1riqd0209qsv1orv7332z,15480,songe,Songe,en,Songe,sop,sop,core,,2026-09-03T07:00:06.934937+00:00,76,76,62,14,0,62,62,62,62,62,0,0,0,62,35,34,35,34,27,0,0,en,33,62,declared metadata; canonical identity and stream health not guaranteed
cmokky7lk03xwqscc39syt3re,53370,songhay-gao,"Songhay, Gao",en,"Songhay, Gao",ses,ses,core,,2026-09-03T07:00:06.934937+00:00,116,116,96,19,1,96,96,96,96,96,0,0,0,96,53,50,53,50,43,0,0,en,46,94,declared metadata; canonical identity and stream health not guaranteed
cmokkrn0l02ayqscc2xnsuypf,2005,soninke,Soninke,en|snk,Soninke,snk,snk,core,,2026-09-03T07:00:06.934937+00:00,79,79,64,15,0,64,64,64,64,64,0,0,0,64,35,34,35,34,29,0,0,en,33,64,declared metadata; canonical identity and stream health not guaranteed
cmokkz8ev0475qsccsw8jylkl,5879,sora,Sora,en,Sora,srb,srb,core,,2026-09-03T07:00:06.934937+00:00,76,76,62,14,0,62,62,62,62,62,0,0,0,62,35,34,35,34,27,0,0,en,33,62,declared metadata; canonical identity and stream health not guaranteed
cmok1m0e700p7qsv1zvx5ywse,13465,sotho-northern,"Sotho, Northern",en|nso,"Sotho, Northern",nso,nso,core,,2026-09-03T07:00:06.934937+00:00,120,120,100,19,1,100,100,100,100,100,0,0,0,100,61,58,49,47,39,0,0,nso,0,0,declared metadata; canonical identity and stream health not guaranteed
cmokl0l1j04irqscc31rho6kp,7546,sotho-southern,"Sotho, Southern",en|st,"Sotho, Southern",st,sot,core,,2026-09-03T07:00:06.934937+00:00,129,129,106,21,2,106,106,106,106,106,0,0,0,106,66,63,54,52,40,0,0,st,0,0,declared metadata; canonical identity and stream health not guaranteed
cmok1q2q601nnqsv14x4duz7h,143861,sougb,Sougb,en,Sougb,mnx,mnx,core,,2026-09-03T07:00:06.934937+00:00,76,76,62,14,0,62,62,62,62,62,0,0,0,62,35,34,35,34,27,0,0,en,33,62,declared metadata; canonical identity and stream health not guaranteed
cmokkptpf01v9qsccdil47mly,184660,south-gumuz,"Gumuz, South",en,"Gumuz, South",guk,guk,core,,2026-09-03T07:00:06.934937+00:00,76,76,62,14,0,62,62,62,62,62,0,0,0,62,35,34,35,34,27,0,0,en,33,62,declared metadata; canonical identity and stream health not guaranteed
cmokkoz9101nyqsccvyudh2wi,180517,southern-gondi-adilabad,Southern Gondi (Adilabad),en,Southern Gondi (Adilabad),wsg,wsg,core,,2026-09-03T07:00:06.934937+00:00,76,76,62,14,0,62,62,62,62,62,0,0,0,62,35,34,35,34,27,0,0,en,33,62,declared metadata; canonical identity and stream health not guaranteed
cmokkv203035bqsccvhufbuko,24433,southern-nisu,Southern Nisu,en,Southern Nisu,nsd,nsd,core,,2026-09-03T07:00:06.934937+00:00,76,76,62,14,0,62,62,62,62,62,0,0,0,62,35,34,35,34,27,0,0,en,33,62,declared metadata; canonical identity and stream health not guaranteed
cmokksygn02myqsccbv43tcu3,21046,spanish-castilian,"Spanish, Castilian",en|es-ES,"Spanish, Castilian",es-ES,spa,core,,2026-09-03T07:00:06.934937+00:00,297,297,250,25,22,250,250,250,250,250,0,0,0,250,109,103,87,83,141,0,0,es,74,201,declared metadata; canonical identity and stream health not guaranteed
cmokksxkk02mqqscc8y3tesis,21028,spanish-latin-american,"Spanish, Latin American",en|es,"Spanish, Latin American",es,spa,core,,2026-09-03T07:00:06.934937+00:00,703,699,640,39,20,639,639,639,639,639,0,0,0,639,197,186,172,163,442,0,0,es,137,509,declared metadata; canonical identity and stream health not guaranteed
cmokkt3gg02oaqscc0p530dww,21231,sranan-tongo,Sranan-Tongo,en,Sranan-Tongo,srn,srn,core,,2026-09-03T07:00:06.934937+00:00,177,177,156,19,2,156,156,156,156,156,0,0,0,156,93,87,71,67,63,0,0,en,63,154,declared metadata; canonical identity and stream health not guaranteed
cmok1pnni01k2qsv11irn30ge,143387,suau,Suau,en,Suau,swp,swp,core,,2026-09-03T07:00:06.934937+00:00,79,79,63,16,0,63,63,63,63,63,0,0,0,63,35,34,35,34,28,0,0,en,33,63,declared metadata; canonical identity and stream health not guaranteed
cmokl0c2304gjqsccjlv8bmzp,7222,suba,Suba,en,Suba,sxb,sxb,core,,2026-09-03T07:00:06.934937+00:00,132,132,116,15,1,116,116,116,116,116,0,0,0,116,67,63,57,54,49,0,0,en,53,116,declared metadata; canonical identity and stream health not guaranteed
cmok1jik10033qsv115g7in4o,101456,suba-simbiti,Suba-Simbiti,en,Suba-Simbiti,ssc,ssc,core,,2026-09-03T07:00:06.934937+00:00,76,76,62,14,0,62,62,62,62,62,0,0,0,62,35,34,35,34,27,0,0,en,33,62,declared metadata; canonical identity and stream health not guaranteed
cmok1owuq01dsqsv19ni27v35,142332,subanen-eastern,"Subanen, Eastern",en,"Subanen, Eastern",sfe,sfe,core,,2026-09-03T07:00:06.934937+00:00,80,80,64,16,0,64,64,64,64,64,0,0,0,64,35,34,35,34,29,0,0,en,33,64,declared metadata; canonical identity and stream health not guaranteed
cmok1l3lr00h3qsv1fpp2en7u,12572,subanen-northern,"Subanen, Northern",en,"Subanen, Northern",stb,stb,core,,2026-09-03T07:00:06.934937+00:00,132,132,116,15,1,116,116,116,116,116,0,0,0,116,67,63,57,54,49,0,0,en,53,116,declared metadata; canonical identity and stream health not guaranteed
cmok1l37r00h0qsv1co5hmqfd,12568,subanon-western,"Subanon, Western",en,"Subanon, Western",suc,suc,core,,2026-09-03T07:00:06.934937+00:00,76,76,62,14,0,62,62,62,62,62,0,0,0,62,35,34,35,34,27,0,0,en,33,62,declared metadata; canonical identity and stream health not guaranteed
cmok1pkew01jbqsv1mvpb6ksh,143302,suena,Suena,en,Suena,sue,sue,core,,2026-09-03T07:00:06.934937+00:00,79,79,63,16,0,63,63,63,63,63,0,0,0,63,35,34,35,34,28,0,0,en,33,63,declared metadata; canonical identity and stream health not guaranteed
cmok1rieg0206qsv1by8u5yg5,15476,suku,Suku,en,Suku,sub,sub,core,,2026-09-03T07:00:06.934937+00:00,67,67,55,12,0,55,55,55,55,55,0,0,0,55,32,31,32,31,23,0,0,en,30,55,declared metadata; canonical identity and stream health not guaranteed
cmok1oub601d7qsv17jx8xih5,14226,sukuma,Sukuma,en,Sukuma,suk,suk,core,,2026-09-03T07:00:06.934937+00:00,138,138,121,15,2,121,121,121,121,121,0,0,0,121,71,67,61,58,50,0,0,en,57,121,declared metadata; canonical identity and stream health not guaranteed
cmok1j6ut000cqsv11yzrd3es,10022,sukur,Sukur,en,Sukur,syk,syk,core,,2026-09-03T07:00:06.934937+00:00,79,79,64,15,0,64,64,64,64,64,0,0,0,64,35,34,35,34,29,0,0,en,33,64,declared metadata; canonical identity and stream health not guaranteed
cmok1skjm0295qsv1o9gwr0ge,17035,sula,Sula,en,Sula,szn,szn,core,,2026-09-03T07:00:06.934937+00:00,76,76,62,14,0,62,62,62,62,62,0,0,0,62,35,34,35,34,27,0,0,en,33,62,declared metadata; canonical identity and stream health not guaranteed
cmok1soks02a2qsv1dhqxqflq,17226,sumbawa,Sumbawa,en,Sumbawa,smw,smw,core,,2026-09-03T07:00:06.934937+00:00,76,76,62,14,0,62,62,62,62,62,0,0,0,62,35,34,35,34,27,0,0,en,33,62,declared metadata; canonical identity and stream health not guaranteed
cmok1sbfa026yqsv1xqmbc4rp,16618,sunda,Sunda,en|su,Sunda,su,sun,core,,2026-09-03T07:00:06.934937+00:00,76,76,62,14,0,62,62,62,62,62,0,0,0,62,35,34,35,34,27,0,0,en,33,62,declared metadata; canonical identity and stream health not guaranteed
cmokkqemj0205qsccxvpcl2tr,185190,sunda-alus,Sunda Alus,en,Sunda Alus,sun,sun,core,,2026-09-03T07:00:06.934937+00:00,76,76,62,14,0,62,62,62,62,62,0,0,0,62,35,34,35,34,27,0,0,en,33,62,declared metadata; canonical identity and stream health not guaranteed
cmokkqeys0208qsccllc6rsue,185191,sundanese-banten,"Sundanese, Banten",en,"Sundanese, Banten",sun,sun,core,,2026-09-03T07:00:06.934937+00:00,76,76,62,14,0,62,62,62,62,62,0,0,0,62,35,34,35,34,27,0,0,en,33,62,declared metadata; canonical identity and stream health not guaranteed
cmokkun93031pqsccbuklts7n,24068,sunuwar,Sunuwar,en,Sunuwar,suz,suz,core,,2026-09-03T07:00:06.934937+00:00,76,76,62,14,0,62,62,62,62,62,0,0,0,62,35,34,35,34,27,0,0,en,33,62,declared metadata; canonical identity and stream health not guaranteed
cmokktpo402tqqscct0aopna6,22863,suodi,Suodi,en,Suodi,ii,iii,core,,2026-09-03T07:00:06.934937+00:00,79,79,64,15,0,64,64,64,64,64,0,0,0,64,35,34,35,34,29,0,0,en,33,64,declared metadata; canonical identity and stream health not guaranteed
cmok1oxnu01dyqsv1smku0uv0,142339,surgujia,Surgujia,en,Surgujia,sgj,sgj,core,,2026-09-03T07:00:06.934937+00:00,76,76,62,14,0,62,62,62,62,62,0,0,0,62,35,34,35,34,27,0,0,en,33,62,declared metadata; canonical identity and stream health not guaranteed
cmokkx5gu03o9qsccpqdbdiph,4739,suri-tirmaga-chai,"Suri, Tirmaga-Chai",en,"Suri, Tirmaga-Chai",suq,suq,core,,2026-09-03T07:00:06.934937+00:00,76,76,62,14,0,62,62,62,62,62,0,0,0,62,35,34,35,34,27,0,0,en,33,62,declared metadata; canonical identity and stream health not guaranteed
cmokku1zy02wuqscc3trmsgvz,23316,surjapuri,Surjapuri,en,Surjapuri,sjp,sjp,core,,2026-09-03T07:00:06.934937+00:00,76,76,62,14,0,62,62,62,62,62,0,0,0,62,35,34,35,34,27,0,0,en,33,62,declared metadata; canonical identity and stream health not guaranteed
7517fe3d-4e33-4087-92d1-8d5d75cc878f,143124,surui,Surui,en,Surui,sru,sru,core,,2026-09-03T07:00:06.934937+00:00,75,75,62,13,0,62,62,62,62,62,0,0,0,62,35,34,35,34,27,0,0,en,33,62,declared metadata; canonical identity and stream health not guaranteed
cmokkuqw6032lqscczdgrlzbw,24145,suryoyo,Suryoyo,en,Suryoyo,tru,tru,core,,2026-09-03T07:00:06.934937+00:00,76,76,62,14,0,62,62,62,62,62,0,0,0,62,35,34,35,34,27,0,0,en,33,62,declared metadata; canonical identity and stream health not guaranteed
cmokkyqek042iqscc3q81sujz,5470,susu,Susu,en,Susu,sus,sus,core,,2026-09-03T07:00:06.934937+00:00,114,114,94,19,1,94,94,94,94,94,0,0,0,94,53,50,53,50,41,0,0,en,46,92,declared metadata; canonical identity and stream health not guaranteed
cmokku40t02xbqscc8rz4c3xl,23388,swahili-congo,"Swahili, Congo",en|sw-swc,"Swahili, Congo",sw-swc,swc,core,,2026-09-03T07:00:06.934937+00:00,166,166,145,19,2,145,145,145,145,145,0,0,0,145,84,79,74,70,61,0,0,sw,0,0,declared metadata; canonical identity and stream health not guaranteed
cmokktwyq02vjqscct9w6nwnf,23179,swahili-kenya,"Swahili, Kenya",en|sw-swh-KE,"Swahili, Kenya",sw-swh-KE,swh,core,,2026-09-03T07:00:06.934937+00:00,84,84,67,17,0,67,67,67,67,67,0,0,0,67,39,38,39,38,28,0,0,sw,0,0,declared metadata; canonical identity and stream health not guaranteed
cmokktwh302veqsccvybdet57,23178,swahili-tanzania,"Swahili, Tanzania",en|sw,"Swahili, Tanzania",sw,swh,core,,2026-09-03T07:00:06.934937+00:00,318,318,284,28,6,284,284,284,284,284,0,0,0,284,132,124,110,104,152,0,0,sw,0,0,declared metadata; canonical identity and stream health not guaranteed
cmokkxauc03plqsccls1v8o4j,4823,swedish,Swedish,en|sv,Swedish,sv,swe,core,,2026-09-03T07:00:06.934937+00:00,275,275,246,26,3,246,246,246,246,246,0,0,0,246,129,120,107,100,117,0,0,sv,0,0,declared metadata; canonical identity and stream health not guaranteed
cmok1qrpc01tqqsv1542mui6u,144882,sylheti,Sylheti,en,Sylheti,syl,syl,core,,2026-09-03T07:00:06.934937+00:00,78,78,63,15,0,63,63,63,63,63,0,0,0,63,35,34,35,34,28,0,0,en,33,63,declared metadata; canonical identity and stream health not guaranteed
cmok1ktl500emqsv1j7eanv9l,1236,sylhetti,Sylhetti,en,Sylhetti,syl,syl,core,,2026-09-03T07:00:06.934937+00:00,79,79,64,15,0,64,64,64,64,64,0,0,0,64,35,34,35,34,29,0,0,en,33,64,declared metadata; canonical identity and stream health not guaranteed
cmokkyg7l03zzqsccdenv59ky,53438,syriac,Syriac,en|syc,Syriac,syc,syc,core,,2026-09-03T07:00:06.934937+00:00,132,132,116,15,1,116,116,116,116,116,0,0,0,116,67,63,57,54,49,0,0,en,53,116,declared metadata; canonical identity and stream health not guaranteed
cmok1re2701z6qsv1vcszj8tu,153397,taa,Taa,en,Taa,pmf,pmf,core,,2026-09-03T07:00:06.934937+00:00,76,76,62,14,0,62,62,62,62,62,0,0,0,62,35,34,35,34,27,0,0,en,33,62,declared metadata; canonical identity and stream health not guaranteed
cmok1sk7r0292qsv18nh654dj,17028,tabaru,Tabaru,en,Tabaru,tby,tby,core,,2026-09-03T07:00:06.934937+00:00,76,76,62,14,0,62,62,62,62,62,0,0,0,62,35,34,35,34,27,0,0,en,33,62,declared metadata; canonical identity and stream health not guaranteed
cmokkqt0c023lqsccmlh0e1tk,18617,tabassaran,Tabassaran,en|tab,Tabassaran,tab,tab,core,,2026-09-03T07:00:06.934937+00:00,76,76,62,14,0,62,62,62,62,62,0,0,0,62,35,34,35,34,27,0,0,en,33,62,declared metadata; canonical identity and stream health not guaranteed
cmok1mcj300s8qsv19rgff50t,139091,tacawit,Tacawit,en,Tacawit,shy,shy,core,,2026-09-03T07:00:06.934937+00:00,160,160,140,19,1,140,140,140,140,140,0,0,0,140,80,75,70,66,60,0,0,en,62,138,declared metadata; canonical identity and stream health not guaranteed
cmokkxj4403rrqscc929ufivc,507,tachelhit,Tachelhit,en,Tachelhit,shi,shi,core,,2026-09-03T07:00:06.934937+00:00,218,218,195,20,3,195,195,195,195,195,0,0,0,195,94,88,72,68,101,0,0,en,64,193,declared metadata; canonical identity and stream health not guaranteed
cmok1s8x4026dqsv1fz1z9rog,164090,tado,Tado,en,Tado,klw,klw,core,,2026-09-03T07:00:06.934937+00:00,76,76,62,14,0,62,62,62,62,62,0,0,0,62,35,34,35,34,27,0,0,en,33,62,declared metadata; canonical identity and stream health not guaranteed
cmok1l2dt00gsqsv1t1gqbc7y,12551,tagalog,Tagalog,en|fil,Tagalog,fil,tgl,core,,2026-09-03T07:00:06.934937+00:00,363,363,325,31,7,325,325,325,325,325,0,0,0,325,151,141,129,121,174,0,0,fil,117,321,declared metadata; canonical identity and stream health not guaranteed
cmok1opp601c4qsv13vl17zgc,142016,tagbanwa-calamian,"Tagbanwa, Calamian",en,"Tagbanwa, Calamian",tbk,tbk,core,,2026-09-03T07:00:06.934937+00:00,76,76,62,14,0,62,62,62,62,62,0,0,0,62,35,34,35,34,27,0,0,en,33,62,declared metadata; canonical identity and stream health not guaranteed
cmokkxdyl03qeqsccz7u2et7u,4950,tahitian,Tahitian,en|ty,Tahitian,ty,tah,core,,2026-09-03T07:00:06.934937+00:00,105,105,86,19,0,86,86,86,86,86,0,0,0,86,48,46,48,46,38,0,0,ty,0,0,declared metadata; canonical identity and stream health not guaranteed
cmokl0k5a04ijqscctok8cf7u,7516,tai-dam,Tai Dam,en,Tai Dam,blt,blt,core,,2026-09-03T07:00:06.934937+00:00,76,76,62,14,0,62,62,62,62,62,0,0,0,62,35,34,35,34,27,0,0,en,33,62,declared metadata; canonical identity and stream health not guaranteed
cmokl0j4h04iaqscc0suue4pe,7428,tai-don,Tai Don,en,Tai Don,twh,twh,core,,2026-09-03T07:00:06.934937+00:00,76,76,62,14,0,62,62,62,62,62,0,0,0,62,35,34,35,34,27,0,0,en,33,62,declared metadata; canonical identity and stream health not guaranteed
cmokksg6g02ibqsccnsdu7p2p,20789,tai-lue,Tai Lue,en|khb,Tai Lue,khb,khb,core,,2026-09-03T07:00:06.934937+00:00,76,76,62,14,0,62,62,62,62,62,0,0,0,62,35,34,35,34,27,0,0,en,33,62,declared metadata; canonical identity and stream health not guaranteed
cmokkw5cn03f5qscc1yec27ko,3910,tai-nua,Tai Nua,en,Tai Nua,tdd,tdd,core,,2026-09-03T07:00:06.934937+00:00,79,79,63,16,0,63,63,63,63,63,0,0,0,63,35,34,35,34,28,0,0,en,33,63,declared metadata; canonical identity and stream health not guaranteed
cmok1r6kd01xfqsv19s8f8gkk,150415,tairora,Tairora,en,Tairora,tbg,tbg,core,,2026-09-03T07:00:06.934937+00:00,76,76,62,14,0,62,62,62,62,62,0,0,0,62,35,34,35,34,27,0,0,en,33,62,declared metadata; canonical identity and stream health not guaranteed
cmokl0gt104hoqsccbvuf94v0,7334,taita,Taita,en,Taita,dav,dav,core,,2026-09-03T07:00:06.934937+00:00,76,76,62,14,0,62,62,62,62,62,0,0,0,62,35,34,35,34,27,0,0,en,33,62,declared metadata; canonical identity and stream health not guaranteed
cmokkuxd20346qsccbuxwz988,24309,tajik,Tajik,en|tg,Tajik,tg,tgk,core,,2026-09-03T07:00:06.934937+00:00,208,208,181,24,3,181,181,181,181,181,0,0,0,181,105,99,83,79,76,0,0,tg,0,0,declared metadata; canonical identity and stream health not guaranteed
cmokkqd2f01zrqsccap9fli4t,185078,tajpuriya,Tajpuriya,en,Tajpuriya,rjs,rjs,core,,2026-09-03T07:00:06.934937+00:00,76,76,62,14,0,62,62,62,62,62,0,0,0,62,35,34,35,34,27,0,0,en,33,62,declared metadata; canonical identity and stream health not guaranteed
cmok1opdh01c1qsv1urxyc4nm,142010,takia,Takia,en,Takia,tbc,tbc,core,,2026-09-03T07:00:06.934937+00:00,79,79,63,16,0,63,63,63,63,63,0,0,0,63,35,34,35,34,28,0,0,en,33,63,declared metadata; canonical identity and stream health not guaranteed
cmokky8qu03y7qsccrhhecp3v,53392,takuu-nakumanu,Takuu-Nakumanu,en,Takuu-Nakumanu,nho,nho,core,,2026-09-03T07:00:06.934937+00:00,76,76,62,14,0,62,62,62,62,62,0,0,0,62,35,34,35,34,27,0,0,en,33,62,declared metadata; canonical identity and stream health not guaranteed
cmokkvdfp0381qscctudf22hy,26862,takwane,Takwane,en,Takwane,tke,tke,core,,2026-09-03T07:00:06.934937+00:00,76,76,62,14,0,62,62,62,62,62,0,0,0,62,35,34,35,34,27,0,0,en,33,62,declared metadata; canonical identity and stream health not guaranteed
cmok1j8a5000oqsv1kqhhfe29,100301,tal,Tal,en,Tal,tal,tal,core,,2026-09-03T07:00:06.934937+00:00,76,76,62,14,0,62,62,62,62,62,0,0,0,62,35,34,35,34,27,0,0,en,33,62,declared metadata; canonical identity and stream health not guaranteed
471df7cb-98a7-4788-93b6-e1a21b3d4c24,185337,talaandig-manobo,Talaandig Manobo,bkd|en,Talaandig Manobo,bkd,bkd,core,,2026-09-03T07:00:06.934937+00:00,75,75,62,13,0,62,62,62,62,62,0,0,0,62,35,34,35,34,27,0,0,en,33,62,declared metadata; canonical identity and stream health not guaranteed
cmok1sype02cgqsv149o7in44,17547,talaud,Talaud,en,Talaud,tld,tld,core,,2026-09-03T07:00:06.934937+00:00,76,76,62,14,0,62,62,62,62,62,0,0,0,62,35,34,35,34,27,0,0,en,33,62,declared metadata; canonical identity and stream health not guaranteed
cmokkozyb01o4qsccapjere4w,181020,tali-2,Tali,en,Tali,kbn,kbn,core,,2026-09-03T07:00:06.934937+00:00,76,76,62,14,0,62,62,62,62,62,0,0,0,62,35,34,35,34,27,0,0,en,33,62,declared metadata; canonical identity and stream health not guaranteed
cmok1kdpe00apqsv107zjpx7w,1124,talysh,Talysh,en,Talysh,tly,tly,core,,2026-09-03T07:00:06.934937+00:00,136,136,119,16,1,119,119,119,119,119,0,0,0,119,67,63,57,54,52,0,0,en,53,119,declared metadata; canonical identity and stream health not guaranteed
cmokl0tyt04l0qsccpipzmsta,7807,tamajeq-tahoua,"Tamajeq, Tahoua",en,"Tamajeq, Tahoua",ttq,ttq,core,,2026-09-03T07:00:06.934937+00:00,76,76,62,14,0,62,62,62,62,62,0,0,0,62,35,34,35,34,27,0,0,en,33,62,declared metadata; canonical identity and stream health not guaranteed
cmokkz7xd0470qsccnxaop9dr,5872,tamang-eastern,"Tamang, Eastern",en|taj,"Tamang, Eastern",taj,taj,core,,2026-09-03T07:00:06.934937+00:00,76,76,62,14,0,62,62,62,62,62,0,0,0,62,35,34,35,34,27,0,0,en,33,62,declared metadata; canonical identity and stream health not guaranteed
cmokl1q4y04swqscc8v05ftlo,8989,tamang-western,"Tamang, Western",en|tdg,"Tamang, Western",tdg,tdg,core,,2026-09-03T07:00:06.934937+00:00,76,76,62,14,0,62,62,62,62,62,0,0,0,62,35,34,35,34,27,0,0,en,33,62,declared metadata; canonical identity and stream health not guaranteed
cmokkrlid02akqsccbngtmbq1,2000,tamasheq-kidal,"Tamasheq, Kidal",en,"Tamasheq, Kidal",taq,taq,core,,2026-09-03T07:00:06.934937+00:00,105,105,86,19,0,86,86,86,86,86,0,0,0,86,48,46,48,46,38,0,0,en,42,84,declared metadata; canonical identity and stream health not guaranteed
cmokkxlok03sfqsccbpu0u1fb,512,tamazight-central-atlas,"Tamazight, Central Atlas",en|tzm,"Tamazight, Central Atlas",tzm,tzm,core,,2026-09-03T07:00:06.934937+00:00,236,236,216,19,1,216,216,216,216,216,0,0,0,216,81,76,71,67,135,0,0,tzm,0,0,declared metadata; canonical identity and stream health not guaranteed
cmok1rj3v020cqsv1v5osqctl,154906,tambee,Tambee,en,Tambee,mzq,mzq,core,,2026-09-03T07:00:06.934937+00:00,76,76,62,14,0,62,62,62,62,62,0,0,0,62,35,34,35,34,27,0,0,en,33,62,declared metadata; canonical identity and stream health not guaranteed
cmokkz7hv046vqsccu0opuhj6,5871,tamil,Tamil,en|ta,Tamil,ta,tam,core,,2026-09-03T07:00:06.934937+00:00,354,354,315,30,9,315,315,315,315,315,0,0,0,315,151,141,129,121,164,0,0,ta,0,0,declared metadata; canonical identity and stream health not guaranteed
cmokkxwhx03v1qsccwndrgzgc,5291,tampulma,Tampulma,en,Tampulma,tpm,tpm,core,,2026-09-03T07:00:06.934937+00:00,76,76,62,14,0,62,62,62,62,62,0,0,0,62,35,34,35,34,27,0,0,en,33,62,declared metadata; canonical identity and stream health not guaranteed
cmok1j65i0006qsv1xpeam0zx,10014,tangale,Tangale,en,Tangale,tan,tan,core,,2026-09-03T07:00:06.934937+00:00,76,76,62,14,0,62,62,62,62,62,0,0,0,62,35,34,35,34,27,0,0,en,33,62,declared metadata; canonical identity and stream health not guaranteed
cmok1oz5y01eaqsv188rpcyi7,142360,tangoa,Tangoa,en,Tangoa,tgp,tgp,core,,2026-09-03T07:00:06.934937+00:00,76,76,62,14,0,62,62,62,62,62,0,0,0,62,35,34,35,34,27,0,0,en,33,62,declared metadata; canonical identity and stream health not guaranteed
cmokkpk7n01t3qscc5zcx2ff5,184546,tangsa-kimsing,"Tangsa, Kimsing",en,"Tangsa, Kimsing",nst,nst,core,,2026-09-03T07:00:06.934937+00:00,79,79,64,15,0,64,64,64,64,64,0,0,0,64,35,34,35,34,29,0,0,en,33,64,declared metadata; canonical identity and stream health not guaranteed
cmokkzeeo048lqsccisy7o1qu,6007,tangshang-shecyu-cyamcyang,"Tangshang, Shecyu-Cyamcyang",en,"Tangshang, Shecyu-Cyamcyang",nst,nst,core,,2026-09-03T07:00:06.934937+00:00,79,79,64,15,0,64,64,64,64,64,0,0,0,64,35,34,35,34,29,0,0,en,33,64,declared metadata; canonical identity and stream health not guaranteed
cmok1os4l01cpqsv1va45fpmf,142172,tanjijili,Tanjijili,en,Tanjijili,uji,uji,core,,2026-09-03T07:00:06.934937+00:00,62,62,62,0,0,62,62,62,62,62,0,0,0,62,35,34,35,34,27,0,0,en,33,62,declared metadata; canonical identity and stream health not guaranteed
cmok1r4u501x0qsv1xj0tg83o,14970,tanna-north,"Tanna, North",en,"Tanna, North",tnn,tnn,core,,2026-09-03T07:00:06.934937+00:00,76,76,62,14,0,62,62,62,62,62,0,0,0,62,35,34,35,34,27,0,0,en,33,62,declared metadata; canonical identity and stream health not guaranteed
cmok1r5uz01x9qsv1vxz698ak,15013,tanna-southwest,"Tanna, Southwest",en,"Tanna, Southwest",nwi,nwi,core,,2026-09-03T07:00:06.934937+00:00,76,76,62,14,0,62,62,62,62,62,0,0,0,62,35,34,35,34,27,0,0,en,33,62,declared metadata; canonical identity and stream health not guaranteed
cmokl133104n9qsccerzxq94x,8109,tarahumara-baja,Tarahumara Baja,en,Tarahumara Baja,tac,tac,core,,2026-09-03T07:00:06.934937+00:00,76,76,62,14,0,62,62,62,62,62,0,0,0,62,35,34,35,34,27,0,0,en,33,62,declared metadata; canonical identity and stream health not guaranteed
cmokl12rc04n6qscc15le9dqj,8108,tarahumara-central,"Tarahumara, Central",en,"Tarahumara, Central",tar,tar,core,,2026-09-03T07:00:06.934937+00:00,76,76,62,14,0,62,62,62,62,62,0,0,0,62,35,34,35,34,27,0,0,en,33,62,declared metadata; canonical identity and stream health not guaranteed
cmok1jklw003lqsv1cbgzyinu,101621,tarifit,Tarifit,en,Tarifit,rif,rif,core,,2026-09-03T07:00:06.934937+00:00,136,136,119,16,1,119,119,119,119,119,0,0,0,119,68,64,58,55,51,0,0,en,54,119,declared metadata; canonical identity and stream health not guaranteed
cmokkpb3701qtqsccn6fnd7kr,184497,tarifit-arabic-based-script,Tarifit (Abs),en|rif,Tarifit (Abs),rif,rif,core,,2026-09-03T07:00:06.934937+00:00,8,8,2,6,0,1,1,1,1,1,0,0,0,1,1,1,1,1,0,0,0,en,1,1,declared metadata; canonical identity and stream health not guaranteed
cmokkpbjf01qyqscct0z4divd,184498,tarifit-latin-based-script,Tarifit (Lbs),en|rif,Tarifit (Lbs),rif,rif,core,,2026-09-03T07:00:06.934937+00:00,8,8,2,6,0,1,1,1,1,1,0,0,0,1,1,1,1,1,0,0,0,en,1,1,declared metadata; canonical identity and stream health not guaranteed
cmokl2kdd0508qscc06ko0oat,9930,tarok,Tarok,en,Tarok,yer,yer,core,,2026-09-03T07:00:06.934937+00:00,76,76,62,14,0,62,62,62,62,62,0,0,0,62,35,34,35,34,27,0,0,en,33,62,declared metadata; canonical identity and stream health not guaranteed
cmok1miex00tqqsv15sxcdgnm,139137,tasahlit,Tasahlit,en,Tasahlit,kab,kab,core,,2026-09-03T07:00:06.934937+00:00,132,132,116,15,1,116,116,116,116,116,0,0,0,116,67,63,57,54,49,0,0,en,53,116,declared metadata; canonical identity and stream health not guaranteed
cmok1pkqs01jeqsv1ptyqb9yh,143311,tat-azeri,"Tat, Azeri",en,"Tat, Azeri",ttt,ttt,core,,2026-09-03T07:00:06.934937+00:00,76,76,62,14,0,62,62,62,62,62,0,0,0,62,35,34,35,34,27,0,0,en,33,62,declared metadata; canonical identity and stream health not guaranteed
cmok1keq900ayqsv15djkq0ci,1126,tat-juhuri,"Tat, Juhuri",en,"Tat, Juhuri",jdt,jdt,core,,2026-09-03T07:00:06.934937+00:00,76,76,62,14,0,62,62,62,62,62,0,0,0,62,35,34,35,34,27,0,0,en,33,62,declared metadata; canonical identity and stream health not guaranteed
cmokkwdgq03h9qscce8eiei6b,411,tatar,Tatar,en|tt,Tatar,tt,tat,core,,2026-09-03T07:00:06.934937+00:00,165,165,145,17,3,145,145,145,145,145,0,0,0,145,80,75,58,55,65,0,0,tt,0,0,declared metadata; canonical identity and stream health not guaranteed
cmok1l0oz00geqsv1ovaq6tw6,12535,tausug,Tausug,en,Tausug,tsg,tsg,core,,2026-09-03T07:00:06.934937+00:00,132,132,116,15,1,116,116,116,116,116,0,0,0,116,67,63,57,54,49,0,0,tsg,0,0,declared metadata; canonical identity and stream health not guaranteed
cmok1onyz01bpqsv1qz9ak05b,141934,taveta,Taveta,en,Taveta,tvs,tvs,core,,2026-09-03T07:00:06.934937+00:00,79,79,64,15,0,64,64,64,64,64,0,0,0,64,35,34,35,34,29,0,0,en,33,64,declared metadata; canonical identity and stream health not guaranteed
cmok1oqec01caqsv1xugwc97m,142078,tawala,Tawala,en,Tawala,tbo,tbo,core,,2026-09-03T07:00:06.934937+00:00,79,79,63,16,0,63,63,63,63,63,0,0,0,63,35,34,35,34,28,0,0,en,33,63,declared metadata; canonical identity and stream health not guaranteed
cmok1n2ti00ylqsv1fmt3finb,139803,tawbuid-eastern,"Tawbuid, Oriental",bnj|en,"Tawbuid, Oriental",bnj,bnj,core,,2026-09-03T07:00:06.934937+00:00,76,76,62,14,0,62,62,62,62,62,0,0,0,62,35,34,35,34,27,0,0,en,33,62,declared metadata; canonical identity and stream health not guaranteed
cmok1l2w000gxqsv1grs2juo2,12557,tboli,Tboli,en,Tboli,tbl,tbl,core,,2026-09-03T07:00:06.934937+00:00,76,76,62,14,0,62,62,62,62,62,0,0,0,62,35,34,35,34,27,0,0,en,33,62,declared metadata; canonical identity and stream health not guaranteed
cmokktcqa02qlqscci4jl1iur,22194,tchien-krahn,Tchien-Krahn,en,Tchien-Krahn,kqo,kqo,core,,2026-09-03T07:00:06.934937+00:00,76,76,62,14,0,62,62,62,62,62,0,0,0,62,35,34,35,34,27,0,0,en,33,62,declared metadata; canonical identity and stream health not guaranteed
cmok1n48000yxqsv16m64wa3m,139904,tchumbuli,Tchumbuli,bqa|en,Tchumbuli,bqa,bqa,core,,2026-09-03T07:00:06.934937+00:00,76,76,62,14,0,62,62,62,62,62,0,0,0,62,35,34,35,34,27,0,0,en,33,62,declared metadata; canonical identity and stream health not guaranteed
cmok1ob47018mqsv1homavus7,141560,tehit,Tehit,en,Tehit,kps,kps,core,,2026-09-03T07:00:06.934937+00:00,76,76,62,14,0,62,62,62,62,62,0,0,0,62,35,34,35,34,27,0,0,en,33,62,declared metadata; canonical identity and stream health not guaranteed
cmokkpfyp01s2qsccw7oeghrm,184512,tehl,Tehl,en,Tehl,mtl,mtl,core,,2026-09-03T07:00:06.934937+00:00,76,76,62,14,0,62,62,62,62,62,0,0,0,62,35,34,35,34,27,0,0,en,33,62,declared metadata; canonical identity and stream health not guaranteed
cmokkwjei03ipqsccaz1hqdtb,4309,teke-central,"Teke, Central",en,"Teke, Central",TEC,TEC,core,,2026-09-03T07:00:06.934937+00:00,76,76,62,14,0,62,62,62,62,62,0,0,0,62,35,34,35,34,27,0,0,en,33,62,declared metadata; canonical identity and stream health not guaranteed
cmok1ngnn011uqsv1uxx7s4e4,140487,teke-eboo,Teke-Eboo,en,Teke-Eboo,ebo,ebo,core,,2026-09-03T07:00:06.934937+00:00,75,75,62,13,0,62,62,62,62,62,0,0,0,62,35,34,35,34,27,0,0,en,33,62,declared metadata; canonical identity and stream health not guaranteed
cmokkva380379qsccnl25qr1t,26378,teke-tege,Teke-Tege,en,Teke-Tege,teg,teg,core,,2026-09-03T07:00:06.934937+00:00,76,76,62,14,0,62,62,62,62,62,0,0,0,62,35,34,35,34,27,0,0,en,33,62,declared metadata; canonical identity and stream health not guaranteed
cmokkz70d046qqsccso83ow11,5848,telugu,Telugu,en|te,Telugu,te,tel,core,,2026-09-03T07:00:06.934937+00:00,273,273,236,27,10,236,236,236,236,236,0,0,0,236,117,111,95,91,119,0,0,te,0,0,declared metadata; canonical identity and stream health not guaranteed
cmok1lw6200o4qsv1y2fc85a5,1335,tem,Tem,en,Tem,kdh,kdh,core,,2026-09-03T07:00:06.934937+00:00,138,138,121,15,2,121,121,121,121,121,0,0,0,121,71,67,61,58,50,0,0,en,57,121,declared metadata; canonical identity and stream health not guaranteed
cmok1r55v01x3qsv1huqk73dn,149770,tembarissa,Tembarissa,en,Tembarissa,ktb,ktb,core,,2026-09-03T07:00:06.934937+00:00,76,76,62,14,0,62,62,62,62,62,0,0,0,62,35,34,35,34,27,0,0,en,33,62,declared metadata; canonical identity and stream health not guaranteed
cmok1pfoj01i8qsv15dftvgfj,143000,temi,Temi,en,Temi,soz,soz,core,,2026-09-03T07:00:06.934937+00:00,76,76,62,14,0,62,62,62,62,62,0,0,0,62,35,34,35,34,27,0,0,en,33,62,declared metadata; canonical identity and stream health not guaranteed
cmok1sbv50273qsv1w799jdjo,16628,tengger,Tengger,en,Tengger,tes,tes,core,,2026-09-03T07:00:06.934937+00:00,76,76,62,14,0,62,62,62,62,62,0,0,0,62,35,34,35,34,27,0,0,en,33,62,declared metadata; canonical identity and stream health not guaranteed
cmok1javb0019qsv1ggodkmxb,100574,tennet,Tennet,en,Tennet,tex,tex,core,,2026-09-03T07:00:06.934937+00:00,76,76,62,14,0,62,62,62,62,62,0,0,0,62,35,34,35,34,27,0,0,en,33,62,declared metadata; canonical identity and stream health not guaranteed
cmokktun402uxqsccqrpqhrzn,23075,teochew,Teochew,en|nan-x-Teochew,Teochew,nan-x-Teochew,nan,core,,2026-09-03T07:00:06.934937+00:00,76,76,62,14,0,62,62,62,62,62,0,0,0,62,35,34,35,34,27,0,0,en,33,62,declared metadata; canonical identity and stream health not guaranteed
cmok1qd4v01q5qsv1xafd9fbk,144370,tepehuan-northern,"Tepehuan, Northern",en,"Tepehuan, Northern",ntp,ntp,core,,2026-09-03T07:00:06.934937+00:00,79,79,63,16,0,63,63,63,63,63,0,0,0,63,35,34,35,34,28,0,0,en,33,63,declared metadata; canonical identity and stream health not guaranteed
cmok1j54u0000qsv1dgmoqpej,10007,tera,Tera,en,Tera,ttr,ttr,core,,2026-09-03T07:00:06.934937+00:00,77,77,63,14,0,63,63,63,63,63,0,0,0,63,35,34,35,34,28,0,0,en,33,62,declared metadata; canonical identity and stream health not guaranteed
cmok1sly2029hqsv1qwwymv4l,17110,ternate,Ternate,en,Ternate,tft,tft,core,,2026-09-03T07:00:06.934937+00:00,76,76,62,14,0,62,62,62,62,62,0,0,0,62,35,34,35,34,27,0,0,en,33,62,declared metadata; canonical identity and stream health not guaranteed
cmokkstf502lpqscck5gt425o,20964,teso-kenyan,"Teso, Kenyan",en,"Teso, Kenyan",teo,teo,core,,2026-09-03T07:00:06.934937+00:00,76,76,62,14,0,62,62,62,62,62,0,0,0,62,35,34,35,34,27,0,0,en,33,62,declared metadata; canonical identity and stream health not guaranteed
cmokkxzzl03vyqsccnjhli0qh,53297,tetun-belu,Tetun Belu,en|tet,Tetun Belu,tet,tet,core,,2026-09-03T07:00:06.934937+00:00,105,105,86,19,0,86,86,86,86,86,0,0,0,86,48,46,48,46,38,0,0,tet,0,0,declared metadata; canonical identity and stream health not guaranteed
cmok1so6e029zqsv1kuh65tc0,17224,tetun-dili,Tetun Dili,en,Tetun Dili,tdt,tdt,core,,2026-09-03T07:00:06.934937+00:00,76,76,62,14,0,62,62,62,62,62,0,0,0,62,35,34,35,34,27,0,0,en,33,62,declared metadata; canonical identity and stream health not guaranteed
cmok1lrsv00mzqsv13l2fiynk,13169,thai,Thai,en|th,Thai,th,tha,core,,2026-09-03T07:00:06.934937+00:00,420,420,370,34,16,370,370,370,370,370,0,0,0,370,169,159,144,136,201,0,0,th,133,363,declared metadata; canonical identity and stream health not guaranteed
cmokkt0p502njqsccrqdprygs,21118,thai-northern,"Thai, Northern",en|th-nod,"Thai, Northern",th-nod,nod,core,,2026-09-03T07:00:06.934937+00:00,148,148,128,18,2,128,128,128,128,128,0,0,0,128,73,68,63,59,55,0,0,th,59,128,declared metadata; canonical identity and stream health not guaranteed
cmokksuft02lyqscc2mofahmn,20969,thai-southern,"Thai, Southern",en|th-sou,"Thai, Southern",th-sou,sou,core,,2026-09-03T07:00:06.934937+00:00,82,82,64,18,0,64,64,64,64,64,0,0,0,64,36,35,36,35,28,0,0,th,35,64,declared metadata; canonical identity and stream health not guaranteed
cmokl1pt804stqsccipzj6ypq,8982,thami,Thami,en,Thami,thf,thf,core,,2026-09-03T07:00:06.934937+00:00,76,76,62,14,0,62,62,62,62,62,0,0,0,62,35,34,35,34,27,0,0,en,33,62,declared metadata; canonical identity and stream health not guaranteed
cmokkrtf502ciqsccadphresr,20269,tharaka,Tharaka,en,Tharaka,thk,thk,core,,2026-09-03T07:00:06.934937+00:00,76,76,62,14,0,62,62,62,62,62,0,0,0,62,35,34,35,34,27,0,0,en,33,62,declared metadata; canonical identity and stream health not guaranteed
cmokkudyb02zdqscc83xf1ug8,23714,tharu-dangaura,"Tharu, Dangaura",en,"Tharu, Dangaura",thl,thl,core,,2026-09-03T07:00:06.934937+00:00,79,79,64,15,0,64,64,64,64,64,0,0,0,64,35,34,35,34,29,0,0,en,33,64,declared metadata; canonical identity and stream health not guaranteed
cmok1p72i01g4qsv1ymmnlefd,142653,tharu-kathariya,"Tharu, Kathariya",en,"Tharu, Kathariya",tkt,tkt,core,,2026-09-03T07:00:06.934937+00:00,76,76,62,14,0,62,62,62,62,62,0,0,0,62,35,34,35,34,27,0,0,en,33,62,declared metadata; canonical identity and stream health not guaranteed
cmok1lqrm00mqqsv1j3by5z4y,13098,themne,Themne,en,Themne,tem,tem,core,,2026-09-03T07:00:06.934937+00:00,98,98,81,15,2,81,81,81,81,81,0,0,0,81,52,50,40,39,29,0,0,en,38,81,declared metadata; canonical identity and stream health not guaranteed
cmokkpvre01vrqscckthf7uyp,184810,thradhri-kohli,Thradhri Kohli,en,Thradhri Kohli,kxp,kxp,core,,2026-09-03T07:00:06.934937+00:00,132,132,116,15,1,116,116,116,116,116,0,0,0,116,67,63,57,54,49,0,0,en,53,116,declared metadata; canonical identity and stream health not guaranteed
cmok1mkaj00u5qsv1kgaiddo0,139156,thur,Thur,en,Thur,lth,lth,core,,2026-09-03T07:00:06.934937+00:00,76,76,62,14,0,62,62,62,62,62,0,0,0,62,35,34,35,34,27,0,0,en,33,62,declared metadata; canonical identity and stream health not guaranteed
cmok1sju5028zqsv1v9gxdtrr,1699,ticuna,Ticuna,en,Ticuna,tca,tca,core,,2026-09-03T07:00:06.934937+00:00,76,76,62,14,0,62,62,62,62,62,0,0,0,62,35,34,35,34,27,0,0,en,33,62,declared metadata; canonical identity and stream health not guaranteed
cmokkpuql01viqsccbepz79w6,184691,tidung-southern,"Tidung, Southern",en,"Tidung, Southern",itd,itd,core,,2026-09-03T07:00:06.934937+00:00,76,76,62,14,0,62,62,62,62,62,0,0,0,62,35,34,35,34,27,0,0,en,33,62,declared metadata; canonical identity and stream health not guaranteed
cmok1oygk01e4qsv1tzk2szil,142353,tigak,Tigak,en,Tigak,tgc,tgc,core,,2026-09-03T07:00:06.934937+00:00,76,76,62,14,0,62,62,62,62,62,0,0,0,62,35,34,35,34,27,0,0,en,33,62,declared metadata; canonical identity and stream health not guaranteed
cmokkww1w03lxqscc6fvmzoou,4575,tigre,Tigre,en|tig,Tigre,tig,tig,core,,2026-09-03T07:00:06.934937+00:00,76,76,62,14,0,62,62,62,62,62,0,0,0,62,35,34,35,34,27,0,0,en,33,62,declared metadata; canonical identity and stream health not guaranteed
cmokku9wd02ycqsccdrzc6jxu,23526,tigrinya-eritrea,"Tigrinya, Eritrea",en|ti,"Tigrinya, Eritrea",ti,tir,core,,2026-09-03T07:00:06.934937+00:00,83,83,68,14,1,68,68,68,68,68,0,0,0,68,40,39,40,39,28,0,0,en,38,68,declared metadata; canonical identity and stream health not guaranteed
cmokkwwka03m2qsccc8aeqqdq,4576,tigrinya-ethiopia,"Tigrinya, Ethiopia",en|ti-ER,"Tigrinya, Ethiopia",ti-ER,tir,core,,2026-09-03T07:00:06.934937+00:00,148,148,130,16,2,130,130,130,130,130,0,0,0,130,80,75,58,55,50,0,0,en,54,130,declared metadata; canonical identity and stream health not guaranteed
cmokkqq4u022uqscc8wz1plfh,185335,tigwahanon-manobo,Tigwahanon Manobo,en,Tigwahanon Manobo,mbt,mbt,core,,2026-09-03T07:00:06.934937+00:00,75,75,62,13,0,61,61,61,61,61,0,0,0,61,34,33,34,33,27,0,0,en,33,61,declared metadata; canonical identity and stream health not guaranteed
fd459c70-432a-4443-a63d-a02059073dd4,185338,tinonanon-manobo,Tinonanon Manobo,en,Tinonanon Manobo,obo,obo,core,,2026-09-03T07:00:06.934937+00:00,75,75,62,13,0,62,62,62,62,62,0,0,0,62,35,34,35,34,27,0,0,en,33,62,declared metadata; canonical identity and stream health not guaranteed
cmok1m6y000qtqsv1o6zl30kv,13812,tira,Tira,en,Tira,tic,tic,core,,2026-09-03T07:00:06.934937+00:00,75,75,61,14,0,61,61,61,61,61,0,0,0,61,34,33,34,33,27,0,0,en,32,61,declared metadata; canonical identity and stream health not guaranteed
cmok1k0e2007dqsv1j70k33yx,105534,tiriki,Tiriki,en,Tiriki,ida,ida,core,,2026-09-03T07:00:06.934937+00:00,76,76,62,14,0,62,62,62,62,62,0,0,0,62,35,34,35,34,27,0,0,en,33,62,declared metadata; canonical identity and stream health not guaranteed
cmok1l13d00ghqsv1ke8cga4j,12537,tiruray,Tiruray,en,Tiruray,tiy,tiy,core,,2026-09-03T07:00:06.934937+00:00,81,81,65,16,0,65,65,65,65,65,0,0,0,65,35,34,35,34,30,0,0,en,33,65,declared metadata; canonical identity and stream health not guaranteed
cmokktpat02tnqscc2v9dsb23,2285,tiv,Tiv,en,Tiv,tiv,tiv,core,,2026-09-03T07:00:06.934937+00:00,82,82,67,14,1,67,67,67,67,67,0,0,0,67,39,38,39,38,28,0,0,en,37,67,declared metadata; canonical identity and stream health not guaranteed
cmokkqwys024jqsccgukzu528,19002,tiwa-northern,"Tiwa, Northern",en,"Tiwa, Northern",twf,twf,core,,2026-09-03T07:00:06.934937+00:00,76,76,62,14,0,62,62,62,62,62,0,0,0,62,35,34,35,34,27,0,0,en,33,62,declared metadata; canonical identity and stream health not guaranteed
cmokkoyul01nvqsccy5v22kp8,179655,tiyaa,Tiyaa,en,Tiyaa,tyy,tyy,core,,2026-09-03T07:00:06.934937+00:00,76,76,62,14,0,62,62,62,62,62,0,0,0,62,35,34,35,34,27,0,0,en,33,62,declared metadata; canonical identity and stream health not guaranteed
cmok1sier028nqsv1fo680qfj,169301,tlapaneco-de-tlacoapa,Tlapaneco De Tlacoapa,en,Tlapaneco De Tlacoapa,tpl,tpl,core,,2026-09-03T07:00:06.934937+00:00,76,76,62,14,0,62,62,62,62,62,0,0,0,62,35,34,35,34,27,0,0,en,33,62,declared metadata; canonical identity and stream health not guaranteed
cmok1md8b00seqsv1t1rj70fc,139104,tlicho,Tlicho,en,Tlicho,dgr,dgr,core,,2026-09-03T07:00:06.934937+00:00,76,76,62,14,0,62,62,62,62,62,0,0,0,62,35,34,35,34,27,0,0,dgr,0,0,declared metadata; canonical identity and stream health not guaranteed
cmok1ps7n01l5qsv1lspq5llu,143501,toabaita,To'Abaita,en,To'Abaita,mlu,mlu,core,,2026-09-03T07:00:06.934937+00:00,75,75,62,13,0,62,62,62,62,62,0,0,0,62,35,34,35,34,27,0,0,en,33,62,declared metadata; canonical identity and stream health not guaranteed
cmok1p9ht01gpqsv1izd5o618,142777,toba-maskoy,Toba-Maskoy,en,Toba-Maskoy,tmf,tmf,core,,2026-09-03T07:00:06.934937+00:00,79,79,63,16,0,63,63,63,63,63,0,0,0,63,35,34,35,34,28,0,0,en,33,63,declared metadata; canonical identity and stream health not guaranteed
cmok1jdbs001uqsv1fvctc1u4,100859,tobelo,Tobelo,en,Tobelo,tlb,tlb,core,,2026-09-03T07:00:06.934937+00:00,76,76,62,14,0,62,62,62,62,62,0,0,0,62,35,34,35,34,27,0,0,en,33,62,declared metadata; canonical identity and stream health not guaranteed
cmokl12fm04n3qsccm1hohsn1,8093,tojolabal,Tojolabal,en,Tojolabal,toj,toj,core,,2026-09-03T07:00:06.934937+00:00,76,76,62,14,0,62,62,62,62,62,0,0,0,62,35,34,35,34,27,0,0,en,33,62,declared metadata; canonical identity and stream health not guaranteed
cmokkuac602yhqscc9vvrlnm7,23528,tok-pisin,Tok Pisin,en|tpi,Tok Pisin,tpi,tpi,core,,2026-09-03T07:00:06.934937+00:00,122,122,102,19,1,102,102,102,102,102,0,0,0,102,61,58,49,47,41,0,0,tpi,0,0,declared metadata; canonical identity and stream health not guaranteed
cmok1swkh02byqsv1ktf93crk,17501,tolaki,Tolaki,en,Tolaki,lbw,lbw,core,,2026-09-03T07:00:06.934937+00:00,76,76,62,14,0,62,62,62,62,62,0,0,0,62,35,34,35,34,27,0,0,en,33,62,declared metadata; canonical identity and stream health not guaranteed
cmok1s5cp025jqsv1xmnhligh,161504,toli-gbe-2,Toli-Gbe,en,Toli-Gbe,guw,guw,core,,2026-09-03T07:00:06.934937+00:00,75,75,62,13,0,62,62,62,62,62,0,0,0,62,35,34,35,34,27,0,0,en,33,62,declared metadata; canonical identity and stream health not guaranteed
cmokkruio02crqsccdt68ewug,20285,toma,Toma,en,Toma,tod,tod,core,,2026-09-03T07:00:06.934937+00:00,92,92,76,15,1,76,76,76,76,76,0,0,0,76,48,46,36,35,28,0,0,en,34,76,declared metadata; canonical identity and stream health not guaranteed
cmok1stnu02b8qsv1rzdqs9or,17431,tombulu,Tombulu,en,Tombulu,tom,tom,core,,2026-09-03T07:00:06.934937+00:00,76,76,62,14,0,62,62,62,62,62,0,0,0,62,35,34,35,34,27,0,0,en,33,62,declared metadata; canonical identity and stream health not guaranteed
cmok1stc402b5qsv15vdotkxy,17424,tomini,Tomini,en,Tomini,txm,txm,core,,2026-09-03T07:00:06.934937+00:00,76,76,62,14,0,62,62,62,62,62,0,0,0,62,35,34,35,34,27,0,0,en,33,62,declared metadata; canonical identity and stream health not guaranteed
cmokkrt3702cfqsccgb6ur0t7,20259,tondano,Tondano,en,Tondano,tdn,tdn,core,,2026-09-03T07:00:06.934937+00:00,76,76,62,14,0,62,62,62,62,62,0,0,0,62,35,34,35,34,27,0,0,en,33,62,declared metadata; canonical identity and stream health not guaranteed
cmok1pcu301hkqsv18mdgfgng,142905,tonga,Tonga,en,Tonga,toi,toi,core,,2026-09-03T07:00:06.934937+00:00,111,111,91,19,1,91,91,91,91,91,0,0,0,91,51,49,51,49,40,0,0,en,45,89,declared metadata; canonical identity and stream health not guaranteed
cmokkszs702nbqscclbxe5rfa,21094,tonga-malawi,"Tonga, Malawi",en|tog,"Tonga, Malawi",tog,tog,core,,2026-09-03T07:00:06.934937+00:00,79,79,64,15,0,64,64,64,64,64,0,0,0,64,35,34,35,34,29,0,0,en,33,64,declared metadata; canonical identity and stream health not guaranteed
cmokksvml02m9qsccdpbzcdys,20984,tonga-zambezi,"Tonga, Zambezi",en,"Tonga, Zambezi",toi,toi,core,,2026-09-03T07:00:06.934937+00:00,7,7,2,5,0,2,2,2,2,2,0,0,0,2,1,1,1,1,1,0,0,en,1,2,declared metadata; canonical identity and stream health not guaranteed
cmok1qsf201twqsv1tm2renhc,14509,tongan,Tongan,en|to,Tongan,to,ton,core,,2026-09-03T07:00:06.934937+00:00,121,121,101,19,1,101,101,101,101,101,0,0,0,101,61,58,49,47,40,0,0,to,0,0,declared metadata; canonical identity and stream health not guaranteed
cmok1su1402bbqsv1zailb14f,17432,tonsawang,Tonsawang,en,Tonsawang,tnw,tnw,core,,2026-09-03T07:00:06.934937+00:00,76,76,62,14,0,62,62,62,62,62,0,0,0,62,35,34,35,34,27,0,0,en,33,62,declared metadata; canonical identity and stream health not guaranteed
cmok1st0802b2qsv1yckexbec,17423,tonsea,Tonsea,en,Tonsea,txs,txs,core,,2026-09-03T07:00:06.934937+00:00,76,76,62,14,0,62,62,62,62,62,0,0,0,62,35,34,35,34,27,0,0,en,33,62,declared metadata; canonical identity and stream health not guaranteed
cmok1sud402beqsv13a19pzta,17436,tontemboan,Tontemboan,en,Tontemboan,tnt,tnt,core,,2026-09-03T07:00:06.934937+00:00,76,76,62,14,0,62,62,62,62,62,0,0,0,62,35,34,35,34,27,0,0,en,33,62,declared metadata; canonical identity and stream health not guaranteed
cmokkqfzg020hqscclmzzxlv8,185195,tontemboan-makelai,"Tontemboan, Makelai",en,"Tontemboan, Makelai",tnt,tnt,core,,2026-09-03T07:00:06.934937+00:00,76,76,62,14,0,62,62,62,62,62,0,0,0,62,35,34,35,34,27,0,0,en,33,62,declared metadata; canonical identity and stream health not guaranteed
cmok1m6kh00qqqsv1vcvpvc3h,13805,toposa,Toposa,en,Toposa,toq,toq,core,,2026-09-03T07:00:06.934937+00:00,132,132,116,15,1,116,116,116,116,116,0,0,0,116,67,63,57,54,49,0,0,en,53,116,declared metadata; canonical identity and stream health not guaranteed
cmokkt45k02ogqsccf6kkg4i9,21247,toraja,Toraja,en,Toraja,sda,sda,core,,2026-09-03T07:00:06.934937+00:00,76,76,62,14,0,62,62,62,62,62,0,0,0,62,35,34,35,34,27,0,0,en,33,62,declared metadata; canonical identity and stream health not guaranteed
cmok1jwg1006gqsv1gpns0qnc,10474,torwali,Torwali,en,Torwali,trw,trw,core,,2026-09-03T07:00:06.934937+00:00,76,76,62,14,0,62,62,62,62,62,0,0,0,62,35,34,35,34,27,0,0,en,33,62,declared metadata; canonical identity and stream health not guaranteed
cmok1pcif01hhqsv1gfdy2j2t,142900,totonac-coyutla,"Totonac, Coyutla",en,"Totonac, Coyutla",toc,toc,core,,2026-09-03T07:00:06.934937+00:00,76,76,62,14,0,62,62,62,62,62,0,0,0,62,35,34,35,34,27,0,0,en,33,62,declared metadata; canonical identity and stream health not guaranteed
cmok1pd5t01hnqsv1s1r6czv9,142907,totonac-papantla,"Totonac, Papantla",en,"Totonac, Papantla",top,top,core,,2026-09-03T07:00:06.934937+00:00,76,76,62,14,0,62,62,62,62,62,0,0,0,62,35,34,35,34,27,0,0,en,33,62,declared metadata; canonical identity and stream health not guaranteed
cmokl121v04n0qscco6ahb8xp,8089,totonaca-sierra,"Totonaca, Sierra",en,"Totonaca, Sierra",tos,tos,core,,2026-09-03T07:00:06.934937+00:00,76,76,62,14,0,62,62,62,62,62,0,0,0,62,35,34,35,34,27,0,0,en,33,62,declared metadata; canonical identity and stream health not guaranteed
cmok1jpgn004rqsv1ey61rx07,102103,toura,Toura,en,Toura,neb,neb,core,,2026-09-03T07:00:06.934937+00:00,76,76,62,14,0,62,62,62,62,62,0,0,0,62,35,34,35,34,27,0,0,en,33,62,declared metadata; canonical identity and stream health not guaranteed
cmokkqoyl022lqscclpgs5h5g,185332,traditional-japanese,Traditional Japanese,en,Traditional Japanese,jpn,jpn,core,,2026-09-03T07:00:06.934937+00:00,76,76,62,14,0,62,62,62,62,62,0,0,0,62,35,34,35,34,27,0,0,en,33,62,declared metadata; canonical identity and stream health not guaranteed
cmok1pg5l01ibqsv1d4065oza,143039,trinitario,Trinitario,en,Trinitario,trn,trn,core,,2026-09-03T07:00:06.934937+00:00,79,79,63,16,0,63,63,63,63,63,0,0,0,63,35,34,35,34,28,0,0,en,33,63,declared metadata; canonical identity and stream health not guaranteed
cmokl11qb04mxqsccdvof01s4,8079,trique-san-juan-copala,"Trique, San Juan Copala",en,"Trique, San Juan Copala",trc,trc,core,,2026-09-03T07:00:06.934937+00:00,76,76,62,14,0,62,62,62,62,62,0,0,0,62,35,34,35,34,27,0,0,en,33,62,declared metadata; canonical identity and stream health not guaranteed
cmokks6ue02fzqsccexpbhhw3,20637,trukese,Trukese,en,Trukese,chk,chk,core,,2026-09-03T07:00:06.934937+00:00,76,76,62,14,0,62,62,62,62,62,0,0,0,62,35,34,35,34,27,0,0,en,33,62,declared metadata; canonical identity and stream health not guaranteed
cmok1t38o02diqsv1l6r6lpad,176424,tsamakko,Tsamakko,en,Tsamakko,tsb,tsb,core,,2026-09-03T07:00:06.934937+00:00,76,76,62,14,0,62,62,62,62,62,0,0,0,62,35,34,35,34,27,0,0,en,33,62,declared metadata; canonical identity and stream health not guaranteed
cmokksgnr02igqscc22cicbfu,20790,tshiluba,Tshiluba,en|lua,Tshiluba,lua,lua,core,,2026-09-03T07:00:06.934937+00:00,138,138,121,15,2,121,121,121,121,121,0,0,0,121,71,67,61,58,50,0,0,lua,0,0,declared metadata; canonical identity and stream health not guaranteed
cmokl1yln04v0qscc3bt3hakh,9616,tsikimba,Tsikimba,en,Tsikimba,kdl,kdl,core,,2026-09-03T07:00:06.934937+00:00,76,76,62,14,0,62,62,62,62,62,0,0,0,62,35,34,35,34,27,0,0,en,33,62,declared metadata; canonical identity and stream health not guaranteed
cmok1n7r800zrqsv1zemr0voe,140021,tsimane,Tsimane,en,Tsimane,cas,cas,core,,2026-09-03T07:00:06.934937+00:00,79,79,63,16,0,63,63,63,63,63,0,0,0,63,35,34,35,34,28,0,0,en,33,63,declared metadata; canonical identity and stream health not guaranteed
cmokkpy9i01wcqsccnmdo2if3,184827,tsimanex,Tsimanex,en,Tsimanex,cas,cas,core,,2026-09-03T07:00:06.934937+00:00,76,76,62,14,0,62,62,62,62,62,0,0,0,62,35,34,35,34,27,0,0,en,33,62,declared metadata; canonical identity and stream health not guaranteed
cmokksie302iwqscc6rdn93af,20805,tsimihety,Tsimihety,en,Tsimihety,xmw,xmw,core,,2026-09-03T07:00:06.934937+00:00,79,79,64,15,0,64,64,64,64,64,0,0,0,64,35,34,35,34,29,0,0,en,33,64,declared metadata; canonical identity and stream health not guaranteed
cmokksvyh02mcqsccn6avszl3,20989,tsishingini,Tsishingini,en,Tsishingini,tsw,tsw,core,,2026-09-03T07:00:06.934937+00:00,76,76,62,14,0,62,62,62,62,62,0,0,0,62,35,34,35,34,27,0,0,en,33,62,declared metadata; canonical identity and stream health not guaranteed
cmokkxfky03quqscc86hvze5z,5019,tsogo,Tsogo,en,Tsogo,tsv,tsv,core,,2026-09-03T07:00:06.934937+00:00,132,132,116,15,1,116,116,116,116,116,0,0,0,116,67,63,57,54,49,0,0,en,53,116,declared metadata; canonical identity and stream health not guaranteed
cmokl1l5c04rlqsccztqpl3ws,8494,tsonga,Tsonga,en|ts,Tsonga,ts,tso,core,,2026-09-03T07:00:06.934937+00:00,107,107,88,19,0,88,88,88,88,88,0,0,0,88,48,46,48,46,40,0,0,ts,0,0,declared metadata; canonical identity and stream health not guaranteed
cmokkurp6032rqscc2co7fm9a,24161,tsuvadi,Tsuvadi,en,Tsuvadi,tvd,tvd,core,,2026-09-03T07:00:06.934937+00:00,76,76,62,14,0,62,62,62,62,62,0,0,0,62,35,34,35,34,27,0,0,en,33,62,declared metadata; canonical identity and stream health not guaranteed
cmokkrv7r02cxqscchu8bgzsx,20293,tswa,Tswa,en,Tswa,tsc,tsc,core,,2026-09-03T07:00:06.934937+00:00,76,76,62,14,0,62,62,62,62,62,0,0,0,62,35,34,35,34,27,0,0,en,33,62,declared metadata; canonical identity and stream health not guaranteed
cmok1r1b601w3qsv1jfsj4qcz,1479,tswana,Tswana,en|tn,Tswana,tn,tsn,core,,2026-09-03T07:00:06.934937+00:00,126,126,105,19,2,105,105,105,105,105,0,0,0,105,65,62,53,51,40,0,0,tn,0,0,declared metadata; canonical identity and stream health not guaranteed
cmok1mbu000s2qsv1oinma8cl,139089,tu-huzhu,"Tu, Huzhu",en,"Tu, Huzhu",mjg,mjg,core,,2026-09-03T07:00:06.934937+00:00,76,76,62,14,0,62,62,62,62,62,0,0,0,62,35,34,35,34,27,0,0,en,33,62,declared metadata; canonical identity and stream health not guaranteed
cmok1omy501bgqsv1b0t85vxv,141927,tugen,Tugen,en,Tugen,tuy,tuy,core,,2026-09-03T07:00:06.934937+00:00,76,76,62,14,0,62,62,62,62,62,0,0,0,62,35,34,35,34,27,0,0,en,33,62,declared metadata; canonical identity and stream health not guaranteed
cmokl2rqh051zqsccxck7q0jy,9999,tula,Tula,en,Tula,tul,tul,core,,2026-09-03T07:00:06.934937+00:00,76,76,62,14,0,62,62,62,62,62,0,0,0,62,35,34,35,34,27,0,0,en,33,62,declared metadata; canonical identity and stream health not guaranteed
cmokkz5rs046dqscc8pgrj140,5829,tulu,Tulu,en|tcy,Tulu,tcy,tcy,core,,2026-09-03T07:00:06.934937+00:00,76,76,62,14,0,62,62,62,62,62,0,0,0,62,35,34,35,34,27,0,0,en,33,62,declared metadata; canonical identity and stream health not guaranteed
cmokl0rq404kgqsccld2tqy1t,7786,tumbuka,Tumbuka,en|tum,Tumbuka,tum,tum,core,,2026-09-03T07:00:06.934937+00:00,79,79,64,15,0,64,64,64,64,64,0,0,0,64,35,34,35,34,29,0,0,en,33,64,declared metadata; canonical identity and stream health not guaranteed
cmok1plga01jkqsv1amnnn037,143322,tunia,Tunia,en,Tunia,tug,tug,core,,2026-09-03T07:00:06.934937+00:00,76,76,62,14,0,62,62,62,62,62,0,0,0,62,35,34,35,34,27,0,0,en,33,62,declared metadata; canonical identity and stream health not guaranteed
cmokkrttc02clqscce5akup8x,20270,tunjung,Tunjung,en,Tunjung,tjg,tjg,core,,2026-09-03T07:00:06.934937+00:00,76,76,62,14,0,62,62,62,62,62,0,0,0,62,35,34,35,34,27,0,0,en,33,62,declared metadata; canonical identity and stream health not guaranteed
cmokktmd302sxqscc89x7tanr,2281,tupuri,Tupuri,en,Tupuri,tui,tui,core,,2026-09-03T07:00:06.934937+00:00,76,76,62,14,0,62,62,62,62,62,0,0,0,62,35,34,35,34,27,0,0,en,33,62,declared metadata; canonical identity and stream health not guaranteed
cmok1on9q01bjqsv1so26sfnr,141928,turka,Turka,en,Turka,tuz,tuz,core,,2026-09-03T07:00:06.934937+00:00,76,76,62,14,0,62,62,62,62,62,0,0,0,62,35,34,35,34,27,0,0,en,33,62,declared metadata; canonical identity and stream health not guaranteed
cmokl0ew004h7qscc7rqeq0eq,7285,turkana,Turkana,en,Turkana,tuv,tuv,core,,2026-09-03T07:00:06.934937+00:00,82,82,67,14,1,67,67,67,67,67,0,0,0,67,39,38,39,38,28,0,0,en,37,67,declared metadata; canonical identity and stream health not guaranteed
cmokkr1z8025qqscch61hraef,1942,turkish,Turkish,en|tr,Turkish,tr,tur,core,,2026-09-03T07:00:06.934937+00:00,436,436,387,33,16,387,387,387,387,387,0,0,0,387,175,166,150,143,212,0,0,tr,139,383,declared metadata; canonical identity and stream health not guaranteed
cmokkwfrd03htqsccd1arwxgu,420,turkmen,Turkmen,en|tk,Turkmen,tk,tuk,core,,2026-09-03T07:00:06.934937+00:00,202,202,178,21,3,178,178,178,178,178,0,0,0,178,102,96,80,76,76,0,0,tk,0,0,declared metadata; canonical identity and stream health not guaranteed
cmokkw4vb03f0qscczqh4wnah,3892,tuvin,Tuvin,en|tyv,Tuvin,tyv,tyv,core,,2026-09-03T07:00:06.934937+00:00,151,151,132,17,2,132,132,132,132,132,0,0,0,132,80,75,58,55,52,0,0,tyv,0,0,declared metadata; canonical identity and stream health not guaranteed
cmok1pl4i01jhqsv1zufwnrzk,143321,tuyuca,Tuyuca,en,Tuyuca,tue,tue,core,,2026-09-03T07:00:06.934937+00:00,79,79,63,16,0,63,63,63,63,63,0,0,0,63,35,34,35,34,28,0,0,en,33,63,declared metadata; canonical identity and stream health not guaranteed
cmokkrygh02dqqscc1pv2w7i3,20525,twi,,,Twi,tw,aka,core,2026-09-03T07:00:07.138+00:00,2026-08-03T10:57:39.506138+00:00,142,142,124,16,2,124,0,0,0,0,0,0,0,0,0,0,0,0,0,0,0,,,,declared metadata; canonical identity and stream health not guaranteed
cmokl2hmq04zkqsccebatr9f4,98853,tyap,Tyap,en,Tyap,kcg,kcg,core,,2026-09-03T07:00:06.934937+00:00,76,76,62,14,0,62,62,62,62,62,0,0,0,62,35,34,35,34,27,0,0,en,33,62,declared metadata; canonical identity and stream health not guaranteed
cmokl111504mrqsccs9hhdf29,8072,tzeltal-bachajon,"Tzeltal, Bachajon",en,"Tzeltal, Bachajon",tzh-x-Bachajon,tzh,core,,2026-09-03T07:00:06.934937+00:00,76,76,62,14,0,62,62,62,62,62,0,0,0,62,35,34,35,34,27,0,0,en,33,62,declared metadata; canonical identity and stream health not guaranteed
cmokkuhib0308qsccy2rl6hqq,23936,tzeltal-oxchuc,"Tzeltal, Oxchuc",en,"Tzeltal, Oxchuc",tzh,tzh,core,,2026-09-03T07:00:06.934937+00:00,76,76,62,14,0,62,62,62,62,62,0,0,0,62,35,34,35,34,27,0,0,en,33,62,declared metadata; canonical identity and stream health not guaranteed
cmokktvg502v5qsccm79iiu25,23135,tzeltal-tenango,"Tzeltal, Tenango",en,"Tzeltal, Tenango",tzh-x-Tenango,tzh,core,,2026-09-03T07:00:06.934937+00:00,76,76,62,14,0,62,62,62,62,62,0,0,0,62,35,34,35,34,27,0,0,en,33,62,declared metadata; canonical identity and stream health not guaranteed
cmokkpu1d01vcqsccbxw7t8ug,184662,tzeltal-tenejapa,"Tzeltal, Tenejapa",en,"Tzeltal, Tenejapa",tzh,tzh,core,,2026-09-03T07:00:06.934937+00:00,148,148,130,16,2,130,130,130,130,130,0,0,0,130,80,75,58,55,50,0,0,en,54,130,declared metadata; canonical identity and stream health not guaranteed
cmokl10pf04moqsccwi6f951j,8069,tzotzil-chamula,"Tzotzil, Chamula",en,"Tzotzil, Chamula",tzo,tzo,core,,2026-09-03T07:00:06.934937+00:00,76,76,62,14,0,62,62,62,62,62,0,0,0,62,35,34,35,34,27,0,0,en,33,62,declared metadata; canonical identity and stream health not guaranteed
cmokkym8t041iqscchzhh6tv4,5433,tzutujil-eastern,"Tzutujil, Eastern",en,"Tzutujil, Eastern",tzj,tzj,core,,2026-09-03T07:00:06.934937+00:00,76,76,62,14,0,62,62,62,62,62,0,0,0,62,35,34,35,34,27,0,0,en,33,62,declared metadata; canonical identity and stream health not guaranteed
cmok1r6w501xiqsv1lkgth95e,150571,tzutujil-western,"Tzutujil, Western",en,"Tzutujil, Western",tzj,tzj,core,,2026-09-03T07:00:06.934937+00:00,76,76,62,14,0,62,62,62,62,62,0,0,0,62,35,34,35,34,27,0,0,en,33,62,declared metadata; canonical identity and stream health not guaranteed
cmok1oe8h019dqsv1no4w8jfd,141610,uare,Uare,en,Uare,ksj,ksj,core,,2026-09-03T07:00:06.934937+00:00,76,76,62,14,0,62,62,62,62,62,0,0,0,62,35,34,35,34,27,0,0,en,33,62,declared metadata; canonical identity and stream health not guaranteed
cmokkqsis023gqsccb3arnh3u,18606,udmurt,Udmurt,en|udm,Udmurt,udm,udm,core,,2026-09-03T07:00:06.934937+00:00,161,161,142,16,3,142,142,142,142,142,0,0,0,142,80,75,58,55,62,0,0,udm,0,0,declared metadata; canonical identity and stream health not guaranteed
cmok1oqs001cdqsv1x1m2wngs,142121,uduk,Uduk,en,Uduk,udu,udu,core,,2026-09-03T07:00:06.934937+00:00,76,76,62,14,0,62,62,62,62,62,0,0,0,62,35,34,35,34,27,0,0,en,33,62,declared metadata; canonical identity and stream health not guaranteed
cmok1o1wl016wqsv18i7phj5c,141292,ukaan,Ikaan,en,Ikaan,kcf,kcf,core,,2026-09-03T07:00:06.934937+00:00,75,75,62,13,0,62,62,62,62,62,0,0,0,62,35,34,35,34,27,0,0,en,33,62,declared metadata; canonical identity and stream health not guaranteed
cmok1ll0z00l9qsv11j0o9h4g,12876,ukrainian,Ukrainian,en|uk,Ukrainian,uk,ukr,core,,2026-09-03T07:00:06.934937+00:00,316,316,280,31,5,280,280,280,280,280,0,0,0,280,137,128,115,108,143,0,0,uk,0,0,declared metadata; canonical identity and stream health not guaranteed
cmok1r0xh01w0qsv16t60usqn,14783,ukrainian-sign-language,Ukrainian Sign Language,en,Ukrainian Sign Language,ukl,ukl,core,,2026-09-03T07:00:06.934937+00:00,8,8,1,7,0,1,1,1,1,1,0,0,0,1,1,1,1,1,0,0,0,en,1,1,declared metadata; canonical identity and stream health not guaranteed
cmok1osi401csqsv1uuodnlq6,142179,ukue,Ukue,en,Ukue,uku,uku,core,,2026-09-03T07:00:06.934937+00:00,75,75,62,13,0,62,62,62,62,62,0,0,0,62,35,34,35,34,27,0,0,en,33,62,declared metadata; canonical identity and stream health not guaranteed
cmokkqqgx022xqscccw093yeg,185339,umajamnon-manobo,Umajamnon Manobo,en,Umajamnon Manobo,msm,msm,core,,2026-09-03T07:00:06.934937+00:00,75,75,62,13,0,61,61,61,61,61,0,0,0,61,34,33,34,33,27,0,0,en,33,61,declared metadata; canonical identity and stream health not guaranteed
cmokkyxpo044fqscchvmzludb,564,umbundu,Umbundu,en,Umbundu,umb,umb,core,,2026-09-03T07:00:06.934937+00:00,105,105,86,19,0,86,86,86,86,86,0,0,0,86,48,46,48,46,38,0,0,en,42,84,declared metadata; canonical identity and stream health not guaranteed
cmok1otiz01d1qsv1q53nte1c,142202,uneme-north,"Uneme, North",en,"Uneme, North",une,une,core,,2026-09-03T07:00:06.934937+00:00,76,76,62,14,0,62,62,62,62,62,0,0,0,62,35,34,35,34,27,0,0,en,33,62,declared metadata; canonical identity and stream health not guaranteed
cmokkqmvk0224qsccpldw1r23,185254,uneme-south,"Uneme, South",en,"Uneme, South",une,une,core,,2026-09-03T07:00:06.934937+00:00,76,76,62,14,0,62,62,62,62,62,0,0,0,62,35,34,35,34,27,0,0,en,33,62,declared metadata; canonical identity and stream health not guaranteed
cmok1k9l0009oqsv12hmvaa0m,11105,urat,Urat,en,Urat,urt,urt,core,,2026-09-03T07:00:06.934937+00:00,79,79,63,16,0,63,63,63,63,63,0,0,0,63,35,34,35,34,28,0,0,en,33,63,declared metadata; canonical identity and stream health not guaranteed
cmokkwbtn03gtqscc442yd1f7,407,urdu,Urdu,en|ur,Urdu,ur,urd,core,,2026-09-03T07:00:06.934937+00:00,425,425,388,30,7,388,388,388,388,388,0,0,0,388,153,144,128,121,235,0,0,ur,117,384,declared metadata; canonical identity and stream health not guaranteed
cmokkthzn02rvqscc4cbe903s,22563,urdu-indian,Urdu (Indian),en,Urdu (Indian),urd,urd,core,,2026-09-03T07:00:06.934937+00:00,3,3,1,2,0,1,1,1,1,1,0,0,0,1,1,1,1,1,0,0,0,en,1,1,declared metadata; canonical identity and stream health not guaranteed
cmokl2plr051hqsccd07108u6,9976,urhobo,Urhobo,en,Urhobo,urh,urh,core,,2026-09-03T07:00:06.934937+00:00,76,76,62,14,0,62,62,62,62,62,0,0,0,62,35,34,35,34,27,0,0,en,33,62,declared metadata; canonical identity and stream health not guaranteed
cmok1k9wy009rqsv1rim9puee,11108,urim,Urim,en,Urim,uri,uri,core,,2026-09-03T07:00:06.934937+00:00,76,76,62,14,0,62,62,62,62,62,0,0,0,62,35,34,35,34,27,0,0,en,33,62,declared metadata; canonical identity and stream health not guaranteed
cmok1ouyr01ddqsv1th4s7usl,142266,uripiv-wala-rano-atchin,Uripiv-Wala-Rano-Atchin,en,Uripiv-Wala-Rano-Atchin,upv,upv,core,,2026-09-03T07:00:06.934937+00:00,79,79,63,16,0,63,63,63,63,63,0,0,0,63,35,34,35,34,28,0,0,en,33,63,declared metadata; canonical identity and stream health not guaranteed
cmok1sdh8027hqsv1begsy4we,1669,urubu-kaapor,Urubu-Kaapor,en,Urubu-Kaapor,urb,urb,core,,2026-09-03T07:00:06.934937+00:00,76,76,62,14,0,62,62,62,62,62,0,0,0,62,35,34,35,34,27,0,0,en,33,62,declared metadata; canonical identity and stream health not guaranteed
cmok1ovc201dgqsv1im6teai6,142286,usarufa,Usarufa,en,Usarufa,usa,usa,core,,2026-09-03T07:00:06.934937+00:00,79,79,63,16,0,63,63,63,63,63,0,0,0,63,35,34,35,34,28,0,0,en,33,63,declared metadata; canonical identity and stream health not guaranteed
cmok1l1ws00gpqsv19no04mz4,125402,ushoi,Ushoi,en,Ushoi,usi,usi,core,,2026-09-03T07:00:06.934937+00:00,76,76,62,14,0,62,62,62,62,62,0,0,0,62,35,34,35,34,27,0,0,en,33,62,declared metadata; canonical identity and stream health not guaranteed
cmokkylu6041fqscc0pap1fye,5431,uspanteco,Uspanteco,en,Uspanteco,usp,usp,core,,2026-09-03T07:00:06.934937+00:00,76,76,62,14,0,62,62,62,62,62,0,0,0,62,35,34,35,34,27,0,0,usp,0,0,declared metadata; canonical identity and stream health not guaranteed
cmok1rzfl0247qsv1nd6j3vot,160430,ut-hun,Ut-Hun,en,Ut-Hun,uth,uth,core,,2026-09-03T07:00:06.934937+00:00,76,76,62,14,0,62,62,62,62,62,0,0,0,62,35,34,35,34,27,0,0,en,33,62,declared metadata; canonical identity and stream health not guaranteed
cmokkoxgc01njqscc7ui8vkrd,179212,utukwang,Utukwang,afe|en,Utukwang,afe,afe,core,,2026-09-03T07:00:06.934937+00:00,79,79,64,15,0,64,64,64,64,64,0,0,0,64,35,34,35,34,29,0,0,en,33,64,declared metadata; canonical identity and stream health not guaranteed
cmok1smcc029kqsv1ei0bgp7n,171233,uud-danum,Uud Danum,en,Uud Danum,otd,otd,core,,2026-09-03T07:00:06.934937+00:00,76,76,62,14,0,62,62,62,62,62,0,0,0,62,35,34,35,34,27,0,0,en,33,62,declared metadata; canonical identity and stream health not guaranteed
cmokkwcmu03h1qsccha71duaw,410,uyghur,Uyghur,en|ug,Uyghur,ug,uig,core,,2026-09-03T07:00:06.934937+00:00,91,91,73,18,0,73,73,73,73,73,0,0,0,73,43,42,43,42,30,0,0,ug,0,0,declared metadata; canonical identity and stream health not guaranteed
cmokkqio10214qscca3newd5d,185211,uyghur-central-asia,"Uyghur, Central Asia",en,"Uyghur, Central Asia",uig,uig,core,,2026-09-03T07:00:06.934937+00:00,9,9,1,8,0,1,1,1,1,1,0,0,0,1,1,1,1,1,0,0,0,en,1,1,declared metadata; canonical identity and stream health not guaranteed
cmokkw3xa03eqqscc1c1p5p87,3888,uzbek-northern,"Uzbek, Northern",en|uzn,"Uzbek, Northern",uzn,uzn,core,,2026-09-03T07:00:06.934937+00:00,209,209,182,24,3,182,182,182,182,182,0,0,0,182,105,99,83,79,77,0,0,en,75,178,declared metadata; canonical identity and stream health not guaranteed
cmokkwbcf03goqscclspdcp5v,406,uzbek-southern,"Uzbek, Southern",en|uzs,"Uzbek, Southern",uzs,uzs,core,,2026-09-03T07:00:06.934937+00:00,78,78,62,16,0,62,62,62,62,62,0,0,0,62,35,34,35,34,27,0,0,en,33,62,declared metadata; canonical identity and stream health not guaranteed
cmokkxvcu03uqqsccfab71jey,5279,vagla,Vagla,en,Vagla,vag,vag,core,,2026-09-03T07:00:06.934937+00:00,76,76,62,14,0,62,62,62,62,62,0,0,0,62,35,34,35,34,27,0,0,en,33,62,declared metadata; canonical identity and stream health not guaranteed
cmokl0m2304j1qscc2xhtsidt,7564,vai,Vai,en,Vai,vai,vai,core,,2026-09-03T07:00:06.934937+00:00,82,82,67,14,1,67,67,67,67,67,0,0,0,67,39,38,39,38,28,0,0,en,37,67,declared metadata; canonical identity and stream health not guaranteed
cmok1ozts01egqsv1gyfdm0uc,142378,vaiphei,Vaiphei,en,Vaiphei,vap,vap,core,,2026-09-03T07:00:06.934937+00:00,76,76,62,14,0,62,62,62,62,62,0,0,0,62,35,34,35,34,27,0,0,en,33,62,declared metadata; canonical identity and stream health not guaranteed
cmok1rghk01zrqsv1cw67djj7,153840,vajjika,Vajjika,en,Vajjika,mai,mai,core,,2026-09-03T07:00:06.934937+00:00,76,76,62,14,0,62,62,62,62,62,0,0,0,62,35,34,35,34,27,0,0,mai,0,0,declared metadata; canonical identity and stream health not guaranteed
cmok1ozhu01edqsv1y8guyk71,142372,vale,Vale,en,Vale,vae,vae,core,,2026-09-03T07:00:06.934937+00:00,76,76,62,14,0,62,62,62,62,62,0,0,0,62,35,34,35,34,27,0,0,en,33,62,declared metadata; canonical identity and stream health not guaranteed
cmok1p06w01ejqsv1cym4ulo7,142380,vanuma,Vanuma,en,Vanuma,vau,vau,core,,2026-09-03T07:00:06.934937+00:00,76,76,62,14,0,62,62,62,62,62,0,0,0,62,35,34,35,34,27,0,0,en,33,62,declared metadata; canonical identity and stream health not guaranteed
cmok1jagr0016qsv1frp1gkhy,100506,varhadi-nagpuri,Varhadi-Nagpuri,en,Varhadi-Nagpuri,vah,vah,core,,2026-09-03T07:00:06.934937+00:00,76,76,62,14,0,62,62,62,62,62,0,0,0,62,35,34,35,34,27,0,0,en,33,62,declared metadata; canonical identity and stream health not guaranteed
cmokkz4d80461qscclap7yzss,5771,varli,Varli,en,Varli,vav,vav,core,,2026-09-03T07:00:06.934937+00:00,76,76,62,14,0,62,62,62,62,62,0,0,0,62,35,34,35,34,27,0,0,en,33,62,declared metadata; canonical identity and stream health not guaranteed
cmokkz4ot0464qscct57g04qn,5772,vasavi,Vasavi,en,Vasavi,vas,vas,core,,2026-09-03T07:00:06.934937+00:00,79,79,64,15,0,64,64,64,64,64,0,0,0,64,35,34,35,34,29,0,0,en,33,64,declared metadata; canonical identity and stream health not guaranteed
cmokkp1f101ogqscc9w6s4flc,181949,vasavi-kolche,Vasavi (Kolche),en,Vasavi (Kolche),vas,vas,core,,2026-09-03T07:00:06.934937+00:00,76,76,62,14,0,62,62,62,62,62,0,0,0,62,35,34,35,34,27,0,0,en,33,62,declared metadata; canonical identity and stream health not guaranteed
cmok1kb9x00a4qsv18n2npw8r,11150,vasui,Vasui,en,Vasui,tpz,tpz,core,,2026-09-03T07:00:06.934937+00:00,76,76,62,14,0,62,62,62,62,62,0,0,0,62,35,34,35,34,27,0,0,en,33,62,declared metadata; canonical identity and stream health not guaranteed
cmok1lykc00oqqsv1yyrcl1ie,13414,venda,Venda,en|ve,Venda,ve,ven,core,,2026-09-03T07:00:06.934937+00:00,92,92,76,15,1,76,76,76,76,76,0,0,0,76,48,46,36,35,28,0,0,ve,0,0,declared metadata; canonical identity and stream health not guaranteed
cmok1l40a00h6qsv1mxdedqc6,125753,verre,Verre,en,Verre,ver,ver,core,,2026-09-03T07:00:06.934937+00:00,76,76,62,14,0,62,62,62,62,62,0,0,0,62,35,34,35,34,27,0,0,en,33,62,declared metadata; canonical identity and stream health not guaranteed
cmok1p0iv01emqsv1o4x94dgc,142394,vidunda,Vidunda,en,Vidunda,vid,vid,core,,2026-09-03T07:00:06.934937+00:00,76,76,62,14,0,62,62,62,62,62,0,0,0,62,35,34,35,34,27,0,0,en,33,62,declared metadata; canonical identity and stream health not guaranteed
cmokkw3c203elqscceyola7y0,3887,vietnamese,Vietnamese,en|vi,Vietnamese,vi,vie,core,,2026-09-03T07:00:06.934937+00:00,436,436,387,34,15,387,387,387,387,387,0,0,0,387,179,169,154,146,208,0,0,vi,142,381,declared metadata; canonical identity and stream health not guaranteed
cmokkthic02rqqscc9etvfbpi,22500,vietnamese-northern,"Vietnamese, Northern",en|vi-x-Northern,"Vietnamese, Northern",vi-x-Northern,vie,core,,2026-09-03T07:00:06.934937+00:00,156,156,134,20,2,134,134,134,134,134,0,0,0,134,82,77,60,57,52,0,0,vi,56,134,declared metadata; canonical identity and stream health not guaranteed
cmokkwj1303imqsccordwdp2s,4295,vili,Vili,en,Vili,vif,vif,core,,2026-09-03T07:00:06.934937+00:00,76,76,62,14,0,62,62,62,62,62,0,0,0,62,35,34,35,34,27,0,0,en,33,62,declared metadata; canonical identity and stream health not guaranteed
e4747f90-c43e-410a-83bb-4a8b60e62a6e,185345,visualvernacular,Visual Vernacular,en,Visual Vernacular,ase,ase,core,,2026-09-03T07:00:06.934937+00:00,5,5,5,0,0,5,5,5,5,5,0,0,0,5,3,3,3,3,2,0,0,en,3,5,declared metadata; canonical identity and stream health not guaranteed
cmok1k7hs0093qsv1rp4tstrc,11052,vitu,Vitu,en,Vitu,wiv,wiv,core,,2026-09-03T07:00:06.934937+00:00,76,76,62,14,0,62,62,62,62,62,0,0,0,62,35,34,35,34,27,0,0,en,33,62,declared metadata; canonical identity and stream health not guaranteed
cmokkuq6e032fqsccvwi4duvz,24141,vunjo-chagga,Vunjo-Chagga,en,Vunjo-Chagga,vun,vun,core,,2026-09-03T07:00:06.934937+00:00,76,76,62,14,0,62,62,62,62,62,0,0,0,62,35,34,35,34,27,0,0,en,33,62,declared metadata; canonical identity and stream health not guaranteed
cmokkrvjz02d0qsccky546ip9,20318,vwanji,Vwanji,en,Vwanji,wbi,wbi,core,,2026-09-03T07:00:06.934937+00:00,76,76,62,14,0,62,62,62,62,62,0,0,0,62,35,34,35,34,27,0,0,en,33,62,declared metadata; canonical identity and stream health not guaranteed
cmok1qs0z01ttqsv1k0541734,144886,wa-vo,"Wa, Vo",en,"Wa, Vo",wbm,wbm,core,,2026-09-03T07:00:06.934937+00:00,76,76,62,14,0,62,62,62,62,62,0,0,0,62,35,34,35,34,27,0,0,en,33,62,declared metadata; canonical identity and stream health not guaranteed
cmok1lrgu00mwqsv1wtdu9r75,1313,waama,Waama,en,Waama,wwa,wwa,core,,2026-09-03T07:00:06.934937+00:00,76,76,62,14,0,62,62,62,62,62,0,0,0,62,35,34,35,34,27,0,0,en,33,62,declared metadata; canonical identity and stream health not guaranteed
cmok1pim701iwqsv138qyru0d,143207,waata,Waata,en,Waata,ssn,ssn,core,,2026-09-03T07:00:06.934937+00:00,76,76,62,14,0,62,62,62,62,62,0,0,0,62,35,34,35,34,27,0,0,en,33,62,declared metadata; canonical identity and stream health not guaranteed
cmokkz41k045yqscc0jz26v0w,5767,waddar,Waddar,en,Waddar,wbq,wbq,core,,2026-09-03T07:00:06.934937+00:00,76,76,62,14,0,62,62,62,62,62,0,0,0,62,35,34,35,34,27,0,0,en,33,62,declared metadata; canonical identity and stream health not guaranteed
cmokkz3ob045vqsccvddl7d9v,5766,wagdi,Wagdi,en,Wagdi,wbr,wbr,core,,2026-09-03T07:00:06.934937+00:00,76,76,62,14,0,62,62,62,62,62,0,0,0,62,35,34,35,34,27,0,0,en,33,62,declared metadata; canonical identity and stream health not guaranteed
cmok1ow1m01dmqsv1pf7ilc9o,142303,waghiri,Waghiri,en,Waghiri,vaa,vaa,core,,2026-09-03T07:00:06.934937+00:00,76,76,62,14,0,62,62,62,62,62,0,0,0,62,35,34,35,34,27,0,0,en,33,62,declared metadata; canonical identity and stream health not guaranteed
cmokl2owc051bqsccqrqvrorz,9959,waja,Waja,en,Waja,wja,wja,core,,2026-09-03T07:00:06.934937+00:00,76,76,62,14,0,62,62,62,62,62,0,0,0,62,35,34,35,34,27,0,0,en,33,62,declared metadata; canonical identity and stream health not guaranteed
cmok1rrqo022cqsv1r0yfnrwo,157752,wakatobi,Wakatobi,en,Wakatobi,bhq,bhq,core,,2026-09-03T07:00:06.934937+00:00,76,76,62,14,0,62,62,62,62,62,0,0,0,62,35,34,35,34,27,0,0,en,33,62,declared metadata; canonical identity and stream health not guaranteed
cmok1oj4901ajqsv1lj2q4tn3,141771,wala,Wala,en,Wala,lgl,lgl,core,,2026-09-03T07:00:06.934937+00:00,79,79,63,16,0,63,63,63,63,63,0,0,0,63,35,34,35,34,28,0,0,en,33,63,declared metadata; canonical identity and stream health not guaranteed
cmokkxv0703unqscc1j4y2gsr,5276,wali,Wali,en,Wali,wlx,wlx,core,,2026-09-03T07:00:06.934937+00:00,76,76,62,14,0,62,62,62,62,62,0,0,0,62,35,34,35,34,27,0,0,en,33,62,declared metadata; canonical identity and stream health not guaranteed
cmok1pe8o01hwqsv1pmx06fyk,142964,wambon,Wambon,en,Wambon,wms,wms,core,,2026-09-03T07:00:06.934937+00:00,76,76,62,14,0,62,62,62,62,62,0,0,0,62,35,34,35,34,27,0,0,en,33,62,declared metadata; canonical identity and stream health not guaranteed
cmok1n8sq0100qsv11fzhd8qe,140083,wamey,Wamey,en,Wamey,cou,cou,core,,2026-09-03T07:00:06.934937+00:00,79,79,64,15,0,64,64,64,64,64,0,0,0,64,35,34,35,34,29,0,0,en,33,64,declared metadata; canonical identity and stream health not guaranteed
cmokkp7n201pyqscc6hs8oo91,184483,wampis,Wampis,en,Wampis,hub,hub,core,,2026-09-03T07:00:06.934937+00:00,79,79,63,16,0,63,63,63,63,63,0,0,0,63,35,34,35,34,28,0,0,en,33,63,declared metadata; canonical identity and stream health not guaranteed
cmokkqomq022iqsccjujd10ga,185330,wana-taa,Wana Taa,en,Wana Taa,pmf,pmf,core,,2026-09-03T07:00:06.934937+00:00,75,75,62,13,0,62,62,62,62,62,0,0,0,62,35,34,35,34,27,0,0,en,33,62,declared metadata; canonical identity and stream health not guaranteed
cmok1jw4d006dqsv1gf1ai7sz,10461,waneci,Waneci,en,Waneci,wne,wne,core,,2026-09-03T07:00:06.934937+00:00,76,76,62,14,0,62,62,62,62,62,0,0,0,62,35,34,35,34,27,0,0,en,33,62,declared metadata; canonical identity and stream health not guaranteed
cmokkshh202ioqscc3oqxbbzb,20794,wanga-luhya,"Wanga, Luhya",en,"Wanga, Luhya",lwg,lwg,core,,2026-09-03T07:00:06.934937+00:00,76,76,62,14,0,62,62,62,62,62,0,0,0,62,35,34,35,34,27,0,0,en,33,62,declared metadata; canonical identity and stream health not guaranteed
cmok1mo8p00v4qsv196cqvkkx,139202,waorani,Waorani,auc|en,Waorani,auc,auc,core,,2026-09-03T07:00:06.934937+00:00,76,76,62,14,0,62,62,62,62,62,0,0,0,62,35,34,35,34,27,0,0,en,33,62,declared metadata; canonical identity and stream health not guaranteed
cmokkys8d042zqscc78u2cjbe,5500,warao,Warao,en,Warao,wba,wba,core,,2026-09-03T07:00:06.934937+00:00,79,79,63,16,0,63,63,63,63,63,0,0,0,63,35,34,35,34,28,0,0,en,33,63,declared metadata; canonical identity and stream health not guaranteed
cmok1l07d00g9qsv13vbem6ye,12533,waray-waray,Waray-Waray,en|war,Waray-Waray,war,war,core,,2026-09-03T07:00:06.934937+00:00,76,76,62,14,0,62,62,62,62,62,0,0,0,62,35,34,35,34,27,0,0,war,0,0,declared metadata; canonical identity and stream health not guaranteed
cmokl2nho050zqsccgwbvra3j,9955,warji,Warji,en,Warji,wji,wji,core,,2026-09-03T07:00:06.934937+00:00,76,76,62,14,0,62,62,62,62,62,0,0,0,62,35,34,35,34,27,0,0,en,33,62,declared metadata; canonical identity and stream health not guaranteed
cmok1pgt301ihqsv1y56b0847,143147,waropen,Waropen,en,Waropen,wrp,wrp,core,,2026-09-03T07:00:06.934937+00:00,76,76,62,14,0,62,62,62,62,62,0,0,0,62,35,34,35,34,27,0,0,en,33,62,declared metadata; canonical identity and stream health not guaranteed
cmokkrw8p02d6qscczv2phz4k,20332,wasa,Wassa,en,Wassa,wss,wss,core,,2026-09-03T07:00:06.934937+00:00,75,75,62,13,0,62,62,62,62,62,0,0,0,62,35,34,35,34,27,0,0,en,33,62,declared metadata; canonical identity and stream health not guaranteed
cmok1ph6r01ikqsv1zjzw1iw3,143157,waskia,Waskia,en,Waskia,wsk,wsk,core,,2026-09-03T07:00:06.934937+00:00,79,79,63,16,0,63,63,63,63,63,0,0,0,63,35,34,35,34,28,0,0,en,33,63,declared metadata; canonical identity and stream health not guaranteed
cmok1k75s0090qsv1m3bebzth,11033,watakataui,Watakataui,en,Watakataui,wtk,wtk,core,,2026-09-03T07:00:06.934937+00:00,76,76,62,14,0,62,62,62,62,62,0,0,0,62,35,34,35,34,27,0,0,en,33,62,declared metadata; canonical identity and stream health not guaranteed
cmokkwfcu03hqqsccbkn2wy6z,4187,waumeo,Waumeo,en,Waumeo,noa,noa,core,,2026-09-03T07:00:06.934937+00:00,76,76,62,14,0,62,62,62,62,62,0,0,0,62,35,34,35,34,27,0,0,en,33,62,declared metadata; canonical identity and stream health not guaranteed
cmok1jcat001lqsv1qxhcdq2u,100773,waura,Waura,en,Waura,wau,wau,core,,2026-09-03T07:00:06.934937+00:00,76,76,62,14,0,62,62,62,62,62,0,0,0,62,35,34,35,34,27,0,0,en,33,62,declared metadata; canonical identity and stream health not guaranteed
cmokkoy5601npqscc4rdotoay,1795,wayampi-amapari,"Wayampi, Amapari",en,"Wayampi, Amapari",oym-x-Amapari,oym,core,,2026-09-03T07:00:06.934937+00:00,76,76,62,14,0,62,62,62,62,62,0,0,0,62,35,34,35,34,27,0,0,en,33,62,declared metadata; canonical identity and stream health not guaranteed
cmokkoygx01nsqsccjjhld8t9,1796,wayampi-oiapoque,"Wayampi, Oiapoque",en,"Wayampi, Oiapoque",oym-x-Oiapoque,oym,core,,2026-09-03T07:00:06.934937+00:00,8,8,1,7,0,1,1,1,1,1,0,0,0,1,1,1,1,1,0,0,0,en,1,1,declared metadata; canonical identity and stream health not guaranteed
cmokkwgz403i4qsccfppwko1w,4232,wayuu,Wayuu,en,Wayuu,guc,guc,core,,2026-09-03T07:00:06.934937+00:00,92,92,76,15,1,76,76,76,76,76,0,0,0,76,48,46,36,35,28,0,0,en,34,76,declared metadata; canonical identity and stream health not guaranteed
cmok1pgh901ieqsv1cbnns19s,143058,we-northern,We Northern,en,We Northern,wob,wob,core,,2026-09-03T07:00:06.934937+00:00,75,75,62,13,0,62,62,62,62,62,0,0,0,62,35,34,35,34,27,0,0,en,33,62,declared metadata; canonical identity and stream health not guaranteed
cmok1r1th01w8qsv1myxgoovf,14815,welsh,Welsh,cy|en,Welsh,cy,cym,core,,2026-09-03T07:00:06.934937+00:00,76,76,62,14,0,62,62,62,62,62,0,0,0,62,35,34,35,34,27,0,0,cy,0,0,declared metadata; canonical identity and stream health not guaranteed
cmok1pb4b01h5qsv1zctmaigv,142830,weri-2,Weri,en,Weri,wer,wer,core,,2026-09-03T07:00:06.934937+00:00,76,76,62,14,0,62,62,62,62,62,0,0,0,62,35,34,35,34,27,0,0,en,33,62,declared metadata; canonical identity and stream health not guaranteed
cmokkxcny03q3qsccug2n6udv,49145,western-carib,Western Carib,en,Western Carib,car,car,core,,2026-09-03T07:00:06.934937+00:00,76,76,62,14,0,62,62,62,62,62,0,0,0,62,35,34,35,34,27,0,0,en,33,62,declared metadata; canonical identity and stream health not guaranteed
cmokkox4801ngqscch7b78t65,179190,western-garame,Western Garame,acz|en,Western Garame,acz,acz,core,,2026-09-03T07:00:06.934937+00:00,76,76,62,14,0,62,62,62,62,62,0,0,0,62,35,34,35,34,27,0,0,en,33,62,declared metadata; canonical identity and stream health not guaranteed
cmok1rdqk01z3qsv13hior8lp,153360,western-lipo,Western Lipo,en,Western Lipo,lpo,lpo,core,,2026-09-03T07:00:06.934937+00:00,79,79,63,16,0,63,63,63,63,63,0,0,0,63,35,34,35,34,28,0,0,en,33,63,declared metadata; canonical identity and stream health not guaranteed
cmok1rerk01zcqsv1wn70333x,153551,western-poqomchi,Western Poqomchi,en,Western Poqomchi,poh,poh,core,,2026-09-03T07:00:06.934937+00:00,81,81,63,18,0,63,63,63,63,63,0,0,0,63,36,35,36,35,27,0,0,en,34,63,declared metadata; canonical identity and stream health not guaranteed
cmokkswbr02mfqscccwmh63hn,21002,wewewa,Wewewa,en,Wewewa,wew,wew,core,,2026-09-03T07:00:06.934937+00:00,76,76,62,14,0,62,62,62,62,62,0,0,0,62,35,34,35,34,27,0,0,en,33,62,declared metadata; canonical identity and stream health not guaranteed
cmok1ql4b01s5qsv118l9zdob,144584,wichi-lhamtes-guisnay,Wichi Lhamtes Guisnay,en,Wichi Lhamtes Guisnay,mzh,mzh,core,,2026-09-03T07:00:06.934937+00:00,76,76,62,14,0,62,62,62,62,62,0,0,0,62,35,34,35,34,27,0,0,en,33,62,declared metadata; canonical identity and stream health not guaranteed
cmok1oek5019gqsv1s1zuh8w4,141618,winye,Winye,en,Winye,kst,kst,core,,2026-09-03T07:00:06.934937+00:00,78,78,63,15,0,63,63,63,63,63,0,0,0,63,35,34,35,34,28,0,0,en,33,63,declared metadata; canonical identity and stream health not guaranteed
cmok1pdjg01hqqsv1rnlwig8j,142947,wolane,Wolane,en,Wolane,wle,wle,core,,2026-09-03T07:00:06.934937+00:00,76,76,62,14,0,62,62,62,62,62,0,0,0,62,35,34,35,34,27,0,0,en,33,62,declared metadata; canonical identity and stream health not guaranteed
cmokkx53g03o6qscc6nlkyzwm,4734,wolaytta,Wolaytta,en,Wolaytta,wal,wal,core,,2026-09-03T07:00:06.934937+00:00,132,132,116,15,1,116,116,116,116,116,0,0,0,116,67,63,57,54,49,0,0,en,53,116,declared metadata; canonical identity and stream health not guaranteed
cmok1ssj002azqsv18zouko94,17408,wolio,Wolio,en,Wolio,wlo,wlo,core,,2026-09-03T07:00:06.934937+00:00,76,76,62,14,0,62,62,62,62,62,0,0,0,62,35,34,35,34,27,0,0,en,33,62,declared metadata; canonical identity and stream health not guaranteed
cmokl0vyn04ljqsccg6abu28n,7897,wolof,Wolof,en|wo,Wolof,wo,wol,core,,2026-09-03T07:00:06.934937+00:00,171,171,149,20,2,149,149,149,149,149,0,0,0,149,80,75,70,66,69,0,0,wo,0,0,declared metadata; canonical identity and stream health not guaranteed
cmok1p48i01fgqsv1a9rrhpp7,142589,wondama,Wondama,en,Wondama,wad,wad,core,,2026-09-03T07:00:06.934937+00:00,76,76,62,14,0,62,62,62,62,62,0,0,0,62,35,34,35,34,27,0,0,en,33,62,declared metadata; canonical identity and stream health not guaranteed
cmok1o0hh016kqsv1cerwz0xt,141238,worodougou,Worodougou,en,Worodougou,jud,jud,core,,2026-09-03T07:00:06.934937+00:00,76,76,62,14,0,62,62,62,62,62,0,0,0,62,35,34,35,34,27,0,0,en,33,62,declared metadata; canonical identity and stream health not guaranteed
cmok1phku01inqsv1q5ywj5yt,143169,wumvu,Wumvu,en,Wumvu,wum,wum,core,,2026-09-03T07:00:06.934937+00:00,76,76,62,14,0,62,62,62,62,62,0,0,0,62,35,34,35,34,27,0,0,en,33,62,declared metadata; canonical identity and stream health not guaranteed
cmok1o16n016qqsv1omo2n01h,141265,xaasongaxango,Xaasongaxango,en,Xaasongaxango,kao,kao,core,,2026-09-03T07:00:06.934937+00:00,132,132,116,15,1,116,116,116,116,116,0,0,0,116,67,63,57,54,49,0,0,en,53,116,declared metadata; canonical identity and stream health not guaranteed
cmokkx4jq03o1qscctnbwmdxb,4724,xamtanga,Xamtanga,en|xan,Xamtanga,xan,xan,core,,2026-09-03T07:00:06.934937+00:00,76,76,62,14,0,62,62,62,62,62,0,0,0,62,35,34,35,34,27,0,0,en,33,62,declared metadata; canonical identity and stream health not guaranteed
cmok1szq902cpqsv15djjonlb,1759,xavante,Xavante,en,Xavante,xav,xav,core,,2026-09-03T07:00:06.934937+00:00,76,76,62,14,0,62,62,62,62,62,0,0,0,62,35,34,35,34,27,0,0,en,33,62,declared metadata; canonical identity and stream health not guaranteed
cmok1lxn800ogqsv1m7o0xcp3,13408,xhosa,Xhosa,en|xh,Xhosa,xh,xho,core,,2026-09-03T07:00:06.934937+00:00,184,184,160,21,3,160,160,160,160,160,0,0,0,160,98,92,76,72,62,0,0,xh,0,0,declared metadata; canonical identity and stream health not guaranteed
cmokks5x102fpqsccnm8ey9yf,20627,xiang,Xiang,en|hsn,Xiang,hsn,hsn,core,,2026-09-03T07:00:06.934937+00:00,76,76,62,14,0,62,62,62,62,62,0,0,0,62,35,34,35,34,27,0,0,en,33,62,declared metadata; canonical identity and stream health not guaranteed
cmok1sjid028wqsv1revz4pgr,169603,xinulajgsipij,Xinulajgsipij,en,Xinulajgsipij,tqt,tqt,core,,2026-09-03T07:00:06.934937+00:00,76,76,62,14,0,62,62,62,62,62,0,0,0,62,35,34,35,34,27,0,0,en,33,62,declared metadata; canonical identity and stream health not guaranteed
cmokkz5e9046aqscctxdg55iu,581,xun,Xun,en,Xun,xuu,xuu,core,,2026-09-03T07:00:06.934937+00:00,76,76,62,14,0,62,62,62,62,62,0,0,0,62,35,34,35,34,27,0,0,en,33,62,declared metadata; canonical identity and stream health not guaranteed
cmok1nwjt015nqsv1r30aken4,141124,yabem,Yabem,en,Yabem,jae,jae,core,,2026-09-03T07:00:06.934937+00:00,79,79,63,16,0,63,63,63,63,63,0,0,0,63,35,34,35,34,28,0,0,en,33,63,declared metadata; canonical identity and stream health not guaranteed
cmokkr34a0261qsccirmetom0,19495,yaka,Yaka,en,Yaka,axk,axk,core,,2026-09-03T07:00:06.934937+00:00,76,76,62,14,0,62,62,62,62,62,0,0,0,62,35,34,35,34,27,0,0,en,33,62,declared metadata; canonical identity and stream health not guaranteed
cmok1mfjy00t0qsv1d9tqxegy,139124,yaka-central-african-republic,"Yaka, Central African Republic",axk|en,"Yaka, Central African Republic",axk,axk,core,,2026-09-03T07:00:06.934937+00:00,75,75,62,13,0,62,62,62,62,62,0,0,0,62,35,34,35,34,27,0,0,en,33,62,declared metadata; canonical identity and stream health not guaranteed
cmok1mfvq00t3qsv1uf9vvkst,139126,yaka-d-r-c,"Yaka, D R C",en,"Yaka, D R C",yaf,yaf,core,,2026-09-03T07:00:06.934937+00:00,82,82,67,14,1,67,67,67,67,67,0,0,0,67,39,38,39,38,28,0,0,en,37,67,declared metadata; canonical identity and stream health not guaranteed
cmokkz52f0467qsccbvhnsdvm,580,yaka-drcongo,Yaka,en,Yaka,yaf,yaf,core,,2026-09-03T07:00:06.934937+00:00,76,76,62,14,0,62,62,62,62,62,0,0,0,62,35,34,35,34,27,0,0,en,33,62,declared metadata; canonical identity and stream health not guaranteed
cmok1kzjv00g3qsv1es2niofh,12529,yakan,Yakan,en,Yakan,yka,yka,core,,2026-09-03T07:00:06.934937+00:00,76,76,62,14,0,62,62,62,62,62,0,0,0,62,35,34,35,34,27,0,0,en,33,62,declared metadata; canonical identity and stream health not guaranteed
cmok1j7yd000lqsv1qa3ph3j2,100282,yakha,Yakha,en,Yakha,ybh,ybh,core,,2026-09-03T07:00:06.934937+00:00,76,76,62,14,0,62,62,62,62,62,0,0,0,62,35,34,35,34,27,0,0,en,33,62,declared metadata; canonical identity and stream health not guaranteed
cmokkvq3a03baqscci8s1mok5,3144,yakoma,Yakoma,en,Yakoma,yky,yky,core,,2026-09-03T07:00:06.934937+00:00,76,76,62,14,0,62,62,62,62,62,0,0,0,62,35,34,35,34,27,0,0,en,33,62,declared metadata; canonical identity and stream health not guaranteed
cmok1k6gl008uqsv12wkibho2,109459,yakpa,Yakpa,en,Yakpa,bjo,bjo,core,,2026-09-03T07:00:06.934937+00:00,75,75,62,13,0,62,0,0,0,0,0,0,0,0,0,0,0,0,0,0,0,en,0,0,declared metadata; canonical identity and stream health not guaranteed
cmokkvpqc03b7qscci4zdrwwc,3122,yakpa-1,Yakpa,bjo|en,Yakpa,bjo,bjo,core,,2026-09-03T07:00:06.934937+00:00,75,75,62,13,0,62,62,62,62,62,0,0,0,62,35,34,35,34,27,0,0,en,33,62,declared metadata; canonical identity and stream health not guaranteed
cmokkp3fe01ozqscc61scqioh,18379,yakut,Yakut,en,Yakut,sah,sah,core,,2026-09-03T07:00:06.934937+00:00,76,76,62,14,0,62,62,62,62,62,0,0,0,62,35,34,35,34,27,0,0,sah,0,0,declared metadata; canonical identity and stream health not guaranteed
cmokl2m3f050nqsccg0mgcfb2,9940,yala,Yala,en,Yala,yba,yba,core,,2026-09-03T07:00:06.934937+00:00,76,76,62,14,0,62,62,62,62,62,0,0,0,62,35,34,35,34,27,0,0,en,33,62,declared metadata; canonical identity and stream health not guaranteed
cmokkypp3042cqsccz57eeg66,5468,yalunka,Yalunka,en,Yalunka,yal,yal,core,,2026-09-03T07:00:06.934937+00:00,76,76,62,14,0,62,62,62,62,62,0,0,0,62,35,34,35,34,27,0,0,en,33,62,declared metadata; canonical identity and stream health not guaranteed
cmokktgtm02rkqsccvp1l7cgg,2249,yamba,Yamba,en,Yamba,yam,yam,core,,2026-09-03T07:00:06.934937+00:00,79,79,64,15,0,64,64,64,64,64,0,0,0,64,35,34,35,34,29,0,0,en,33,64,declared metadata; canonical identity and stream health not guaranteed
cmok1nuby0155qsv1g8jelrei,141060,yamdena,Yamdena,en,Yamdena,jmd,jmd,core,,2026-09-03T07:00:06.934937+00:00,76,76,62,14,0,62,62,62,62,62,0,0,0,62,35,34,35,34,27,0,0,en,33,62,declared metadata; canonical identity and stream health not guaranteed
cmok1sgc00285qsv1v8fgxlme,168775,yandang,Yandang,en,Yandang,ynq,ynq,core,,2026-09-03T07:00:06.934937+00:00,76,76,62,14,0,62,62,62,62,62,0,0,0,62,35,34,35,34,27,0,0,en,33,62,declared metadata; canonical identity and stream health not guaranteed
cmok1msxf00w9qsv1tpa11opx,139411,yanesha,Yanesha',en,Yanesha',ame,ame,core,,2026-09-03T07:00:06.934937+00:00,79,79,63,16,0,63,63,63,63,63,0,0,0,63,35,34,35,34,28,0,0,en,33,63,declared metadata; canonical identity and stream health not guaranteed
cmok1jqhh0050qsv1iuj824xw,102259,yanomami-ninam,Yanomami Ninam,en,Yanomami Ninam,shb,shb,core,,2026-09-03T07:00:06.934937+00:00,76,76,62,14,0,62,62,62,62,62,0,0,0,62,35,34,35,34,27,0,0,en,33,62,declared metadata; canonical identity and stream health not guaranteed
cmok1rr310226qsv1adqzbjby,1573,yanomamo,Yanomamo,en,Yanomamo,guu,guu,core,,2026-09-03T07:00:06.934937+00:00,76,76,62,14,0,62,62,62,62,62,0,0,0,62,35,34,35,34,27,0,0,en,33,62,declared metadata; canonical identity and stream health not guaranteed
cmokl0rct04kdqsccsbdwfj9k,7773,yao,Yao,en,Yao,yao,yao,core,,2026-09-03T07:00:06.934937+00:00,148,148,130,16,2,130,130,130,130,130,0,0,0,130,80,75,58,55,50,0,0,en,54,130,declared metadata; canonical identity and stream health not guaranteed
5ca7d8af-8fb2-4351-82dd-cd21fad3bd38,185359,yao-baiku-naogelao,"Yao, Baiku (Naogelao)",en,"Yao, Baiku (Naogelao)",bwx,bwx,core,,2026-09-03T07:00:06.934937+00:00,75,75,62,13,0,62,62,62,62,62,0,0,0,62,35,34,35,34,27,0,0,en,33,62,declared metadata; canonical identity and stream health not guaranteed
cmokktb4w02q7qsccnieg2y50,22098,yao-iu-mien,Yao (Iu Mien),en,Yao (Iu Mien),ium,ium,core,,2026-09-03T07:00:06.934937+00:00,76,76,62,14,0,62,62,62,62,62,0,0,0,62,35,34,35,34,27,0,0,en,33,62,declared metadata; canonical identity and stream health not guaranteed
cmokkp9ic01qfqsccm1pcacnx,184489,yao-tanzania,"Yao, Tanzania",en,"Yao, Tanzania",yao,yao,core,,2026-09-03T07:00:06.934937+00:00,76,76,62,14,0,62,62,62,62,62,0,0,0,62,35,34,35,34,27,0,0,en,33,62,declared metadata; canonical identity and stream health not guaranteed
cmokl1hjl04qpqscce4v5eza7,8381,yapese,Yapese,en,Yapese,yap,yap,core,,2026-09-03T07:00:06.934937+00:00,79,79,64,15,0,64,64,64,64,64,0,0,0,64,35,34,35,34,29,0,0,en,33,64,declared metadata; canonical identity and stream health not guaranteed
cmokl0zuu04miqsccb84o6op5,8026,yaqui,Yaqui,en,Yaqui,yaq,yaq,core,,2026-09-03T07:00:06.934937+00:00,76,76,62,14,0,62,62,62,62,62,0,0,0,62,35,34,35,34,27,0,0,en,33,62,declared metadata; canonical identity and stream health not guaranteed
536480e0-f466-439a-b4c0-db7b336e3d3a,142858,yareba,Yareba,en,Yareba,yrb,yrb,core,,2026-09-03T07:00:06.934937+00:00,75,75,62,13,0,62,62,62,62,62,0,0,0,62,35,34,35,34,27,0,0,en,33,62,declared metadata; canonical identity and stream health not guaranteed
cmok1pfci01i5qsv1h9dtsczr,142986,yawa,Yawa,en,Yawa,yva,yva,core,,2026-09-03T07:00:06.934937+00:00,76,76,62,14,0,62,62,62,62,62,0,0,0,62,35,34,35,34,27,0,0,en,33,62,declared metadata; canonical identity and stream health not guaranteed
cmokkr3g80264qscco1flcojl,19504,yemba,Yemba,en,Yemba,ybb,ybb,core,,2026-09-03T07:00:06.934937+00:00,76,76,62,14,0,62,62,62,62,62,0,0,0,62,35,34,35,34,27,0,0,en,33,62,declared metadata; canonical identity and stream health not guaranteed
cmokkx0hz03n2qscc0bacmex3,4665,yemsa,Yemsa,en,Yemsa,jnj,jnj,core,,2026-09-03T07:00:06.934937+00:00,76,76,62,14,0,62,62,62,62,62,0,0,0,62,35,34,35,34,27,0,0,en,33,62,declared metadata; canonical identity and stream health not guaranteed
cmokku2qa02x0qsccdrhx2fs6,23326,yerukula,Yerukula,en,Yerukula,yeu,yeu,core,,2026-09-03T07:00:06.934937+00:00,76,76,62,14,0,62,62,62,62,62,0,0,0,62,35,34,35,34,27,0,0,en,33,62,declared metadata; canonical identity and stream health not guaranteed
cmokkxm6603skqsccd1swqaot,5130,yiddish,Yiddish,en|ydd,Yiddish,ydd,ydd,core,,2026-09-03T07:00:06.934937+00:00,8,8,1,7,0,1,1,1,1,1,0,0,0,1,1,1,1,1,0,0,0,en,1,1,declared metadata; canonical identity and stream health not guaranteed
cmok1pycs01mkqsv1584le2x0,143753,yine,Yine,en,Yine,pib,pib,core,,2026-09-03T07:00:06.934937+00:00,79,79,63,16,0,63,63,63,63,63,0,0,0,63,35,34,35,34,28,0,0,en,33,63,declared metadata; canonical identity and stream health not guaranteed
cmok1sydm02cdqsv1wtnac2g2,175252,yinzebi,Yinzebi,en,Yinzebi,nzb,nzb,core,,2026-09-03T07:00:06.934937+00:00,76,76,62,14,0,62,62,62,62,62,0,0,0,62,35,34,35,34,27,0,0,en,33,62,declared metadata; canonical identity and stream health not guaranteed
cmokkvc58037qqsccwda51xm1,26497,yom,Yom,en,Yom,pil,pil,core,,2026-09-03T07:00:06.934937+00:00,76,76,62,14,0,62,62,62,62,62,0,0,0,62,35,34,35,34,27,0,0,en,33,62,declared metadata; canonical identity and stream health not guaranteed
cmok1k6tu008xqsv1mk8rf8g1,10981,yonggom,Yonggom,en,Yonggom,yon,yon,core,,2026-09-03T07:00:06.934937+00:00,76,76,62,14,0,62,62,62,62,62,0,0,0,62,35,34,35,34,27,0,0,en,33,62,declared metadata; canonical identity and stream health not guaranteed
cmok1lpyk00miqsv17rg52dfn,1308,yoruba,Yoruba,en|yo,Yoruba,yo,yor,core,,2026-09-03T07:00:06.934937+00:00,217,217,187,27,3,187,187,187,187,187,0,0,0,187,93,88,81,77,94,0,0,yo,0,0,declared metadata; canonical identity and stream health not guaranteed
cmokkwea903hhqsccdrsyz2lt,4148,yucuna,Yucuna,en,Yucuna,ycn,ycn,core,,2026-09-03T07:00:06.934937+00:00,76,76,62,14,0,62,62,62,62,62,0,0,0,62,35,34,35,34,27,0,0,en,33,62,declared metadata; canonical identity and stream health not guaranteed
cmok1pen501hzqsv1ib4b4g9a,142979,yukpa,Yukpa,en,Yukpa,yup,yup,core,,2026-09-03T07:00:06.934937+00:00,79,79,63,16,0,63,63,63,63,63,0,0,0,63,35,34,35,34,28,0,0,en,33,63,declared metadata; canonical identity and stream health not guaranteed
cmokl2inb04ztqsccy7e04dkj,9905,yungur,Yungur,en,Yungur,yun,yun,core,,2026-09-03T07:00:06.934937+00:00,76,76,62,14,0,62,62,62,62,62,0,0,0,62,35,34,35,34,27,0,0,en,33,62,declared metadata; canonical identity and stream health not guaranteed
cmok1pez101i2qsv1w7acuv3a,142985,yuracare,Yuracare,en,Yuracare,yuz,yuz,core,,2026-09-03T07:00:06.934937+00:00,79,79,63,16,0,63,63,63,63,63,0,0,0,63,35,34,35,34,28,0,0,en,33,63,declared metadata; canonical identity and stream health not guaranteed
cmokky2ey03wlqscci9bujbvj,53312,ywom,Ywom,en,Ywom,gek,gek,core,,2026-09-03T07:00:06.934937+00:00,76,76,62,14,0,62,62,62,62,62,0,0,0,62,35,34,35,34,27,0,0,en,33,62,declared metadata; canonical identity and stream health not guaranteed
cmok1o4p6017kqsv1ylm1yfc3,141359,zabana,Zabana,en,Zabana,kji,kji,core,,2026-09-03T07:00:06.934937+00:00,79,79,63,16,0,63,63,63,63,63,0,0,0,63,35,34,35,34,28,0,0,en,33,63,declared metadata; canonical identity and stream health not guaranteed
cmokkvww003d0qsccl8etfjfc,3710,zaiwa,Zaiwa,atb|en,Zaiwa,atb,atb,core,,2026-09-03T07:00:06.934937+00:00,76,76,62,14,0,62,62,62,62,62,0,0,0,62,35,34,35,34,27,0,0,en,33,62,declared metadata; canonical identity and stream health not guaranteed
cmok1nkfu012rqsv1vk3zkl83,14064,zanaki,Zanaki,en,Zanaki,zak,zak,core,,2026-09-03T07:00:06.934937+00:00,76,76,62,14,0,62,62,62,62,62,0,0,0,62,35,34,35,34,27,0,0,en,33,62,declared metadata; canonical identity and stream health not guaranteed
cmokku93j02y6qsccvlnzp790,23524,zande-drc,"Zande, Drc",en,"Zande, Drc",zne,zne,core,,2026-09-03T07:00:06.934937+00:00,76,76,62,14,0,62,62,62,62,62,0,0,0,62,35,34,35,34,27,0,0,en,33,62,declared metadata; canonical identity and stream health not guaranteed
cmokku9jk02y9qscc7qyapl2a,23525,zande-south-sudan,"Zande, South Sudan",en,"Zande, South Sudan",zne-Sd,zne,core,,2026-09-03T07:00:06.934937+00:00,76,76,62,14,0,62,62,62,62,62,0,0,0,62,35,34,35,34,27,0,0,en,33,62,declared metadata; canonical identity and stream health not guaranteed
cmokkvdrl0384qsccz0qrxhx7,26934,zapotec-san-pedro-quiatoni,"Zapotec, San Pedro Quiatoni",en,"Zapotec, San Pedro Quiatoni",zpf,zpf,core,,2026-09-03T07:00:06.934937+00:00,76,76,62,14,0,62,62,62,62,62,0,0,0,62,35,34,35,34,27,0,0,en,33,62,declared metadata; canonical identity and stream health not guaranteed
cmok1jcmn001oqsv1kzhccuxg,100807,zapotec-tabaa,"Zapotec, Tabaa",en,"Zapotec, Tabaa",zat,zat,core,,2026-09-03T07:00:06.934937+00:00,76,76,62,14,0,62,62,62,62,62,0,0,0,62,35,34,35,34,27,0,0,en,33,62,declared metadata; canonical identity and stream health not guaranteed
cmok1pmyk01jwqsv1582vdpux,143368,zapoteco-de-san-juan-comaltepec,Zapoteco De San Juan Comaltepec,en,Zapoteco De San Juan Comaltepec,zpc,zpc,core,,2026-09-03T07:00:06.934937+00:00,76,76,62,14,0,62,62,62,62,62,0,0,0,62,35,34,35,34,27,0,0,en,33,62,declared metadata; canonical identity and stream health not guaranteed
cmokl0ytm04m9qscc12yh03f8,8014,zapoteco-isthmus,"Zapoteco, Isthmus",en,"Zapoteco, Isthmus",zai,zai,core,,2026-09-03T07:00:06.934937+00:00,76,76,62,14,0,62,62,62,62,62,0,0,0,62,35,34,35,34,27,0,0,en,33,62,declared metadata; canonical identity and stream health not guaranteed
cmokl0yhy04m6qsccssm8x7mo,8000,zapoteco-mitla,"Zapoteco, Mitla",en,"Zapoteco, Mitla",zaw,zaw,core,,2026-09-03T07:00:06.934937+00:00,76,76,62,14,0,62,62,62,62,62,0,0,0,62,35,34,35,34,27,0,0,en,33,62,declared metadata; canonical identity and stream health not guaranteed
cmokl0z7b04mcqscc8mnh80it,8021,zapoteco-san-juan-guelavia,"Zapoteco, San Juan Guelavia",en,"Zapoteco, San Juan Guelavia",zab,zab,core,,2026-09-03T07:00:06.934937+00:00,76,76,62,14,0,62,62,62,62,62,0,0,0,62,35,34,35,34,27,0,0,en,33,62,declared metadata; canonical identity and stream health not guaranteed
cmokl0zj004mfqsccejoip88d,8023,zapoteco-sierra-de-juarez,"Zapoteco, Sierra De Juarez",en,"Zapoteco, Sierra De Juarez",zaa,zaa,core,,2026-09-03T07:00:06.934937+00:00,76,76,62,14,0,62,62,62,62,62,0,0,0,62,35,34,35,34,27,0,0,en,33,62,declared metadata; canonical identity and stream health not guaranteed
cmokl0xf404lxqsccx326ikjk,7954,zapoteco-southern-rincon,"Zapoteco, Southern Rincon",en,"Zapoteco, Southern Rincon",zsr,zsr,core,,2026-09-03T07:00:06.934937+00:00,76,76,62,14,0,62,62,62,62,62,0,0,0,62,35,34,35,34,27,0,0,en,33,62,declared metadata; canonical identity and stream health not guaranteed
cmokl0x3i04luqsccgq62d8q9,7946,zapoteco-western-pochutla,"Zapoteco, Western Pochutla",en,"Zapoteco, Western Pochutla",ztp,ztp,core,,2026-09-03T07:00:06.934937+00:00,76,76,62,14,0,62,62,62,62,62,0,0,0,62,35,34,35,34,27,0,0,en,33,62,declared metadata; canonical identity and stream health not guaranteed
cmokl0xsu04m0qsccrywj703a,7960,zapoteco-yalalag,"Zapoteco, Yalalag",en,"Zapoteco, Yalalag",zpu,zpu,core,,2026-09-03T07:00:06.934937+00:00,76,76,62,14,0,62,62,62,62,62,0,0,0,62,35,34,35,34,27,0,0,en,33,62,declared metadata; canonical identity and stream health not guaranteed
cmok1phwh01iqqsv1j1ujslf2,143175,zaramo,Zaramo,en,Zaramo,zaj,zaj,core,,2026-09-03T07:00:06.934937+00:00,76,76,62,14,0,62,62,62,62,62,0,0,0,62,35,34,35,34,27,0,0,en,33,62,declared metadata; canonical identity and stream health not guaranteed
cmok1lzd900oyqsv17gybbs0t,1343,zarma,Zarma,en,Zarma,dje,dje,core,,2026-09-03T07:00:06.934937+00:00,105,105,86,19,0,86,86,86,86,86,0,0,0,86,48,46,48,46,38,0,0,en,42,84,declared metadata; canonical identity and stream health not guaranteed
cmok1raf801ycqsv11gv000lx,152162,zayse,Zayse,en,Zayse,zay,zay,core,,2026-09-03T07:00:06.934937+00:00,76,76,62,14,0,62,62,62,62,62,0,0,0,62,35,34,35,34,27,0,0,en,33,62,declared metadata; canonical identity and stream health not guaranteed
cmok1mnj700uyqsv1hrrbf7fq,139188,zhuang-central-hongshuihe,"Zhuang, Central Hongshuihe",en,"Zhuang, Central Hongshuihe",zch,zch,core,,2026-09-03T07:00:06.934937+00:00,75,75,62,13,0,62,62,62,62,62,0,0,0,62,35,34,35,34,27,0,0,en,33,62,declared metadata; canonical identity and stream health not guaranteed
cmokkqpaq022oqscci8e23l6i,185333,zhuang-dejing,"Zhuang, Dejing",en,"Zhuang, Dejing",zyg,zyg,core,,2026-09-03T07:00:06.934937+00:00,79,79,63,16,0,63,63,63,63,63,0,0,0,63,35,34,35,34,28,0,0,en,33,63,declared metadata; canonical identity and stream health not guaranteed
cmokl2oj40518qsccyqg4cz0p,99582,zhuang-guibian,"Zhuang, Guibian",en,"Zhuang, Guibian",zgn,zgn,core,,2026-09-03T07:00:06.934937+00:00,75,75,62,13,0,62,62,62,62,62,0,0,0,62,35,34,35,34,27,0,0,en,33,62,declared metadata; canonical identity and stream health not guaranteed
cmokkwd5303h6qsccmu1yu1ms,4101,zhuang-liujiang,"Zhuang, Liujiang",en,"Zhuang, Liujiang",zlj,zlj,core,,2026-09-03T07:00:06.934937+00:00,75,75,62,13,0,62,62,62,62,62,0,0,0,62,35,34,35,34,27,0,0,en,33,62,declared metadata; canonical identity and stream health not guaranteed
cmokl2o7h0515qsccwg5u2qhs,99581,zhuang-minz,"Zhuang, Minz",en,"Zhuang, Minz",zgm,zgm,core,,2026-09-03T07:00:06.934937+00:00,0,0,0,0,0,0,0,0,0,0,0,0,0,0,0,0,0,0,0,0,0,en,0,0,declared metadata; canonical identity and stream health not guaranteed
cmok1pizl01izqsv1vjsewrhy,143265,zhuang-nong,"Zhuang, Nong",en,"Zhuang, Nong",zhn,zhn,core,,2026-09-03T07:00:06.934937+00:00,76,76,62,14,0,62,62,62,62,62,0,0,0,62,35,34,35,34,27,0,0,en,33,62,declared metadata; canonical identity and stream health not guaranteed
cmokktxyb02vtqscctg3iom6o,23181,zhuang-northern-hongshuihe,"Zhuang, Northern (Hongshuihe)",en|zch,"Zhuang, Northern (Hongshuihe)",zch,zch,core,,2026-09-03T07:00:06.934937+00:00,79,79,64,15,0,64,64,64,64,64,0,0,0,64,35,34,35,34,29,0,0,en,33,64,declared metadata; canonical identity and stream health not guaranteed
cmokktxgr02voqscccczf55tf,23180,zhuang-northern-yongbei,"Zhuang, Northern (Yongbei)",en|zyb,"Zhuang, Northern (Yongbei)",zyb,zyb,core,,2026-09-03T07:00:06.934937+00:00,79,79,64,15,0,64,64,64,64,64,0,0,0,64,35,34,35,34,29,0,0,en,33,64,declared metadata; canonical identity and stream health not guaranteed
cmokl2qbf051nqscc6pcchmdr,99804,zhuang-qiubei,"Zhuang, Qiubei",en,"Zhuang, Qiubei",zqe,zqe,core,,2026-09-03T07:00:06.934937+00:00,79,79,63,16,0,63,63,63,63,63,0,0,0,63,35,34,35,34,28,0,0,en,33,63,declared metadata; canonical identity and stream health not guaranteed
cmok1oocl01bsqsv1yms2hjuq,141995,zhuang-yongnan,"Zhuang, Yongnan",en,"Zhuang, Yongnan",zyn,zyn,core,,2026-09-03T07:00:06.934937+00:00,79,79,63,16,0,63,63,63,63,63,0,0,0,63,35,34,35,34,28,0,0,en,33,63,declared metadata; canonical identity and stream health not guaranteed
cmokl2r14051tqsccp6clvaq8,99910,zhuang-youjiang,"Zhuang, Youjiang",en,"Zhuang, Youjiang",zyj,zyj,core,,2026-09-03T07:00:06.934937+00:00,76,76,62,14,0,62,62,62,62,62,0,0,0,62,35,34,35,34,27,0,0,en,33,62,declared metadata; canonical identity and stream health not guaranteed
cmok1ooo801bvqsv1178gqmec,141998,zhuang-zuojiang,"Zhuang, Zuojiang",en,"Zhuang, Zuojiang",zzj,zzj,core,,2026-09-03T07:00:06.934937+00:00,75,75,62,13,0,62,62,62,62,62,0,0,0,62,35,34,35,34,27,0,0,en,33,62,declared metadata; canonical identity and stream health not guaranteed
cmok1pjbc01j2qsv183w5oobn,143268,zia,Zia,en,Zia,zia,zia,core,,2026-09-03T07:00:06.934937+00:00,79,79,63,16,0,63,63,63,63,63,0,0,0,63,35,34,35,34,28,0,0,en,33,63,declared metadata; canonical identity and stream health not guaranteed
cmok1njsb012lqsv14h1e8xa5,14060,zigula,Zigula,en,Zigula,ziw,ziw,core,,2026-09-03T07:00:06.934937+00:00,76,76,62,14,0,62,62,62,62,62,0,0,0,62,35,34,35,34,27,0,0,en,33,62,declared metadata; canonical identity and stream health not guaranteed
cmok1rkix020oqsv18vg70iwi,15538,zimba,Zimba,en,Zimba,zmb,zmb,core,,2026-09-03T07:00:06.934937+00:00,79,79,64,15,0,64,64,64,64,64,0,0,0,64,35,34,35,34,29,0,0,en,33,64,declared metadata; canonical identity and stream health not guaranteed
cmokkut3k0333qscc2zsazr4m,24216,zing,Zing,en,Zing,mzm-x-Zing,mzm,core,,2026-09-03T07:00:06.934937+00:00,76,76,62,14,0,62,62,62,62,62,0,0,0,62,35,34,35,34,27,0,0,en,33,62,declared metadata; canonical identity and stream health not guaranteed
cmok1okuc01ayqsv1fkto2oos,14183,zinza,Zinza,en,Zinza,zin,zin,core,,2026-09-03T07:00:06.934937+00:00,79,79,64,15,0,64,64,64,64,64,0,0,0,64,35,34,35,34,29,0,0,en,33,64,declared metadata; canonical identity and stream health not guaranteed
cmokl2p7z051eqscci02i0u3g,99703,zo,Zo,en,Zo,zom,zom,core,,2026-09-03T07:00:06.934937+00:00,76,76,62,14,0,62,62,62,62,62,0,0,0,62,35,34,35,34,27,0,0,en,33,62,declared metadata; canonical identity and stream health not guaranteed
cmok1ryrv0241qsv1n144k5yd,159905,zokam-tedim,"Zokam, Tedim",en,"Zokam, Tedim",ctd,ctd,core,,2026-09-03T07:00:06.934937+00:00,76,76,62,14,0,62,62,62,62,62,0,0,0,62,35,34,35,34,27,0,0,en,33,62,declared metadata; canonical identity and stream health not guaranteed
cmokl0y4l04m3qscc3ie8r7ev,7988,zoque-francisco-leon,"Zoque, Francisco Leon",en,"Zoque, Francisco Leon",zos,zos,core,,2026-09-03T07:00:06.934937+00:00,76,76,62,14,0,62,62,62,62,62,0,0,0,62,35,34,35,34,27,0,0,en,33,62,declared metadata; canonical identity and stream health not guaranteed
cmokkyapw03yoqscchmgqrw7j,53402,zul,Zul,en,Zul,plj,plj,core,,2026-09-03T07:00:06.934937+00:00,76,76,62,14,0,62,62,62,62,62,0,0,0,62,35,34,35,34,27,0,0,en,33,62,declared metadata; canonical identity and stream health not guaranteed
cmokl0ll104iwqscc7jhapboa,7547,zulu,Zulu,en|zu,Zulu,zu,zul,core,,2026-09-03T07:00:06.934937+00:00,279,279,249,27,3,249,249,249,249,249,0,0,0,249,130,121,108,101,119,0,0,zu,0,0,declared metadata; canonical identity and stream health not guaranteed
cmokkqwiy024eqsccf8h3w2dx,18922,zuni,Zuni,en|zun,Zuni,zun,zun,core,,2026-09-03T07:00:06.934937+00:00,76,76,62,14,0,62,62,62,62,62,0,0,0,62,35,34,35,34,27,0,0,en,33,62,declared metadata; canonical identity and stream health not guaranteed
