audioLanguageSlug,coreLanguageId,poolKey,themeUnique,sharedWithStart,additionalBeyondStart,unionWithStart
a-hmao,22812,meaning-and-purpose,23,23,0,56
a-hmao,22812,hope-and-perseverance,26,26,0,56
a-hmao,22812,love-and-belonging,20,19,1,57
a-hmao,22812,forgiveness-and-new-beginnings,10,9,1,57
a-hmao,22812,exploring-jesus,37,37,0,56
aari,4797,meaning-and-purpose,18,18,0,35
aari,4797,hope-and-perseverance,16,16,0,35
aari,4797,love-and-belonging,12,12,0,35
aari,4797,forgiveness-and-new-beginnings,7,7,0,35
aari,4797,exploring-jesus,21,21,0,35
abanglekuo,184631,meaning-and-purpose,18,18,0,35
abanglekuo,184631,hope-and-perseverance,16,16,0,35
abanglekuo,184631,love-and-belonging,12,12,0,35
abanglekuo,184631,forgiveness-and-new-beginnings,7,7,0,35
abanglekuo,184631,exploring-jesus,21,21,0,35
abanyom,139251,meaning-and-purpose,18,18,0,35
abanyom,139251,hope-and-perseverance,16,16,0,35
abanyom,139251,love-and-belonging,12,12,0,35
abanyom,139251,forgiveness-and-new-beginnings,7,7,0,35
abanyom,139251,exploring-jesus,21,21,0,35
abau,12296,meaning-and-purpose,18,18,0,35
abau,12296,hope-and-perseverance,16,16,0,35
abau,12296,love-and-belonging,12,12,0,35
abau,12296,forgiveness-and-new-beginnings,7,7,0,35
abau,12296,exploring-jesus,21,21,0,35
abidji,15909,meaning-and-purpose,18,18,0,35
abidji,15909,hope-and-perseverance,16,16,0,35
abidji,15909,love-and-belonging,12,12,0,35
abidji,15909,forgiveness-and-new-beginnings,7,7,0,35
abidji,15909,exploring-jesus,21,21,0,35
abkhaz,5074,meaning-and-purpose,18,18,0,36
abkhaz,5074,hope-and-perseverance,16,16,0,36
abkhaz,5074,love-and-belonging,12,12,0,36
abkhaz,5074,forgiveness-and-new-beginnings,7,7,0,36
abkhaz,5074,exploring-jesus,22,22,0,36
abure,16117,meaning-and-purpose,18,18,0,35
abure,16117,hope-and-perseverance,16,16,0,35
abure,16117,love-and-belonging,12,12,0,35
abure,16117,forgiveness-and-new-beginnings,7,7,0,35
abure,16117,exploring-jesus,21,21,0,35
abureni,144623,meaning-and-purpose,18,18,0,35
abureni,144623,hope-and-perseverance,16,16,0,35
abureni,144623,love-and-belonging,12,12,0,35
abureni,144623,forgiveness-and-new-beginnings,7,7,0,35
abureni,144623,exploring-jesus,21,21,0,35
acateco,5428,meaning-and-purpose,18,18,0,35
acateco,5428,hope-and-perseverance,16,16,0,35
acateco,5428,love-and-belonging,12,12,0,35
acateco,5428,forgiveness-and-new-beginnings,7,7,0,35
acateco,5428,exploring-jesus,21,21,0,35
acchami,111586,meaning-and-purpose,18,18,0,35
acchami,111586,hope-and-perseverance,16,16,0,35
acchami,111586,love-and-belonging,12,12,0,35
acchami,111586,forgiveness-and-new-beginnings,7,7,0,35
acchami,111586,exploring-jesus,21,21,0,35
aceh,17688,meaning-and-purpose,18,18,0,35
aceh,17688,hope-and-perseverance,16,16,0,35
aceh,17688,love-and-belonging,12,12,0,35
aceh,17688,forgiveness-and-new-beginnings,7,7,0,35
aceh,17688,exploring-jesus,21,21,0,35
achang,3697,meaning-and-purpose,18,18,0,35
achang,3697,hope-and-perseverance,16,16,0,35
achang,3697,love-and-belonging,12,12,0,35
achang,3697,forgiveness-and-new-beginnings,7,7,0,35
achang,3697,exploring-jesus,21,21,0,35
ache,100378,meaning-and-purpose,18,18,0,35
ache,100378,hope-and-perseverance,16,16,0,35
ache,100378,love-and-belonging,12,12,0,35
ache,100378,forgiveness-and-new-beginnings,7,7,0,35
ache,100378,exploring-jesus,21,21,0,35
ache-2,184846,meaning-and-purpose,18,18,0,35
ache-2,184846,hope-and-perseverance,16,16,0,35
ache-2,184846,love-and-belonging,12,12,0,35
ache-2,184846,forgiveness-and-new-beginnings,7,7,0,35
ache-2,184846,exploring-jesus,21,21,0,35
achi-rabinal,5441,meaning-and-purpose,18,18,0,35
achi-rabinal,5441,hope-and-perseverance,16,16,0,35
achi-rabinal,5441,love-and-belonging,12,12,0,35
achi-rabinal,5441,forgiveness-and-new-beginnings,7,7,0,35
achi-rabinal,5441,exploring-jesus,21,21,0,35
acholi,13555,meaning-and-purpose,18,18,0,39
acholi,13555,hope-and-perseverance,17,17,0,39
acholi,13555,love-and-belonging,14,14,0,39
acholi,13555,forgiveness-and-new-beginnings,10,10,0,39
acholi,13555,exploring-jesus,23,23,0,39
achuar-shiwiar,139273,meaning-and-purpose,18,18,0,35
achuar-shiwiar,139273,hope-and-perseverance,16,16,0,35
achuar-shiwiar,139273,love-and-belonging,12,12,0,35
achuar-shiwiar,139273,forgiveness-and-new-beginnings,7,7,0,35
achuar-shiwiar,139273,exploring-jesus,21,21,0,35
adangme,50836,meaning-and-purpose,18,18,0,35
adangme,50836,hope-and-perseverance,16,16,0,35
adangme,50836,love-and-belonging,12,12,0,35
adangme,50836,forgiveness-and-new-beginnings,7,7,0,35
adangme,50836,exploring-jesus,21,21,0,35
adele,5338,meaning-and-purpose,18,18,0,35
adele,5338,hope-and-perseverance,16,16,0,35
adele,5338,love-and-belonging,12,12,0,35
adele,5338,forgiveness-and-new-beginnings,7,7,0,35
adele,5338,exploring-jesus,21,21,0,35
adi,24173,meaning-and-purpose,18,18,0,35
adi,24173,hope-and-perseverance,16,16,0,35
adi,24173,love-and-belonging,12,12,0,35
adi,24173,forgiveness-and-new-beginnings,7,7,0,35
adi,24173,exploring-jesus,21,21,0,35
adioukrou,16116,meaning-and-purpose,18,18,0,35
adioukrou,16116,hope-and-perseverance,16,16,0,35
adioukrou,16116,love-and-belonging,12,12,0,35
adioukrou,16116,forgiveness-and-new-beginnings,7,7,0,35
adioukrou,16116,exploring-jesus,21,21,0,35
adonara,96802,meaning-and-purpose,18,18,0,35
adonara,96802,hope-and-perseverance,16,16,0,35
adonara,96802,love-and-belonging,12,12,0,35
adonara,96802,forgiveness-and-new-beginnings,7,7,0,35
adonara,96802,exploring-jesus,21,21,0,35
adygey,20522,meaning-and-purpose,18,18,0,35
adygey,20522,hope-and-perseverance,16,16,0,35
adygey,20522,love-and-belonging,12,12,0,35
adygey,20522,forgiveness-and-new-beginnings,7,7,0,35
adygey,20522,exploring-jesus,21,21,0,35
adzera,96809,meaning-and-purpose,18,18,0,35
adzera,96809,hope-and-perseverance,16,16,0,35
adzera,96809,love-and-belonging,12,12,0,35
adzera,96809,forgiveness-and-new-beginnings,7,7,0,35
adzera,96809,exploring-jesus,21,21,0,35
afar,4468,meaning-and-purpose,23,23,0,56
afar,4468,hope-and-perseverance,26,26,0,56
afar,4468,love-and-belonging,20,19,1,57
afar,4468,forgiveness-and-new-beginnings,10,9,1,57
afar,4468,exploring-jesus,37,37,0,56
afrikaans,1444,meaning-and-purpose,44,44,0,119
afrikaans,1444,hope-and-perseverance,48,47,1,120
afrikaans,1444,love-and-belonging,52,50,2,121
afrikaans,1444,forgiveness-and-new-beginnings,32,31,1,120
afrikaans,1444,exploring-jesus,60,60,0,119
agabag,143624,meaning-and-purpose,18,18,0,35
agabag,143624,hope-and-perseverance,16,16,0,35
agabag,143624,love-and-belonging,12,12,0,35
agabag,143624,forgiveness-and-new-beginnings,7,7,0,35
agabag,143624,exploring-jesus,21,21,0,35
agarabi,96835,meaning-and-purpose,18,18,0,35
agarabi,96835,hope-and-perseverance,16,16,0,35
agarabi,96835,love-and-belonging,12,12,0,35
agarabi,96835,forgiveness-and-new-beginnings,7,7,0,35
agarabi,96835,exploring-jesus,21,21,0,35
agatu,9290,meaning-and-purpose,18,18,0,35
agatu,9290,hope-and-perseverance,16,16,0,35
agatu,9290,love-and-belonging,12,12,0,35
agatu,9290,forgiveness-and-new-beginnings,7,7,0,35
agatu,9290,exploring-jesus,21,21,0,35
aghem,139321,meaning-and-purpose,18,18,0,35
aghem,139321,hope-and-perseverance,16,16,0,35
aghem,139321,love-and-belonging,12,12,0,35
aghem,139321,forgiveness-and-new-beginnings,7,7,0,35
aghem,139321,exploring-jesus,21,21,0,35
aguna,139205,meaning-and-purpose,17,17,0,32
aguna,139205,hope-and-perseverance,14,14,0,32
aguna,139205,love-and-belonging,12,12,0,32
aguna,139205,forgiveness-and-new-beginnings,7,7,0,32
aguna,139205,exploring-jesus,18,18,0,32
agusan-surigao-manobo,184668,meaning-and-purpose,18,18,0,35
agusan-surigao-manobo,184668,hope-and-perseverance,16,16,0,35
agusan-surigao-manobo,184668,love-and-belonging,12,12,0,35
agusan-surigao-manobo,184668,forgiveness-and-new-beginnings,7,7,0,35
agusan-surigao-manobo,184668,exploring-jesus,21,21,0,35
ahanta,5170,meaning-and-purpose,18,18,0,35
ahanta,5170,hope-and-perseverance,16,16,0,35
ahanta,5170,love-and-belonging,12,12,0,35
ahanta,5170,forgiveness-and-new-beginnings,7,7,0,35
ahanta,5170,exploring-jesus,21,21,0,35
ahirani,6330,meaning-and-purpose,18,18,0,35
ahirani,6330,hope-and-perseverance,16,16,0,35
ahirani,6330,love-and-belonging,12,12,0,35
ahirani,6330,forgiveness-and-new-beginnings,7,7,0,35
ahirani,6330,exploring-jesus,21,21,0,35
aikana,184550,meaning-and-purpose,18,18,0,35
aikana,184550,hope-and-perseverance,16,16,0,35
aikana,184550,love-and-belonging,12,12,0,35
aikana,184550,forgiveness-and-new-beginnings,7,7,0,35
aikana,184550,exploring-jesus,21,21,0,35
aja-gbe,1280,meaning-and-purpose,23,23,0,56
aja-gbe,1280,hope-and-perseverance,26,26,0,56
aja-gbe,1280,love-and-belonging,20,19,1,57
aja-gbe,1280,forgiveness-and-new-beginnings,10,9,1,57
aja-gbe,1280,exploring-jesus,37,37,0,56
ajiya,141189,meaning-and-purpose,18,18,0,35
ajiya,141189,hope-and-perseverance,16,16,0,35
ajiya,141189,love-and-belonging,12,12,0,35
ajiya,141189,forgiveness-and-new-beginnings,7,7,0,35
ajiya,141189,exploring-jesus,21,21,0,35
akebu,141199,meaning-and-purpose,18,18,0,35
akebu,141199,hope-and-perseverance,16,16,0,35
akebu,141199,love-and-belonging,12,12,0,35
akebu,141199,forgiveness-and-new-beginnings,7,7,0,35
akebu,141199,exploring-jesus,21,21,0,35
akeu,96819,meaning-and-purpose,18,18,0,35
akeu,96819,hope-and-perseverance,16,16,0,35
akeu,96819,love-and-belonging,12,12,0,35
akeu,96819,forgiveness-and-new-beginnings,7,7,0,35
akeu,96819,exploring-jesus,21,21,0,35
akha,3712,meaning-and-purpose,18,18,0,36
akha,3712,hope-and-perseverance,16,16,0,36
akha,3712,love-and-belonging,12,12,0,36
akha,3712,forgiveness-and-new-beginnings,7,7,0,36
akha,3712,exploring-jesus,22,22,0,36
aklanon,12853,meaning-and-purpose,18,18,0,35
aklanon,12853,hope-and-perseverance,16,16,0,35
aklanon,12853,love-and-belonging,12,12,0,35
aklanon,12853,forgiveness-and-new-beginnings,7,7,0,35
aklanon,12853,exploring-jesus,21,21,0,35
akoose,2894,meaning-and-purpose,18,18,0,35
akoose,2894,hope-and-perseverance,16,16,0,35
akoose,2894,love-and-belonging,12,12,0,35
akoose,2894,forgiveness-and-new-beginnings,7,7,0,35
akoose,2894,exploring-jesus,21,21,0,35
akposo,5296,meaning-and-purpose,18,18,0,35
akposo,5296,hope-and-perseverance,16,16,0,35
akposo,5296,love-and-belonging,12,12,0,35
akposo,5296,forgiveness-and-new-beginnings,7,7,0,35
akposo,5296,exploring-jesus,21,21,0,35
akuku,139598,meaning-and-purpose,18,18,0,35
akuku,139598,hope-and-perseverance,16,16,0,35
akuku,139598,love-and-belonging,12,12,0,35
akuku,139598,forgiveness-and-new-beginnings,7,7,0,35
akuku,139598,exploring-jesus,21,21,0,35
alaba,4793,meaning-and-purpose,18,18,0,35
alaba,4793,hope-and-perseverance,16,16,0,35
alaba,4793,love-and-belonging,12,12,0,35
alaba,4793,forgiveness-and-new-beginnings,7,7,0,35
alaba,4793,exploring-jesus,21,21,0,35
alagwa,142694,meaning-and-purpose,18,18,0,35
alagwa,142694,hope-and-perseverance,16,16,0,35
alagwa,142694,love-and-belonging,12,12,0,35
alagwa,142694,forgiveness-and-new-beginnings,7,7,0,35
alagwa,142694,exploring-jesus,21,21,0,35
alangan,139397,meaning-and-purpose,18,18,0,35
alangan,139397,hope-and-perseverance,16,16,0,35
alangan,139397,love-and-belonging,12,12,0,35
alangan,139397,forgiveness-and-new-beginnings,7,7,0,35
alangan,139397,exploring-jesus,21,21,0,35
albanian,20526,meaning-and-purpose,25,25,0,72
albanian,20526,hope-and-perseverance,30,29,1,73
albanian,20526,love-and-belonging,30,28,2,74
albanian,20526,forgiveness-and-new-beginnings,17,16,1,73
albanian,20526,exploring-jesus,45,45,0,72
albanian-kosovar,20528,meaning-and-purpose,19,19,0,48
albanian-kosovar,20528,hope-and-perseverance,19,18,1,49
albanian-kosovar,20528,love-and-belonging,20,19,1,49
albanian-kosovar,20528,forgiveness-and-new-beginnings,14,14,0,48
albanian-kosovar,20528,exploring-jesus,27,27,0,48
ale-gawwada,98459,meaning-and-purpose,18,18,0,35
ale-gawwada,98459,hope-and-perseverance,16,16,0,35
ale-gawwada,98459,love-and-belonging,12,12,0,35
ale-gawwada,98459,forgiveness-and-new-beginnings,7,7,0,35
ale-gawwada,98459,exploring-jesus,21,21,0,35
alis-i-ron,134882,meaning-and-purpose,18,18,0,35
alis-i-ron,134882,hope-and-perseverance,16,16,0,35
alis-i-ron,134882,love-and-belonging,12,12,0,35
alis-i-ron,134882,forgiveness-and-new-beginnings,7,7,0,35
alis-i-ron,134882,exploring-jesus,21,21,0,35
altai,21554,meaning-and-purpose,18,18,0,35
altai,21554,hope-and-perseverance,16,16,0,35
altai,21554,love-and-belonging,12,12,0,35
altai,21554,forgiveness-and-new-beginnings,7,7,0,35
altai,21554,exploring-jesus,21,21,0,35
alur,14694,meaning-and-purpose,18,18,0,35
alur,14694,hope-and-perseverance,16,16,0,35
alur,14694,love-and-belonging,12,12,0,35
alur,14694,forgiveness-and-new-beginnings,7,7,0,35
alur,14694,exploring-jesus,21,21,0,35
ama,20118,meaning-and-purpose,18,18,0,35
ama,20118,hope-and-perseverance,16,16,0,35
ama,20118,love-and-belonging,12,12,0,35
ama,20118,forgiveness-and-new-beginnings,7,7,0,35
ama,20118,exploring-jesus,21,21,0,35
amam,184583,meaning-and-purpose,18,18,0,35
amam,184583,hope-and-perseverance,16,16,0,35
amam,184583,love-and-belonging,12,12,0,35
amam,184583,forgiveness-and-new-beginnings,7,7,0,35
amam,184583,exploring-jesus,21,21,0,35
amanab,10685,meaning-and-purpose,18,18,0,35
amanab,10685,hope-and-perseverance,16,16,0,35
amanab,10685,love-and-belonging,12,12,0,35
amanab,10685,forgiveness-and-new-beginnings,7,7,0,35
amanab,10685,exploring-jesus,21,21,0,35
ambae-east,144776,meaning-and-purpose,18,18,0,35
ambae-east,144776,hope-and-perseverance,16,16,0,35
ambae-east,144776,love-and-belonging,12,12,0,35
ambae-east,144776,forgiveness-and-new-beginnings,7,7,0,35
ambae-east,144776,exploring-jesus,21,21,0,35
ambai,139414,meaning-and-purpose,18,18,0,35
ambai,139414,hope-and-perseverance,16,16,0,35
ambai,139414,love-and-belonging,12,12,0,35
ambai,139414,forgiveness-and-new-beginnings,7,7,0,35
ambai,139414,exploring-jesus,21,21,0,35
ambrym-southeast,141931,meaning-and-purpose,18,18,0,35
ambrym-southeast,141931,hope-and-perseverance,16,16,0,35
ambrym-southeast,141931,love-and-belonging,12,12,0,35
ambrym-southeast,141931,forgiveness-and-new-beginnings,7,7,0,35
ambrym-southeast,141931,exploring-jesus,21,21,0,35
amdo-tibetan,23089,meaning-and-purpose,18,18,0,35
amdo-tibetan,23089,hope-and-perseverance,16,16,0,35
amdo-tibetan,23089,love-and-belonging,12,12,0,35
amdo-tibetan,23089,forgiveness-and-new-beginnings,7,7,0,35
amdo-tibetan,23089,exploring-jesus,21,21,0,35
american-sign-language,19171,meaning-and-purpose,0,0,0,2
american-sign-language,19171,hope-and-perseverance,1,1,0,2
american-sign-language,19171,love-and-belonging,0,0,0,2
american-sign-language,19171,forgiveness-and-new-beginnings,0,0,0,2
american-sign-language,19171,exploring-jesus,2,2,0,2
amharic,4791,meaning-and-purpose,26,26,0,83
amharic,4791,hope-and-perseverance,34,33,1,84
amharic,4791,love-and-belonging,33,30,3,86
amharic,4791,forgiveness-and-new-beginnings,19,18,1,84
amharic,4791,exploring-jesus,52,52,0,83
amuzgo-guerrero,8351,meaning-and-purpose,18,18,0,35
amuzgo-guerrero,8351,hope-and-perseverance,16,16,0,35
amuzgo-guerrero,8351,love-and-belonging,12,12,0,35
amuzgo-guerrero,8351,forgiveness-and-new-beginnings,7,7,0,35
amuzgo-guerrero,8351,exploring-jesus,21,21,0,35
amuzgo-oaxaca,8338,meaning-and-purpose,18,18,0,35
amuzgo-oaxaca,8338,hope-and-perseverance,16,16,0,35
amuzgo-oaxaca,8338,love-and-belonging,12,12,0,35
amuzgo-oaxaca,8338,forgiveness-and-new-beginnings,7,7,0,35
amuzgo-oaxaca,8338,exploring-jesus,21,21,0,35
anaang,9317,meaning-and-purpose,18,18,0,35
anaang,9317,hope-and-perseverance,16,16,0,35
anaang,9317,love-and-belonging,12,12,0,35
anaang,9317,forgiveness-and-new-beginnings,7,7,0,35
anaang,9317,exploring-jesus,21,21,0,35
andaandi,140196,meaning-and-purpose,18,18,0,35
andaandi,140196,hope-and-perseverance,16,16,0,35
andaandi,140196,love-and-belonging,12,12,0,35
andaandi,140196,forgiveness-and-new-beginnings,7,7,0,35
andaandi,140196,exploring-jesus,21,21,0,35
andio,140162,meaning-and-purpose,18,18,0,35
andio,140162,hope-and-perseverance,16,16,0,35
andio,140162,love-and-belonging,12,12,0,35
andio,140162,forgiveness-and-new-beginnings,7,7,0,35
andio,140162,exploring-jesus,21,21,0,35
angaataha,139319,meaning-and-purpose,18,18,0,35
angaataha,139319,hope-and-perseverance,16,16,0,35
angaataha,139319,love-and-belonging,12,12,0,35
angaataha,139319,forgiveness-and-new-beginnings,7,7,0,35
angaataha,139319,exploring-jesus,21,21,0,35
angal-heneng,139376,meaning-and-purpose,18,18,0,35
angal-heneng,139376,hope-and-perseverance,16,16,0,35
angal-heneng,139376,love-and-belonging,12,12,0,35
angal-heneng,139376,forgiveness-and-new-beginnings,7,7,0,35
angal-heneng,139376,exploring-jesus,21,21,0,35
angika,23330,meaning-and-purpose,18,18,0,35
angika,23330,hope-and-perseverance,16,16,0,35
angika,23330,love-and-belonging,12,12,0,35
angika,23330,forgiveness-and-new-beginnings,7,7,0,35
angika,23330,exploring-jesus,21,21,0,35
anjam,10810,meaning-and-purpose,18,18,0,35
anjam,10810,hope-and-perseverance,16,16,0,35
anjam,10810,love-and-belonging,12,12,0,35
anjam,10810,forgiveness-and-new-beginnings,7,7,0,35
anjam,10810,exploring-jesus,21,21,0,35
ansus,139429,meaning-and-purpose,18,18,0,35
ansus,139429,hope-and-perseverance,16,16,0,35
ansus,139429,love-and-belonging,12,12,0,35
ansus,139429,forgiveness-and-new-beginnings,7,7,0,35
ansus,139429,exploring-jesus,21,21,0,35
antandroy,23192,meaning-and-purpose,18,18,0,35
antandroy,23192,hope-and-perseverance,16,16,0,35
antandroy,23192,love-and-belonging,12,12,0,35
antandroy,23192,forgiveness-and-new-beginnings,7,7,0,35
antandroy,23192,exploring-jesus,21,21,0,35
antesaka,139153,meaning-and-purpose,0,0,0,0
antesaka,139153,hope-and-perseverance,0,0,0,0
antesaka,139153,love-and-belonging,0,0,0,0
antesaka,139153,forgiveness-and-new-beginnings,0,0,0,0
antesaka,139153,exploring-jesus,0,0,0,0
anuak,4790,meaning-and-purpose,18,18,0,35
anuak,4790,hope-and-perseverance,16,16,0,35
anuak,4790,love-and-belonging,12,12,0,35
anuak,4790,forgiveness-and-new-beginnings,7,7,0,35
anuak,4790,exploring-jesus,21,21,0,35
anufo,1345,meaning-and-purpose,18,18,0,39
anufo,1345,hope-and-perseverance,17,17,0,39
anufo,1345,love-and-belonging,14,14,0,39
anufo,1345,forgiveness-and-new-beginnings,10,10,0,39
anufo,1345,exploring-jesus,23,23,0,39
anyin,5333,meaning-and-purpose,18,18,0,35
anyin,5333,hope-and-perseverance,16,16,0,35
anyin,5333,love-and-belonging,12,12,0,35
anyin,5333,forgiveness-and-new-beginnings,7,7,0,35
anyin,5333,exploring-jesus,21,21,0,35
ao,176313,meaning-and-purpose,18,18,0,35
ao,176313,hope-and-perseverance,16,16,0,35
ao,176313,love-and-belonging,12,12,0,35
ao,176313,forgiveness-and-new-beginnings,7,7,0,35
ao,176313,exploring-jesus,21,21,0,35
aokha,142264,meaning-and-purpose,18,18,0,35
aokha,142264,hope-and-perseverance,16,16,0,35
aokha,142264,love-and-belonging,12,12,0,35
aokha,142264,forgiveness-and-new-beginnings,7,7,0,35
aokha,142264,exploring-jesus,21,21,0,35
apalai,139476,meaning-and-purpose,18,18,0,35
apalai,139476,hope-and-perseverance,16,16,0,35
apalai,139476,love-and-belonging,12,12,0,35
apalai,139476,forgiveness-and-new-beginnings,7,7,0,35
apalai,139476,exploring-jesus,21,21,0,35
apinaye,1890,meaning-and-purpose,18,18,0,35
apinaye,1890,hope-and-perseverance,16,16,0,35
apinaye,1890,love-and-belonging,12,12,0,35
apinaye,1890,forgiveness-and-new-beginnings,7,7,0,35
apinaye,1890,exploring-jesus,21,21,0,35
apurina,1889,meaning-and-purpose,18,18,0,35
apurina,1889,hope-and-perseverance,16,16,0,35
apurina,1889,love-and-belonging,12,12,0,35
apurina,1889,forgiveness-and-new-beginnings,7,7,0,35
apurina,1889,exploring-jesus,21,21,0,35
arabic-algerian-spoken,525,meaning-and-purpose,24,24,0,69
arabic-algerian-spoken,525,hope-and-perseverance,29,28,1,70
arabic-algerian-spoken,525,love-and-belonging,28,26,2,71
arabic-algerian-spoken,525,forgiveness-and-new-beginnings,16,15,1,70
arabic-algerian-spoken,525,exploring-jesus,43,43,0,69
arabic-bedouin,184531,meaning-and-purpose,18,18,0,35
arabic-bedouin,184531,hope-and-perseverance,16,16,0,35
arabic-bedouin,184531,love-and-belonging,12,12,0,35
arabic-bedouin,184531,forgiveness-and-new-beginnings,7,7,0,35
arabic-bedouin,184531,exploring-jesus,21,21,0,35
arabic-chadian-spoken,20531,meaning-and-purpose,19,19,0,47
arabic-chadian-spoken,20531,hope-and-perseverance,19,18,1,48
arabic-chadian-spoken,20531,love-and-belonging,20,19,1,48
arabic-chadian-spoken,20531,forgiveness-and-new-beginnings,13,13,0,47
arabic-chadian-spoken,20531,exploring-jesus,26,26,0,47
arabic-egyptian-colloquial,20533,meaning-and-purpose,26,26,0,84
arabic-egyptian-colloquial,20533,hope-and-perseverance,34,33,1,85
arabic-egyptian-colloquial,20533,love-and-belonging,34,32,2,86
arabic-egyptian-colloquial,20533,forgiveness-and-new-beginnings,19,18,1,85
arabic-egyptian-colloquial,20533,exploring-jesus,53,53,0,84
arabic-gulf,139181,meaning-and-purpose,23,23,0,57
arabic-gulf,139181,hope-and-perseverance,26,26,0,57
arabic-gulf,139181,love-and-belonging,20,19,1,58
arabic-gulf,139181,forgiveness-and-new-beginnings,10,9,1,58
arabic-gulf,139181,exploring-jesus,38,38,0,57
arabic-hassaniya,7839,meaning-and-purpose,19,19,0,47
arabic-hassaniya,7839,hope-and-perseverance,19,18,1,48
arabic-hassaniya,7839,love-and-belonging,20,19,1,48
arabic-hassaniya,7839,forgiveness-and-new-beginnings,13,13,0,47
arabic-hassaniya,7839,exploring-jesus,26,26,0,47
arabic-hijazi,184592,meaning-and-purpose,18,18,0,36
arabic-hijazi,184592,hope-and-perseverance,16,16,0,36
arabic-hijazi,184592,love-and-belonging,12,12,0,36
arabic-hijazi,184592,forgiveness-and-new-beginnings,7,7,0,36
arabic-hijazi,184592,exploring-jesus,22,22,0,36
arabic-iraqi-baghdadi,21061,meaning-and-purpose,19,19,0,47
arabic-iraqi-baghdadi,21061,hope-and-perseverance,19,18,1,48
arabic-iraqi-baghdadi,21061,love-and-belonging,20,19,1,48
arabic-iraqi-baghdadi,21061,forgiveness-and-new-beginnings,13,13,0,47
arabic-iraqi-baghdadi,21061,exploring-jesus,26,26,0,47
arabic-juba,38242,meaning-and-purpose,18,18,0,35
arabic-juba,38242,hope-and-perseverance,16,16,0,35
arabic-juba,38242,love-and-belonging,12,12,0,35
arabic-juba,38242,forgiveness-and-new-beginnings,7,7,0,35
arabic-juba,38242,exploring-jesus,21,21,0,35
arabic-khuzestani,185355,meaning-and-purpose,18,18,0,35
arabic-khuzestani,185355,hope-and-perseverance,16,16,0,35
arabic-khuzestani,185355,love-and-belonging,12,12,0,35
arabic-khuzestani,185355,forgiveness-and-new-beginnings,7,7,0,35
arabic-khuzestani,185355,exploring-jesus,21,21,0,35
arabic-libyan,184848,meaning-and-purpose,18,18,0,35
arabic-libyan,184848,hope-and-perseverance,16,16,0,35
arabic-libyan,184848,love-and-belonging,12,12,0,35
arabic-libyan,184848,forgiveness-and-new-beginnings,7,7,0,35
arabic-libyan,184848,exploring-jesus,21,21,0,35
arabic-modern-standard,22658,meaning-and-purpose,61,61,0,164
arabic-modern-standard,22658,hope-and-perseverance,64,63,1,165
arabic-modern-standard,22658,love-and-belonging,62,60,2,166
arabic-modern-standard,22658,forgiveness-and-new-beginnings,42,40,2,166
arabic-modern-standard,22658,exploring-jesus,84,84,0,164
arabic-modern-standard-egyptian,53441,meaning-and-purpose,24,24,0,60
arabic-modern-standard-egyptian,53441,hope-and-perseverance,26,26,0,60
arabic-modern-standard-egyptian,53441,love-and-belonging,20,19,1,61
arabic-modern-standard-egyptian,53441,forgiveness-and-new-beginnings,11,10,1,61
arabic-modern-standard-egyptian,53441,exploring-jesus,41,41,0,60
arabic-modern-standard-sharif,184495,meaning-and-purpose,18,18,0,35
arabic-modern-standard-sharif,184495,hope-and-perseverance,16,16,0,35
arabic-modern-standard-sharif,184495,love-and-belonging,12,12,0,35
arabic-modern-standard-sharif,184495,forgiveness-and-new-beginnings,7,7,0,35
arabic-modern-standard-sharif,184495,exploring-jesus,21,21,0,35
arabic-moroccan-spoken,8418,meaning-and-purpose,24,24,0,71
arabic-moroccan-spoken,8418,hope-and-perseverance,30,29,1,72
arabic-moroccan-spoken,8418,love-and-belonging,29,27,2,73
arabic-moroccan-spoken,8418,forgiveness-and-new-beginnings,16,15,1,72
arabic-moroccan-spoken,8418,exploring-jesus,45,45,0,71
arabic-najdi,184591,meaning-and-purpose,1,1,0,6
arabic-najdi,184591,hope-and-perseverance,2,2,0,6
arabic-najdi,184591,love-and-belonging,1,1,0,6
arabic-najdi,184591,forgiveness-and-new-beginnings,2,2,0,6
arabic-najdi,184591,exploring-jesus,5,5,0,6
arabic-north-african,20538,meaning-and-purpose,0,0,0,1
arabic-north-african,20538,hope-and-perseverance,0,0,0,1
arabic-north-african,20538,love-and-belonging,0,0,0,1
arabic-north-african,20538,forgiveness-and-new-beginnings,0,0,0,1
arabic-north-african,20538,exploring-jesus,1,1,0,1
arabic-palestinian,53347,meaning-and-purpose,24,24,0,69
arabic-palestinian,53347,hope-and-perseverance,29,28,1,70
arabic-palestinian,53347,love-and-belonging,28,26,2,71
arabic-palestinian,53347,forgiveness-and-new-beginnings,16,15,1,70
arabic-palestinian,53347,exploring-jesus,43,43,0,69
arabic-saidi-spoken,4532,meaning-and-purpose,23,23,0,57
arabic-saidi-spoken,4532,hope-and-perseverance,26,26,0,57
arabic-saidi-spoken,4532,love-and-belonging,20,19,1,58
arabic-saidi-spoken,4532,forgiveness-and-new-beginnings,10,9,1,58
arabic-saidi-spoken,4532,exploring-jesus,38,38,0,57
arabic-sanaani,15161,meaning-and-purpose,18,18,0,36
arabic-sanaani,15161,hope-and-perseverance,16,16,0,36
arabic-sanaani,15161,love-and-belonging,12,12,0,36
arabic-sanaani,15161,forgiveness-and-new-beginnings,7,7,0,36
arabic-sanaani,15161,exploring-jesus,22,22,0,36
arabic-sudanese-spoken,13562,meaning-and-purpose,25,25,0,70
arabic-sudanese-spoken,13562,hope-and-perseverance,29,28,1,71
arabic-sudanese-spoken,13562,love-and-belonging,29,27,2,72
arabic-sudanese-spoken,13562,forgiveness-and-new-beginnings,16,15,1,71
arabic-sudanese-spoken,13562,exploring-jesus,43,43,0,70
arabic-taizzi-yemeni,184627,meaning-and-purpose,23,23,0,56
arabic-taizzi-yemeni,184627,hope-and-perseverance,26,26,0,56
arabic-taizzi-yemeni,184627,love-and-belonging,20,19,1,57
arabic-taizzi-yemeni,184627,forgiveness-and-new-beginnings,10,9,1,57
arabic-taizzi-yemeni,184627,exploring-jesus,37,37,0,56
arabic-tunisian,20547,meaning-and-purpose,24,24,0,68
arabic-tunisian,20547,hope-and-perseverance,29,28,1,69
arabic-tunisian,20547,love-and-belonging,28,26,2,70
arabic-tunisian,20547,forgiveness-and-new-beginnings,16,15,1,69
arabic-tunisian,20547,exploring-jesus,42,42,0,68
aralle,145459,meaning-and-purpose,18,18,0,35
aralle,145459,hope-and-perseverance,16,16,0,35
aralle,145459,love-and-belonging,12,12,0,35
aralle,145459,forgiveness-and-new-beginnings,7,7,0,35
aralle,145459,exploring-jesus,21,21,0,35
aramba,11251,meaning-and-purpose,18,18,0,35
aramba,11251,hope-and-perseverance,16,16,0,35
aramba,11251,love-and-belonging,12,12,0,35
aramba,11251,forgiveness-and-new-beginnings,7,7,0,35
aramba,11251,exploring-jesus,21,21,0,35
arbore,139498,meaning-and-purpose,18,18,0,35
arbore,139498,hope-and-perseverance,16,16,0,35
arbore,139498,love-and-belonging,12,12,0,35
arbore,139498,forgiveness-and-new-beginnings,7,7,0,35
arbore,139498,exploring-jesus,21,21,0,35
are,144351,meaning-and-purpose,18,18,0,35
are,144351,hope-and-perseverance,16,16,0,35
are,144351,love-and-belonging,12,12,0,35
are,144351,forgiveness-and-new-beginnings,7,7,0,35
are,144351,exploring-jesus,21,21,0,35
arhe,139524,meaning-and-purpose,18,18,0,35
arhe,139524,hope-and-perseverance,16,16,0,35
arhe,139524,love-and-belonging,12,12,0,35
arhe,139524,forgiveness-and-new-beginnings,7,7,0,35
arhe,139524,exploring-jesus,21,21,0,35
arifama-miniafia,10616,meaning-and-purpose,18,18,0,35
arifama-miniafia,10616,hope-and-perseverance,16,16,0,35
arifama-miniafia,10616,love-and-belonging,12,12,0,35
arifama-miniafia,10616,forgiveness-and-new-beginnings,7,7,0,35
arifama-miniafia,10616,exploring-jesus,21,21,0,35
aringa,99508,meaning-and-purpose,18,18,0,35
aringa,99508,hope-and-perseverance,16,16,0,35
aringa,99508,love-and-belonging,12,12,0,35
aringa,99508,forgiveness-and-new-beginnings,7,7,0,35
aringa,99508,exploring-jesus,21,21,0,35
armenian,646,meaning-and-purpose,25,25,0,71
armenian,646,hope-and-perseverance,29,28,1,72
armenian,646,love-and-belonging,29,27,2,73
armenian,646,forgiveness-and-new-beginnings,17,16,1,72
armenian,646,exploring-jesus,44,44,0,71
armenian-western,20550,meaning-and-purpose,23,23,0,58
armenian-western,20550,hope-and-perseverance,26,26,0,58
armenian-western,20550,love-and-belonging,20,19,1,59
armenian-western,20550,forgiveness-and-new-beginnings,11,10,1,59
armenian-western,20550,exploring-jesus,39,39,0,58
arosi,139342,meaning-and-purpose,18,18,0,35
arosi,139342,hope-and-perseverance,16,16,0,35
arosi,139342,love-and-belonging,12,12,0,35
arosi,139342,forgiveness-and-new-beginnings,7,7,0,35
arosi,139342,exploring-jesus,21,21,0,35
arumanian,176089,meaning-and-purpose,23,23,0,56
arumanian,176089,hope-and-perseverance,26,26,0,56
arumanian,176089,love-and-belonging,20,19,1,57
arumanian,176089,forgiveness-and-new-beginnings,10,9,1,57
arumanian,176089,exploring-jesus,37,37,0,56
asante-twi,185199,meaning-and-purpose,23,23,0,61
asante-twi,185199,hope-and-perseverance,27,27,0,61
asante-twi,185199,love-and-belonging,22,21,1,62
asante-twi,185199,forgiveness-and-new-beginnings,13,12,1,62
asante-twi,185199,exploring-jesus,40,40,0,61
ashaninka,140060,meaning-and-purpose,23,23,0,56
ashaninka,140060,hope-and-perseverance,26,26,0,56
ashaninka,140060,love-and-belonging,20,19,1,57
ashaninka,140060,forgiveness-and-new-beginnings,10,9,1,57
ashaninka,140060,exploring-jesus,37,37,0,56
asheninca-pichis,23941,meaning-and-purpose,18,18,0,35
asheninca-pichis,23941,hope-and-perseverance,16,16,0,35
asheninca-pichis,23941,love-and-belonging,12,12,0,35
asheninca-pichis,23941,forgiveness-and-new-beginnings,7,7,0,35
asheninca-pichis,23941,exploring-jesus,21,21,0,35
assamese,1171,meaning-and-purpose,23,23,0,59
assamese,1171,hope-and-perseverance,28,28,0,59
assamese,1171,love-and-belonging,22,21,1,60
assamese,1171,forgiveness-and-new-beginnings,10,9,1,60
assamese,1171,exploring-jesus,39,39,0,59
assamese-muslim,185219,meaning-and-purpose,18,18,0,35
assamese-muslim,185219,hope-and-perseverance,16,16,0,35
assamese-muslim,185219,love-and-belonging,12,12,0,35
assamese-muslim,185219,forgiveness-and-new-beginnings,7,7,0,35
assamese-muslim,185219,exploring-jesus,21,21,0,35
assyrian,20551,meaning-and-purpose,23,23,0,56
assyrian,20551,hope-and-perseverance,26,26,0,56
assyrian,20551,love-and-belonging,20,19,1,57
assyrian,20551,forgiveness-and-new-beginnings,10,9,1,57
assyrian,20551,exploring-jesus,37,37,0,56
ateso,20963,meaning-and-purpose,18,18,0,39
ateso,20963,hope-and-perseverance,17,17,0,39
ateso,20963,love-and-belonging,14,14,0,39
ateso,20963,forgiveness-and-new-beginnings,10,10,0,39
ateso,20963,exploring-jesus,23,23,0,39
athpariya,97073,meaning-and-purpose,18,18,0,35
athpariya,97073,hope-and-perseverance,16,16,0,35
athpariya,97073,love-and-belonging,12,12,0,35
athpariya,97073,forgiveness-and-new-beginnings,7,7,0,35
athpariya,97073,exploring-jesus,21,21,0,35
atitlan-mixe,20830,meaning-and-purpose,18,18,0,35
atitlan-mixe,20830,hope-and-perseverance,16,16,0,35
atitlan-mixe,20830,love-and-belonging,12,12,0,35
atitlan-mixe,20830,forgiveness-and-new-beginnings,7,7,0,35
atitlan-mixe,20830,exploring-jesus,21,21,0,35
auhelawa,141644,meaning-and-purpose,18,18,0,35
auhelawa,141644,hope-and-perseverance,16,16,0,35
auhelawa,141644,love-and-belonging,12,12,0,35
auhelawa,141644,forgiveness-and-new-beginnings,7,7,0,35
auhelawa,141644,exploring-jesus,21,21,0,35
aukaans,18698,meaning-and-purpose,18,18,0,35
aukaans,18698,hope-and-perseverance,16,16,0,35
aukaans,18698,love-and-belonging,12,12,0,35
aukaans,18698,forgiveness-and-new-beginnings,7,7,0,35
aukaans,18698,exploring-jesus,21,21,0,35
avar,15882,meaning-and-purpose,18,18,0,35
avar,15882,hope-and-perseverance,16,16,0,35
avar,15882,love-and-belonging,12,12,0,35
avar,15882,forgiveness-and-new-beginnings,7,7,0,35
avar,15882,exploring-jesus,21,21,0,35
avikam,16111,meaning-and-purpose,18,18,0,35
avikam,16111,hope-and-perseverance,16,16,0,35
avikam,16111,love-and-belonging,12,12,0,35
avikam,16111,forgiveness-and-new-beginnings,7,7,0,35
avikam,16111,exploring-jesus,21,21,0,35
avokaya,13567,meaning-and-purpose,18,18,0,35
avokaya,13567,hope-and-perseverance,16,16,0,35
avokaya,13567,love-and-belonging,12,12,0,35
avokaya,13567,forgiveness-and-new-beginnings,7,7,0,35
avokaya,13567,exploring-jesus,21,21,0,35
awa,100703,meaning-and-purpose,18,18,0,35
awa,100703,hope-and-perseverance,16,16,0,35
awa,100703,love-and-belonging,12,12,0,35
awa,100703,forgiveness-and-new-beginnings,7,7,0,35
awa,100703,exploring-jesus,21,21,0,35
awa-8,139568,meaning-and-purpose,18,18,0,35
awa-8,139568,hope-and-perseverance,16,16,0,35
awa-8,139568,love-and-belonging,12,12,0,35
awa-8,139568,forgiveness-and-new-beginnings,7,7,0,35
awa-8,139568,exploring-jesus,21,21,0,35
awa-cuaiquer,141518,meaning-and-purpose,18,18,0,35
awa-cuaiquer,141518,hope-and-perseverance,16,16,0,35
awa-cuaiquer,141518,love-and-belonging,12,12,0,35
awa-cuaiquer,141518,forgiveness-and-new-beginnings,7,7,0,35
awa-cuaiquer,141518,exploring-jesus,21,21,0,35
awad-bing,139661,meaning-and-purpose,18,18,0,35
awad-bing,139661,hope-and-perseverance,16,16,0,35
awad-bing,139661,love-and-belonging,12,12,0,35
awad-bing,139661,forgiveness-and-new-beginnings,7,7,0,35
awad-bing,139661,exploring-jesus,21,21,0,35
awadhi,5603,meaning-and-purpose,23,23,0,57
awadhi,5603,hope-and-perseverance,26,26,0,57
awadhi,5603,love-and-belonging,20,19,1,58
awadhi,5603,forgiveness-and-new-beginnings,10,9,1,58
awadhi,5603,exploring-jesus,38,38,0,57
awadhi-nepal,184922,meaning-and-purpose,18,18,0,35
awadhi-nepal,184922,hope-and-perseverance,16,16,0,35
awadhi-nepal,184922,love-and-belonging,12,12,0,35
awadhi-nepal,184922,forgiveness-and-new-beginnings,7,7,0,35
awadhi-nepal,184922,exploring-jesus,21,21,0,35
awajun,139322,meaning-and-purpose,18,18,0,35
awajun,139322,hope-and-perseverance,16,16,0,35
awajun,139322,love-and-belonging,12,12,0,35
awajun,139322,forgiveness-and-new-beginnings,7,7,0,35
awajun,139322,exploring-jesus,21,21,0,35
awak,10231,meaning-and-purpose,18,18,0,35
awak,10231,hope-and-perseverance,16,16,0,35
awak,10231,love-and-belonging,12,12,0,35
awak,10231,forgiveness-and-new-beginnings,7,7,0,35
awak,10231,exploring-jesus,21,21,0,35
awgni,53389,meaning-and-purpose,18,18,0,35
awgni,53389,hope-and-perseverance,16,16,0,35
awgni,53389,love-and-belonging,12,12,0,35
awgni,53389,forgiveness-and-new-beginnings,7,7,0,35
awgni,53389,exploring-jesus,21,21,0,35
awing,139611,meaning-and-purpose,18,18,0,35
awing,139611,hope-and-perseverance,16,16,0,35
awing,139611,love-and-belonging,12,12,0,35
awing,139611,forgiveness-and-new-beginnings,7,7,0,35
awing,139611,exploring-jesus,21,21,0,35
awutu,19468,meaning-and-purpose,18,18,0,39
awutu,19468,hope-and-perseverance,17,17,0,39
awutu,19468,love-and-belonging,14,14,0,39
awutu,19468,forgiveness-and-new-beginnings,10,10,0,39
awutu,19468,exploring-jesus,23,23,0,39
ayizo-2,157289,meaning-and-purpose,17,17,0,32
ayizo-2,157289,hope-and-perseverance,14,14,0,32
ayizo-2,157289,love-and-belonging,12,12,0,32
ayizo-2,157289,forgiveness-and-new-beginnings,7,7,0,32
ayizo-2,157289,exploring-jesus,18,18,0,32
ayizo-tori,145621,meaning-and-purpose,0,0,0,1
ayizo-tori,145621,hope-and-perseverance,0,0,0,1
ayizo-tori,145621,love-and-belonging,0,0,0,1
ayizo-tori,145621,forgiveness-and-new-beginnings,0,0,0,1
ayizo-tori,145621,exploring-jesus,1,1,0,1
aymara-central,616,meaning-and-purpose,24,24,0,69
aymara-central,616,hope-and-perseverance,29,28,1,70
aymara-central,616,love-and-belonging,28,26,2,71
aymara-central,616,forgiveness-and-new-beginnings,16,15,1,70
aymara-central,616,exploring-jesus,43,43,0,69
ayoreo,139601,meaning-and-purpose,18,18,0,35
ayoreo,139601,hope-and-perseverance,16,16,0,35
ayoreo,139601,love-and-belonging,12,12,0,35
ayoreo,139601,forgiveness-and-new-beginnings,7,7,0,35
ayoreo,139601,exploring-jesus,21,21,0,35
ayta-abellen,96911,meaning-and-purpose,18,18,0,35
ayta-abellen,96911,hope-and-perseverance,16,16,0,35
ayta-abellen,96911,love-and-belonging,12,12,0,35
ayta-abellen,96911,forgiveness-and-new-beginnings,7,7,0,35
ayta-abellen,96911,exploring-jesus,21,21,0,35
ayta-ambala,139244,meaning-and-purpose,18,18,0,35
ayta-ambala,139244,hope-and-perseverance,16,16,0,35
ayta-ambala,139244,love-and-belonging,12,12,0,35
ayta-ambala,139244,forgiveness-and-new-beginnings,7,7,0,35
ayta-ambala,139244,exploring-jesus,21,21,0,35
ayta-mag-antsi,12596,meaning-and-purpose,18,18,0,35
ayta-mag-antsi,12596,hope-and-perseverance,16,16,0,35
ayta-mag-antsi,12596,love-and-belonging,12,12,0,35
ayta-mag-antsi,12596,forgiveness-and-new-beginnings,7,7,0,35
ayta-mag-antsi,12596,exploring-jesus,21,21,0,35
ayta-mag-indi,139772,meaning-and-purpose,18,18,0,35
ayta-mag-indi,139772,hope-and-perseverance,16,16,0,35
ayta-mag-indi,139772,love-and-belonging,12,12,0,35
ayta-mag-indi,139772,forgiveness-and-new-beginnings,7,7,0,35
ayta-mag-indi,139772,exploring-jesus,21,21,0,35
azerbaijani-iran,355,meaning-and-purpose,19,19,0,48
azerbaijani-iran,355,hope-and-perseverance,20,19,1,49
azerbaijani-iran,355,love-and-belonging,21,20,1,49
azerbaijani-iran,355,forgiveness-and-new-beginnings,13,13,0,48
azerbaijani-iran,355,exploring-jesus,27,27,0,48
azerbaijani-north,689,meaning-and-purpose,26,26,0,78
azerbaijani-north,689,hope-and-perseverance,31,30,1,79
azerbaijani-north,689,love-and-belonging,29,27,2,80
azerbaijani-north,689,forgiveness-and-new-beginnings,19,18,1,79
azerbaijani-north,689,exploring-jesus,51,51,0,78
azha,97274,meaning-and-purpose,18,18,0,35
azha,97274,hope-and-perseverance,16,16,0,35
azha,97274,love-and-belonging,12,12,0,35
azha,97274,forgiveness-and-new-beginnings,7,7,0,35
azha,97274,exploring-jesus,21,21,0,35
aztec-nahuatl-guerrero,20843,meaning-and-purpose,18,18,0,35
aztec-nahuatl-guerrero,20843,hope-and-perseverance,16,16,0,35
aztec-nahuatl-guerrero,20843,love-and-belonging,12,12,0,35
aztec-nahuatl-guerrero,20843,forgiveness-and-new-beginnings,7,7,0,35
aztec-nahuatl-guerrero,20843,exploring-jesus,21,21,0,35
babanki,139635,meaning-and-purpose,18,18,0,35
babanki,139635,hope-and-perseverance,16,16,0,35
babanki,139635,love-and-belonging,12,12,0,35
babanki,139635,forgiveness-and-new-beginnings,7,7,0,35
babanki,139635,exploring-jesus,21,21,0,35
bacama-bwatiye,53330,meaning-and-purpose,18,18,0,35
bacama-bwatiye,53330,hope-and-perseverance,16,16,0,35
bacama-bwatiye,53330,love-and-belonging,12,12,0,35
bacama-bwatiye,53330,forgiveness-and-new-beginnings,7,7,0,35
bacama-bwatiye,53330,exploring-jesus,21,21,0,35
bada,19547,meaning-and-purpose,18,18,0,35
bada,19547,hope-and-perseverance,16,16,0,35
bada,19547,love-and-belonging,12,12,0,35
bada,19547,forgiveness-and-new-beginnings,7,7,0,35
bada,19547,exploring-jesus,21,21,0,35
badaga,5613,meaning-and-purpose,23,23,0,56
badaga,5613,hope-and-perseverance,26,26,0,56
badaga,5613,love-and-belonging,20,19,1,57
badaga,5613,forgiveness-and-new-beginnings,10,9,1,57
badaga,5613,exploring-jesus,37,37,0,56
bade,10221,meaning-and-purpose,18,18,0,35
bade,10221,hope-and-perseverance,16,16,0,35
bade,10221,love-and-belonging,12,12,0,35
bade,10221,forgiveness-and-new-beginnings,7,7,0,35
bade,10221,exploring-jesus,21,21,0,35
bado-parja,184499,meaning-and-purpose,18,18,0,35
bado-parja,184499,hope-and-perseverance,16,16,0,35
bado-parja,184499,love-and-belonging,12,12,0,35
bado-parja,184499,forgiveness-and-new-beginnings,7,7,0,35
bado-parja,184499,exploring-jesus,21,21,0,35
baeggu,139997,meaning-and-purpose,18,18,0,35
baeggu,139997,hope-and-perseverance,16,16,0,35
baeggu,139997,love-and-belonging,12,12,0,35
baeggu,139997,forgiveness-and-new-beginnings,7,7,0,35
baeggu,139997,exploring-jesus,21,21,0,35
baelelea,139996,meaning-and-purpose,18,18,0,35
baelelea,139996,hope-and-perseverance,16,16,0,35
baelelea,139996,love-and-belonging,12,12,0,35
baelelea,139996,forgiveness-and-new-beginnings,7,7,0,35
baelelea,139996,exploring-jesus,21,21,0,35
bafut,2819,meaning-and-purpose,18,18,0,35
bafut,2819,hope-and-perseverance,16,16,0,35
bafut,2819,love-and-belonging,12,12,0,35
bafut,2819,forgiveness-and-new-beginnings,7,7,0,35
bafut,2819,exploring-jesus,21,21,0,35
bagheli,6648,meaning-and-purpose,18,18,0,35
bagheli,6648,hope-and-perseverance,16,16,0,35
bagheli,6648,love-and-belonging,12,12,0,35
bagheli,6648,forgiveness-and-new-beginnings,7,7,0,35
bagheli,6648,exploring-jesus,21,21,0,35
bagri,5699,meaning-and-purpose,23,23,0,56
bagri,5699,hope-and-perseverance,26,26,0,56
bagri,5699,love-and-belonging,20,19,1,57
bagri,5699,forgiveness-and-new-beginnings,10,9,1,57
bagri,5699,exploring-jesus,37,37,0,56
bahasa-melayu-2,170534,meaning-and-purpose,0,0,0,1
bahasa-melayu-2,170534,hope-and-perseverance,0,0,0,1
bahasa-melayu-2,170534,love-and-belonging,0,0,0,1
bahasa-melayu-2,170534,forgiveness-and-new-beginnings,0,0,0,1
bahasa-melayu-2,170534,exploring-jesus,1,1,0,1
bahnar,19391,meaning-and-purpose,18,18,0,35
bahnar,19391,hope-and-perseverance,16,16,0,35
bahnar,19391,love-and-belonging,12,12,0,35
bahnar,19391,forgiveness-and-new-beginnings,7,7,0,35
bahnar,19391,exploring-jesus,21,21,0,35
bai,3948,meaning-and-purpose,18,18,0,35
bai,3948,hope-and-perseverance,16,16,0,35
bai,3948,love-and-belonging,12,12,0,35
bai,3948,forgiveness-and-new-beginnings,7,7,0,35
bai,3948,exploring-jesus,21,21,0,35
bai-lama,184480,meaning-and-purpose,18,18,0,35
bai-lama,184480,hope-and-perseverance,16,16,0,35
bai-lama,184480,love-and-belonging,12,12,0,35
bai-lama,184480,forgiveness-and-new-beginnings,7,7,0,35
bai-lama,184480,exploring-jesus,21,21,0,35
bai-southern,25916,meaning-and-purpose,19,19,0,40
bai-southern,25916,hope-and-perseverance,18,18,0,40
bai-southern,25916,love-and-belonging,13,13,0,40
bai-southern,25916,forgiveness-and-new-beginnings,9,9,0,40
bai-southern,25916,exploring-jesus,25,25,0,40
baiso,139961,meaning-and-purpose,18,18,0,35
baiso,139961,hope-and-perseverance,16,16,0,35
baiso,139961,love-and-belonging,12,12,0,35
baiso,139961,forgiveness-and-new-beginnings,7,7,0,35
baiso,139961,exploring-jesus,21,21,0,35
baitadeli,111587,meaning-and-purpose,18,18,0,35
baitadeli,111587,hope-and-perseverance,16,16,0,35
baitadeli,111587,love-and-belonging,12,12,0,35
baitadeli,111587,forgiveness-and-new-beginnings,7,7,0,35
baitadeli,111587,exploring-jesus,21,21,0,35
bajau-indonesian,17655,meaning-and-purpose,18,18,0,35
bajau-indonesian,17655,hope-and-perseverance,16,16,0,35
bajau-indonesian,17655,love-and-belonging,12,12,0,35
bajau-indonesian,17655,forgiveness-and-new-beginnings,7,7,0,35
bajau-indonesian,17655,exploring-jesus,21,21,0,35
bajhangi,111589,meaning-and-purpose,18,18,0,35
bajhangi,111589,hope-and-perseverance,16,16,0,35
bajhangi,111589,love-and-belonging,12,12,0,35
bajhangi,111589,forgiveness-and-new-beginnings,7,7,0,35
bajhangi,111589,exploring-jesus,21,21,0,35
bajureli,184907,meaning-and-purpose,18,18,0,35
bajureli,184907,hope-and-perseverance,16,16,0,35
bajureli,184907,love-and-belonging,12,12,0,35
bajureli,184907,forgiveness-and-new-beginnings,7,7,0,35
bajureli,184907,exploring-jesus,21,21,0,35
baka,97237,meaning-and-purpose,18,18,0,35
baka,97237,hope-and-perseverance,16,16,0,35
baka,97237,love-and-belonging,12,12,0,35
baka,97237,forgiveness-and-new-beginnings,7,7,0,35
baka,97237,exploring-jesus,21,21,0,35
bakairi,1884,meaning-and-purpose,18,18,0,35
bakairi,1884,hope-and-perseverance,16,16,0,35
bakairi,1884,love-and-belonging,12,12,0,35
bakairi,1884,forgiveness-and-new-beginnings,7,7,0,35
bakairi,1884,exploring-jesus,21,21,0,35
bakhtiari,6800,meaning-and-purpose,18,18,0,35
bakhtiari,6800,hope-and-perseverance,16,16,0,35
bakhtiari,6800,love-and-belonging,12,12,0,35
bakhtiari,6800,forgiveness-and-new-beginnings,7,7,0,35
bakhtiari,6800,exploring-jesus,21,21,0,35
bakumpai,19560,meaning-and-purpose,18,18,0,35
bakumpai,19560,hope-and-perseverance,16,16,0,35
bakumpai,19560,love-and-belonging,12,12,0,35
bakumpai,19560,forgiveness-and-new-beginnings,7,7,0,35
bakumpai,19560,exploring-jesus,21,21,0,35
bakwe,184847,meaning-and-purpose,18,18,0,35
bakwe,184847,hope-and-perseverance,16,16,0,35
bakwe,184847,love-and-belonging,12,12,0,35
bakwe,184847,forgiveness-and-new-beginnings,7,7,0,35
bakwe,184847,exploring-jesus,21,21,0,35
balangao,12808,meaning-and-purpose,18,18,0,35
balangao,12808,hope-and-perseverance,16,16,0,35
balangao,12808,love-and-belonging,12,12,0,35
balangao,12808,forgiveness-and-new-beginnings,7,7,0,35
balangao,12808,exploring-jesus,21,21,0,35
balangin-indo,184936,meaning-and-purpose,18,18,0,35
balangin-indo,184936,hope-and-perseverance,16,16,0,35
balangin-indo,184936,love-and-belonging,12,12,0,35
balangin-indo,184936,forgiveness-and-new-beginnings,7,7,0,35
balangin-indo,184936,exploring-jesus,21,21,0,35
balanta,13002,meaning-and-purpose,18,18,0,35
balanta,13002,hope-and-perseverance,16,16,0,35
balanta,13002,love-and-belonging,12,12,0,35
balanta,13002,forgiveness-and-new-beginnings,7,7,0,35
balanta,13002,exploring-jesus,21,21,0,35
balanta-ganja,23511,meaning-and-purpose,18,18,0,35
balanta-ganja,23511,hope-and-perseverance,16,16,0,35
balanta-ganja,23511,love-and-belonging,12,12,0,35
balanta-ganja,23511,forgiveness-and-new-beginnings,7,7,0,35
balanta-ganja,23511,exploring-jesus,21,21,0,35
balanta-naga,53321,meaning-and-purpose,18,18,0,35
balanta-naga,53321,hope-and-perseverance,16,16,0,35
balanta-naga,53321,love-and-belonging,12,12,0,35
balanta-naga,53321,forgiveness-and-new-beginnings,7,7,0,35
balanta-naga,53321,exploring-jesus,21,21,0,35
balantak,97403,meaning-and-purpose,18,18,0,35
balantak,97403,hope-and-perseverance,16,16,0,35
balantak,97403,love-and-belonging,12,12,0,35
balantak,97403,forgiveness-and-new-beginnings,7,7,0,35
balantak,97403,exploring-jesus,21,21,0,35
bali,145699,meaning-and-purpose,18,18,0,35
bali,145699,hope-and-perseverance,16,16,0,35
bali,145699,love-and-belonging,12,12,0,35
bali,145699,forgiveness-and-new-beginnings,7,7,0,35
bali,145699,exploring-jesus,21,21,0,35
bali-madya,19617,meaning-and-purpose,18,18,0,35
bali-madya,19617,hope-and-perseverance,16,16,0,35
bali-madya,19617,love-and-belonging,12,12,0,35
bali-madya,19617,forgiveness-and-new-beginnings,7,7,0,35
bali-madya,19617,exploring-jesus,21,21,0,35
balkar,18518,meaning-and-purpose,18,18,0,35
balkar,18518,hope-and-perseverance,16,16,0,35
balkar,18518,love-and-belonging,12,12,0,35
balkar,18518,forgiveness-and-new-beginnings,7,7,0,35
balkar,18518,exploring-jesus,21,21,0,35
balochi-eastern,5700,meaning-and-purpose,18,18,0,35
balochi-eastern,5700,hope-and-perseverance,16,16,0,35
balochi-eastern,5700,love-and-belonging,12,12,0,35
balochi-eastern,5700,forgiveness-and-new-beginnings,7,7,0,35
balochi-eastern,5700,exploring-jesus,21,21,0,35
balochi-southern,6679,meaning-and-purpose,18,18,0,35
balochi-southern,6679,hope-and-perseverance,16,16,0,35
balochi-southern,6679,love-and-belonging,12,12,0,35
balochi-southern,6679,forgiveness-and-new-beginnings,7,7,0,35
balochi-southern,6679,exploring-jesus,21,21,0,35
balochi-western,353,meaning-and-purpose,17,17,0,34
balochi-western,353,hope-and-perseverance,16,16,0,34
balochi-western,353,love-and-belonging,12,12,0,34
balochi-western,353,forgiveness-and-new-beginnings,7,7,0,34
balochi-western,353,exploring-jesus,20,20,0,34
balti,6654,meaning-and-purpose,18,18,0,35
balti,6654,hope-and-perseverance,16,16,0,35
balti,6654,love-and-belonging,12,12,0,35
balti,6654,forgiveness-and-new-beginnings,7,7,0,35
balti,6654,exploring-jesus,21,21,0,35
bambam,20163,meaning-and-purpose,18,18,0,35
bambam,20163,hope-and-perseverance,16,16,0,35
bambam,20163,love-and-belonging,12,12,0,35
bambam,20163,forgiveness-and-new-beginnings,7,7,0,35
bambam,20163,exploring-jesus,21,21,0,35
bambara,2075,meaning-and-purpose,24,24,0,73
bambara,2075,hope-and-perseverance,30,29,1,74
bambara,2075,love-and-belonging,30,28,2,75
bambara,2075,forgiveness-and-new-beginnings,19,18,1,74
bambara,2075,exploring-jesus,45,45,0,73
bamu,97185,meaning-and-purpose,18,18,0,35
bamu,97185,hope-and-perseverance,16,16,0,35
bamu,97185,love-and-belonging,12,12,0,35
bamu,97185,forgiveness-and-new-beginnings,7,7,0,35
bamu,97185,exploring-jesus,21,21,0,35
bamun,2912,meaning-and-purpose,18,18,0,35
bamun,2912,hope-and-perseverance,16,16,0,35
bamun,2912,love-and-belonging,12,12,0,35
bamun,2912,forgiveness-and-new-beginnings,7,7,0,35
bamun,2912,exploring-jesus,21,21,0,35
bana,139663,meaning-and-purpose,18,18,0,35
bana,139663,hope-and-perseverance,16,16,0,35
bana,139663,love-and-belonging,12,12,0,35
bana,139663,forgiveness-and-new-beginnings,7,7,0,35
bana,139663,exploring-jesus,21,21,0,35
banda-linda,53434,meaning-and-purpose,18,18,0,39
banda-linda,53434,hope-and-perseverance,17,17,0,39
banda-linda,53434,love-and-belonging,14,14,0,39
banda-linda,53434,forgiveness-and-new-beginnings,10,10,0,39
banda-linda,53434,exploring-jesus,23,23,0,39
bandi,7655,meaning-and-purpose,18,18,0,39
bandi,7655,hope-and-perseverance,17,17,0,39
bandi,7655,love-and-belonging,14,14,0,39
bandi,7655,forgiveness-and-new-beginnings,10,10,0,39
bandi,7655,exploring-jesus,23,23,0,39
bandial,139909,meaning-and-purpose,18,18,0,35
bandial,139909,hope-and-perseverance,16,16,0,35
bandial,139909,love-and-belonging,12,12,0,35
bandial,139909,forgiveness-and-new-beginnings,7,7,0,35
bandial,139909,exploring-jesus,21,21,0,35
banggai,17365,meaning-and-purpose,18,18,0,35
banggai,17365,hope-and-perseverance,16,16,0,35
banggai,17365,love-and-belonging,12,12,0,35
banggai,17365,forgiveness-and-new-beginnings,7,7,0,35
banggai,17365,exploring-jesus,21,21,0,35
bangi,4360,meaning-and-purpose,18,18,0,35
bangi,4360,hope-and-perseverance,16,16,0,35
bangi,4360,love-and-belonging,12,12,0,35
bangi,4360,forgiveness-and-new-beginnings,7,7,0,35
bangi,4360,exploring-jesus,21,21,0,35
bangjinge,28054,meaning-and-purpose,18,18,0,35
bangjinge,28054,hope-and-perseverance,16,16,0,35
bangjinge,28054,love-and-belonging,12,12,0,35
bangjinge,28054,forgiveness-and-new-beginnings,7,7,0,35
bangjinge,28054,exploring-jesus,21,21,0,35
bangka,144471,meaning-and-purpose,18,18,0,35
bangka,144471,hope-and-perseverance,16,16,0,35
bangka,144471,love-and-belonging,12,12,0,35
bangka,144471,forgiveness-and-new-beginnings,7,7,0,35
bangka,144471,exploring-jesus,21,21,0,35
bangla-2,176243,meaning-and-purpose,47,47,0,121
bangla-2,176243,hope-and-perseverance,51,50,1,122
bangla-2,176243,love-and-belonging,51,49,2,123
bangla-2,176243,forgiveness-and-new-beginnings,29,28,1,122
bangla-2,176243,exploring-jesus,61,61,0,121
bangla-muslim,139082,meaning-and-purpose,28,28,0,87
bangla-muslim,139082,hope-and-perseverance,35,34,1,88
bangla-muslim,139082,love-and-belonging,31,29,2,89
bangla-muslim,139082,forgiveness-and-new-beginnings,21,20,1,88
bangla-muslim,139082,exploring-jesus,58,58,0,87
banjar,16827,meaning-and-purpose,18,18,0,35
banjar,16827,hope-and-perseverance,16,16,0,35
banjar,16827,love-and-belonging,12,12,0,35
banjar,16827,forgiveness-and-new-beginnings,7,7,0,35
banjar,16827,exploring-jesus,21,21,0,35
bankagooma,139862,meaning-and-purpose,18,18,0,35
bankagooma,139862,hope-and-perseverance,16,16,0,35
bankagooma,139862,love-and-belonging,12,12,0,35
bankagooma,139862,forgiveness-and-new-beginnings,7,7,0,35
bankagooma,139862,exploring-jesus,21,21,0,35
bantoanon,12801,meaning-and-purpose,18,18,0,35
bantoanon,12801,hope-and-perseverance,16,16,0,35
bantoanon,12801,love-and-belonging,12,12,0,35
bantoanon,12801,forgiveness-and-new-beginnings,7,7,0,35
bantoanon,12801,exploring-jesus,21,21,0,35
bara,7735,meaning-and-purpose,18,18,0,35
bara,7735,hope-and-perseverance,16,16,0,35
bara,7735,love-and-belonging,12,12,0,35
bara,7735,forgiveness-and-new-beginnings,7,7,0,35
bara,7735,exploring-jesus,21,21,0,35
bara-tharu,184903,meaning-and-purpose,18,18,0,35
bara-tharu,184903,hope-and-perseverance,16,16,0,35
bara-tharu,184903,love-and-belonging,12,12,0,35
bara-tharu,184903,forgiveness-and-new-beginnings,7,7,0,35
bara-tharu,184903,exploring-jesus,21,21,0,35
barai,10726,meaning-and-purpose,18,18,0,35
barai,10726,hope-and-perseverance,16,16,0,35
barai,10726,love-and-belonging,12,12,0,35
barai,10726,forgiveness-and-new-beginnings,7,7,0,35
barai,10726,exploring-jesus,21,21,0,35
bareli-pawri,184486,meaning-and-purpose,18,18,0,35
bareli-pawri,184486,hope-and-perseverance,16,16,0,35
bareli-pawri,184486,love-and-belonging,12,12,0,35
bareli-pawri,184486,forgiveness-and-new-beginnings,7,7,0,35
bareli-pawri,184486,exploring-jesus,21,21,0,35
bareli-rathwi,25919,meaning-and-purpose,23,23,0,56
bareli-rathwi,25919,hope-and-perseverance,26,26,0,56
bareli-rathwi,25919,love-and-belonging,20,19,1,57
bareli-rathwi,25919,forgiveness-and-new-beginnings,10,9,1,57
bareli-rathwi,25919,exploring-jesus,37,37,0,56
bari,13586,meaning-and-purpose,19,19,0,47
bari,13586,hope-and-perseverance,19,18,1,48
bari,13586,love-and-belonging,20,19,1,48
bari,13586,forgiveness-and-new-beginnings,13,13,0,47
bari,13586,exploring-jesus,26,26,0,47
bariai,10715,meaning-and-purpose,18,18,0,35
bariai,10715,hope-and-perseverance,16,16,0,35
bariai,10715,love-and-belonging,12,12,0,35
bariai,10715,forgiveness-and-new-beginnings,7,7,0,35
bariai,10715,exploring-jesus,21,21,0,35
bariba,1294,meaning-and-purpose,23,23,0,60
bariba,1294,hope-and-perseverance,27,27,0,60
bariba,1294,love-and-belonging,22,21,1,61
bariba,1294,forgiveness-and-new-beginnings,13,12,1,61
bariba,1294,exploring-jesus,39,39,0,60
barka,145881,meaning-and-purpose,18,18,0,35
barka,145881,hope-and-perseverance,16,16,0,35
barka,145881,love-and-belonging,12,12,0,35
barka,145881,forgiveness-and-new-beginnings,7,7,0,35
barka,145881,exploring-jesus,21,21,0,35
basa,24010,meaning-and-purpose,18,18,0,35
basa,24010,hope-and-perseverance,16,16,0,35
basa,24010,love-and-belonging,12,12,0,35
basa,24010,forgiveness-and-new-beginnings,7,7,0,35
basa,24010,exploring-jesus,21,21,0,35
basaa,2923,meaning-and-purpose,18,18,0,35
basaa,2923,hope-and-perseverance,16,16,0,35
basaa,2923,love-and-belonging,12,12,0,35
basaa,2923,forgiveness-and-new-beginnings,7,7,0,35
basaa,2923,exploring-jesus,21,21,0,35
basang,146749,meaning-and-purpose,18,18,0,35
basang,146749,hope-and-perseverance,16,16,0,35
basang,146749,love-and-belonging,12,12,0,35
basang,146749,forgiveness-and-new-beginnings,7,7,0,35
basang,146749,exploring-jesus,21,21,0,35
bashkir,18450,meaning-and-purpose,23,23,0,57
bashkir,18450,hope-and-perseverance,26,26,0,57
bashkir,18450,love-and-belonging,20,19,1,58
bashkir,18450,forgiveness-and-new-beginnings,10,9,1,58
bashkir,18450,exploring-jesus,38,38,0,57
basketto,4779,meaning-and-purpose,18,18,0,35
basketto,4779,hope-and-perseverance,16,16,0,35
basketto,4779,love-and-belonging,12,12,0,35
basketto,4779,forgiveness-and-new-beginnings,7,7,0,35
basketto,4779,exploring-jesus,21,21,0,35
basque,23514,meaning-and-purpose,18,18,0,36
basque,23514,hope-and-perseverance,16,16,0,36
basque,23514,love-and-belonging,12,12,0,36
basque,23514,forgiveness-and-new-beginnings,7,7,0,36
basque,23514,exploring-jesus,22,22,0,36
bassa,19508,meaning-and-purpose,18,18,0,39
bassa,19508,hope-and-perseverance,17,17,0,39
bassa,19508,love-and-belonging,14,14,0,39
bassa,19508,forgiveness-and-new-beginnings,10,10,0,39
bassa,19508,exploring-jesus,23,23,0,39
batak-alas,146378,meaning-and-purpose,18,18,0,35
batak-alas,146378,hope-and-perseverance,16,16,0,35
batak-alas,146378,love-and-belonging,12,12,0,35
batak-alas,146378,forgiveness-and-new-beginnings,7,7,0,35
batak-alas,146378,exploring-jesus,21,21,0,35
batak-angkola,17689,meaning-and-purpose,18,18,0,35
batak-angkola,17689,hope-and-perseverance,16,16,0,35
batak-angkola,17689,love-and-belonging,12,12,0,35
batak-angkola,17689,forgiveness-and-new-beginnings,7,7,0,35
batak-angkola,17689,exploring-jesus,21,21,0,35
batak-karo,17813,meaning-and-purpose,18,18,0,35
batak-karo,17813,hope-and-perseverance,16,16,0,35
batak-karo,17813,love-and-belonging,12,12,0,35
batak-karo,17813,forgiveness-and-new-beginnings,7,7,0,35
batak-karo,17813,exploring-jesus,21,21,0,35
batak-kluet,146379,meaning-and-purpose,18,18,0,35
batak-kluet,146379,hope-and-perseverance,16,16,0,35
batak-kluet,146379,love-and-belonging,12,12,0,35
batak-kluet,146379,forgiveness-and-new-beginnings,7,7,0,35
batak-kluet,146379,exploring-jesus,21,21,0,35
batak-mandailing,17815,meaning-and-purpose,18,18,0,35
batak-mandailing,17815,hope-and-perseverance,16,16,0,35
batak-mandailing,17815,love-and-belonging,12,12,0,35
batak-mandailing,17815,forgiveness-and-new-beginnings,7,7,0,35
batak-mandailing,17815,exploring-jesus,21,21,0,35
batak-simalungun,17814,meaning-and-purpose,18,18,0,35
batak-simalungun,17814,hope-and-perseverance,16,16,0,35
batak-simalungun,17814,love-and-belonging,12,12,0,35
batak-simalungun,17814,forgiveness-and-new-beginnings,7,7,0,35
batak-simalungun,17814,exploring-jesus,21,21,0,35
batak-toba,17818,meaning-and-purpose,18,18,0,35
batak-toba,17818,hope-and-perseverance,16,16,0,35
batak-toba,17818,love-and-belonging,12,12,0,35
batak-toba,17818,forgiveness-and-new-beginnings,7,7,0,35
batak-toba,17818,exploring-jesus,21,21,0,35
bateq,139973,meaning-and-purpose,18,18,0,35
bateq,139973,hope-and-perseverance,16,16,0,35
bateq,139973,love-and-belonging,12,12,0,35
bateq,139973,forgiveness-and-new-beginnings,7,7,0,35
bateq,139973,exploring-jesus,21,21,0,35
batui,143190,meaning-and-purpose,18,18,0,35
batui,143190,hope-and-perseverance,16,16,0,35
batui,143190,love-and-belonging,12,12,0,35
batui,143190,forgiveness-and-new-beginnings,7,7,0,35
batui,143190,exploring-jesus,21,21,0,35
baule,16107,meaning-and-purpose,23,23,0,56
baule,16107,hope-and-perseverance,26,26,0,56
baule,16107,love-and-belonging,20,19,1,57
baule,16107,forgiveness-and-new-beginnings,10,9,1,57
baule,16107,exploring-jesus,37,37,0,56
bauria,5703,meaning-and-purpose,18,18,0,35
bauria,5703,hope-and-perseverance,16,16,0,35
bauria,5703,love-and-belonging,12,12,0,35
bauria,5703,forgiveness-and-new-beginnings,7,7,0,35
bauria,5703,exploring-jesus,21,21,0,35
bawean,153673,meaning-and-purpose,18,18,0,35
bawean,153673,hope-and-perseverance,16,16,0,35
bawean,153673,love-and-belonging,12,12,0,35
bawean,153673,forgiveness-and-new-beginnings,7,7,0,35
bawean,153673,exploring-jesus,21,21,0,35
bazigar,5612,meaning-and-purpose,18,18,0,35
bazigar,5612,hope-and-perseverance,16,16,0,35
bazigar,5612,love-and-belonging,12,12,0,35
bazigar,5612,forgiveness-and-new-beginnings,7,7,0,35
bazigar,5612,exploring-jesus,21,21,0,35
bedamuni,21577,meaning-and-purpose,18,18,0,35
bedamuni,21577,hope-and-perseverance,16,16,0,35
bedamuni,21577,love-and-belonging,12,12,0,35
bedamuni,21577,forgiveness-and-new-beginnings,7,7,0,35
bedamuni,21577,exploring-jesus,21,21,0,35
beembe,4276,meaning-and-purpose,18,18,0,35
beembe,4276,hope-and-perseverance,16,16,0,35
beembe,4276,love-and-belonging,12,12,0,35
beembe,4276,forgiveness-and-new-beginnings,7,7,0,35
beembe,4276,exploring-jesus,21,21,0,35
behoa,97214,meaning-and-purpose,18,18,0,35
behoa,97214,hope-and-perseverance,16,16,0,35
behoa,97214,love-and-belonging,12,12,0,35
behoa,97214,forgiveness-and-new-beginnings,7,7,0,35
behoa,97214,exploring-jesus,21,21,0,35
beja-bidhaawyeet,184917,meaning-and-purpose,18,18,0,35
beja-bidhaawyeet,184917,hope-and-perseverance,16,16,0,35
beja-bidhaawyeet,184917,love-and-belonging,12,12,0,35
beja-bidhaawyeet,184917,forgiveness-and-new-beginnings,7,7,0,35
beja-bidhaawyeet,184917,exploring-jesus,21,21,0,35
bekwarra,10208,meaning-and-purpose,18,18,0,35
bekwarra,10208,hope-and-perseverance,16,16,0,35
bekwarra,10208,love-and-belonging,12,12,0,35
bekwarra,10208,forgiveness-and-new-beginnings,7,7,0,35
bekwarra,10208,exploring-jesus,21,21,0,35
bekwel,139761,meaning-and-purpose,18,18,0,35
bekwel,139761,hope-and-perseverance,16,16,0,35
bekwel,139761,love-and-belonging,12,12,0,35
bekwel,139761,forgiveness-and-new-beginnings,7,7,0,35
bekwel,139761,exploring-jesus,21,21,0,35
bel,161859,meaning-and-purpose,18,18,0,35
bel,161859,hope-and-perseverance,16,16,0,35
bel,161859,love-and-belonging,12,12,0,35
bel,161859,forgiveness-and-new-beginnings,7,7,0,35
bel,161859,exploring-jesus,21,21,0,35
belanda-viri,140001,meaning-and-purpose,18,18,0,35
belanda-viri,140001,hope-and-perseverance,16,16,0,35
belanda-viri,140001,love-and-belonging,12,12,0,35
belanda-viri,140001,forgiveness-and-new-beginnings,7,7,0,35
belanda-viri,140001,exploring-jesus,21,21,0,35
belleh,158085,meaning-and-purpose,18,18,0,35
belleh,158085,hope-and-perseverance,16,16,0,35
belleh,158085,love-and-belonging,12,12,0,35
belleh,158085,forgiveness-and-new-beginnings,7,7,0,35
belleh,158085,exploring-jesus,21,21,0,35
belorussian,1259,meaning-and-purpose,19,19,0,48
belorussian,1259,hope-and-perseverance,19,18,1,49
belorussian,1259,love-and-belonging,20,19,1,49
belorussian,1259,forgiveness-and-new-beginnings,13,13,0,48
belorussian,1259,exploring-jesus,27,27,0,48
bemba,14278,meaning-and-purpose,24,24,0,73
bemba,14278,hope-and-perseverance,30,29,1,74
bemba,14278,love-and-belonging,30,28,2,75
bemba,14278,forgiveness-and-new-beginnings,19,18,1,74
bemba,14278,exploring-jesus,45,45,0,73
bembe,19571,meaning-and-purpose,18,18,0,35
bembe,19571,hope-and-perseverance,16,16,0,35
bembe,19571,love-and-belonging,12,12,0,35
bembe,19571,forgiveness-and-new-beginnings,7,7,0,35
bembe,19571,exploring-jesus,21,21,0,35
bena,14277,meaning-and-purpose,18,18,0,35
bena,14277,hope-and-perseverance,16,16,0,35
bena,14277,love-and-belonging,12,12,0,35
bena,14277,forgiveness-and-new-beginnings,7,7,0,35
bena,14277,exploring-jesus,21,21,0,35
benabena,139554,meaning-and-purpose,18,18,0,35
benabena,139554,hope-and-perseverance,16,16,0,35
benabena,139554,love-and-belonging,12,12,0,35
benabena,139554,forgiveness-and-new-beginnings,7,7,0,35
benabena,139554,exploring-jesus,21,21,0,35
bench,19518,meaning-and-purpose,18,18,0,35
bench,19518,hope-and-perseverance,16,16,0,35
bench,19518,love-and-belonging,12,12,0,35
bench,19518,forgiveness-and-new-beginnings,7,7,0,35
bench,19518,exploring-jesus,21,21,0,35
bende-tongwe,139543,meaning-and-purpose,18,18,0,35
bende-tongwe,139543,hope-and-perseverance,16,16,0,35
bende-tongwe,139543,love-and-belonging,12,12,0,35
bende-tongwe,139543,forgiveness-and-new-beginnings,7,7,0,35
bende-tongwe,139543,exploring-jesus,21,21,0,35
bengali-indian,139081,meaning-and-purpose,47,47,0,126
bengali-indian,139081,hope-and-perseverance,51,50,1,127
bengali-indian,139081,love-and-belonging,53,51,2,128
bengali-indian,139081,forgiveness-and-new-beginnings,30,29,1,127
bengali-indian,139081,exploring-jesus,66,66,0,126
benyadu,97609,meaning-and-purpose,18,18,0,35
benyadu,97609,hope-and-perseverance,16,16,0,35
benyadu,97609,love-and-belonging,12,12,0,35
benyadu,97609,forgiveness-and-new-beginnings,7,7,0,35
benyadu,97609,exploring-jesus,21,21,0,35
berom,10185,meaning-and-purpose,18,18,0,39
berom,10185,hope-and-perseverance,17,17,0,39
berom,10185,love-and-belonging,14,14,0,39
berom,10185,forgiveness-and-new-beginnings,10,10,0,39
berom,10185,exploring-jesus,23,23,0,39
betawi,16652,meaning-and-purpose,18,18,0,35
betawi,16652,hope-and-perseverance,16,16,0,35
betawi,16652,love-and-belonging,12,12,0,35
betawi,16652,forgiveness-and-new-beginnings,7,7,0,35
betawi,16652,exploring-jesus,21,21,0,35
bete-daloa,16103,meaning-and-purpose,18,18,0,35
bete-daloa,16103,hope-and-perseverance,16,16,0,35
bete-daloa,16103,love-and-belonging,12,12,0,35
bete-daloa,16103,forgiveness-and-new-beginnings,7,7,0,35
bete-daloa,16103,exploring-jesus,21,21,0,35
bete-gagnoa,16098,meaning-and-purpose,18,18,0,35
bete-gagnoa,16098,hope-and-perseverance,16,16,0,35
bete-gagnoa,16098,love-and-belonging,12,12,0,35
bete-gagnoa,16098,forgiveness-and-new-beginnings,7,7,0,35
bete-gagnoa,16098,exploring-jesus,21,21,0,35
bete-guiberoua,16106,meaning-and-purpose,18,18,0,35
bete-guiberoua,16106,hope-and-perseverance,16,16,0,35
bete-guiberoua,16106,love-and-belonging,12,12,0,35
bete-guiberoua,16106,forgiveness-and-new-beginnings,7,7,0,35
bete-guiberoua,16106,exploring-jesus,21,21,0,35
bette,28132,meaning-and-purpose,18,18,0,35
bette,28132,hope-and-perseverance,16,16,0,35
bette,28132,love-and-belonging,12,12,0,35
bette,28132,forgiveness-and-new-beginnings,7,7,0,35
bette,28132,exploring-jesus,21,21,0,35
bhadrawahi,5671,meaning-and-purpose,18,18,0,35
bhadrawahi,5671,hope-and-perseverance,16,16,0,35
bhadrawahi,5671,love-and-belonging,12,12,0,35
bhadrawahi,5671,forgiveness-and-new-beginnings,7,7,0,35
bhadrawahi,5671,exploring-jesus,21,21,0,35
bharia,5696,meaning-and-purpose,18,18,0,35
bharia,5696,hope-and-perseverance,16,16,0,35
bharia,5696,love-and-belonging,12,12,0,35
bharia,5696,forgiveness-and-new-beginnings,7,7,0,35
bharia,5696,exploring-jesus,21,21,0,35
bhatri,5697,meaning-and-purpose,18,18,0,35
bhatri,5697,hope-and-perseverance,16,16,0,35
bhatri,5697,love-and-belonging,12,12,0,35
bhatri,5697,forgiveness-and-new-beginnings,7,7,0,35
bhatri,5697,exploring-jesus,21,21,0,35
bhattiyali,6642,meaning-and-purpose,18,18,0,35
bhattiyali,6642,hope-and-perseverance,16,16,0,35
bhattiyali,6642,love-and-belonging,12,12,0,35
bhattiyali,6642,forgiveness-and-new-beginnings,7,7,0,35
bhattiyali,6642,exploring-jesus,21,21,0,35
bhele,139693,meaning-and-purpose,18,18,0,35
bhele,139693,hope-and-perseverance,16,16,0,35
bhele,139693,love-and-belonging,12,12,0,35
bhele,139693,forgiveness-and-new-beginnings,7,7,0,35
bhele,139693,exploring-jesus,21,21,0,35
bhilali,139684,meaning-and-purpose,18,18,0,35
bhilali,139684,hope-and-perseverance,16,16,0,35
bhilali,139684,love-and-belonging,12,12,0,35
bhilali,139684,forgiveness-and-new-beginnings,7,7,0,35
bhilali,139684,exploring-jesus,21,21,0,35
bhili,5695,meaning-and-purpose,18,18,0,35
bhili,5695,hope-and-perseverance,16,16,0,35
bhili,5695,love-and-belonging,12,12,0,35
bhili,5695,forgiveness-and-new-beginnings,7,7,0,35
bhili,5695,exploring-jesus,21,21,0,35
bhogoto,53435,meaning-and-purpose,18,18,0,39
bhogoto,53435,hope-and-perseverance,17,17,0,39
bhogoto,53435,love-and-belonging,14,14,0,39
bhogoto,53435,forgiveness-and-new-beginnings,10,10,0,39
bhogoto,53435,exploring-jesus,23,23,0,39
bhojpuri,5667,meaning-and-purpose,24,24,0,62
bhojpuri,5667,hope-and-perseverance,28,28,0,62
bhojpuri,5667,love-and-belonging,21,20,1,63
bhojpuri,5667,forgiveness-and-new-beginnings,12,11,1,63
bhojpuri,5667,exploring-jesus,42,42,0,62
bhojpuri-nepal,145845,meaning-and-purpose,18,18,0,35
bhojpuri-nepal,145845,hope-and-perseverance,16,16,0,35
bhojpuri-nepal,145845,love-and-belonging,12,12,0,35
bhojpuri-nepal,145845,forgiveness-and-new-beginnings,7,7,0,35
bhojpuri-nepal,145845,exploring-jesus,21,21,0,35
biafada,16120,meaning-and-purpose,18,18,0,35
biafada,16120,hope-and-perseverance,16,16,0,35
biafada,16120,love-and-belonging,12,12,0,35
biafada,16120,forgiveness-and-new-beginnings,7,7,0,35
biafada,16120,exploring-jesus,21,21,0,35
biak,16488,meaning-and-purpose,18,18,0,35
biak,16488,hope-and-perseverance,16,16,0,35
biak,16488,love-and-belonging,12,12,0,35
biak,16488,forgiveness-and-new-beginnings,7,7,0,35
biak,16488,exploring-jesus,21,21,0,35
bicolano,22100,meaning-and-purpose,18,18,0,35
bicolano,22100,hope-and-perseverance,16,16,0,35
bicolano,22100,love-and-belonging,12,12,0,35
bicolano,22100,forgiveness-and-new-beginnings,7,7,0,35
bicolano,22100,exploring-jesus,21,21,0,35
bidayuh-jagoi,151767,meaning-and-purpose,18,18,0,35
bidayuh-jagoi,151767,hope-and-perseverance,16,16,0,35
bidayuh-jagoi,151767,love-and-belonging,12,12,0,35
bidayuh-jagoi,151767,forgiveness-and-new-beginnings,7,7,0,35
bidayuh-jagoi,151767,exploring-jesus,21,21,0,35
bijago,21963,meaning-and-purpose,18,18,0,35
bijago,21963,hope-and-perseverance,16,16,0,35
bijago,21963,love-and-belonging,12,12,0,35
bijago,21963,forgiveness-and-new-beginnings,7,7,0,35
bijago,21963,exploring-jesus,21,21,0,35
bikol-buhinon,100255,meaning-and-purpose,18,18,0,35
bikol-buhinon,100255,hope-and-perseverance,16,16,0,35
bikol-buhinon,100255,love-and-belonging,12,12,0,35
bikol-buhinon,100255,forgiveness-and-new-beginnings,7,7,0,35
bikol-buhinon,100255,exploring-jesus,21,21,0,35
bilaspuri,6363,meaning-and-purpose,18,18,0,35
bilaspuri,6363,hope-and-perseverance,16,16,0,35
bilaspuri,6363,love-and-belonging,12,12,0,35
bilaspuri,6363,forgiveness-and-new-beginnings,7,7,0,35
bilaspuri,6363,exploring-jesus,21,21,0,35
bilua,139762,meaning-and-purpose,18,18,0,35
bilua,139762,hope-and-perseverance,16,16,0,35
bilua,139762,love-and-belonging,12,12,0,35
bilua,139762,forgiveness-and-new-beginnings,7,7,0,35
bilua,139762,exploring-jesus,21,21,0,35
bima,19537,meaning-and-purpose,18,18,0,35
bima,19537,hope-and-perseverance,16,16,0,35
bima,19537,love-and-belonging,12,12,0,35
bima,19537,forgiveness-and-new-beginnings,7,7,0,35
bima,19537,exploring-jesus,21,21,0,35
bimin,12286,meaning-and-purpose,18,18,0,35
bimin,12286,hope-and-perseverance,16,16,0,35
bimin,12286,love-and-belonging,12,12,0,35
bimin,12286,forgiveness-and-new-beginnings,7,7,0,35
bimin,12286,exploring-jesus,21,21,0,35
bimoba,5174,meaning-and-purpose,18,18,0,35
bimoba,5174,hope-and-perseverance,16,16,0,35
bimoba,5174,love-and-belonging,12,12,0,35
bimoba,5174,forgiveness-and-new-beginnings,7,7,0,35
bimoba,5174,exploring-jesus,21,21,0,35
binandere,139683,meaning-and-purpose,18,18,0,35
binandere,139683,hope-and-perseverance,16,16,0,35
binandere,139683,love-and-belonging,12,12,0,35
binandere,139683,forgiveness-and-new-beginnings,7,7,0,35
binandere,139683,exploring-jesus,21,21,0,35
bine,11446,meaning-and-purpose,18,18,0,35
bine,11446,hope-and-perseverance,16,16,0,35
bine,11446,love-and-belonging,12,12,0,35
bine,11446,forgiveness-and-new-beginnings,7,7,0,35
bine,11446,exploring-jesus,21,21,0,35
binukid,12854,meaning-and-purpose,18,18,0,35
binukid,12854,hope-and-perseverance,16,16,0,35
binukid,12854,love-and-belonging,12,12,0,35
binukid,12854,forgiveness-and-new-beginnings,7,7,0,35
binukid,12854,exploring-jesus,21,21,0,35
birifor,139154,meaning-and-purpose,18,18,0,35
birifor,139154,hope-and-perseverance,16,16,0,35
birifor,139154,love-and-belonging,12,12,0,35
birifor,139154,forgiveness-and-new-beginnings,7,7,0,35
birifor,139154,exploring-jesus,21,21,0,35
birifor-southern,5173,meaning-and-purpose,18,18,0,35
birifor-southern,5173,hope-and-perseverance,16,16,0,35
birifor-southern,5173,love-and-belonging,12,12,0,35
birifor-southern,5173,forgiveness-and-new-beginnings,7,7,0,35
birifor-southern,5173,exploring-jesus,21,21,0,35
bishnupriya,23250,meaning-and-purpose,18,18,0,35
bishnupriya,23250,hope-and-perseverance,16,16,0,35
bishnupriya,23250,love-and-belonging,12,12,0,35
bishnupriya,23250,forgiveness-and-new-beginnings,7,7,0,35
bishnupriya,23250,exploring-jesus,21,21,0,35
bislama,9181,meaning-and-purpose,19,19,0,48
bislama,9181,hope-and-perseverance,19,18,1,49
bislama,9181,love-and-belonging,20,19,1,49
bislama,9181,forgiveness-and-new-beginnings,13,13,0,48
bislama,9181,exploring-jesus,27,27,0,48
bisu,140169,meaning-and-purpose,24,24,0,61
bisu,140169,hope-and-perseverance,28,28,0,61
bisu,140169,love-and-belonging,21,20,1,62
bisu,140169,forgiveness-and-new-beginnings,12,11,1,62
bisu,140169,exploring-jesus,41,41,0,61
blaan-koronadal,12816,meaning-and-purpose,18,18,0,35
blaan-koronadal,12816,hope-and-perseverance,16,16,0,35
blaan-koronadal,12816,love-and-belonging,12,12,0,35
blaan-koronadal,12816,forgiveness-and-new-beginnings,7,7,0,35
blaan-koronadal,12816,exploring-jesus,21,21,0,35
blaan-sarangani,12815,meaning-and-purpose,18,18,0,35
blaan-sarangani,12815,hope-and-perseverance,16,16,0,35
blaan-sarangani,12815,love-and-belonging,12,12,0,35
blaan-sarangani,12815,forgiveness-and-new-beginnings,7,7,0,35
blaan-sarangani,12815,exploring-jesus,21,21,0,35
blackfoot,3105,meaning-and-purpose,18,18,0,35
blackfoot,3105,hope-and-perseverance,16,16,0,35
blackfoot,3105,love-and-belonging,12,12,0,35
blackfoot,3105,forgiveness-and-new-beginnings,7,7,0,35
blackfoot,3105,exploring-jesus,21,21,0,35
blin,4593,meaning-and-purpose,18,18,0,35
blin,4593,hope-and-perseverance,16,16,0,35
blin,4593,love-and-belonging,12,12,0,35
blin,4593,forgiveness-and-new-beginnings,7,7,0,35
blin,4593,exploring-jesus,21,21,0,35
blowo,147081,meaning-and-purpose,18,18,0,35
blowo,147081,hope-and-perseverance,16,16,0,35
blowo,147081,love-and-belonging,12,12,0,35
blowo,147081,forgiveness-and-new-beginnings,7,7,0,35
blowo,147081,exploring-jesus,21,21,0,35
bobe,115239,meaning-and-purpose,19,19,0,47
bobe,115239,hope-and-perseverance,19,18,1,48
bobe,115239,love-and-belonging,20,19,1,48
bobe,115239,forgiveness-and-new-beginnings,13,13,0,47
bobe,115239,exploring-jesus,26,26,0,47
bobo-madare-southern,2073,meaning-and-purpose,18,18,0,35
bobo-madare-southern,2073,hope-and-perseverance,16,16,0,35
bobo-madare-southern,2073,love-and-belonging,12,12,0,35
bobo-madare-southern,2073,forgiveness-and-new-beginnings,7,7,0,35
bobo-madare-southern,2073,exploring-jesus,21,21,0,35
bodo,19594,meaning-and-purpose,23,23,0,56
bodo,19594,hope-and-perseverance,26,26,0,56
bodo,19594,love-and-belonging,20,19,1,57
bodo,19594,forgiveness-and-new-beginnings,10,9,1,57
bodo,19594,exploring-jesus,37,37,0,56
bogghom,158871,meaning-and-purpose,18,18,0,35
bogghom,158871,hope-and-perseverance,16,16,0,35
bogghom,158871,love-and-belonging,12,12,0,35
bogghom,158871,forgiveness-and-new-beginnings,7,7,0,35
bogghom,158871,exploring-jesus,21,21,0,35
bokyi,2788,meaning-and-purpose,18,18,0,35
bokyi,2788,hope-and-perseverance,16,16,0,35
bokyi,2788,love-and-belonging,12,12,0,35
bokyi,2788,forgiveness-and-new-beginnings,7,7,0,35
bokyi,2788,exploring-jesus,21,21,0,35
bola,10813,meaning-and-purpose,18,18,0,35
bola,10813,hope-and-perseverance,16,16,0,35
bola,10813,love-and-belonging,12,12,0,35
bola,10813,forgiveness-and-new-beginnings,7,7,0,35
bola,10813,exploring-jesus,21,21,0,35
bolewa,19581,meaning-and-purpose,18,18,0,35
bolewa,19581,hope-and-perseverance,16,16,0,35
bolewa,19581,love-and-belonging,12,12,0,35
bolewa,19581,forgiveness-and-new-beginnings,7,7,0,35
bolewa,19581,exploring-jesus,21,21,0,35
bolinao,12589,meaning-and-purpose,18,18,0,35
bolinao,12589,hope-and-perseverance,16,16,0,35
bolinao,12589,love-and-belonging,12,12,0,35
bolinao,12589,forgiveness-and-new-beginnings,7,7,0,35
bolinao,12589,exploring-jesus,21,21,0,35
bomu,2081,meaning-and-purpose,18,18,0,35
bomu,2081,hope-and-perseverance,16,16,0,35
bomu,2081,love-and-belonging,12,12,0,35
bomu,2081,forgiveness-and-new-beginnings,7,7,0,35
bomu,2081,exploring-jesus,21,21,0,35
bongo,97457,meaning-and-purpose,18,18,0,35
bongo,97457,hope-and-perseverance,16,16,0,35
bongo,97457,love-and-belonging,12,12,0,35
bongo,97457,forgiveness-and-new-beginnings,7,7,0,35
bongo,97457,exploring-jesus,21,21,0,35
bora,139707,meaning-and-purpose,18,18,0,35
bora,139707,hope-and-perseverance,16,16,0,35
bora,139707,love-and-belonging,12,12,0,35
bora,139707,forgiveness-and-new-beginnings,7,7,0,35
bora,139707,exploring-jesus,21,21,0,35
borna-shinasha,97524,meaning-and-purpose,18,18,0,35
borna-shinasha,97524,hope-and-perseverance,16,16,0,35
borna-shinasha,97524,love-and-belonging,12,12,0,35
borna-shinasha,97524,forgiveness-and-new-beginnings,7,7,0,35
borna-shinasha,97524,exploring-jesus,21,21,0,35
bororo,1873,meaning-and-purpose,18,18,0,35
bororo,1873,hope-and-perseverance,16,16,0,35
bororo,1873,love-and-belonging,12,12,0,35
bororo,1873,forgiveness-and-new-beginnings,7,7,0,35
bororo,1873,exploring-jesus,21,21,0,35
bosnian,20581,meaning-and-purpose,19,19,0,47
bosnian,20581,hope-and-perseverance,19,18,1,48
bosnian,20581,love-and-belonging,20,19,1,48
bosnian,20581,forgiveness-and-new-beginnings,13,13,0,47
bosnian,20581,exploring-jesus,26,26,0,47
bouyei,3960,meaning-and-purpose,18,18,0,35
bouyei,3960,hope-and-perseverance,16,16,0,35
bouyei,3960,love-and-belonging,12,12,0,35
bouyei,3960,forgiveness-and-new-beginnings,7,7,0,35
bouyei,3960,exploring-jesus,21,21,0,35
bouyei-anshun,139132,meaning-and-purpose,18,18,0,35
bouyei-anshun,139132,hope-and-perseverance,16,16,0,35
bouyei-anshun,139132,love-and-belonging,12,12,0,35
bouyei-anshun,139132,forgiveness-and-new-beginnings,7,7,0,35
bouyei-anshun,139132,exploring-jesus,21,21,0,35
bouyei-qianxi,185354,meaning-and-purpose,18,18,0,35
bouyei-qianxi,185354,hope-and-perseverance,16,16,0,35
bouyei-qianxi,185354,love-and-belonging,12,12,0,35
bouyei-qianxi,185354,forgiveness-and-new-beginnings,7,7,0,35
bouyei-qianxi,185354,exploring-jesus,21,21,0,35
bozo-jenaama,140166,meaning-and-purpose,18,18,0,35
bozo-jenaama,140166,hope-and-perseverance,16,16,0,35
bozo-jenaama,140166,love-and-belonging,12,12,0,35
bozo-jenaama,140166,forgiveness-and-new-beginnings,7,7,0,35
bozo-jenaama,140166,exploring-jesus,21,21,0,35
bozo-tigemaxo,139885,meaning-and-purpose,18,18,0,35
bozo-tigemaxo,139885,hope-and-perseverance,16,16,0,35
bozo-tigemaxo,139885,love-and-belonging,12,12,0,35
bozo-tigemaxo,139885,forgiveness-and-new-beginnings,7,7,0,35
bozo-tigemaxo,139885,exploring-jesus,21,21,0,35
brahui,351,meaning-and-purpose,18,18,0,35
brahui,351,hope-and-perseverance,16,16,0,35
brahui,351,love-and-belonging,12,12,0,35
brahui,351,forgiveness-and-new-beginnings,7,7,0,35
brahui,351,exploring-jesus,21,21,0,35
braj-bhasha,5611,meaning-and-purpose,18,18,0,35
braj-bhasha,5611,hope-and-perseverance,16,16,0,35
braj-bhasha,5611,love-and-belonging,12,12,0,35
braj-bhasha,5611,forgiveness-and-new-beginnings,7,7,0,35
braj-bhasha,5611,exploring-jesus,21,21,0,35
brazilian-sign-language,1872,meaning-and-purpose,0,0,0,1
brazilian-sign-language,1872,hope-and-perseverance,0,0,0,1
brazilian-sign-language,1872,love-and-belonging,0,0,0,1
brazilian-sign-language,1872,forgiveness-and-new-beginnings,0,0,0,1
brazilian-sign-language,1872,exploring-jesus,1,1,0,1
brezhoneg,158608,meaning-and-purpose,18,18,0,35
brezhoneg,158608,hope-and-perseverance,16,16,0,35
brezhoneg,158608,love-and-belonging,12,12,0,35
brezhoneg,158608,forgiveness-and-new-beginnings,7,7,0,35
brezhoneg,158608,exploring-jesus,21,21,0,35
bru-eastern,7371,meaning-and-purpose,18,18,0,35
bru-eastern,7371,hope-and-perseverance,16,16,0,35
bru-eastern,7371,love-and-belonging,12,12,0,35
bru-eastern,7371,forgiveness-and-new-beginnings,7,7,0,35
bru-eastern,7371,exploring-jesus,21,21,0,35
bru-van-kieu,185256,meaning-and-purpose,18,18,0,35
bru-van-kieu,185256,hope-and-perseverance,16,16,0,35
bru-van-kieu,185256,love-and-belonging,12,12,0,35
bru-van-kieu,185256,forgiveness-and-new-beginnings,7,7,0,35
bru-van-kieu,185256,exploring-jesus,21,21,0,35
budu-koya,24092,meaning-and-purpose,18,18,0,35
budu-koya,24092,hope-and-perseverance,16,16,0,35
budu-koya,24092,love-and-belonging,12,12,0,35
budu-koya,24092,forgiveness-and-new-beginnings,7,7,0,35
budu-koya,24092,exploring-jesus,21,21,0,35
budu-nita,24091,meaning-and-purpose,18,18,0,35
budu-nita,24091,hope-and-perseverance,16,16,0,35
budu-nita,24091,love-and-belonging,12,12,0,35
budu-nita,24091,forgiveness-and-new-beginnings,7,7,0,35
budu-nita,24091,exploring-jesus,21,21,0,35
budza,15667,meaning-and-purpose,18,18,0,35
budza,15667,hope-and-perseverance,16,16,0,35
budza,15667,love-and-belonging,12,12,0,35
budza,15667,forgiveness-and-new-beginnings,7,7,0,35
budza,15667,exploring-jesus,21,21,0,35
bugis,17645,meaning-and-purpose,18,18,0,35
bugis,17645,hope-and-perseverance,16,16,0,35
bugis,17645,love-and-belonging,12,12,0,35
bugis,17645,forgiveness-and-new-beginnings,7,7,0,35
bugis,17645,exploring-jesus,21,21,0,35
bugis-soppeng,185058,meaning-and-purpose,18,18,0,35
bugis-soppeng,185058,hope-and-perseverance,16,16,0,35
bugis-soppeng,185058,love-and-belonging,12,12,0,35
bugis-soppeng,185058,forgiveness-and-new-beginnings,7,7,0,35
bugis-soppeng,185058,exploring-jesus,21,21,0,35
bugkalot,184845,meaning-and-purpose,18,18,0,35
bugkalot,184845,hope-and-perseverance,16,16,0,35
bugkalot,184845,love-and-belonging,12,12,0,35
bugkalot,184845,forgiveness-and-new-beginnings,7,7,0,35
bugkalot,184845,exploring-jesus,21,21,0,35
buglere,10601,meaning-and-purpose,18,18,0,35
buglere,10601,hope-and-perseverance,16,16,0,35
buglere,10601,love-and-belonging,12,12,0,35
buglere,10601,forgiveness-and-new-beginnings,7,7,0,35
buglere,10601,exploring-jesus,21,21,0,35
bukharian,6934,meaning-and-purpose,18,18,0,35
bukharian,6934,hope-and-perseverance,16,16,0,35
bukharian,6934,love-and-belonging,12,12,0,35
bukharian,6934,forgiveness-and-new-beginnings,7,7,0,35
bukharian,6934,exploring-jesus,21,21,0,35
buksa,23325,meaning-and-purpose,18,18,0,35
buksa,23325,hope-and-perseverance,16,16,0,35
buksa,23325,love-and-belonging,12,12,0,35
buksa,23325,forgiveness-and-new-beginnings,7,7,0,35
buksa,23325,exploring-jesus,21,21,0,35
bukusu,19606,meaning-and-purpose,18,18,0,35
bukusu,19606,hope-and-perseverance,16,16,0,35
bukusu,19606,love-and-belonging,12,12,0,35
bukusu,19606,forgiveness-and-new-beginnings,7,7,0,35
bukusu,19606,exploring-jesus,21,21,0,35
bulgarian,1964,meaning-and-purpose,27,27,0,79
bulgarian,1964,hope-and-perseverance,30,29,1,80
bulgarian,1964,love-and-belonging,32,30,2,81
bulgarian,1964,forgiveness-and-new-beginnings,19,18,1,80
bulgarian,1964,exploring-jesus,51,51,0,79
buli,19610,meaning-and-purpose,18,18,0,35
buli,19610,hope-and-perseverance,16,16,0,35
buli,19610,love-and-belonging,12,12,0,35
buli,19610,forgiveness-and-new-beginnings,7,7,0,35
buli,19610,exploring-jesus,21,21,0,35
bulu,2884,meaning-and-purpose,18,18,0,35
bulu,2884,hope-and-perseverance,16,16,0,35
bulu,2884,love-and-belonging,12,12,0,35
bulu,2884,forgiveness-and-new-beginnings,7,7,0,35
bulu,2884,exploring-jesus,21,21,0,35
bulusu,139916,meaning-and-purpose,18,18,0,35
bulusu,139916,hope-and-perseverance,16,16,0,35
bulusu,139916,love-and-belonging,12,12,0,35
bulusu,139916,forgiveness-and-new-beginnings,7,7,0,35
bulusu,139916,exploring-jesus,21,21,0,35
bum,139792,meaning-and-purpose,18,18,0,35
bum,139792,hope-and-perseverance,16,16,0,35
bum,139792,love-and-belonging,12,12,0,35
bum,139792,forgiveness-and-new-beginnings,7,7,0,35
bum,139792,exploring-jesus,21,21,0,35
bundel-khandi,20587,meaning-and-purpose,18,18,0,35
bundel-khandi,20587,hope-and-perseverance,16,16,0,35
bundel-khandi,20587,love-and-belonging,12,12,0,35
bundel-khandi,20587,forgiveness-and-new-beginnings,7,7,0,35
bundel-khandi,20587,exploring-jesus,21,21,0,35
bungu,99933,meaning-and-purpose,18,18,0,35
bungu,99933,hope-and-perseverance,16,16,0,35
bungu,99933,love-and-belonging,12,12,0,35
bungu,99933,forgiveness-and-new-beginnings,7,7,0,35
bungu,99933,exploring-jesus,21,21,0,35
buol,17373,meaning-and-purpose,18,18,0,35
buol,17373,hope-and-perseverance,16,16,0,35
buol,17373,love-and-belonging,12,12,0,35
buol,17373,forgiveness-and-new-beginnings,7,7,0,35
buol,17373,exploring-jesus,21,21,0,35
bura-pabir,10343,meaning-and-purpose,18,18,0,35
bura-pabir,10343,hope-and-perseverance,16,16,0,35
bura-pabir,10343,love-and-belonging,12,12,0,35
bura-pabir,10343,forgiveness-and-new-beginnings,7,7,0,35
bura-pabir,10343,exploring-jesus,21,21,0,35
buriat-russia,18321,meaning-and-purpose,23,23,0,58
buriat-russia,18321,hope-and-perseverance,26,26,0,58
buriat-russia,18321,love-and-belonging,20,19,1,59
buriat-russia,18321,forgiveness-and-new-beginnings,11,10,1,59
buriat-russia,18321,exploring-jesus,39,39,0,58
burmese,1254,meaning-and-purpose,20,20,0,37
burmese,1254,hope-and-perseverance,16,16,0,37
burmese,1254,love-and-belonging,18,18,0,37
burmese,1254,forgiveness-and-new-beginnings,10,10,0,37
burmese,1254,exploring-jesus,10,10,0,37
burmese-common,184855,meaning-and-purpose,18,18,0,36
burmese-common,184855,hope-and-perseverance,17,17,0,36
burmese-common,184855,love-and-belonging,13,13,0,36
burmese-common,184855,forgiveness-and-new-beginnings,7,7,0,36
burmese-common,184855,exploring-jesus,22,22,0,36
burmese-musselmani,24293,meaning-and-purpose,18,18,0,35
burmese-musselmani,24293,hope-and-perseverance,16,16,0,35
burmese-musselmani,24293,love-and-belonging,12,12,0,35
burmese-musselmani,24293,forgiveness-and-new-beginnings,7,7,0,35
burmese-musselmani,24293,exploring-jesus,21,21,0,35
burmese-standard,184854,meaning-and-purpose,24,24,0,70
burmese-standard,184854,hope-and-perseverance,30,29,1,71
burmese-standard,184854,love-and-belonging,28,26,2,72
burmese-standard,184854,forgiveness-and-new-beginnings,17,15,2,72
burmese-standard,184854,exploring-jesus,44,44,0,70
burun,139538,meaning-and-purpose,18,18,0,35
burun,139538,hope-and-perseverance,16,16,0,35
burun,139538,love-and-belonging,12,12,0,35
burun,139538,forgiveness-and-new-beginnings,7,7,0,35
burun,139538,exploring-jesus,21,21,0,35
burunge,139544,meaning-and-purpose,18,18,0,35
burunge,139544,hope-and-perseverance,16,16,0,35
burunge,139544,love-and-belonging,12,12,0,35
burunge,139544,forgiveness-and-new-beginnings,7,7,0,35
burunge,139544,exploring-jesus,21,21,0,35
burushaski,10570,meaning-and-purpose,18,18,0,35
burushaski,10570,hope-and-perseverance,16,16,0,35
burushaski,10570,love-and-belonging,12,12,0,35
burushaski,10570,forgiveness-and-new-beginnings,7,7,0,35
burushaski,10570,exploring-jesus,21,21,0,35
buurak,49141,meaning-and-purpose,18,18,0,35
buurak,49141,hope-and-perseverance,16,16,0,35
buurak,49141,love-and-belonging,12,12,0,35
buurak,49141,forgiveness-and-new-beginnings,7,7,0,35
buurak,49141,exploring-jesus,21,21,0,35
bwamu-laa-laa,2074,meaning-and-purpose,18,18,0,35
bwamu-laa-laa,2074,hope-and-perseverance,16,16,0,35
bwamu-laa-laa,2074,love-and-belonging,12,12,0,35
bwamu-laa-laa,2074,forgiveness-and-new-beginnings,7,7,0,35
bwamu-laa-laa,2074,exploring-jesus,21,21,0,35
bwazza,9491,meaning-and-purpose,18,18,0,35
bwazza,9491,hope-and-perseverance,16,16,0,35
bwazza,9491,love-and-belonging,12,12,0,35
bwazza,9491,forgiveness-and-new-beginnings,7,7,0,35
bwazza,9491,exploring-jesus,21,21,0,35
cabecar,140126,meaning-and-purpose,18,18,0,35
cabecar,140126,hope-and-perseverance,16,16,0,35
cabecar,140126,love-and-belonging,12,12,0,35
cabecar,140126,forgiveness-and-new-beginnings,7,7,0,35
cabecar,140126,exploring-jesus,21,21,0,35
cakchiquel-central,5439,meaning-and-purpose,19,19,0,47
cakchiquel-central,5439,hope-and-perseverance,19,18,1,48
cakchiquel-central,5439,love-and-belonging,20,19,1,48
cakchiquel-central,5439,forgiveness-and-new-beginnings,13,13,0,47
cakchiquel-central,5439,exploring-jesus,26,26,0,47
cakchiquel-eastern,5397,meaning-and-purpose,18,18,0,35
cakchiquel-eastern,5397,hope-and-perseverance,16,16,0,35
cakchiquel-eastern,5397,love-and-belonging,12,12,0,35
cakchiquel-eastern,5397,forgiveness-and-new-beginnings,7,7,0,35
cakchiquel-eastern,5397,exploring-jesus,21,21,0,35
cakchiquel-south-central,5437,meaning-and-purpose,18,18,0,35
cakchiquel-south-central,5437,hope-and-perseverance,16,16,0,35
cakchiquel-south-central,5437,love-and-belonging,12,12,0,35
cakchiquel-south-central,5437,forgiveness-and-new-beginnings,7,7,0,35
cakchiquel-south-central,5437,exploring-jesus,21,21,0,35
cakchiquel-western,5392,meaning-and-purpose,23,23,0,57
cakchiquel-western,5392,hope-and-perseverance,26,26,0,57
cakchiquel-western,5392,love-and-belonging,20,19,1,58
cakchiquel-western,5392,forgiveness-and-new-beginnings,10,9,1,58
cakchiquel-western,5392,exploring-jesus,38,38,0,57
canela,101512,meaning-and-purpose,18,18,0,35
canela,101512,hope-and-perseverance,16,16,0,35
canela,101512,love-and-belonging,12,12,0,35
canela,101512,forgiveness-and-new-beginnings,7,7,0,35
canela,101512,exploring-jesus,21,21,0,35
cantonese,20601,meaning-and-purpose,47,47,0,118
cantonese,20601,hope-and-perseverance,49,48,1,119
cantonese,20601,love-and-belonging,50,48,2,120
cantonese,20601,forgiveness-and-new-beginnings,27,26,1,119
cantonese,20601,exploring-jesus,59,59,0,118
capanahua,141267,meaning-and-purpose,18,18,0,35
capanahua,141267,hope-and-perseverance,16,16,0,35
capanahua,141267,love-and-belonging,12,12,0,35
capanahua,141267,forgiveness-and-new-beginnings,7,7,0,35
capanahua,141267,exploring-jesus,21,21,0,35
carib-eastern,53421,meaning-and-purpose,18,18,0,35
carib-eastern,53421,hope-and-perseverance,16,16,0,35
carib-eastern,53421,love-and-belonging,12,12,0,35
carib-eastern,53421,forgiveness-and-new-beginnings,7,7,0,35
carib-eastern,53421,exploring-jesus,21,21,0,35
catalan-valencian-balear,531,meaning-and-purpose,23,23,0,58
catalan-valencian-balear,531,hope-and-perseverance,26,26,0,58
catalan-valencian-balear,531,love-and-belonging,20,19,1,59
catalan-valencian-balear,531,forgiveness-and-new-beginnings,10,9,1,59
catalan-valencian-balear,531,exploring-jesus,39,39,0,58
cebuano,12784,meaning-and-purpose,20,20,0,53
cebuano,12784,hope-and-perseverance,21,20,1,54
cebuano,12784,love-and-belonging,21,20,1,54
cebuano,12784,forgiveness-and-new-beginnings,15,15,0,53
cebuano,12784,exploring-jesus,31,31,0,53
central-asian-russian,20899,meaning-and-purpose,25,25,0,80
central-asian-russian,20899,hope-and-perseverance,32,31,1,81
central-asian-russian,20899,love-and-belonging,29,27,2,82
central-asian-russian,20899,forgiveness-and-new-beginnings,20,19,1,81
central-asian-russian,20899,exploring-jesus,54,54,0,80
central-buang,159546,meaning-and-purpose,18,18,0,35
central-buang,159546,hope-and-perseverance,16,16,0,35
central-buang,159546,love-and-belonging,12,12,0,35
central-buang,159546,forgiveness-and-new-beginnings,7,7,0,35
central-buang,159546,exploring-jesus,21,21,0,35
cerma,2067,meaning-and-purpose,18,18,0,39
cerma,2067,hope-and-perseverance,17,17,0,39
cerma,2067,love-and-belonging,14,14,0,39
cerma,2067,forgiveness-and-new-beginnings,10,10,0,39
cerma,2067,exploring-jesus,23,23,0,39
chachi,4501,meaning-and-purpose,18,18,0,35
chachi,4501,hope-and-perseverance,16,16,0,35
chachi,4501,love-and-belonging,12,12,0,35
chachi,4501,forgiveness-and-new-beginnings,7,7,0,35
chachi,4501,exploring-jesus,21,21,0,35
chakfem,159392,meaning-and-purpose,18,18,0,35
chakfem,159392,hope-and-perseverance,16,16,0,35
chakfem,159392,love-and-belonging,12,12,0,35
chakfem,159392,forgiveness-and-new-beginnings,7,7,0,35
chakfem,159392,exploring-jesus,21,21,0,35
chakma,1253,meaning-and-purpose,18,18,0,35
chakma,1253,hope-and-perseverance,16,16,0,35
chakma,1253,love-and-belonging,12,12,0,35
chakma,1253,forgiveness-and-new-beginnings,7,7,0,35
chakma,1253,exploring-jesus,21,21,0,35
chaldean,20592,meaning-and-purpose,23,23,0,56
chaldean,20592,hope-and-perseverance,26,26,0,56
chaldean,20592,love-and-belonging,20,19,1,57
chaldean,20592,forgiveness-and-new-beginnings,10,9,1,57
chaldean,20592,exploring-jesus,37,37,0,56
cham-eastern,19372,meaning-and-purpose,18,18,0,35
cham-eastern,19372,hope-and-perseverance,16,16,0,35
cham-eastern,19372,love-and-belonging,12,12,0,35
cham-eastern,19372,forgiveness-and-new-beginnings,7,7,0,35
cham-eastern,19372,exploring-jesus,21,21,0,35
cham-western,2145,meaning-and-purpose,18,18,0,35
cham-western,2145,hope-and-perseverance,16,16,0,35
cham-western,2145,love-and-belonging,12,12,0,35
cham-western,2145,forgiveness-and-new-beginnings,7,7,0,35
cham-western,2145,exploring-jesus,21,21,0,35
chamacoco,140087,meaning-and-purpose,18,18,0,35
chamacoco,140087,hope-and-perseverance,16,16,0,35
chamacoco,140087,love-and-belonging,12,12,0,35
chamacoco,140087,forgiveness-and-new-beginnings,7,7,0,35
chamacoco,140087,exploring-jesus,21,21,0,35
chamari,97720,meaning-and-purpose,18,18,0,35
chamari,97720,hope-and-perseverance,16,16,0,35
chamari,97720,love-and-belonging,12,12,0,35
chamari,97720,forgiveness-and-new-beginnings,7,7,0,35
chamari,97720,exploring-jesus,21,21,0,35
chamba-daka,159038,meaning-and-purpose,18,18,0,35
chamba-daka,159038,hope-and-perseverance,16,16,0,35
chamba-daka,159038,love-and-belonging,12,12,0,35
chamba-daka,159038,forgiveness-and-new-beginnings,7,7,0,35
chamba-daka,159038,exploring-jesus,21,21,0,35
chambeali,5652,meaning-and-purpose,18,18,0,35
chambeali,5652,hope-and-perseverance,16,16,0,35
chambeali,5652,love-and-belonging,12,12,0,35
chambeali,5652,forgiveness-and-new-beginnings,7,7,0,35
chambeali,5652,exploring-jesus,21,21,0,35
chamling,50165,meaning-and-purpose,18,18,0,35
chamling,50165,hope-and-perseverance,16,16,0,35
chamling,50165,love-and-belonging,12,12,0,35
chamling,50165,forgiveness-and-new-beginnings,7,7,0,35
chamling,50165,exploring-jesus,21,21,0,35
chamorro,5379,meaning-and-purpose,19,19,0,47
chamorro,5379,hope-and-perseverance,19,18,1,48
chamorro,5379,love-and-belonging,20,19,1,48
chamorro,5379,forgiveness-and-new-beginnings,13,13,0,47
chamorro,5379,exploring-jesus,26,26,0,47
chara,140248,meaning-and-purpose,18,18,0,35
chara,140248,hope-and-perseverance,16,16,0,35
chara,140248,love-and-belonging,12,12,0,35
chara,140248,forgiveness-and-new-beginnings,7,7,0,35
chara,140248,exploring-jesus,21,21,0,35
chasu-pare,24223,meaning-and-purpose,18,18,0,35
chasu-pare,24223,hope-and-perseverance,16,16,0,35
chasu-pare,24223,love-and-belonging,12,12,0,35
chasu-pare,24223,forgiveness-and-new-beginnings,7,7,0,35
chasu-pare,24223,exploring-jesus,21,21,0,35
chatgaya-chittagonian-hindu,139131,meaning-and-purpose,23,23,0,57
chatgaya-chittagonian-hindu,139131,hope-and-perseverance,26,26,0,57
chatgaya-chittagonian-hindu,139131,love-and-belonging,20,19,1,58
chatgaya-chittagonian-hindu,139131,forgiveness-and-new-beginnings,10,9,1,58
chatgaya-chittagonian-hindu,139131,exploring-jesus,38,38,0,57
chatgaya-chittagonian-muslim,21674,meaning-and-purpose,23,23,0,56
chatgaya-chittagonian-muslim,21674,hope-and-perseverance,26,26,0,56
chatgaya-chittagonian-muslim,21674,love-and-belonging,20,19,1,57
chatgaya-chittagonian-muslim,21674,forgiveness-and-new-beginnings,10,9,1,57
chatgaya-chittagonian-muslim,21674,exploring-jesus,37,37,0,56
chatino-nopala,8282,meaning-and-purpose,18,18,0,35
chatino-nopala,8282,hope-and-perseverance,16,16,0,35
chatino-nopala,8282,love-and-belonging,12,12,0,35
chatino-nopala,8282,forgiveness-and-new-beginnings,7,7,0,35
chatino-nopala,8282,exploring-jesus,21,21,0,35
chatino-zenzontepec,8281,meaning-and-purpose,18,18,0,35
chatino-zenzontepec,8281,hope-and-perseverance,16,16,0,35
chatino-zenzontepec,8281,love-and-belonging,12,12,0,35
chatino-zenzontepec,8281,forgiveness-and-new-beginnings,7,7,0,35
chatino-zenzontepec,8281,exploring-jesus,21,21,0,35
chavacano,12791,meaning-and-purpose,18,18,0,35
chavacano,12791,hope-and-perseverance,16,16,0,35
chavacano,12791,love-and-belonging,12,12,0,35
chavacano,12791,forgiveness-and-new-beginnings,7,7,0,35
chavacano,12791,exploring-jesus,21,21,0,35
chechen,7139,meaning-and-purpose,18,18,0,35
chechen,7139,hope-and-perseverance,16,16,0,35
chechen,7139,love-and-belonging,12,12,0,35
chechen,7139,forgiveness-and-new-beginnings,7,7,0,35
chechen,7139,exploring-jesus,21,21,0,35
cheke-holo,144083,meaning-and-purpose,18,18,0,35
cheke-holo,144083,hope-and-perseverance,16,16,0,35
cheke-holo,144083,love-and-belonging,12,12,0,35
cheke-holo,144083,forgiveness-and-new-beginnings,7,7,0,35
cheke-holo,144083,exploring-jesus,21,21,0,35
cherepon,25991,meaning-and-purpose,18,18,0,35
cherepon,25991,hope-and-perseverance,16,16,0,35
cherepon,25991,love-and-belonging,12,12,0,35
cherepon,25991,forgiveness-and-new-beginnings,7,7,0,35
cherepon,25991,exploring-jesus,21,21,0,35
chhattisgarhi,6463,meaning-and-purpose,23,23,0,57
chhattisgarhi,6463,hope-and-perseverance,26,26,0,57
chhattisgarhi,6463,love-and-belonging,20,19,1,58
chhattisgarhi,6463,forgiveness-and-new-beginnings,10,9,1,58
chhattisgarhi,6463,exploring-jesus,38,38,0,57
chibi-setentrional,139134,meaning-and-purpose,18,18,0,35
chibi-setentrional,139134,hope-and-perseverance,16,16,0,35
chibi-setentrional,139134,love-and-belonging,12,12,0,35
chibi-setentrional,139134,forgiveness-and-new-beginnings,7,7,0,35
chibi-setentrional,139134,exploring-jesus,21,21,0,35
chichewa,20857,meaning-and-purpose,42,42,0,106
chichewa,20857,hope-and-perseverance,44,43,1,107
chichewa,20857,love-and-belonging,47,45,2,108
chichewa,20857,forgiveness-and-new-beginnings,29,28,1,107
chichewa,20857,exploring-jesus,52,52,0,106
chikunda,163660,meaning-and-purpose,18,18,0,35
chikunda,163660,hope-and-perseverance,16,16,0,35
chikunda,163660,love-and-belonging,12,12,0,35
chikunda,163660,forgiveness-and-new-beginnings,7,7,0,35
chikunda,163660,exploring-jesus,21,21,0,35
chilcotin,3099,meaning-and-purpose,18,18,0,35
chilcotin,3099,hope-and-perseverance,16,16,0,35
chilcotin,3099,love-and-belonging,12,12,0,35
chilcotin,3099,forgiveness-and-new-beginnings,7,7,0,35
chilcotin,3099,exploring-jesus,21,21,0,35
chin-asho,1181,meaning-and-purpose,18,18,0,35
chin-asho,1181,hope-and-perseverance,16,16,0,35
chin-asho,1181,love-and-belonging,12,12,0,35
chin-asho,1181,forgiveness-and-new-beginnings,7,7,0,35
chin-asho,1181,exploring-jesus,21,21,0,35
chin-falam,1192,meaning-and-purpose,18,18,0,35
chin-falam,1192,hope-and-perseverance,16,16,0,35
chin-falam,1192,love-and-belonging,12,12,0,35
chin-falam,1192,forgiveness-and-new-beginnings,7,7,0,35
chin-falam,1192,exploring-jesus,21,21,0,35
chin-khumi,1252,meaning-and-purpose,18,18,0,35
chin-khumi,1252,hope-and-perseverance,16,16,0,35
chin-khumi,1252,love-and-belonging,12,12,0,35
chin-khumi,1252,forgiveness-and-new-beginnings,7,7,0,35
chin-khumi,1252,exploring-jesus,21,21,0,35
chin-mun,8746,meaning-and-purpose,18,18,0,35
chin-mun,8746,hope-and-perseverance,16,16,0,35
chin-mun,8746,love-and-belonging,12,12,0,35
chin-mun,8746,forgiveness-and-new-beginnings,7,7,0,35
chin-mun,8746,exploring-jesus,21,21,0,35
chin-paite,5961,meaning-and-purpose,18,18,0,35
chin-paite,5961,hope-and-perseverance,16,16,0,35
chin-paite,5961,love-and-belonging,12,12,0,35
chin-paite,5961,forgiveness-and-new-beginnings,7,7,0,35
chin-paite,5961,exploring-jesus,21,21,0,35
chinantec-usila,97686,meaning-and-purpose,18,18,0,35
chinantec-usila,97686,hope-and-perseverance,16,16,0,35
chinantec-usila,97686,love-and-belonging,12,12,0,35
chinantec-usila,97686,forgiveness-and-new-beginnings,7,7,0,35
chinantec-usila,97686,exploring-jesus,21,21,0,35
chinanteco-quiotepec,8343,meaning-and-purpose,18,18,0,35
chinanteco-quiotepec,8343,hope-and-perseverance,16,16,0,35
chinanteco-quiotepec,8343,love-and-belonging,12,12,0,35
chinanteco-quiotepec,8343,forgiveness-and-new-beginnings,7,7,0,35
chinanteco-quiotepec,8343,exploring-jesus,21,21,0,35
chinanteco-tepetotutla,7922,meaning-and-purpose,18,18,0,35
chinanteco-tepetotutla,7922,hope-and-perseverance,16,16,0,35
chinanteco-tepetotutla,7922,love-and-belonging,12,12,0,35
chinanteco-tepetotutla,7922,forgiveness-and-new-beginnings,7,7,0,35
chinanteco-tepetotutla,7922,exploring-jesus,21,21,0,35
chinanteco-tlacoatzintepec,7926,meaning-and-purpose,18,18,0,35
chinanteco-tlacoatzintepec,7926,hope-and-perseverance,16,16,0,35
chinanteco-tlacoatzintepec,7926,love-and-belonging,12,12,0,35
chinanteco-tlacoatzintepec,7926,forgiveness-and-new-beginnings,7,7,0,35
chinanteco-tlacoatzintepec,7926,exploring-jesus,21,21,0,35
chinese-guiliu,53352,meaning-and-purpose,18,18,0,35
chinese-guiliu,53352,hope-and-perseverance,16,16,0,35
chinese-guiliu,53352,love-and-belonging,12,12,0,35
chinese-guiliu,53352,forgiveness-and-new-beginnings,7,7,0,35
chinese-guiliu,53352,exploring-jesus,21,21,0,35
chinese-hokkien-amoy,184515,meaning-and-purpose,23,23,0,57
chinese-hokkien-amoy,184515,hope-and-perseverance,27,27,0,57
chinese-hokkien-amoy,184515,love-and-belonging,21,20,1,58
chinese-hokkien-amoy,184515,forgiveness-and-new-beginnings,10,9,1,58
chinese-hokkien-amoy,184515,exploring-jesus,38,38,0,57
chinese-qinghai,24096,meaning-and-purpose,18,18,0,35
chinese-qinghai,24096,hope-and-perseverance,16,16,0,35
chinese-qinghai,24096,love-and-belonging,12,12,0,35
chinese-qinghai,24096,forgiveness-and-new-beginnings,7,7,0,35
chinese-qinghai,24096,exploring-jesus,21,21,0,35
chinese-sichuan,23062,meaning-and-purpose,18,18,0,35
chinese-sichuan,23062,hope-and-perseverance,16,16,0,35
chinese-sichuan,23062,love-and-belonging,12,12,0,35
chinese-sichuan,23062,forgiveness-and-new-beginnings,7,7,0,35
chinese-sichuan,23062,exploring-jesus,21,21,0,35
chinese-simplified,21754,meaning-and-purpose,22,22,0,51
chinese-simplified,21754,hope-and-perseverance,13,13,0,51
chinese-simplified,21754,love-and-belonging,14,14,0,51
chinese-simplified,21754,forgiveness-and-new-beginnings,12,11,1,52
chinese-simplified,21754,exploring-jesus,23,23,0,51
chinese-traditional,21753,meaning-and-purpose,17,17,0,31
chinese-traditional,21753,hope-and-perseverance,10,10,0,31
chinese-traditional,21753,love-and-belonging,11,11,0,31
chinese-traditional,21753,forgiveness-and-new-beginnings,6,5,1,32
chinese-traditional,21753,exploring-jesus,5,5,0,31
chinese-yunnan-kunming,23061,meaning-and-purpose,18,18,0,36
chinese-yunnan-kunming,23061,hope-and-perseverance,16,16,0,36
chinese-yunnan-kunming,23061,love-and-belonging,12,12,0,36
chinese-yunnan-kunming,23061,forgiveness-and-new-beginnings,7,7,0,36
chinese-yunnan-kunming,23061,exploring-jesus,22,22,0,36
chingoni,20084,meaning-and-purpose,18,18,0,35
chingoni,20084,hope-and-perseverance,16,16,0,35
chingoni,20084,love-and-belonging,12,12,0,35
chingoni,20084,forgiveness-and-new-beginnings,7,7,0,35
chingoni,20084,exploring-jesus,21,21,0,35
chitembo,47429,meaning-and-purpose,18,18,0,35
chitembo,47429,hope-and-perseverance,16,16,0,35
chitembo,47429,love-and-belonging,12,12,0,35
chitembo,47429,forgiveness-and-new-beginnings,7,7,0,35
chitembo,47429,exploring-jesus,21,21,0,35
chitwan-tharu,167552,meaning-and-purpose,18,18,0,35
chitwan-tharu,167552,hope-and-perseverance,16,16,0,35
chitwan-tharu,167552,love-and-belonging,12,12,0,35
chitwan-tharu,167552,forgiveness-and-new-beginnings,7,7,0,35
chitwan-tharu,167552,exploring-jesus,21,21,0,35
chodri,5648,meaning-and-purpose,18,18,0,35
chodri,5648,hope-and-perseverance,16,16,0,35
chodri,5648,love-and-belonging,12,12,0,35
chodri,5648,forgiveness-and-new-beginnings,7,7,0,35
chodri,5648,exploring-jesus,21,21,0,35
chokwe-angola,23492,meaning-and-purpose,18,18,0,35
chokwe-angola,23492,hope-and-perseverance,16,16,0,35
chokwe-angola,23492,love-and-belonging,12,12,0,35
chokwe-angola,23492,forgiveness-and-new-beginnings,7,7,0,35
chokwe-angola,23492,exploring-jesus,21,21,0,35
chokwe-congo,23491,meaning-and-purpose,18,18,0,35
chokwe-congo,23491,hope-and-perseverance,16,16,0,35
chokwe-congo,23491,love-and-belonging,12,12,0,35
chokwe-congo,23491,forgiveness-and-new-beginnings,7,7,0,35
chokwe-congo,23491,exploring-jesus,21,21,0,35
chol-tumbala,8315,meaning-and-purpose,18,18,0,35
chol-tumbala,8315,hope-and-perseverance,16,16,0,35
chol-tumbala,8315,love-and-belonging,12,12,0,35
chol-tumbala,8315,forgiveness-and-new-beginnings,7,7,0,35
chol-tumbala,8315,exploring-jesus,21,21,0,35
chonyi,7343,meaning-and-purpose,18,18,0,39
chonyi,7343,hope-and-perseverance,17,17,0,39
chonyi,7343,love-and-belonging,14,14,0,39
chonyi,7343,forgiveness-and-new-beginnings,10,10,0,39
chonyi,7343,exploring-jesus,23,23,0,39
chopi,8420,meaning-and-purpose,18,18,0,35
chopi,8420,hope-and-perseverance,16,16,0,35
chopi,8420,love-and-belonging,12,12,0,35
chopi,8420,forgiveness-and-new-beginnings,7,7,0,35
chopi,8420,exploring-jesus,21,21,0,35
chumburung,5232,meaning-and-purpose,18,18,0,35
chumburung,5232,hope-and-perseverance,16,16,0,35
chumburung,5232,love-and-belonging,12,12,0,35
chumburung,5232,forgiveness-and-new-beginnings,7,7,0,35
chumburung,5232,exploring-jesus,21,21,0,35
churahi,5647,meaning-and-purpose,18,18,0,35
churahi,5647,hope-and-perseverance,16,16,0,35
churahi,5647,love-and-belonging,12,12,0,35
churahi,5647,forgiveness-and-new-beginnings,7,7,0,35
churahi,5647,exploring-jesus,21,21,0,35
chuukese,139129,meaning-and-purpose,18,18,0,35
chuukese,139129,hope-and-perseverance,16,16,0,35
chuukese,139129,love-and-belonging,12,12,0,35
chuukese,139129,forgiveness-and-new-beginnings,7,7,0,35
chuukese,139129,exploring-jesus,21,21,0,35
chuvash,18574,meaning-and-purpose,18,18,0,35
chuvash,18574,hope-and-perseverance,16,16,0,35
chuvash,18574,love-and-belonging,12,12,0,35
chuvash,18574,forgiveness-and-new-beginnings,7,7,0,35
chuvash,18574,exploring-jesus,21,21,0,35
chwabo,8426,meaning-and-purpose,18,18,0,35
chwabo,8426,hope-and-perseverance,16,16,0,35
chwabo,8426,love-and-belonging,12,12,0,35
chwabo,8426,forgiveness-and-new-beginnings,7,7,0,35
chwabo,8426,exploring-jesus,21,21,0,35
cia-cia,17626,meaning-and-purpose,18,18,0,35
cia-cia,17626,hope-and-perseverance,16,16,0,35
cia-cia,17626,love-and-belonging,12,12,0,35
cia-cia,17626,forgiveness-and-new-beginnings,7,7,0,35
cia-cia,17626,exploring-jesus,21,21,0,35
cirebon,19766,meaning-and-purpose,18,18,0,35
cirebon,19766,hope-and-perseverance,16,16,0,35
cirebon,19766,love-and-belonging,12,12,0,35
cirebon,19766,forgiveness-and-new-beginnings,7,7,0,35
cirebon,19766,exploring-jesus,21,21,0,35
cishingini,9316,meaning-and-purpose,18,18,0,35
cishingini,9316,hope-and-perseverance,16,16,0,35
cishingini,9316,love-and-belonging,12,12,0,35
cishingini,9316,forgiveness-and-new-beginnings,7,7,0,35
cishingini,9316,exploring-jesus,21,21,0,35
clela,23874,meaning-and-purpose,18,18,0,35
clela,23874,hope-and-perseverance,16,16,0,35
clela,23874,love-and-belonging,12,12,0,35
clela,23874,forgiveness-and-new-beginnings,7,7,0,35
clela,23874,exploring-jesus,21,21,0,35
cofan,184472,meaning-and-purpose,18,18,0,35
cofan,184472,hope-and-perseverance,16,16,0,35
cofan,184472,love-and-belonging,12,12,0,35
cofan,184472,forgiveness-and-new-beginnings,7,7,0,35
cofan,184472,exploring-jesus,21,21,0,35
cogui,23924,meaning-and-purpose,18,18,0,35
cogui,23924,hope-and-perseverance,16,16,0,35
cogui,23924,love-and-belonging,12,12,0,35
cogui,23924,forgiveness-and-new-beginnings,7,7,0,35
cogui,23924,exploring-jesus,21,21,0,35
col,141796,meaning-and-purpose,18,18,0,35
col,141796,hope-and-perseverance,16,16,0,35
col,141796,love-and-belonging,12,12,0,35
col,141796,forgiveness-and-new-beginnings,7,7,0,35
col,141796,exploring-jesus,21,21,0,35
colombian-sign-language,4247,meaning-and-purpose,0,0,0,1
colombian-sign-language,4247,hope-and-perseverance,0,0,0,1
colombian-sign-language,4247,love-and-belonging,0,0,0,1
colombian-sign-language,4247,forgiveness-and-new-beginnings,0,0,0,1
colombian-sign-language,4247,exploring-jesus,1,1,0,1
comorian-shingazidja,15903,meaning-and-purpose,18,18,0,35
comorian-shingazidja,15903,hope-and-perseverance,16,16,0,35
comorian-shingazidja,15903,love-and-belonging,12,12,0,35
comorian-shingazidja,15903,forgiveness-and-new-beginnings,7,7,0,35
comorian-shingazidja,15903,exploring-jesus,21,21,0,35
cook-islands-maori,176906,meaning-and-purpose,18,18,0,35
cook-islands-maori,176906,hope-and-perseverance,16,16,0,35
cook-islands-maori,176906,love-and-belonging,12,12,0,35
cook-islands-maori,176906,forgiveness-and-new-beginnings,7,7,0,35
cook-islands-maori,176906,exploring-jesus,21,21,0,35
cora,8323,meaning-and-purpose,18,18,0,35
cora,8323,hope-and-perseverance,16,16,0,35
cora,8323,love-and-belonging,12,12,0,35
cora,8323,forgiveness-and-new-beginnings,7,7,0,35
cora,8323,exploring-jesus,21,21,0,35
costa-rican-sign-language,4394,meaning-and-purpose,0,0,0,1
costa-rican-sign-language,4394,hope-and-perseverance,0,0,0,1
costa-rican-sign-language,4394,love-and-belonging,0,0,0,1
costa-rican-sign-language,4394,forgiveness-and-new-beginnings,0,0,0,1
costa-rican-sign-language,4394,exploring-jesus,1,1,0,1
cree-western,3087,meaning-and-purpose,18,18,0,35
cree-western,3087,hope-and-perseverance,16,16,0,35
cree-western,3087,love-and-belonging,12,12,0,35
cree-western,3087,forgiveness-and-new-beginnings,7,7,0,35
cree-western,3087,exploring-jesus,21,21,0,35
crimean-tatar,22335,meaning-and-purpose,18,18,0,35
crimean-tatar,22335,hope-and-perseverance,16,16,0,35
crimean-tatar,22335,love-and-belonging,12,12,0,35
crimean-tatar,22335,forgiveness-and-new-beginnings,7,7,0,35
crimean-tatar,22335,exploring-jesus,21,21,0,35
crioulo-upper-guinea,5059,meaning-and-purpose,21,21,0,60
crioulo-upper-guinea,5059,hope-and-perseverance,21,20,1,61
crioulo-upper-guinea,5059,love-and-belonging,25,24,1,61
crioulo-upper-guinea,5059,forgiveness-and-new-beginnings,19,19,0,60
crioulo-upper-guinea,5059,exploring-jesus,36,36,0,60
croatian,1109,meaning-and-purpose,42,42,0,103
croatian,1109,hope-and-perseverance,42,41,1,104
croatian,1109,love-and-belonging,44,42,2,105
croatian,1109,forgiveness-and-new-beginnings,26,25,1,104
croatian,1109,exploring-jesus,52,52,0,103
csango,108102,meaning-and-purpose,18,18,0,36
csango,108102,hope-and-perseverance,16,16,0,36
csango,108102,love-and-belonging,12,12,0,36
csango,108102,forgiveness-and-new-beginnings,7,7,0,36
csango,108102,exploring-jesus,22,22,0,36
cubeo,1592,meaning-and-purpose,18,18,0,35
cubeo,1592,hope-and-perseverance,16,16,0,35
cubeo,1592,love-and-belonging,12,12,0,35
cubeo,1592,forgiveness-and-new-beginnings,7,7,0,35
cubeo,1592,exploring-jesus,21,21,0,35
cuicateco-tepeuxila,8284,meaning-and-purpose,18,18,0,35
cuicateco-tepeuxila,8284,hope-and-perseverance,16,16,0,35
cuicateco-tepeuxila,8284,love-and-belonging,12,12,0,35
cuicateco-tepeuxila,8284,forgiveness-and-new-beginnings,7,7,0,35
cuicateco-tepeuxila,8284,exploring-jesus,21,21,0,35
cun,3792,meaning-and-purpose,18,18,0,35
cun,3792,hope-and-perseverance,16,16,0,35
cun,3792,love-and-belonging,12,12,0,35
cun,3792,forgiveness-and-new-beginnings,7,7,0,35
cun,3792,exploring-jesus,21,21,0,35
curripaco,141382,meaning-and-purpose,18,18,0,35
curripaco,141382,hope-and-perseverance,16,16,0,35
curripaco,141382,love-and-belonging,12,12,0,35
curripaco,141382,forgiveness-and-new-beginnings,7,7,0,35
curripaco,141382,exploring-jesus,21,21,0,35
cuyonon,12773,meaning-and-purpose,18,18,0,35
cuyonon,12773,hope-and-perseverance,16,16,0,35
cuyonon,12773,love-and-belonging,12,12,0,35
cuyonon,12773,forgiveness-and-new-beginnings,7,7,0,35
cuyonon,12773,exploring-jesus,21,21,0,35
czech,4432,meaning-and-purpose,45,45,0,120
czech,4432,hope-and-perseverance,47,46,1,121
czech,4432,love-and-belonging,51,49,2,122
czech,4432,forgiveness-and-new-beginnings,31,30,1,121
czech,4432,exploring-jesus,65,65,0,120
daani,185232,meaning-and-purpose,18,18,0,35
daani,185232,hope-and-perseverance,16,16,0,35
daani,185232,love-and-belonging,12,12,0,35
daani,185232,forgiveness-and-new-beginnings,7,7,0,35
daani,185232,exploring-jesus,21,21,0,35
daasanach,97941,meaning-and-purpose,18,18,0,35
daasanach,97941,hope-and-perseverance,16,16,0,35
daasanach,97941,love-and-belonging,12,12,0,35
daasanach,97941,forgiveness-and-new-beginnings,7,7,0,35
daasanach,97941,exploring-jesus,21,21,0,35
daba,2865,meaning-and-purpose,18,18,0,35
daba,2865,hope-and-perseverance,16,16,0,35
daba,2865,love-and-belonging,12,12,0,35
daba,2865,forgiveness-and-new-beginnings,7,7,0,35
daba,2865,exploring-jesus,21,21,0,35
dadeldhureli,53355,meaning-and-purpose,18,18,0,35
dadeldhureli,53355,hope-and-perseverance,16,16,0,35
dadeldhureli,53355,love-and-belonging,12,12,0,35
dadeldhureli,53355,forgiveness-and-new-beginnings,7,7,0,35
dadeldhureli,53355,exploring-jesus,21,21,0,35
dadiya,10292,meaning-and-purpose,18,18,0,35
dadiya,10292,hope-and-perseverance,16,16,0,35
dadiya,10292,love-and-belonging,12,12,0,35
dadiya,10292,forgiveness-and-new-beginnings,7,7,0,35
dadiya,10292,exploring-jesus,21,21,0,35
dagaari-northern,22197,meaning-and-purpose,0,0,0,0
dagaari-northern,22197,hope-and-perseverance,0,0,0,0
dagaari-northern,22197,love-and-belonging,0,0,0,0
dagaari-northern,22197,forgiveness-and-new-beginnings,0,0,0,0
dagaari-northern,22197,exploring-jesus,0,0,0,0
dagaari-southern,5188,meaning-and-purpose,18,18,0,35
dagaari-southern,5188,hope-and-perseverance,16,16,0,35
dagaari-southern,5188,love-and-belonging,12,12,0,35
dagaari-southern,5188,forgiveness-and-new-beginnings,7,7,0,35
dagaari-southern,5188,exploring-jesus,21,21,0,35
dagara,116416,meaning-and-purpose,18,18,0,35
dagara,116416,hope-and-perseverance,16,16,0,35
dagara,116416,love-and-belonging,12,12,0,35
dagara,116416,forgiveness-and-new-beginnings,7,7,0,35
dagara,116416,exploring-jesus,21,21,0,35
dagbanli,184814,meaning-and-purpose,18,18,0,39
dagbanli,184814,hope-and-perseverance,17,17,0,39
dagbanli,184814,love-and-belonging,14,14,0,39
dagbanli,184814,forgiveness-and-new-beginnings,10,10,0,39
dagbanli,184814,exploring-jesus,23,23,0,39
dan,5462,meaning-and-purpose,18,18,0,39
dan,5462,hope-and-perseverance,17,17,0,39
dan,5462,love-and-belonging,14,14,0,39
dan,5462,forgiveness-and-new-beginnings,10,10,0,39
dan,5462,exploring-jesus,23,23,0,39
dangali-tharu,185063,meaning-and-purpose,18,18,0,35
dangali-tharu,185063,hope-and-perseverance,16,16,0,35
dangali-tharu,185063,love-and-belonging,12,12,0,35
dangali-tharu,185063,forgiveness-and-new-beginnings,7,7,0,35
dangali-tharu,185063,exploring-jesus,21,21,0,35
dangi,22682,meaning-and-purpose,18,18,0,35
dangi,22682,hope-and-perseverance,16,16,0,35
dangi,22682,love-and-belonging,12,12,0,35
dangi,22682,forgiveness-and-new-beginnings,7,7,0,35
dangi,22682,exploring-jesus,21,21,0,35
dani-western,16447,meaning-and-purpose,18,18,0,35
dani-western,16447,hope-and-perseverance,16,16,0,35
dani-western,16447,love-and-belonging,12,12,0,35
dani-western,16447,forgiveness-and-new-beginnings,7,7,0,35
dani-western,16447,exploring-jesus,21,21,0,35
danish,4454,meaning-and-purpose,18,18,0,46
danish,4454,hope-and-perseverance,17,16,1,47
danish,4454,love-and-belonging,24,23,1,47
danish,4454,forgiveness-and-new-beginnings,17,17,0,46
danish,4454,exploring-jesus,14,14,0,46
dano,139511,meaning-and-purpose,18,18,0,35
dano,139511,hope-and-perseverance,16,16,0,35
dano,139511,love-and-belonging,12,12,0,35
dano,139511,forgiveness-and-new-beginnings,7,7,0,35
dano,139511,exploring-jesus,21,21,0,35
darchuleli,111588,meaning-and-purpose,18,18,0,35
darchuleli,111588,hope-and-perseverance,16,16,0,35
darchuleli,111588,love-and-belonging,12,12,0,35
darchuleli,111588,forgiveness-and-new-beginnings,7,7,0,35
darchuleli,111588,exploring-jesus,21,21,0,35
dargin,20644,meaning-and-purpose,18,18,0,35
dargin,20644,hope-and-perseverance,16,16,0,35
dargin,20644,love-and-belonging,12,12,0,35
dargin,20644,forgiveness-and-new-beginnings,7,7,0,35
dargin,20644,exploring-jesus,21,21,0,35
dari,53400,meaning-and-purpose,25,25,0,78
dari,53400,hope-and-perseverance,32,31,1,79
dari,53400,love-and-belonging,29,27,2,80
dari,53400,forgiveness-and-new-beginnings,19,18,1,79
dari,53400,exploring-jesus,52,52,0,78
datooga,14081,meaning-and-purpose,18,18,0,35
datooga,14081,hope-and-perseverance,16,16,0,35
datooga,14081,love-and-belonging,12,12,0,35
datooga,14081,forgiveness-and-new-beginnings,7,7,0,35
datooga,14081,exploring-jesus,21,21,0,35
daur,3786,meaning-and-purpose,18,18,0,35
daur,3786,hope-and-perseverance,16,16,0,35
daur,3786,love-and-belonging,12,12,0,35
daur,3786,forgiveness-and-new-beginnings,7,7,0,35
daur,3786,exploring-jesus,21,21,0,35
davik-kui,185003,meaning-and-purpose,18,18,0,35
davik-kui,185003,hope-and-perseverance,16,16,0,35
davik-kui,185003,love-and-belonging,12,12,0,35
davik-kui,185003,forgiveness-and-new-beginnings,7,7,0,35
davik-kui,185003,exploring-jesus,21,21,0,35
dawro,4633,meaning-and-purpose,18,18,0,35
dawro,4633,hope-and-perseverance,16,16,0,35
dawro,4633,love-and-belonging,12,12,0,35
dawro,4633,forgiveness-and-new-beginnings,7,7,0,35
dawro,4633,exploring-jesus,21,21,0,35
dayak-ngaju,172218,meaning-and-purpose,18,18,0,35
dayak-ngaju,172218,hope-and-perseverance,16,16,0,35
dayak-ngaju,172218,love-and-belonging,12,12,0,35
dayak-ngaju,172218,forgiveness-and-new-beginnings,7,7,0,35
dayak-ngaju,172218,exploring-jesus,21,21,0,35
daza,3299,meaning-and-purpose,18,18,0,35
daza,3299,hope-and-perseverance,16,16,0,35
daza,3299,love-and-belonging,12,12,0,35
daza,3299,forgiveness-and-new-beginnings,7,7,0,35
daza,3299,exploring-jesus,21,21,0,35
deccani,22685,meaning-and-purpose,18,18,0,35
deccani,22685,hope-and-perseverance,16,16,0,35
deccani,22685,love-and-belonging,12,12,0,35
deccani,22685,forgiveness-and-new-beginnings,7,7,0,35
deccani,22685,exploring-jesus,21,21,0,35
deg,144593,meaning-and-purpose,18,18,0,39
deg,144593,hope-and-perseverance,17,17,0,39
deg,144593,love-and-belonging,14,14,0,39
deg,144593,forgiveness-and-new-beginnings,10,10,0,39
deg,144593,exploring-jesus,23,23,0,39
dei,140356,meaning-and-purpose,18,18,0,35
dei,140356,hope-and-perseverance,16,16,0,35
dei,140356,love-and-belonging,12,12,0,35
dei,140356,forgiveness-and-new-beginnings,7,7,0,35
dei,140356,exploring-jesus,21,21,0,35
dendi-djougou,53326,meaning-and-purpose,18,18,0,35
dendi-djougou,53326,hope-and-perseverance,16,16,0,35
dendi-djougou,53326,love-and-belonging,12,12,0,35
dendi-djougou,53326,forgiveness-and-new-beginnings,7,7,0,35
dendi-djougou,53326,exploring-jesus,21,21,0,35
dendi-malanville,1344,meaning-and-purpose,18,18,0,35
dendi-malanville,1344,hope-and-perseverance,16,16,0,35
dendi-malanville,1344,love-and-belonging,12,12,0,35
dendi-malanville,1344,forgiveness-and-new-beginnings,7,7,0,35
dendi-malanville,1344,exploring-jesus,21,21,0,35
dene,97745,meaning-and-purpose,18,18,0,35
dene,97745,hope-and-perseverance,16,16,0,35
dene,97745,love-and-belonging,12,12,0,35
dene,97745,forgiveness-and-new-beginnings,7,7,0,35
dene,97745,exploring-jesus,21,21,0,35
deori,140367,meaning-and-purpose,18,18,0,35
deori,140367,hope-and-perseverance,16,16,0,35
deori,140367,love-and-belonging,12,12,0,35
deori,140367,forgiveness-and-new-beginnings,7,7,0,35
deori,140367,exploring-jesus,21,21,0,35
dera,19822,meaning-and-purpose,18,18,0,35
dera,19822,hope-and-perseverance,16,16,0,35
dera,19822,love-and-belonging,12,12,0,35
dera,19822,forgiveness-and-new-beginnings,7,7,0,35
dera,19822,exploring-jesus,21,21,0,35
dersim-zazaki,22684,meaning-and-purpose,18,18,0,35
dersim-zazaki,22684,hope-and-perseverance,16,16,0,35
dersim-zazaki,22684,love-and-belonging,12,12,0,35
dersim-zazaki,22684,forgiveness-and-new-beginnings,7,7,0,35
dersim-zazaki,22684,exploring-jesus,21,21,0,35
desia,20863,meaning-and-purpose,18,18,0,35
desia,20863,hope-and-perseverance,16,16,0,35
desia,20863,love-and-belonging,12,12,0,35
desia,20863,forgiveness-and-new-beginnings,7,7,0,35
desia,20863,exploring-jesus,21,21,0,35
dhatki,10529,meaning-and-purpose,23,23,0,56
dhatki,10529,hope-and-perseverance,26,26,0,56
dhatki,10529,love-and-belonging,20,19,1,57
dhatki,10529,forgiveness-and-new-beginnings,10,9,1,57
dhatki,10529,exploring-jesus,37,37,0,56
dhimal,140205,meaning-and-purpose,18,18,0,35
dhimal,140205,hope-and-perseverance,16,16,0,35
dhimal,140205,love-and-belonging,12,12,0,35
dhimal,140205,forgiveness-and-new-beginnings,7,7,0,35
dhimal,140205,exploring-jesus,21,21,0,35
dhivehi,53287,meaning-and-purpose,27,27,0,68
dhivehi,53287,hope-and-perseverance,27,26,1,69
dhivehi,53287,love-and-belonging,25,24,1,69
dhivehi,53287,forgiveness-and-new-beginnings,22,22,0,68
dhivehi,53287,exploring-jesus,36,36,0,68
dhodia,6548,meaning-and-purpose,19,19,0,36
dhodia,6548,hope-and-perseverance,16,16,0,36
dhodia,6548,love-and-belonging,13,13,0,36
dhodia,6548,forgiveness-and-new-beginnings,7,7,0,36
dhodia,6548,exploring-jesus,21,21,0,36
dhopadhola,20521,meaning-and-purpose,18,18,0,35
dhopadhola,20521,hope-and-perseverance,16,16,0,35
dhopadhola,20521,love-and-belonging,12,12,0,35
dhopadhola,20521,forgiveness-and-new-beginnings,7,7,0,35
dhopadhola,20521,exploring-jesus,21,21,0,35
dhundari,24343,meaning-and-purpose,23,23,0,56
dhundari,24343,hope-and-perseverance,26,26,0,56
dhundari,24343,love-and-belonging,20,19,1,57
dhundari,24343,forgiveness-and-new-beginnings,10,9,1,57
dhundari,24343,exploring-jesus,37,37,0,56
dibali,184541,meaning-and-purpose,18,18,0,35
dibali,184541,hope-and-perseverance,16,16,0,35
dibali,184541,love-and-belonging,12,12,0,35
dibali,184541,forgiveness-and-new-beginnings,7,7,0,35
dibali,184541,exploring-jesus,21,21,0,35
dida-yocoboue,16052,meaning-and-purpose,18,18,0,35
dida-yocoboue,16052,hope-and-perseverance,16,16,0,35
dida-yocoboue,16052,love-and-belonging,12,12,0,35
dida-yocoboue,16052,forgiveness-and-new-beginnings,7,7,0,35
dida-yocoboue,16052,exploring-jesus,21,21,0,35
didinga,13644,meaning-and-purpose,18,18,0,35
didinga,13644,hope-and-perseverance,16,16,0,35
didinga,13644,love-and-belonging,12,12,0,35
didinga,13644,forgiveness-and-new-beginnings,7,7,0,35
didinga,13644,exploring-jesus,21,21,0,35
digaro-mishmi,144716,meaning-and-purpose,18,18,0,35
digaro-mishmi,144716,hope-and-perseverance,16,16,0,35
digaro-mishmi,144716,love-and-belonging,12,12,0,35
digaro-mishmi,144716,forgiveness-and-new-beginnings,7,7,0,35
digaro-mishmi,144716,exploring-jesus,21,21,0,35
digo,7176,meaning-and-purpose,18,18,0,35
digo,7176,hope-and-perseverance,16,16,0,35
digo,7176,love-and-belonging,12,12,0,35
digo,7176,forgiveness-and-new-beginnings,7,7,0,35
digo,7176,exploring-jesus,21,21,0,35
dijim-cham,53395,meaning-and-purpose,18,18,0,35
dijim-cham,53395,hope-and-perseverance,16,16,0,35
dijim-cham,53395,love-and-belonging,12,12,0,35
dijim-cham,53395,forgiveness-and-new-beginnings,7,7,0,35
dijim-cham,53395,exploring-jesus,21,21,0,35
dimasa,19652,meaning-and-purpose,18,18,0,35
dimasa,19652,hope-and-perseverance,16,16,0,35
dimasa,19652,love-and-belonging,12,12,0,35
dimasa,19652,forgiveness-and-new-beginnings,7,7,0,35
dimasa,19652,exploring-jesus,21,21,0,35
dime,140225,meaning-and-purpose,18,18,0,35
dime,140225,hope-and-perseverance,16,16,0,35
dime,140225,love-and-belonging,12,12,0,35
dime,140225,forgiveness-and-new-beginnings,7,7,0,35
dime,140225,exploring-jesus,21,21,0,35
dinka-agar-bor,139058,meaning-and-purpose,19,19,0,47
dinka-agar-bor,139058,hope-and-perseverance,19,18,1,48
dinka-agar-bor,139058,love-and-belonging,20,19,1,48
dinka-agar-bor,139058,forgiveness-and-new-beginnings,13,13,0,47
dinka-agar-bor,139058,exploring-jesus,26,26,0,47
dinka-northeastern-padang,24267,meaning-and-purpose,19,19,0,47
dinka-northeastern-padang,24267,hope-and-perseverance,19,18,1,48
dinka-northeastern-padang,24267,love-and-belonging,20,19,1,48
dinka-northeastern-padang,24267,forgiveness-and-new-beginnings,13,13,0,47
dinka-northeastern-padang,24267,exploring-jesus,26,26,0,47
dinka-rek,24273,meaning-and-purpose,18,18,0,35
dinka-rek,24273,hope-and-perseverance,16,16,0,35
dinka-rek,24273,love-and-belonging,12,12,0,35
dinka-rek,24273,forgiveness-and-new-beginnings,7,7,0,35
dinka-rek,24273,exploring-jesus,21,21,0,35
dirasha,4694,meaning-and-purpose,18,18,0,35
dirasha,4694,hope-and-perseverance,16,16,0,35
dirasha,4694,love-and-belonging,12,12,0,35
dirasha,4694,forgiveness-and-new-beginnings,7,7,0,35
dirasha,4694,exploring-jesus,21,21,0,35
ditammari,1318,meaning-and-purpose,18,18,0,35
ditammari,1318,hope-and-perseverance,16,16,0,35
ditammari,1318,love-and-belonging,12,12,0,35
ditammari,1318,forgiveness-and-new-beginnings,7,7,0,35
ditammari,1318,exploring-jesus,21,21,0,35
djola-bayote,53409,meaning-and-purpose,18,18,0,35
djola-bayote,53409,hope-and-perseverance,16,16,0,35
djola-bayote,53409,love-and-belonging,12,12,0,35
djola-bayote,53409,forgiveness-and-new-beginnings,7,7,0,35
djola-bayote,53409,exploring-jesus,21,21,0,35
dogon-jamsay,140535,meaning-and-purpose,18,18,0,35
dogon-jamsay,140535,hope-and-perseverance,16,16,0,35
dogon-jamsay,140535,love-and-belonging,12,12,0,35
dogon-jamsay,140535,forgiveness-and-new-beginnings,7,7,0,35
dogon-jamsay,140535,exploring-jesus,21,21,0,35
dogon-mombo,140549,meaning-and-purpose,18,18,0,35
dogon-mombo,140549,hope-and-perseverance,16,16,0,35
dogon-mombo,140549,love-and-belonging,12,12,0,35
dogon-mombo,140549,forgiveness-and-new-beginnings,7,7,0,35
dogon-mombo,140549,exploring-jesus,21,21,0,35
dogon-togo-kan,185246,meaning-and-purpose,18,18,0,35
dogon-togo-kan,185246,hope-and-perseverance,16,16,0,35
dogon-togo-kan,185246,love-and-belonging,12,12,0,35
dogon-togo-kan,185246,forgiveness-and-new-beginnings,7,7,0,35
dogon-togo-kan,185246,exploring-jesus,21,21,0,35
dogon-tommo-so,140443,meaning-and-purpose,18,18,0,35
dogon-tommo-so,140443,hope-and-perseverance,16,16,0,35
dogon-tommo-so,140443,love-and-belonging,12,12,0,35
dogon-tommo-so,140443,forgiveness-and-new-beginnings,7,7,0,35
dogon-tommo-so,140443,exploring-jesus,21,21,0,35
dogon-tomo-kan,26248,meaning-and-purpose,18,18,0,35
dogon-tomo-kan,26248,hope-and-perseverance,16,16,0,35
dogon-tomo-kan,26248,love-and-belonging,12,12,0,35
dogon-tomo-kan,26248,forgiveness-and-new-beginnings,7,7,0,35
dogon-tomo-kan,26248,exploring-jesus,21,21,0,35
dogon-toro-so,27145,meaning-and-purpose,23,23,0,56
dogon-toro-so,27145,hope-and-perseverance,26,26,0,56
dogon-toro-so,27145,love-and-belonging,20,19,1,57
dogon-toro-so,27145,forgiveness-and-new-beginnings,10,9,1,57
dogon-toro-so,27145,exploring-jesus,37,37,0,56
dogose,139072,meaning-and-purpose,18,18,0,35
dogose,139072,hope-and-perseverance,16,16,0,35
dogose,139072,love-and-belonging,12,12,0,35
dogose,139072,forgiveness-and-new-beginnings,7,7,0,35
dogose,139072,exploring-jesus,21,21,0,35
dogri,20651,meaning-and-purpose,18,18,0,35
dogri,20651,hope-and-perseverance,16,16,0,35
dogri,20651,love-and-belonging,12,12,0,35
dogri,20651,forgiveness-and-new-beginnings,7,7,0,35
dogri,20651,exploring-jesus,21,21,0,35
dolpo,140409,meaning-and-purpose,18,18,0,35
dolpo,140409,hope-and-perseverance,16,16,0,35
dolpo,140409,love-and-belonging,12,12,0,35
dolpo,140409,forgiveness-and-new-beginnings,7,7,0,35
dolpo,140409,exploring-jesus,21,21,0,35
dom,175683,meaning-and-purpose,18,18,0,35
dom,175683,hope-and-perseverance,16,16,0,35
dom,175683,love-and-belonging,12,12,0,35
dom,175683,forgiveness-and-new-beginnings,7,7,0,35
dom,175683,exploring-jesus,21,21,0,35
dong-northern,3787,meaning-and-purpose,18,18,0,35
dong-northern,3787,hope-and-perseverance,16,16,0,35
dong-northern,3787,love-and-belonging,12,12,0,35
dong-northern,3787,forgiveness-and-new-beginnings,7,7,0,35
dong-northern,3787,exploring-jesus,21,21,0,35
dong-southern,3803,meaning-and-purpose,19,19,0,40
dong-southern,3803,hope-and-perseverance,18,18,0,40
dong-southern,3803,love-and-belonging,13,13,0,40
dong-southern,3803,forgiveness-and-new-beginnings,9,9,0,40
dong-southern,3803,exploring-jesus,25,25,0,40
dongissa,164768,meaning-and-purpose,18,18,0,35
dongissa,164768,hope-and-perseverance,16,16,0,35
dongissa,164768,love-and-belonging,12,12,0,35
dongissa,164768,forgiveness-and-new-beginnings,7,7,0,35
dongissa,164768,exploring-jesus,21,21,0,35
dongnu,3717,meaning-and-purpose,18,18,0,35
dongnu,3717,hope-and-perseverance,16,16,0,35
dongnu,3717,love-and-belonging,12,12,0,35
dongnu,3717,forgiveness-and-new-beginnings,7,7,0,35
dongnu,3717,exploring-jesus,21,21,0,35
dongo,140398,meaning-and-purpose,18,18,0,35
dongo,140398,hope-and-perseverance,16,16,0,35
dongo,140398,love-and-belonging,12,12,0,35
dongo,140398,forgiveness-and-new-beginnings,7,7,0,35
dongo,140398,exploring-jesus,21,21,0,35
dongxiang,3933,meaning-and-purpose,18,18,0,35
dongxiang,3933,hope-and-perseverance,16,16,0,35
dongxiang,3933,love-and-belonging,12,12,0,35
dongxiang,3933,forgiveness-and-new-beginnings,7,7,0,35
dongxiang,3933,exploring-jesus,21,21,0,35
doondo,98033,meaning-and-purpose,18,18,0,35
doondo,98033,hope-and-perseverance,16,16,0,35
doondo,98033,love-and-belonging,12,12,0,35
doondo,98033,forgiveness-and-new-beginnings,7,7,0,35
doondo,98033,exploring-jesus,21,21,0,35
doromu-koki,141569,meaning-and-purpose,18,18,0,35
doromu-koki,141569,hope-and-perseverance,16,16,0,35
doromu-koki,141569,love-and-belonging,12,12,0,35
doromu-koki,141569,forgiveness-and-new-beginnings,7,7,0,35
doromu-koki,141569,exploring-jesus,21,21,0,35
doti-doteli,185061,meaning-and-purpose,18,18,0,35
doti-doteli,185061,hope-and-perseverance,16,16,0,35
doti-doteli,185061,love-and-belonging,12,12,0,35
doti-doteli,185061,forgiveness-and-new-beginnings,7,7,0,35
doti-doteli,185061,exploring-jesus,21,21,0,35
duala,2854,meaning-and-purpose,18,18,0,35
duala,2854,hope-and-perseverance,16,16,0,35
duala,2854,love-and-belonging,12,12,0,35
duala,2854,forgiveness-and-new-beginnings,7,7,0,35
duala,2854,exploring-jesus,21,21,0,35
dubli,23342,meaning-and-purpose,18,18,0,35
dubli,23342,hope-and-perseverance,16,16,0,35
dubli,23342,love-and-belonging,12,12,0,35
dubli,23342,forgiveness-and-new-beginnings,7,7,0,35
dubli,23342,exploring-jesus,21,21,0,35
dulangan-manobo,173673,meaning-and-purpose,18,18,0,35
dulangan-manobo,173673,hope-and-perseverance,16,16,0,35
dulangan-manobo,173673,love-and-belonging,12,12,0,35
dulangan-manobo,173673,forgiveness-and-new-beginnings,7,7,0,35
dulangan-manobo,173673,exploring-jesus,21,21,0,35
duna,140449,meaning-and-purpose,18,18,0,35
duna,140449,hope-and-perseverance,16,16,0,35
duna,140449,love-and-belonging,12,12,0,35
duna,140449,forgiveness-and-new-beginnings,7,7,0,35
duna,140449,exploring-jesus,21,21,0,35
dungan,17820,meaning-and-purpose,18,18,0,35
dungan,17820,hope-and-perseverance,16,16,0,35
dungan,17820,love-and-belonging,12,12,0,35
dungan,17820,forgiveness-and-new-beginnings,7,7,0,35
dungan,17820,exploring-jesus,21,21,0,35
dungra-bhil,23258,meaning-and-purpose,18,18,0,35
dungra-bhil,23258,hope-and-perseverance,16,16,0,35
dungra-bhil,23258,love-and-belonging,12,12,0,35
dungra-bhil,23258,forgiveness-and-new-beginnings,7,7,0,35
dungra-bhil,23258,exploring-jesus,21,21,0,35
duri,17601,meaning-and-purpose,18,18,0,35
duri,17601,hope-and-perseverance,16,16,0,35
duri,17601,love-and-belonging,12,12,0,35
duri,17601,forgiveness-and-new-beginnings,7,7,0,35
duri,17601,exploring-jesus,21,21,0,35
duruma,7166,meaning-and-purpose,18,18,0,35
duruma,7166,hope-and-perseverance,16,16,0,35
duruma,7166,love-and-belonging,12,12,0,35
duruma,7166,forgiveness-and-new-beginnings,7,7,0,35
duruma,7166,exploring-jesus,21,21,0,35
duruwa,5967,meaning-and-purpose,18,18,0,35
duruwa,5967,hope-and-perseverance,16,16,0,35
duruwa,5967,love-and-belonging,12,12,0,35
duruwa,5967,forgiveness-and-new-beginnings,7,7,0,35
duruwa,5967,exploring-jesus,21,21,0,35
dusun,20654,meaning-and-purpose,18,18,0,36
dusun,20654,hope-and-perseverance,16,16,0,36
dusun,20654,love-and-belonging,12,12,0,36
dusun,20654,forgiveness-and-new-beginnings,7,7,0,36
dusun,20654,exploring-jesus,22,22,0,36
dutch,1269,meaning-and-purpose,43,43,0,115
dutch,1269,hope-and-perseverance,49,48,1,116
dutch,1269,love-and-belonging,50,48,2,117
dutch,1269,forgiveness-and-new-beginnings,29,28,1,116
dutch,1269,exploring-jesus,57,57,0,115
duya,141739,meaning-and-purpose,18,18,0,35
duya,141739,hope-and-perseverance,16,16,0,35
duya,141739,love-and-belonging,12,12,0,35
duya,141739,forgiveness-and-new-beginnings,7,7,0,35
duya,141739,exploring-jesus,21,21,0,35
dzongkha,1375,meaning-and-purpose,19,19,0,47
dzongkha,1375,hope-and-perseverance,19,18,1,48
dzongkha,1375,love-and-belonging,20,19,1,48
dzongkha,1375,forgiveness-and-new-beginnings,13,13,0,47
dzongkha,1375,exploring-jesus,26,26,0,47
eastern-garame,179189,meaning-and-purpose,18,18,0,35
eastern-garame,179189,hope-and-perseverance,16,16,0,35
eastern-garame,179189,love-and-belonging,12,12,0,35
eastern-garame,179189,forgiveness-and-new-beginnings,7,7,0,35
eastern-garame,179189,exploring-jesus,21,21,0,35
eastern-poqomchi,153550,meaning-and-purpose,23,23,0,57
eastern-poqomchi,153550,hope-and-perseverance,26,26,0,57
eastern-poqomchi,153550,love-and-belonging,20,19,1,58
eastern-poqomchi,153550,forgiveness-and-new-beginnings,10,9,1,58
eastern-poqomchi,153550,exploring-jesus,38,38,0,57
ebira,9789,meaning-and-purpose,18,18,0,35
ebira,9789,hope-and-perseverance,16,16,0,35
ebira,9789,love-and-belonging,12,12,0,35
ebira,9789,forgiveness-and-new-beginnings,7,7,0,35
ebira,9789,exploring-jesus,21,21,0,35
ebrie,16074,meaning-and-purpose,18,18,0,35
ebrie,16074,hope-and-perseverance,16,16,0,35
ebrie,16074,love-and-belonging,12,12,0,35
ebrie,16074,forgiveness-and-new-beginnings,7,7,0,35
ebrie,16074,exploring-jesus,21,21,0,35
eda,180999,meaning-and-purpose,18,18,0,35
eda,180999,hope-and-perseverance,16,16,0,35
eda,180999,love-and-belonging,12,12,0,35
eda,180999,forgiveness-and-new-beginnings,7,7,0,35
eda,180999,exploring-jesus,21,21,0,35
ede-cabe,140033,meaning-and-purpose,23,23,0,60
ede-cabe,140033,hope-and-perseverance,27,27,0,60
ede-cabe,140033,love-and-belonging,22,21,1,61
ede-cabe,140033,forgiveness-and-new-beginnings,13,12,1,61
ede-cabe,140033,exploring-jesus,39,39,0,60
ede-ica,26816,meaning-and-purpose,18,18,0,35
ede-ica,26816,hope-and-perseverance,16,16,0,35
ede-ica,26816,love-and-belonging,12,12,0,35
ede-ica,26816,forgiveness-and-new-beginnings,7,7,0,35
ede-ica,26816,exploring-jesus,21,21,0,35
edo,10255,meaning-and-purpose,18,18,0,35
edo,10255,hope-and-perseverance,16,16,0,35
edo,10255,love-and-belonging,12,12,0,35
edo,10255,forgiveness-and-new-beginnings,7,7,0,35
edo,10255,exploring-jesus,21,21,0,35
efik,2728,meaning-and-purpose,18,18,0,35
efik,2728,hope-and-perseverance,16,16,0,35
efik,2728,love-and-belonging,12,12,0,35
efik,2728,forgiveness-and-new-beginnings,7,7,0,35
efik,2728,exploring-jesus,21,21,0,35
eggon,10252,meaning-and-purpose,18,18,0,35
eggon,10252,hope-and-perseverance,16,16,0,35
eggon,10252,love-and-belonging,12,12,0,35
eggon,10252,forgiveness-and-new-beginnings,7,7,0,35
eggon,10252,exploring-jesus,21,21,0,35
ehugbo,139157,meaning-and-purpose,18,18,0,35
ehugbo,139157,hope-and-perseverance,16,16,0,35
ehugbo,139157,love-and-belonging,12,12,0,35
ehugbo,139157,forgiveness-and-new-beginnings,7,7,0,35
ehugbo,139157,exploring-jesus,21,21,0,35
ejagham-western,21205,meaning-and-purpose,18,18,0,35
ejagham-western,21205,hope-and-perseverance,16,16,0,35
ejagham-western,21205,love-and-belonging,12,12,0,35
ejagham-western,21205,forgiveness-and-new-beginnings,7,7,0,35
ejagham-western,21205,exploring-jesus,21,21,0,35
ekajuk,10248,meaning-and-purpose,18,18,0,35
ekajuk,10248,hope-and-perseverance,16,16,0,35
ekajuk,10248,love-and-belonging,12,12,0,35
ekajuk,10248,forgiveness-and-new-beginnings,7,7,0,35
ekajuk,10248,exploring-jesus,21,21,0,35
ekpari,10241,meaning-and-purpose,18,18,0,35
ekpari,10241,hope-and-perseverance,16,16,0,35
ekpari,10241,love-and-belonging,12,12,0,35
ekpari,10241,forgiveness-and-new-beginnings,7,7,0,35
ekpari,10241,exploring-jesus,21,21,0,35
ellomwe,184513,meaning-and-purpose,18,18,0,35
ellomwe,184513,hope-and-perseverance,16,16,0,35
ellomwe,184513,love-and-belonging,12,12,0,35
ellomwe,184513,forgiveness-and-new-beginnings,7,7,0,35
ellomwe,184513,exploring-jesus,21,21,0,35
embera-catio,4246,meaning-and-purpose,18,18,0,35
embera-catio,4246,hope-and-perseverance,16,16,0,35
embera-catio,4246,love-and-belonging,12,12,0,35
embera-catio,4246,forgiveness-and-new-beginnings,7,7,0,35
embera-catio,4246,exploring-jesus,21,21,0,35
embera-northern,98137,meaning-and-purpose,23,23,0,57
embera-northern,98137,hope-and-perseverance,26,26,0,57
embera-northern,98137,love-and-belonging,20,19,1,58
embera-northern,98137,forgiveness-and-new-beginnings,10,9,1,58
embera-northern,98137,exploring-jesus,38,38,0,57
embu,7164,meaning-and-purpose,18,18,0,35
embu,7164,hope-and-perseverance,16,16,0,35
embu,7164,love-and-belonging,12,12,0,35
embu,7164,forgiveness-and-new-beginnings,7,7,0,35
embu,7164,exploring-jesus,21,21,0,35
ende,19669,meaning-and-purpose,18,18,0,35
ende,19669,hope-and-perseverance,16,16,0,35
ende,19669,love-and-belonging,12,12,0,35
ende,19669,forgiveness-and-new-beginnings,7,7,0,35
ende,19669,exploring-jesus,21,21,0,35
enga,12200,meaning-and-purpose,18,18,0,35
enga,12200,hope-and-perseverance,16,16,0,35
enga,12200,love-and-belonging,12,12,0,35
enga,12200,forgiveness-and-new-beginnings,7,7,0,35
enga,12200,exploring-jesus,21,21,0,35
enggano,140421,meaning-and-purpose,18,18,0,35
enggano,140421,hope-and-perseverance,16,16,0,35
enggano,140421,love-and-belonging,12,12,0,35
enggano,140421,forgiveness-and-new-beginnings,7,7,0,35
enggano,140421,exploring-jesus,21,21,0,35
english,529,meaning-and-purpose,81,81,0,202
english,529,hope-and-perseverance,74,73,1,203
english,529,love-and-belonging,77,74,3,205
english,529,forgiveness-and-new-beginnings,50,47,3,205
english,529,exploring-jesus,99,99,0,202
english-african,185221,meaning-and-purpose,3,3,0,13
english-african,185221,hope-and-perseverance,7,7,0,13
english-african,185221,love-and-belonging,6,6,0,13
english-african,185221,forgiveness-and-new-beginnings,2,2,0,13
english-african,185221,exploring-jesus,10,10,0,13
english-british,185021,meaning-and-purpose,3,3,0,13
english-british,185021,hope-and-perseverance,7,7,0,13
english-british,185021,love-and-belonging,6,6,0,13
english-british,185021,forgiveness-and-new-beginnings,2,2,0,13
english-british,185021,exploring-jesus,10,10,0,13
english-north-american-indigenous,23156,meaning-and-purpose,18,18,0,35
english-north-american-indigenous,23156,hope-and-perseverance,16,16,0,35
english-north-american-indigenous,23156,love-and-belonging,12,12,0,35
english-north-american-indigenous,23156,forgiveness-and-new-beginnings,7,7,0,35
english-north-american-indigenous,23156,exploring-jesus,21,21,0,35
enlhet-2,141755,meaning-and-purpose,18,18,0,35
enlhet-2,141755,hope-and-perseverance,16,16,0,35
enlhet-2,141755,love-and-belonging,12,12,0,35
enlhet-2,141755,forgiveness-and-new-beginnings,7,7,0,35
enlhet-2,141755,exploring-jesus,21,21,0,35
enrekang,154090,meaning-and-purpose,18,18,0,35
enrekang,154090,hope-and-perseverance,16,16,0,35
enrekang,154090,love-and-belonging,12,12,0,35
enrekang,154090,forgiveness-and-new-beginnings,7,7,0,35
enrekang,154090,exploring-jesus,21,21,0,35
enuani,148878,meaning-and-purpose,18,18,0,35
enuani,148878,hope-and-perseverance,16,16,0,35
enuani,148878,love-and-belonging,12,12,0,35
enuani,148878,forgiveness-and-new-beginnings,7,7,0,35
enuani,148878,exploring-jesus,21,21,0,35
enwan,140424,meaning-and-purpose,18,18,0,35
enwan,140424,hope-and-perseverance,16,16,0,35
enwan,140424,love-and-belonging,12,12,0,35
enwan,140424,forgiveness-and-new-beginnings,7,7,0,35
enwan,140424,exploring-jesus,21,21,0,35
enxet,181477,meaning-and-purpose,18,18,0,35
enxet,181477,hope-and-perseverance,16,16,0,35
enxet,181477,love-and-belonging,12,12,0,35
enxet,181477,forgiveness-and-new-beginnings,7,7,0,35
enxet,181477,exploring-jesus,21,21,0,35
erei,108591,meaning-and-purpose,18,18,0,35
erei,108591,hope-and-perseverance,16,16,0,35
erei,108591,love-and-belonging,12,12,0,35
erei,108591,forgiveness-and-new-beginnings,7,7,0,35
erei,108591,exploring-jesus,21,21,0,35
erzya,18483,meaning-and-purpose,18,18,0,35
erzya,18483,hope-and-perseverance,16,16,0,35
erzya,18483,love-and-belonging,12,12,0,35
erzya,18483,forgiveness-and-new-beginnings,7,7,0,35
erzya,18483,exploring-jesus,21,21,0,35
ese,144299,meaning-and-purpose,18,18,0,35
ese,144299,hope-and-perseverance,16,16,0,35
ese,144299,love-and-belonging,12,12,0,35
ese,144299,forgiveness-and-new-beginnings,7,7,0,35
ese,144299,exploring-jesus,21,21,0,35
ese-ejja,140434,meaning-and-purpose,18,18,0,35
ese-ejja,140434,hope-and-perseverance,16,16,0,35
ese-ejja,140434,love-and-belonging,12,12,0,35
ese-ejja,140434,forgiveness-and-new-beginnings,7,7,0,35
ese-ejja,140434,exploring-jesus,21,21,0,35
eshira-2,143382,meaning-and-purpose,18,18,0,35
eshira-2,143382,hope-and-perseverance,16,16,0,35
eshira-2,143382,love-and-belonging,12,12,0,35
eshira-2,143382,forgiveness-and-new-beginnings,7,7,0,35
eshira-2,143382,exploring-jesus,21,21,0,35
estonian,4601,meaning-and-purpose,24,24,0,70
estonian,4601,hope-and-perseverance,30,29,1,71
estonian,4601,love-and-belonging,29,27,2,72
estonian,4601,forgiveness-and-new-beginnings,16,15,1,71
estonian,4601,exploring-jesus,43,43,0,70
etsako-iyekhe,10124,meaning-and-purpose,18,18,0,35
etsako-iyekhe,10124,hope-and-perseverance,16,16,0,35
etsako-iyekhe,10124,love-and-belonging,12,12,0,35
etsako-iyekhe,10124,forgiveness-and-new-beginnings,7,7,0,35
etsako-iyekhe,10124,exploring-jesus,21,21,0,35
etulo,142293,meaning-and-purpose,18,18,0,35
etulo,142293,hope-and-perseverance,16,16,0,35
etulo,142293,love-and-belonging,12,12,0,35
etulo,142293,forgiveness-and-new-beginnings,7,7,0,35
etulo,142293,exploring-jesus,21,21,0,35
ewage-notu,144182,meaning-and-purpose,18,18,0,35
ewage-notu,144182,hope-and-perseverance,16,16,0,35
ewage-notu,144182,love-and-belonging,12,12,0,35
ewage-notu,144182,forgiveness-and-new-beginnings,7,7,0,35
ewage-notu,144182,exploring-jesus,21,21,0,35
ewe,5331,meaning-and-purpose,23,23,0,60
ewe,5331,hope-and-perseverance,27,27,0,60
ewe,5331,love-and-belonging,22,21,1,61
ewe,5331,forgiveness-and-new-beginnings,13,12,1,61
ewe,5331,exploring-jesus,39,39,0,60
ewondo,2713,meaning-and-purpose,18,18,0,39
ewondo,2713,hope-and-perseverance,17,17,0,39
ewondo,2713,love-and-belonging,14,14,0,39
ewondo,2713,forgiveness-and-new-beginnings,10,10,0,39
ewondo,2713,exploring-jesus,23,23,0,39
ezaa,9692,meaning-and-purpose,18,18,0,35
ezaa,9692,hope-and-perseverance,16,16,0,35
ezaa,9692,love-and-belonging,12,12,0,35
ezaa,9692,forgiveness-and-new-beginnings,7,7,0,35
ezaa,9692,exploring-jesus,21,21,0,35
fa-dambu,27147,meaning-and-purpose,18,18,0,35
fa-dambu,27147,hope-and-perseverance,16,16,0,35
fa-dambu,27147,love-and-belonging,12,12,0,35
fa-dambu,27147,forgiveness-and-new-beginnings,7,7,0,35
fa-dambu,27147,exploring-jesus,21,21,0,35
fakai,10157,meaning-and-purpose,18,18,0,35
fakai,10157,hope-and-perseverance,16,16,0,35
fakai,10157,love-and-belonging,12,12,0,35
fakai,10157,forgiveness-and-new-beginnings,7,7,0,35
fakai,10157,exploring-jesus,21,21,0,35
fali-north,184844,meaning-and-purpose,18,18,0,35
fali-north,184844,hope-and-perseverance,16,16,0,35
fali-north,184844,love-and-belonging,12,12,0,35
fali-north,184844,forgiveness-and-new-beginnings,7,7,0,35
fali-north,184844,exploring-jesus,21,21,0,35
fali-south,184843,meaning-and-purpose,18,18,0,35
fali-south,184843,hope-and-perseverance,16,16,0,35
fali-south,184843,love-and-belonging,12,12,0,35
fali-south,184843,forgiveness-and-new-beginnings,7,7,0,35
fali-south,184843,exploring-jesus,21,21,0,35
fanakalo,20662,meaning-and-purpose,18,18,0,35
fanakalo,20662,hope-and-perseverance,16,16,0,35
fanakalo,20662,love-and-belonging,12,12,0,35
fanakalo,20662,forgiveness-and-new-beginnings,7,7,0,35
fanakalo,20662,exploring-jesus,21,21,0,35
fanamaket,139741,meaning-and-purpose,18,18,0,35
fanamaket,139741,hope-and-perseverance,16,16,0,35
fanamaket,139741,love-and-belonging,12,12,0,35
fanamaket,139741,forgiveness-and-new-beginnings,7,7,0,35
fanamaket,139741,exploring-jesus,21,21,0,35
fang-equatorial-guinea,24018,meaning-and-purpose,18,18,0,35
fang-equatorial-guinea,24018,hope-and-perseverance,16,16,0,35
fang-equatorial-guinea,24018,love-and-belonging,12,12,0,35
fang-equatorial-guinea,24018,forgiveness-and-new-beginnings,7,7,0,35
fang-equatorial-guinea,24018,exploring-jesus,21,21,0,35
fang-gabon,24019,meaning-and-purpose,18,18,0,35
fang-gabon,24019,hope-and-perseverance,16,16,0,35
fang-gabon,24019,love-and-belonging,12,12,0,35
fang-gabon,24019,forgiveness-and-new-beginnings,7,7,0,35
fang-gabon,24019,exploring-jesus,21,21,0,35
fante,5288,meaning-and-purpose,18,18,0,35
fante,5288,hope-and-perseverance,16,16,0,35
fante,5288,love-and-belonging,12,12,0,35
fante,5288,forgiveness-and-new-beginnings,7,7,0,35
fante,5288,exploring-jesus,21,21,0,35
faroese,4455,meaning-and-purpose,18,18,0,36
faroese,4455,hope-and-perseverance,16,16,0,36
faroese,4455,love-and-belonging,12,12,0,36
faroese,4455,forgiveness-and-new-beginnings,7,7,0,36
faroese,4455,exploring-jesus,22,22,0,36
farsi-western,6788,meaning-and-purpose,56,56,0,149
farsi-western,6788,hope-and-perseverance,54,53,1,150
farsi-western,6788,love-and-belonging,58,56,2,151
farsi-western,6788,forgiveness-and-new-beginnings,39,37,2,151
farsi-western,6788,exploring-jesus,82,82,0,149
fataleka,140614,meaning-and-purpose,18,18,0,35
fataleka,140614,hope-and-perseverance,16,16,0,35
fataleka,140614,love-and-belonging,12,12,0,35
fataleka,140614,forgiveness-and-new-beginnings,7,7,0,35
fataleka,140614,exploring-jesus,21,21,0,35
fernando-po-creole-english,26270,meaning-and-purpose,18,18,0,35
fernando-po-creole-english,26270,hope-and-perseverance,16,16,0,35
fernando-po-creole-english,26270,love-and-belonging,12,12,0,35
fernando-po-creole-english,26270,forgiveness-and-new-beginnings,7,7,0,35
fernando-po-creole-english,26270,exploring-jesus,21,21,0,35
fiji-hindi,53300,meaning-and-purpose,18,18,0,36
fiji-hindi,53300,hope-and-perseverance,16,16,0,36
fiji-hindi,53300,love-and-belonging,12,12,0,36
fiji-hindi,53300,forgiveness-and-new-beginnings,7,7,0,36
fiji-hindi,53300,exploring-jesus,22,22,0,36
fijian,20665,meaning-and-purpose,19,19,0,48
fijian,20665,hope-and-perseverance,19,18,1,49
fijian,20665,love-and-belonging,20,19,1,49
fijian,20665,forgiveness-and-new-beginnings,13,13,0,48
fijian,20665,exploring-jesus,27,27,0,48
finallig,160575,meaning-and-purpose,18,18,0,35
finallig,160575,hope-and-perseverance,16,16,0,35
finallig,160575,love-and-belonging,12,12,0,35
finallig,160575,forgiveness-and-new-beginnings,7,7,0,35
finallig,160575,exploring-jesus,21,21,0,35
finnish,4820,meaning-and-purpose,21,21,0,63
finnish,4820,hope-and-perseverance,27,26,1,64
finnish,4820,love-and-belonging,32,31,1,64
finnish,4820,forgiveness-and-new-beginnings,18,18,0,63
finnish,4820,exploring-jesus,24,24,0,63
flemish,21578,meaning-and-purpose,23,23,0,57
flemish,21578,hope-and-perseverance,26,26,0,57
flemish,21578,love-and-belonging,20,19,1,58
flemish,21578,forgiveness-and-new-beginnings,10,9,1,58
flemish,21578,exploring-jesus,38,38,0,57
folopa,144064,meaning-and-purpose,18,18,0,35
folopa,144064,hope-and-perseverance,16,16,0,35
folopa,144064,love-and-belonging,12,12,0,35
folopa,144064,forgiveness-and-new-beginnings,7,7,0,35
folopa,144064,exploring-jesus,21,21,0,35
fon-gbe,1304,meaning-and-purpose,24,24,0,72
fon-gbe,1304,hope-and-perseverance,30,29,1,73
fon-gbe,1304,love-and-belonging,30,28,2,74
fon-gbe,1304,forgiveness-and-new-beginnings,19,18,1,73
fon-gbe,1304,exploring-jesus,44,44,0,72
foochow,23033,meaning-and-purpose,18,18,0,35
foochow,23033,hope-and-perseverance,16,16,0,35
foochow,23033,love-and-belonging,12,12,0,35
foochow,23033,forgiveness-and-new-beginnings,7,7,0,35
foochow,23033,exploring-jesus,21,21,0,35
fordata,16956,meaning-and-purpose,18,18,0,35
fordata,16956,hope-and-perseverance,16,16,0,35
fordata,16956,love-and-belonging,12,12,0,35
fordata,16956,forgiveness-and-new-beginnings,7,7,0,35
fordata,16956,exploring-jesus,21,21,0,35
fore,140640,meaning-and-purpose,18,18,0,35
fore,140640,hope-and-perseverance,16,16,0,35
fore,140640,love-and-belonging,12,12,0,35
fore,140640,forgiveness-and-new-beginnings,7,7,0,35
fore,140640,exploring-jesus,21,21,0,35
french,496,meaning-and-purpose,65,65,0,173
french,496,hope-and-perseverance,65,64,1,174
french,496,love-and-belonging,66,64,2,175
french,496,forgiveness-and-new-beginnings,43,41,2,175
french,496,exploring-jesus,90,90,0,173
french-african,53424,meaning-and-purpose,5,5,0,30
french-african,53424,hope-and-perseverance,12,12,0,30
french-african,53424,love-and-belonging,9,9,0,30
french-african,53424,forgiveness-and-new-beginnings,10,10,0,30
french-african,53424,exploring-jesus,24,24,0,30
fulacunda,5050,meaning-and-purpose,18,18,0,35
fulacunda,5050,hope-and-perseverance,16,16,0,35
fulacunda,5050,love-and-belonging,12,12,0,35
fulacunda,5050,forgiveness-and-new-beginnings,7,7,0,35
fulacunda,5050,exploring-jesus,21,21,0,35
fulfulde-adamawa,24014,meaning-and-purpose,23,23,0,60
fulfulde-adamawa,24014,hope-and-perseverance,27,27,0,60
fulfulde-adamawa,24014,love-and-belonging,22,21,1,61
fulfulde-adamawa,24014,forgiveness-and-new-beginnings,13,12,1,61
fulfulde-adamawa,24014,exploring-jesus,39,39,0,60
fulfulde-bagirmi,3667,meaning-and-purpose,18,18,0,35
fulfulde-bagirmi,3667,hope-and-perseverance,16,16,0,35
fulfulde-bagirmi,3667,love-and-belonging,12,12,0,35
fulfulde-bagirmi,3667,forgiveness-and-new-beginnings,7,7,0,35
fulfulde-bagirmi,3667,exploring-jesus,21,21,0,35
fulfulde-benin-togo,1299,meaning-and-purpose,18,18,0,35
fulfulde-benin-togo,1299,hope-and-perseverance,16,16,0,35
fulfulde-benin-togo,1299,love-and-belonging,12,12,0,35
fulfulde-benin-togo,1299,forgiveness-and-new-beginnings,7,7,0,35
fulfulde-benin-togo,1299,exploring-jesus,21,21,0,35
fulfulde-caka-nigeria,24038,meaning-and-purpose,23,23,0,57
fulfulde-caka-nigeria,24038,hope-and-perseverance,26,26,0,57
fulfulde-caka-nigeria,24038,love-and-belonging,20,19,1,58
fulfulde-caka-nigeria,24038,forgiveness-and-new-beginnings,10,9,1,58
fulfulde-caka-nigeria,24038,exploring-jesus,38,38,0,57
fulfulde-jelgoore,2116,meaning-and-purpose,18,18,0,35
fulfulde-jelgoore,2116,hope-and-perseverance,16,16,0,35
fulfulde-jelgoore,2116,love-and-belonging,12,12,0,35
fulfulde-jelgoore,2116,forgiveness-and-new-beginnings,7,7,0,35
fulfulde-jelgoore,2116,exploring-jesus,21,21,0,35
fulfulde-maasina,5183,meaning-and-purpose,19,19,0,47
fulfulde-maasina,5183,hope-and-perseverance,19,18,1,48
fulfulde-maasina,5183,love-and-belonging,20,19,1,48
fulfulde-maasina,5183,forgiveness-and-new-beginnings,13,13,0,47
fulfulde-maasina,5183,exploring-jesus,26,26,0,47
fulfulde-pulaar,5048,meaning-and-purpose,24,24,0,58
fulfulde-pulaar,5048,hope-and-perseverance,26,26,0,58
fulfulde-pulaar,5048,love-and-belonging,20,19,1,59
fulfulde-pulaar,5048,forgiveness-and-new-beginnings,10,9,1,59
fulfulde-pulaar,5048,exploring-jesus,39,39,0,58
fulfulde-western-niger,23920,meaning-and-purpose,18,18,0,35
fulfulde-western-niger,23920,hope-and-perseverance,16,16,0,35
fulfulde-western-niger,23920,love-and-belonging,12,12,0,35
fulfulde-western-niger,23920,forgiveness-and-new-beginnings,7,7,0,35
fulfulde-western-niger,23920,exploring-jesus,21,21,0,35
fur,53418,meaning-and-purpose,24,24,0,68
fur,53418,hope-and-perseverance,30,30,0,68
fur,53418,love-and-belonging,25,24,1,69
fur,53418,forgiveness-and-new-beginnings,15,14,1,69
fur,53418,exploring-jesus,45,45,0,68
furu,140551,meaning-and-purpose,18,18,0,35
furu,140551,hope-and-perseverance,16,16,0,35
furu,140551,love-and-belonging,12,12,0,35
furu,140551,forgiveness-and-new-beginnings,7,7,0,35
furu,140551,exploring-jesus,21,21,0,35
fuuta-jalon,5459,meaning-and-purpose,19,19,0,40
fuuta-jalon,5459,hope-and-perseverance,18,18,0,40
fuuta-jalon,5459,love-and-belonging,13,13,0,40
fuuta-jalon,5459,forgiveness-and-new-beginnings,9,9,0,40
fuuta-jalon,5459,exploring-jesus,25,25,0,40
fwe,140555,meaning-and-purpose,18,18,0,35
fwe,140555,hope-and-perseverance,16,16,0,35
fwe,140555,love-and-belonging,12,12,0,35
fwe,140555,forgiveness-and-new-beginnings,7,7,0,35
fwe,140555,exploring-jesus,21,21,0,35
ga,27152,meaning-and-purpose,18,18,0,35
ga,27152,hope-and-perseverance,16,16,0,35
ga,27152,love-and-belonging,12,12,0,35
ga,27152,forgiveness-and-new-beginnings,7,7,0,35
ga,27152,exploring-jesus,21,21,0,35
gaanda,98407,meaning-and-purpose,18,18,0,35
gaanda,98407,hope-and-perseverance,16,16,0,35
gaanda,98407,love-and-belonging,12,12,0,35
gaanda,98407,forgiveness-and-new-beginnings,7,7,0,35
gaanda,98407,exploring-jesus,21,21,0,35
gadaba-mudhili,140569,meaning-and-purpose,18,18,0,35
gadaba-mudhili,140569,hope-and-perseverance,16,16,0,35
gadaba-mudhili,140569,love-and-belonging,12,12,0,35
gadaba-mudhili,140569,forgiveness-and-new-beginnings,7,7,0,35
gadaba-mudhili,140569,exploring-jesus,21,21,0,35
gaddang,140558,meaning-and-purpose,18,18,0,35
gaddang,140558,hope-and-perseverance,16,16,0,35
gaddang,140558,love-and-belonging,12,12,0,35
gaddang,140558,forgiveness-and-new-beginnings,7,7,0,35
gaddang,140558,exploring-jesus,21,21,0,35
gaddi,6535,meaning-and-purpose,18,18,0,35
gaddi,6535,hope-and-perseverance,16,16,0,35
gaddi,6535,love-and-belonging,12,12,0,35
gaddi,6535,forgiveness-and-new-beginnings,7,7,0,35
gaddi,6535,exploring-jesus,21,21,0,35
gadsup,19685,meaning-and-purpose,18,18,0,35
gadsup,19685,hope-and-perseverance,16,16,0,35
gadsup,19685,love-and-belonging,12,12,0,35
gadsup,19685,forgiveness-and-new-beginnings,7,7,0,35
gadsup,19685,exploring-jesus,21,21,0,35
gaelic-irish,6884,meaning-and-purpose,18,18,0,36
gaelic-irish,6884,hope-and-perseverance,16,16,0,36
gaelic-irish,6884,love-and-belonging,12,12,0,36
gaelic-irish,6884,forgiveness-and-new-beginnings,7,7,0,36
gaelic-irish,6884,exploring-jesus,22,22,0,36
gaelic-scots,14818,meaning-and-purpose,18,18,0,35
gaelic-scots,14818,hope-and-perseverance,16,16,0,35
gaelic-scots,14818,love-and-belonging,12,12,0,35
gaelic-scots,14818,forgiveness-and-new-beginnings,7,7,0,35
gaelic-scots,14818,exploring-jesus,21,21,0,35
gagauz,1935,meaning-and-purpose,18,18,0,36
gagauz,1935,hope-and-perseverance,16,16,0,36
gagauz,1935,love-and-belonging,12,12,0,36
gagauz,1935,forgiveness-and-new-beginnings,7,7,0,36
gagauz,1935,exploring-jesus,22,22,0,36
gagu,98306,meaning-and-purpose,18,18,0,35
gagu,98306,hope-and-perseverance,16,16,0,35
gagu,98306,love-and-belonging,12,12,0,35
gagu,98306,forgiveness-and-new-beginnings,7,7,0,35
gagu,98306,exploring-jesus,21,21,0,35
gaita-koitor,184451,meaning-and-purpose,18,18,0,35
gaita-koitor,184451,hope-and-perseverance,16,16,0,35
gaita-koitor,184451,love-and-belonging,12,12,0,35
gaita-koitor,184451,forgiveness-and-new-beginnings,7,7,0,35
gaita-koitor,184451,exploring-jesus,21,21,0,35
galela,16954,meaning-and-purpose,18,18,0,35
galela,16954,hope-and-perseverance,16,16,0,35
galela,16954,love-and-belonging,12,12,0,35
galela,16954,forgiveness-and-new-beginnings,7,7,0,35
galela,16954,exploring-jesus,21,21,0,35
galician,19705,meaning-and-purpose,19,19,0,48
galician,19705,hope-and-perseverance,19,18,1,49
galician,19705,love-and-belonging,20,19,1,49
galician,19705,forgiveness-and-new-beginnings,13,13,0,48
galician,19705,exploring-jesus,27,27,0,48
galo,24409,meaning-and-purpose,18,18,0,35
galo,24409,hope-and-perseverance,16,16,0,35
galo,24409,love-and-belonging,12,12,0,35
galo,24409,forgiveness-and-new-beginnings,7,7,0,35
galo,24409,exploring-jesus,21,21,0,35
gamai,10365,meaning-and-purpose,18,18,0,35
gamai,10365,hope-and-perseverance,16,16,0,35
gamai,10365,love-and-belonging,12,12,0,35
gamai,10365,forgiveness-and-new-beginnings,7,7,0,35
gamai,10365,exploring-jesus,21,21,0,35
gamit,6533,meaning-and-purpose,18,18,0,35
gamit,6533,hope-and-perseverance,16,16,0,35
gamit,6533,love-and-belonging,12,12,0,35
gamit,6533,forgiveness-and-new-beginnings,7,7,0,35
gamit,6533,exploring-jesus,21,21,0,35
gamo,4635,meaning-and-purpose,23,23,0,56
gamo,4635,hope-and-perseverance,26,26,0,56
gamo,4635,love-and-belonging,20,19,1,57
gamo,4635,forgiveness-and-new-beginnings,10,9,1,57
gamo,4635,exploring-jesus,37,37,0,56
gangam,117883,meaning-and-purpose,18,18,0,35
gangam,117883,hope-and-perseverance,16,16,0,35
gangam,117883,love-and-belonging,12,12,0,35
gangam,117883,forgiveness-and-new-beginnings,7,7,0,35
gangam,117883,exploring-jesus,21,21,0,35
gao,140672,meaning-and-purpose,18,18,0,35
gao,140672,hope-and-perseverance,16,16,0,35
gao,140672,love-and-belonging,12,12,0,35
gao,140672,forgiveness-and-new-beginnings,7,7,0,35
gao,140672,exploring-jesus,21,21,0,35
garasia-adiwasi,24340,meaning-and-purpose,18,18,0,35
garasia-adiwasi,24340,hope-and-perseverance,16,16,0,35
garasia-adiwasi,24340,love-and-belonging,12,12,0,35
garasia-adiwasi,24340,forgiveness-and-new-beginnings,7,7,0,35
garasia-adiwasi,24340,exploring-jesus,21,21,0,35
garasia-rajput,24341,meaning-and-purpose,18,18,0,35
garasia-rajput,24341,hope-and-perseverance,16,16,0,35
garasia-rajput,24341,love-and-belonging,12,12,0,35
garasia-rajput,24341,forgiveness-and-new-beginnings,7,7,0,35
garasia-rajput,24341,exploring-jesus,21,21,0,35
garhwali,6532,meaning-and-purpose,18,18,0,36
garhwali,6532,hope-and-perseverance,16,16,0,36
garhwali,6532,love-and-belonging,12,12,0,36
garhwali,6532,forgiveness-and-new-beginnings,7,7,0,36
garhwali,6532,exploring-jesus,22,22,0,36
garifuna,1277,meaning-and-purpose,18,18,0,35
garifuna,1277,hope-and-perseverance,16,16,0,35
garifuna,1277,love-and-belonging,12,12,0,35
garifuna,1277,forgiveness-and-new-beginnings,7,7,0,35
garifuna,1277,exploring-jesus,21,21,0,35
garo,1204,meaning-and-purpose,18,18,0,35
garo,1204,hope-and-perseverance,16,16,0,35
garo,1204,love-and-belonging,12,12,0,35
garo,1204,forgiveness-and-new-beginnings,7,7,0,35
garo,1204,exploring-jesus,21,21,0,35
gata,140566,meaning-and-purpose,18,18,0,35
gata,140566,hope-and-perseverance,16,16,0,35
gata,140566,love-and-belonging,12,12,0,35
gata,140566,forgiveness-and-new-beginnings,7,7,0,35
gata,140566,exploring-jesus,21,21,0,35
gaviao-do-jiparana,1569,meaning-and-purpose,18,18,0,35
gaviao-do-jiparana,1569,hope-and-perseverance,16,16,0,35
gaviao-do-jiparana,1569,love-and-belonging,12,12,0,35
gaviao-do-jiparana,1569,forgiveness-and-new-beginnings,7,7,0,35
gaviao-do-jiparana,1569,exploring-jesus,21,21,0,35
gavva,184801,meaning-and-purpose,18,18,0,35
gavva,184801,hope-and-perseverance,16,16,0,35
gavva,184801,love-and-belonging,12,12,0,35
gavva,184801,forgiveness-and-new-beginnings,7,7,0,35
gavva,184801,exploring-jesus,21,21,0,35
gawri,98458,meaning-and-purpose,18,18,0,35
gawri,98458,hope-and-perseverance,16,16,0,35
gawri,98458,love-and-belonging,12,12,0,35
gawri,98458,forgiveness-and-new-beginnings,7,7,0,35
gawri,98458,exploring-jesus,21,21,0,35
gayil,98476,meaning-and-purpose,18,18,0,35
gayil,98476,hope-and-perseverance,16,16,0,35
gayil,98476,love-and-belonging,12,12,0,35
gayil,98476,forgiveness-and-new-beginnings,7,7,0,35
gayil,98476,exploring-jesus,21,21,0,35
gayo,17807,meaning-and-purpose,18,18,0,35
gayo,17807,hope-and-perseverance,16,16,0,35
gayo,17807,love-and-belonging,12,12,0,35
gayo,17807,forgiveness-and-new-beginnings,7,7,0,35
gayo,17807,exploring-jesus,21,21,0,35
gbagyi,10085,meaning-and-purpose,18,18,0,39
gbagyi,10085,hope-and-perseverance,17,17,0,39
gbagyi,10085,love-and-belonging,14,14,0,39
gbagyi,10085,forgiveness-and-new-beginnings,10,10,0,39
gbagyi,10085,exploring-jesus,23,23,0,39
gbanu,19689,meaning-and-purpose,18,18,0,35
gbanu,19689,hope-and-perseverance,16,16,0,35
gbanu,19689,love-and-belonging,12,12,0,35
gbanu,19689,forgiveness-and-new-beginnings,7,7,0,35
gbanu,19689,exploring-jesus,21,21,0,35
gbari,10076,meaning-and-purpose,18,18,0,35
gbari,10076,hope-and-perseverance,16,16,0,35
gbari,10076,love-and-belonging,12,12,0,35
gbari,10076,forgiveness-and-new-beginnings,7,7,0,35
gbari,10076,exploring-jesus,21,21,0,35
gbaya-kresh-south-sudan,99152,meaning-and-purpose,23,23,0,56
gbaya-kresh-south-sudan,99152,hope-and-perseverance,26,26,0,56
gbaya-kresh-south-sudan,99152,love-and-belonging,20,19,1,57
gbaya-kresh-south-sudan,99152,forgiveness-and-new-beginnings,10,9,1,57
gbaya-kresh-south-sudan,99152,exploring-jesus,37,37,0,56
gbaya-northwest,2745,meaning-and-purpose,18,18,0,35
gbaya-northwest,2745,hope-and-perseverance,16,16,0,35
gbaya-northwest,2745,love-and-belonging,12,12,0,35
gbaya-northwest,2745,forgiveness-and-new-beginnings,7,7,0,35
gbaya-northwest,2745,exploring-jesus,21,21,0,35
gbaya-southwest,2518,meaning-and-purpose,18,18,0,35
gbaya-southwest,2518,hope-and-perseverance,16,16,0,35
gbaya-southwest,2518,love-and-belonging,12,12,0,35
gbaya-southwest,2518,forgiveness-and-new-beginnings,7,7,0,35
gbaya-southwest,2518,exploring-jesus,21,21,0,35
gbe-saxwe,100227,meaning-and-purpose,18,18,0,35
gbe-saxwe,100227,hope-and-perseverance,16,16,0,35
gbe-saxwe,100227,love-and-belonging,12,12,0,35
gbe-saxwe,100227,forgiveness-and-new-beginnings,7,7,0,35
gbe-saxwe,100227,exploring-jesus,21,21,0,35
gbe-tofin,142348,meaning-and-purpose,18,18,0,35
gbe-tofin,142348,hope-and-perseverance,16,16,0,35
gbe-tofin,142348,love-and-belonging,12,12,0,35
gbe-tofin,142348,forgiveness-and-new-beginnings,7,7,0,35
gbe-tofin,142348,exploring-jesus,21,21,0,35
gbe-weme,142827,meaning-and-purpose,18,18,0,35
gbe-weme,142827,hope-and-perseverance,16,16,0,35
gbe-weme,142827,love-and-belonging,12,12,0,35
gbe-weme,142827,forgiveness-and-new-beginnings,7,7,0,35
gbe-weme,142827,exploring-jesus,21,21,0,35
gbeya,22651,meaning-and-purpose,18,18,0,39
gbeya,22651,hope-and-perseverance,17,17,0,39
gbeya,22651,love-and-belonging,14,14,0,39
gbeya,22651,forgiveness-and-new-beginnings,10,10,0,39
gbeya,22651,exploring-jesus,23,23,0,39
gbii,7658,meaning-and-purpose,18,18,0,35
gbii,7658,hope-and-perseverance,16,16,0,35
gbii,7658,love-and-belonging,12,12,0,35
gbii,7658,forgiveness-and-new-beginnings,7,7,0,35
gbii,7658,exploring-jesus,21,21,0,35
ge,22819,meaning-and-purpose,18,18,0,35
ge,22819,hope-and-perseverance,16,16,0,35
ge,22819,love-and-belonging,12,12,0,35
ge,22819,forgiveness-and-new-beginnings,7,7,0,35
ge,22819,exploring-jesus,21,21,0,35
gedeo,4704,meaning-and-purpose,18,18,0,35
gedeo,4704,hope-and-perseverance,16,16,0,35
gedeo,4704,love-and-belonging,12,12,0,35
gedeo,4704,forgiveness-and-new-beginnings,7,7,0,35
gedeo,4704,exploring-jesus,21,21,0,35
gela,143904,meaning-and-purpose,18,18,0,35
gela,143904,hope-and-perseverance,16,16,0,35
gela,143904,love-and-belonging,12,12,0,35
gela,143904,forgiveness-and-new-beginnings,7,7,0,35
gela,143904,exploring-jesus,21,21,0,35
gen-gbe,1342,meaning-and-purpose,18,18,0,35
gen-gbe,1342,hope-and-perseverance,16,16,0,35
gen-gbe,1342,love-and-belonging,12,12,0,35
gen-gbe,1342,forgiveness-and-new-beginnings,7,7,0,35
gen-gbe,1342,exploring-jesus,21,21,0,35
georgian,5112,meaning-and-purpose,27,27,0,78
georgian,5112,hope-and-perseverance,33,32,1,79
georgian,5112,love-and-belonging,31,29,2,80
georgian,5112,forgiveness-and-new-beginnings,19,18,1,79
georgian,5112,exploring-jesus,49,49,0,78
gepo,142505,meaning-and-purpose,18,18,0,35
gepo,142505,hope-and-perseverance,16,16,0,35
gepo,142505,love-and-belonging,12,12,0,35
gepo,142505,forgiveness-and-new-beginnings,7,7,0,35
gepo,142505,exploring-jesus,21,21,0,35
german-pennsylvania,2993,meaning-and-purpose,18,18,0,35
german-pennsylvania,2993,hope-and-perseverance,16,16,0,35
german-pennsylvania,2993,love-and-belonging,12,12,0,35
german-pennsylvania,2993,forgiveness-and-new-beginnings,7,7,0,35
german-pennsylvania,2993,exploring-jesus,21,21,0,35
german-standard,1106,meaning-and-purpose,58,58,0,158
german-standard,1106,hope-and-perseverance,58,57,1,159
german-standard,1106,love-and-belonging,62,60,2,160
german-standard,1106,forgiveness-and-new-beginnings,39,37,2,160
german-standard,1106,exploring-jesus,87,87,0,158
ghari,140790,meaning-and-purpose,18,18,0,35
ghari,140790,hope-and-perseverance,16,16,0,35
ghari,140790,love-and-belonging,12,12,0,35
ghari,140790,forgiveness-and-new-beginnings,7,7,0,35
ghari,140790,exploring-jesus,21,21,0,35
ghomala,2908,meaning-and-purpose,18,18,0,35
ghomala,2908,hope-and-perseverance,16,16,0,35
ghomala,2908,love-and-belonging,12,12,0,35
ghomala,2908,forgiveness-and-new-beginnings,7,7,0,35
ghomala,2908,exploring-jesus,21,21,0,35
ghotuo,139226,meaning-and-purpose,18,18,0,35
ghotuo,139226,hope-and-perseverance,16,16,0,35
ghotuo,139226,love-and-belonging,12,12,0,35
ghotuo,139226,forgiveness-and-new-beginnings,7,7,0,35
ghotuo,139226,exploring-jesus,21,21,0,35
giangan,12840,meaning-and-purpose,18,18,0,35
giangan,12840,hope-and-perseverance,16,16,0,35
giangan,12840,love-and-belonging,12,12,0,35
giangan,12840,forgiveness-and-new-beginnings,7,7,0,35
giangan,12840,exploring-jesus,21,21,0,35
gibaio,149219,meaning-and-purpose,18,18,0,35
gibaio,149219,hope-and-perseverance,16,16,0,35
gibaio,149219,love-and-belonging,12,12,0,35
gibaio,149219,forgiveness-and-new-beginnings,7,7,0,35
gibaio,149219,exploring-jesus,21,21,0,35
gichuka,140297,meaning-and-purpose,23,23,0,56
gichuka,140297,hope-and-perseverance,26,26,0,56
gichuka,140297,love-and-belonging,20,19,1,57
gichuka,140297,forgiveness-and-new-beginnings,10,9,1,57
gichuka,140297,exploring-jesus,37,37,0,56
gikyode,5166,meaning-and-purpose,18,18,0,35
gikyode,5166,hope-and-perseverance,16,16,0,35
gikyode,5166,love-and-belonging,12,12,0,35
gikyode,5166,forgiveness-and-new-beginnings,7,7,0,35
gikyode,5166,exploring-jesus,21,21,0,35
gilaki,6707,meaning-and-purpose,17,17,0,34
gilaki,6707,hope-and-perseverance,16,16,0,34
gilaki,6707,love-and-belonging,12,12,0,34
gilaki,6707,forgiveness-and-new-beginnings,7,7,0,34
gilaki,6707,exploring-jesus,20,20,0,34
gilaki-rashti,185210,meaning-and-purpose,23,23,0,57
gilaki-rashti,185210,hope-and-perseverance,26,26,0,57
gilaki-rashti,185210,love-and-belonging,20,19,1,58
gilaki-rashti,185210,forgiveness-and-new-beginnings,10,9,1,58
gilaki-rashti,185210,exploring-jesus,38,38,0,57
giryama,20117,meaning-and-purpose,18,18,0,35
giryama,20117,hope-and-perseverance,16,16,0,35
giryama,20117,love-and-belonging,12,12,0,35
giryama,20117,forgiveness-and-new-beginnings,7,7,0,35
giryama,20117,exploring-jesus,21,21,0,35
gisir,185234,meaning-and-purpose,18,18,0,35
gisir,185234,hope-and-perseverance,16,16,0,35
gisir,185234,love-and-belonging,12,12,0,35
gisir,185234,forgiveness-and-new-beginnings,7,7,0,35
gisir,185234,exploring-jesus,21,21,0,35
gitonga,20983,meaning-and-purpose,18,18,0,35
gitonga,20983,hope-and-perseverance,16,16,0,35
gitonga,20983,love-and-belonging,12,12,0,35
gitonga,20983,forgiveness-and-new-beginnings,7,7,0,35
gitonga,20983,exploring-jesus,21,21,0,35
giziga-south,2754,meaning-and-purpose,18,18,0,35
giziga-south,2754,hope-and-perseverance,16,16,0,35
giziga-south,2754,love-and-belonging,12,12,0,35
giziga-south,2754,forgiveness-and-new-beginnings,7,7,0,35
giziga-south,2754,exploring-jesus,21,21,0,35
glavda,140740,meaning-and-purpose,18,18,0,35
glavda,140740,hope-and-perseverance,16,16,0,35
glavda,140740,love-and-belonging,12,12,0,35
glavda,140740,forgiveness-and-new-beginnings,7,7,0,35
glavda,140740,exploring-jesus,21,21,0,35
goan-konkani,184479,meaning-and-purpose,23,23,0,57
goan-konkani,184479,hope-and-perseverance,26,26,0,57
goan-konkani,184479,love-and-belonging,20,19,1,58
goan-konkani,184479,forgiveness-and-new-beginnings,10,9,1,58
goan-konkani,184479,exploring-jesus,38,38,0,57
godie,184596,meaning-and-purpose,18,18,0,35
godie,184596,hope-and-perseverance,16,16,0,35
godie,184596,love-and-belonging,12,12,0,35
godie,184596,forgiveness-and-new-beginnings,7,7,0,35
godie,184596,exploring-jesus,21,21,0,35
gofa,4634,meaning-and-purpose,18,18,0,35
gofa,4634,hope-and-perseverance,16,16,0,35
gofa,4634,love-and-belonging,12,12,0,35
gofa,4634,forgiveness-and-new-beginnings,7,7,0,35
gofa,4634,exploring-jesus,21,21,0,35
gogo,14206,meaning-and-purpose,18,18,0,35
gogo,14206,hope-and-perseverance,16,16,0,35
gogo,14206,love-and-belonging,12,12,0,35
gogo,14206,forgiveness-and-new-beginnings,7,7,0,35
gogo,14206,exploring-jesus,21,21,0,35
goji,121129,meaning-and-purpose,18,18,0,35
goji,121129,hope-and-perseverance,16,16,0,35
goji,121129,love-and-belonging,12,12,0,35
goji,121129,forgiveness-and-new-beginnings,7,7,0,35
goji,121129,exploring-jesus,21,21,0,35
gojri,43229,meaning-and-purpose,18,18,0,35
gojri,43229,hope-and-perseverance,16,16,0,35
gojri,43229,love-and-belonging,12,12,0,35
gojri,43229,forgiveness-and-new-beginnings,7,7,0,35
gojri,43229,exploring-jesus,21,21,0,35
gokana,10143,meaning-and-purpose,18,18,0,35
gokana,10143,hope-and-perseverance,16,16,0,35
gokana,10143,love-and-belonging,12,12,0,35
gokana,10143,forgiveness-and-new-beginnings,7,7,0,35
gokana,10143,exploring-jesus,21,21,0,35
gola,7617,meaning-and-purpose,18,18,0,39
gola,7617,hope-and-perseverance,17,17,0,39
gola,7617,love-and-belonging,14,14,0,39
gola,7617,forgiveness-and-new-beginnings,10,10,0,39
gola,7617,exploring-jesus,23,23,0,39
golin,19725,meaning-and-purpose,18,18,0,35
golin,19725,hope-and-perseverance,16,16,0,35
golin,19725,love-and-belonging,12,12,0,35
golin,19725,forgiveness-and-new-beginnings,7,7,0,35
golin,19725,exploring-jesus,21,21,0,35
gondi-aheri,147829,meaning-and-purpose,18,18,0,35
gondi-aheri,147829,hope-and-perseverance,16,16,0,35
gondi-aheri,147829,love-and-belonging,12,12,0,35
gondi-aheri,147829,forgiveness-and-new-beginnings,7,7,0,35
gondi-aheri,147829,exploring-jesus,21,21,0,35
gondi-northern,6511,meaning-and-purpose,18,18,0,35
gondi-northern,6511,hope-and-perseverance,16,16,0,35
gondi-northern,6511,love-and-belonging,12,12,0,35
gondi-northern,6511,forgiveness-and-new-beginnings,7,7,0,35
gondi-northern,6511,exploring-jesus,21,21,0,35
gonja,5187,meaning-and-purpose,18,18,0,39
gonja,5187,hope-and-perseverance,17,17,0,39
gonja,5187,love-and-belonging,14,14,0,39
gonja,5187,forgiveness-and-new-beginnings,10,10,0,39
gonja,5187,exploring-jesus,23,23,0,39
gorontalo,19716,meaning-and-purpose,18,18,0,35
gorontalo,19716,hope-and-perseverance,16,16,0,35
gorontalo,19716,love-and-belonging,12,12,0,35
gorontalo,19716,forgiveness-and-new-beginnings,7,7,0,35
gorontalo,19716,exploring-jesus,21,21,0,35
gourmanchema,1296,meaning-and-purpose,18,18,0,35
gourmanchema,1296,hope-and-perseverance,16,16,0,35
gourmanchema,1296,love-and-belonging,12,12,0,35
gourmanchema,1296,forgiveness-and-new-beginnings,7,7,0,35
gourmanchema,1296,exploring-jesus,21,21,0,35
gowlan,140770,meaning-and-purpose,18,18,0,35
gowlan,140770,hope-and-perseverance,16,16,0,35
gowlan,140770,love-and-belonging,12,12,0,35
gowlan,140770,forgiveness-and-new-beginnings,7,7,0,35
gowlan,140770,exploring-jesus,21,21,0,35
gowli,140771,meaning-and-purpose,18,18,0,35
gowli,140771,hope-and-perseverance,16,16,0,35
gowli,140771,love-and-belonging,12,12,0,35
gowli,140771,forgiveness-and-new-beginnings,7,7,0,35
gowli,140771,exploring-jesus,21,21,0,35
grebo-northern,23926,meaning-and-purpose,18,18,0,39
grebo-northern,23926,hope-and-perseverance,17,17,0,39
grebo-northern,23926,love-and-belonging,14,14,0,39
grebo-northern,23926,forgiveness-and-new-beginnings,10,10,0,39
grebo-northern,23926,exploring-jesus,23,23,0,39
greek,483,meaning-and-purpose,27,27,0,81
greek,483,hope-and-perseverance,33,32,1,82
greek,483,love-and-belonging,35,33,2,83
greek,483,forgiveness-and-new-beginnings,20,18,2,83
greek,483,exploring-jesus,43,43,0,81
guahibo,19720,meaning-and-purpose,18,18,0,35
guahibo,19720,hope-and-perseverance,16,16,0,35
guahibo,19720,love-and-belonging,12,12,0,35
guahibo,19720,forgiveness-and-new-beginnings,7,7,0,35
guahibo,19720,exploring-jesus,21,21,0,35
guajajara,1582,meaning-and-purpose,18,18,0,35
guajajara,1582,hope-and-perseverance,16,16,0,35
guajajara,1582,love-and-belonging,12,12,0,35
guajajara,1582,forgiveness-and-new-beginnings,7,7,0,35
guajajara,1582,exploring-jesus,21,21,0,35
guambiano,4230,meaning-and-purpose,18,18,0,35
guambiano,4230,hope-and-perseverance,16,16,0,35
guambiano,4230,love-and-belonging,12,12,0,35
guambiano,4230,forgiveness-and-new-beginnings,7,7,0,35
guambiano,4230,exploring-jesus,21,21,0,35
guarani-bolivian-eastern,20631,meaning-and-purpose,18,18,0,35
guarani-bolivian-eastern,20631,hope-and-perseverance,16,16,0,35
guarani-bolivian-eastern,20631,love-and-belonging,12,12,0,35
guarani-bolivian-eastern,20631,forgiveness-and-new-beginnings,7,7,0,35
guarani-bolivian-eastern,20631,exploring-jesus,21,21,0,35
guarani-mbya,623,meaning-and-purpose,18,18,0,35
guarani-mbya,623,hope-and-perseverance,16,16,0,35
guarani-mbya,623,love-and-belonging,12,12,0,35
guarani-mbya,623,forgiveness-and-new-beginnings,7,7,0,35
guarani-mbya,623,exploring-jesus,21,21,0,35
guarani-paraguayan,12327,meaning-and-purpose,19,19,0,48
guarani-paraguayan,12327,hope-and-perseverance,19,18,1,49
guarani-paraguayan,12327,love-and-belonging,20,19,1,49
guarani-paraguayan,12327,forgiveness-and-new-beginnings,13,13,0,48
guarani-paraguayan,12327,exploring-jesus,27,27,0,48
guarani-western-bolivian,184828,meaning-and-purpose,18,18,0,35
guarani-western-bolivian,184828,hope-and-perseverance,16,16,0,35
guarani-western-bolivian,184828,love-and-belonging,12,12,0,35
guarani-western-bolivian,184828,forgiveness-and-new-beginnings,7,7,0,35
guarani-western-bolivian,184828,exploring-jesus,21,21,0,35
guaymi,10597,meaning-and-purpose,18,18,0,35
guaymi,10597,hope-and-perseverance,16,16,0,35
guaymi,10597,love-and-belonging,12,12,0,35
guaymi,10597,forgiveness-and-new-beginnings,7,7,0,35
guaymi,10597,exploring-jesus,21,21,0,35
guere-central,16048,meaning-and-purpose,18,18,0,35
guere-central,16048,hope-and-perseverance,16,16,0,35
guere-central,16048,love-and-belonging,12,12,0,35
guere-central,16048,forgiveness-and-new-beginnings,7,7,0,35
guere-central,16048,exploring-jesus,21,21,0,35
guina-ang-kalinga,149408,meaning-and-purpose,18,18,0,35
guina-ang-kalinga,149408,hope-and-perseverance,16,16,0,35
guina-ang-kalinga,149408,love-and-belonging,12,12,0,35
guina-ang-kalinga,149408,forgiveness-and-new-beginnings,7,7,0,35
guina-ang-kalinga,149408,exploring-jesus,21,21,0,35
gujarati,6600,meaning-and-purpose,45,45,0,117
gujarati,6600,hope-and-perseverance,50,50,0,117
gujarati,6600,love-and-belonging,47,46,1,118
gujarati,6600,forgiveness-and-new-beginnings,27,26,1,118
gujarati,6600,exploring-jesus,64,64,0,117
guji,4699,meaning-and-purpose,18,18,0,35
guji,4699,hope-and-perseverance,16,16,0,35
guji,4699,love-and-belonging,12,12,0,35
guji,4699,forgiveness-and-new-beginnings,7,7,0,35
guji,4699,exploring-jesus,21,21,0,35
gun-gbe,1297,meaning-and-purpose,18,18,0,35
gun-gbe,1297,hope-and-perseverance,16,16,0,35
gun-gbe,1297,love-and-belonging,12,12,0,35
gun-gbe,1297,forgiveness-and-new-beginnings,7,7,0,35
gun-gbe,1297,exploring-jesus,21,21,0,35
gungu,14710,meaning-and-purpose,18,18,0,35
gungu,14710,hope-and-perseverance,16,16,0,35
gungu,14710,love-and-belonging,12,12,0,35
gungu,14710,forgiveness-and-new-beginnings,7,7,0,35
gungu,14710,exploring-jesus,21,21,0,35
gurage-sodo,4684,meaning-and-purpose,18,18,0,35
gurage-sodo,4684,hope-and-perseverance,16,16,0,35
gurage-sodo,4684,love-and-belonging,12,12,0,35
gurage-sodo,4684,forgiveness-and-new-beginnings,7,7,0,35
gurage-sodo,4684,exploring-jesus,21,21,0,35
gurage-west,4676,meaning-and-purpose,23,23,0,56
gurage-west,4676,hope-and-perseverance,26,26,0,56
gurage-west,4676,love-and-belonging,20,19,1,57
gurage-west,4676,forgiveness-and-new-beginnings,10,9,1,57
gurage-west,4676,exploring-jesus,37,37,0,56
gurenne,2062,meaning-and-purpose,18,18,0,39
gurenne,2062,hope-and-perseverance,17,17,0,39
gurenne,2062,love-and-belonging,14,14,0,39
gurenne,2062,forgiveness-and-new-beginnings,10,10,0,39
gurenne,2062,exploring-jesus,23,23,0,39
gurgula,140675,meaning-and-purpose,23,23,0,56
gurgula,140675,hope-and-perseverance,26,26,0,56
gurgula,140675,love-and-belonging,20,19,1,57
gurgula,140675,forgiveness-and-new-beginnings,10,9,1,57
gurgula,140675,exploring-jesus,37,37,0,56
guro,16064,meaning-and-purpose,23,23,0,60
guro,16064,hope-and-perseverance,27,27,0,60
guro,16064,love-and-belonging,22,21,1,61
guro,16064,forgiveness-and-new-beginnings,13,12,1,61
guro,16064,exploring-jesus,39,39,0,60
gurung,6485,meaning-and-purpose,18,18,0,35
gurung,6485,hope-and-perseverance,16,16,0,35
gurung,6485,love-and-belonging,12,12,0,35
gurung,6485,forgiveness-and-new-beginnings,7,7,0,35
gurung,6485,exploring-jesus,21,21,0,35
gusii,7326,meaning-and-purpose,18,18,0,35
gusii,7326,hope-and-perseverance,16,16,0,35
gusii,7326,love-and-belonging,12,12,0,35
gusii,7326,forgiveness-and-new-beginnings,7,7,0,35
gusii,7326,exploring-jesus,21,21,0,35
gutob-gadaba,184548,meaning-and-purpose,18,18,0,35
gutob-gadaba,184548,hope-and-perseverance,16,16,0,35
gutob-gadaba,184548,love-and-belonging,12,12,0,35
gutob-gadaba,184548,forgiveness-and-new-beginnings,7,7,0,35
gutob-gadaba,184548,exploring-jesus,21,21,0,35
guyanese-creole,20693,meaning-and-purpose,18,18,0,35
guyanese-creole,20693,hope-and-perseverance,16,16,0,35
guyanese-creole,20693,love-and-belonging,12,12,0,35
guyanese-creole,20693,forgiveness-and-new-beginnings,7,7,0,35
guyanese-creole,20693,exploring-jesus,21,21,0,35
gwere,14692,meaning-and-purpose,18,18,0,35
gwere,14692,hope-and-perseverance,16,16,0,35
gwere,14692,love-and-belonging,12,12,0,35
gwere,14692,forgiveness-and-new-beginnings,7,7,0,35
gwere,14692,exploring-jesus,21,21,0,35
gyaazi,139090,meaning-and-purpose,18,18,0,35
gyaazi,139090,hope-and-perseverance,16,16,0,35
gyaazi,139090,love-and-belonging,12,12,0,35
gyaazi,139090,forgiveness-and-new-beginnings,7,7,0,35
gyaazi,139090,exploring-jesus,21,21,0,35
hadiyya,4667,meaning-and-purpose,18,18,0,35
hadiyya,4667,hope-and-perseverance,16,16,0,35
hadiyya,4667,love-and-belonging,12,12,0,35
hadiyya,4667,forgiveness-and-new-beginnings,7,7,0,35
hadiyya,4667,exploring-jesus,21,21,0,35
hadothi,20696,meaning-and-purpose,18,18,0,35
hadothi,20696,hope-and-perseverance,16,16,0,35
hadothi,20696,love-and-belonging,12,12,0,35
hadothi,20696,forgiveness-and-new-beginnings,7,7,0,35
hadothi,20696,exploring-jesus,21,21,0,35
hadza,140867,meaning-and-purpose,18,18,0,35
hadza,140867,hope-and-perseverance,16,16,0,35
hadza,140867,love-and-belonging,12,12,0,35
hadza,140867,forgiveness-and-new-beginnings,7,7,0,35
hadza,140867,exploring-jesus,21,21,0,35
hainanese,13192,meaning-and-purpose,19,19,0,47
hainanese,13192,hope-and-perseverance,19,18,1,48
hainanese,13192,love-and-belonging,20,19,1,48
hainanese,13192,forgiveness-and-new-beginnings,13,13,0,47
hainanese,13192,exploring-jesus,26,26,0,47
haitian-creole,4473,meaning-and-purpose,25,25,0,59
haitian-creole,4473,hope-and-perseverance,26,26,0,59
haitian-creole,4473,love-and-belonging,21,20,1,60
haitian-creole,4473,forgiveness-and-new-beginnings,10,9,1,60
haitian-creole,4473,exploring-jesus,39,39,0,59
hajong,1193,meaning-and-purpose,18,18,0,35
hajong,1193,hope-and-perseverance,16,16,0,35
hajong,1193,love-and-belonging,12,12,0,35
hajong,1193,forgiveness-and-new-beginnings,7,7,0,35
hajong,1193,exploring-jesus,21,21,0,35
hakhun,139179,meaning-and-purpose,18,18,0,35
hakhun,139179,hope-and-perseverance,16,16,0,35
hakhun,139179,love-and-belonging,12,12,0,35
hakhun,139179,forgiveness-and-new-beginnings,7,7,0,35
hakhun,139179,exploring-jesus,21,21,0,35
hakka,20611,meaning-and-purpose,18,18,0,35
hakka,20611,hope-and-perseverance,16,16,0,35
hakka,20611,love-and-belonging,12,12,0,35
hakka,20611,forgiveness-and-new-beginnings,7,7,0,35
hakka,20611,exploring-jesus,21,21,0,35
halang,140932,meaning-and-purpose,18,18,0,35
halang,140932,hope-and-perseverance,16,16,0,35
halang,140932,love-and-belonging,12,12,0,35
halang,140932,forgiveness-and-new-beginnings,7,7,0,35
halang,140932,exploring-jesus,21,21,0,35
halbi,19739,meaning-and-purpose,18,18,0,35
halbi,19739,hope-and-perseverance,16,16,0,35
halbi,19739,love-and-belonging,12,12,0,35
halbi,19739,forgiveness-and-new-beginnings,7,7,0,35
halbi,19739,exploring-jesus,21,21,0,35
halia,12065,meaning-and-purpose,18,18,0,35
halia,12065,hope-and-perseverance,16,16,0,35
halia,12065,love-and-belonging,12,12,0,35
halia,12065,forgiveness-and-new-beginnings,7,7,0,35
halia,12065,exploring-jesus,21,21,0,35
hamer-banna,4792,meaning-and-purpose,18,18,0,35
hamer-banna,4792,hope-and-perseverance,16,16,0,35
hamer-banna,4792,love-and-belonging,12,12,0,35
hamer-banna,4792,forgiveness-and-new-beginnings,7,7,0,35
hamer-banna,4792,exploring-jesus,21,21,0,35
hamgyongdo,7350,meaning-and-purpose,18,18,0,35
hamgyongdo,7350,hope-and-perseverance,16,16,0,35
hamgyongdo,7350,love-and-belonging,12,12,0,35
hamgyongdo,7350,forgiveness-and-new-beginnings,7,7,0,35
hamgyongdo,7350,exploring-jesus,21,21,0,35
hanga,5319,meaning-and-purpose,18,18,0,35
hanga,5319,hope-and-perseverance,16,16,0,35
hanga,5319,love-and-belonging,12,12,0,35
hanga,5319,forgiveness-and-new-beginnings,7,7,0,35
hanga,5319,exploring-jesus,21,21,0,35
hani-haya,184506,meaning-and-purpose,18,18,0,35
hani-haya,184506,hope-and-perseverance,16,16,0,35
hani-haya,184506,love-and-belonging,12,12,0,35
hani-haya,184506,forgiveness-and-new-beginnings,7,7,0,35
hani-haya,184506,exploring-jesus,21,21,0,35
haniq-beeqhongq,3976,meaning-and-purpose,18,18,0,35
haniq-beeqhongq,3976,hope-and-perseverance,16,16,0,35
haniq-beeqhongq,3976,love-and-belonging,12,12,0,35
haniq-beeqhongq,3976,forgiveness-and-new-beginnings,7,7,0,35
haniq-beeqhongq,3976,exploring-jesus,21,21,0,35
hano,141734,meaning-and-purpose,18,18,0,35
hano,141734,hope-and-perseverance,16,16,0,35
hano,141734,love-and-belonging,12,12,0,35
hano,141734,forgiveness-and-new-beginnings,7,7,0,35
hano,141734,exploring-jesus,21,21,0,35
hanunoo,140994,meaning-and-purpose,18,18,0,35
hanunoo,140994,hope-and-perseverance,16,16,0,35
hanunoo,140994,love-and-belonging,12,12,0,35
hanunoo,140994,forgiveness-and-new-beginnings,7,7,0,35
hanunoo,140994,exploring-jesus,21,21,0,35
harari,140937,meaning-and-purpose,18,18,0,35
harari,140937,hope-and-perseverance,16,16,0,35
harari,140937,love-and-belonging,12,12,0,35
harari,140937,forgiveness-and-new-beginnings,7,7,0,35
harari,140937,exploring-jesus,21,21,0,35
haryanvi,5709,meaning-and-purpose,19,19,0,40
haryanvi,5709,hope-and-perseverance,18,18,0,40
haryanvi,5709,love-and-belonging,13,13,0,40
haryanvi,5709,forgiveness-and-new-beginnings,9,9,0,40
haryanvi,5709,exploring-jesus,25,25,0,40
hatam,140927,meaning-and-purpose,18,18,0,35
hatam,140927,hope-and-perseverance,16,16,0,35
hatam,140927,love-and-belonging,12,12,0,35
hatam,140927,forgiveness-and-new-beginnings,7,7,0,35
hatam,140927,exploring-jesus,21,21,0,35
hausa,1341,meaning-and-purpose,43,43,0,110
hausa,1341,hope-and-perseverance,45,44,1,111
hausa,1341,love-and-belonging,48,46,2,112
hausa,1341,forgiveness-and-new-beginnings,29,28,1,111
hausa,1341,exploring-jesus,56,56,0,110
havu,15559,meaning-and-purpose,18,18,0,35
havu,15559,hope-and-perseverance,16,16,0,35
havu,15559,love-and-belonging,12,12,0,35
havu,15559,forgiveness-and-new-beginnings,7,7,0,35
havu,15559,exploring-jesus,21,21,0,35
hawaii-pidgin,140893,meaning-and-purpose,18,18,0,35
hawaii-pidgin,140893,hope-and-perseverance,16,16,0,35
hawaii-pidgin,140893,love-and-belonging,12,12,0,35
hawaii-pidgin,140893,forgiveness-and-new-beginnings,7,7,0,35
hawaii-pidgin,140893,exploring-jesus,21,21,0,35
hawaiian-nihau,184517,meaning-and-purpose,18,18,0,35
hawaiian-nihau,184517,hope-and-perseverance,16,16,0,35
hawaiian-nihau,184517,love-and-belonging,12,12,0,35
hawaiian-nihau,184517,forgiveness-and-new-beginnings,7,7,0,35
hawaiian-nihau,184517,exploring-jesus,21,21,0,35
haya,14201,meaning-and-purpose,18,18,0,35
haya,14201,hope-and-perseverance,16,16,0,35
haya,14201,love-and-belonging,12,12,0,35
haya,14201,forgiveness-and-new-beginnings,7,7,0,35
haya,14201,exploring-jesus,21,21,0,35
hazaragi,450,meaning-and-purpose,18,18,0,35
hazaragi,450,hope-and-perseverance,16,16,0,35
hazaragi,450,love-and-belonging,12,12,0,35
hazaragi,450,forgiveness-and-new-beginnings,7,7,0,35
hazaragi,450,exploring-jesus,21,21,0,35
hdi,143340,meaning-and-purpose,18,18,0,35
hdi,143340,hope-and-perseverance,16,16,0,35
hdi,143340,love-and-belonging,12,12,0,35
hdi,143340,forgiveness-and-new-beginnings,7,7,0,35
hdi,143340,exploring-jesus,21,21,0,35
hebrew,6930,meaning-and-purpose,39,39,0,90
hebrew,6930,hope-and-perseverance,37,36,1,91
hebrew,6930,love-and-belonging,40,39,1,91
hebrew,6930,forgiveness-and-new-beginnings,25,25,0,90
hebrew,6930,exploring-jesus,40,40,0,90
hehe,14192,meaning-and-purpose,18,18,0,35
hehe,14192,hope-and-perseverance,16,16,0,35
hehe,14192,love-and-belonging,12,12,0,35
hehe,14192,forgiveness-and-new-beginnings,7,7,0,35
hehe,14192,exploring-jesus,21,21,0,35
heiban,140943,meaning-and-purpose,18,18,0,35
heiban,140943,hope-and-perseverance,16,16,0,35
heiban,140943,love-and-belonging,12,12,0,35
heiban,140943,forgiveness-and-new-beginnings,7,7,0,35
heiban,140943,exploring-jesus,21,21,0,35
heiyi-zhuang-minz,185329,meaning-and-purpose,18,18,0,35
heiyi-zhuang-minz,185329,hope-and-perseverance,16,16,0,35
heiyi-zhuang-minz,185329,love-and-belonging,12,12,0,35
heiyi-zhuang-minz,185329,forgiveness-and-new-beginnings,7,7,0,35
heiyi-zhuang-minz,185329,exploring-jesus,21,21,0,35
hema,15256,meaning-and-purpose,18,18,0,35
hema,15256,hope-and-perseverance,16,16,0,35
hema,15256,love-and-belonging,12,12,0,35
hema,15256,forgiveness-and-new-beginnings,7,7,0,35
hema,15256,exploring-jesus,21,21,0,35
hemba,15557,meaning-and-purpose,18,18,0,35
hemba,15557,hope-and-perseverance,16,16,0,35
hemba,15557,love-and-belonging,12,12,0,35
hemba,15557,forgiveness-and-new-beginnings,7,7,0,35
hemba,15557,exploring-jesus,21,21,0,35
herero,1454,meaning-and-purpose,18,18,0,35
herero,1454,hope-and-perseverance,16,16,0,35
herero,1454,love-and-belonging,12,12,0,35
herero,1454,forgiveness-and-new-beginnings,7,7,0,35
herero,1454,exploring-jesus,21,21,0,35
higgi,22645,meaning-and-purpose,18,18,0,35
higgi,22645,hope-and-perseverance,16,16,0,35
higgi,22645,love-and-belonging,12,12,0,35
higgi,22645,forgiveness-and-new-beginnings,7,7,0,35
higgi,22645,exploring-jesus,21,21,0,35
hiligaynon,19738,meaning-and-purpose,18,18,0,35
hiligaynon,19738,hope-and-perseverance,16,16,0,35
hiligaynon,19738,love-and-belonging,12,12,0,35
hiligaynon,19738,forgiveness-and-new-beginnings,7,7,0,35
hiligaynon,19738,exploring-jesus,21,21,0,35
hindi,6464,meaning-and-purpose,57,57,0,152
hindi,6464,hope-and-perseverance,56,55,1,153
hindi,6464,love-and-belonging,61,59,2,154
hindi,6464,forgiveness-and-new-beginnings,38,36,2,154
hindi,6464,exploring-jesus,83,83,0,152
hindi-caribbean,5511,meaning-and-purpose,18,18,0,36
hindi-caribbean,5511,hope-and-perseverance,16,16,0,36
hindi-caribbean,5511,love-and-belonging,12,12,0,36
hindi-caribbean,5511,forgiveness-and-new-beginnings,8,8,0,36
hindi-caribbean,5511,exploring-jesus,22,22,0,36
hindko-northern,10450,meaning-and-purpose,18,18,0,35
hindko-northern,10450,hope-and-perseverance,16,16,0,35
hindko-northern,10450,love-and-belonging,12,12,0,35
hindko-northern,10450,forgiveness-and-new-beginnings,7,7,0,35
hindko-northern,10450,exploring-jesus,21,21,0,35
hindko-southern,10455,meaning-and-purpose,18,18,0,35
hindko-southern,10455,hope-and-perseverance,16,16,0,35
hindko-southern,10455,love-and-belonging,12,12,0,35
hindko-southern,10455,forgiveness-and-new-beginnings,7,7,0,35
hindko-southern,10455,exploring-jesus,21,21,0,35
hiri-motu,21120,meaning-and-purpose,18,18,0,35
hiri-motu,21120,hope-and-perseverance,16,16,0,35
hiri-motu,21120,love-and-belonging,12,12,0,35
hiri-motu,21120,forgiveness-and-new-beginnings,7,7,0,35
hiri-motu,21120,exploring-jesus,21,21,0,35
hixkaryana,1566,meaning-and-purpose,18,18,0,35
hixkaryana,1566,hope-and-perseverance,16,16,0,35
hixkaryana,1566,love-and-belonging,12,12,0,35
hixkaryana,1566,forgiveness-and-new-beginnings,7,7,0,35
hixkaryana,1566,exploring-jesus,21,21,0,35
hlai-has,184504,meaning-and-purpose,18,18,0,35
hlai-has,184504,hope-and-perseverance,16,16,0,35
hlai-has,184504,love-and-belonging,12,12,0,35
hlai-has,184504,forgiveness-and-new-beginnings,7,7,0,35
hlai-has,184504,exploring-jesus,21,21,0,35
hmar,6465,meaning-and-purpose,18,18,0,35
hmar,6465,hope-and-perseverance,16,16,0,35
hmar,6465,love-and-belonging,12,12,0,35
hmar,6465,forgiveness-and-new-beginnings,7,7,0,35
hmar,6465,exploring-jesus,21,21,0,35
hmong-daw,4012,meaning-and-purpose,19,19,0,37
hmong-daw,4012,hope-and-perseverance,17,17,0,37
hmong-daw,4012,love-and-belonging,13,13,0,37
hmong-daw,4012,forgiveness-and-new-beginnings,7,7,0,37
hmong-daw,4012,exploring-jesus,22,22,0,37
hmong-shuad,22826,meaning-and-purpose,18,18,0,35
hmong-shuad,22826,hope-and-perseverance,16,16,0,35
hmong-shuad,22826,love-and-belonging,12,12,0,35
hmong-shuad,22826,forgiveness-and-new-beginnings,7,7,0,35
hmong-shuad,22826,exploring-jesus,21,21,0,35
ho,1189,meaning-and-purpose,19,19,0,40
ho,1189,hope-and-perseverance,18,18,0,40
ho,1189,love-and-belonging,13,13,0,40
ho,1189,forgiveness-and-new-beginnings,9,9,0,40
ho,1189,exploring-jesus,25,25,0,40
hona,119277,meaning-and-purpose,18,18,0,35
hona,119277,hope-and-perseverance,16,16,0,35
hona,119277,love-and-belonging,12,12,0,35
hona,119277,forgiveness-and-new-beginnings,7,7,0,35
hona,119277,exploring-jesus,21,21,0,35
horned-miao,23017,meaning-and-purpose,18,18,0,35
horned-miao,23017,hope-and-perseverance,16,16,0,35
horned-miao,23017,love-and-belonging,12,12,0,35
horned-miao,23017,forgiveness-and-new-beginnings,7,7,0,35
horned-miao,23017,exploring-jesus,21,21,0,35
hote,12057,meaning-and-purpose,18,18,0,35
hote,12057,hope-and-perseverance,16,16,0,35
hote,12057,love-and-belonging,12,12,0,35
hote,12057,forgiveness-and-new-beginnings,7,7,0,35
hote,12057,exploring-jesus,21,21,0,35
hrangkhol,140853,meaning-and-purpose,18,18,0,35
hrangkhol,140853,hope-and-perseverance,16,16,0,35
hrangkhol,140853,love-and-belonging,12,12,0,35
hrangkhol,140853,forgiveness-and-new-beginnings,7,7,0,35
hrangkhol,140853,exploring-jesus,21,21,0,35
hre,19747,meaning-and-purpose,18,18,0,35
hre,19747,hope-and-perseverance,16,16,0,35
hre,19747,love-and-belonging,12,12,0,35
hre,19747,forgiveness-and-new-beginnings,7,7,0,35
hre,19747,exploring-jesus,21,21,0,35
huasteco-san-luis-potosi,8265,meaning-and-purpose,18,18,0,35
huasteco-san-luis-potosi,8265,hope-and-perseverance,16,16,0,35
huasteco-san-luis-potosi,8265,love-and-belonging,12,12,0,35
huasteco-san-luis-potosi,8265,forgiveness-and-new-beginnings,7,7,0,35
huasteco-san-luis-potosi,8265,exploring-jesus,21,21,0,35
huasteco-veracruz,8272,meaning-and-purpose,18,18,0,35
huasteco-veracruz,8272,hope-and-perseverance,16,16,0,35
huasteco-veracruz,8272,love-and-belonging,12,12,0,35
huasteco-veracruz,8272,forgiveness-and-new-beginnings,7,7,0,35
huasteco-veracruz,8272,exploring-jesus,21,21,0,35
huave-san-mateo-del-mar,8266,meaning-and-purpose,18,18,0,35
huave-san-mateo-del-mar,8266,hope-and-perseverance,16,16,0,35
huave-san-mateo-del-mar,8266,love-and-belonging,12,12,0,35
huave-san-mateo-del-mar,8266,forgiveness-and-new-beginnings,7,7,0,35
huave-san-mateo-del-mar,8266,exploring-jesus,21,21,0,35
huba,9597,meaning-and-purpose,18,18,0,35
huba,9597,hope-and-perseverance,16,16,0,35
huba,9597,love-and-belonging,12,12,0,35
huba,9597,forgiveness-and-new-beginnings,7,7,0,35
huba,9597,exploring-jesus,21,21,0,35
hui,21211,meaning-and-purpose,18,18,0,35
hui,21211,hope-and-perseverance,16,16,0,35
hui,21211,love-and-belonging,12,12,0,35
hui,21211,forgiveness-and-new-beginnings,7,7,0,35
hui,21211,exploring-jesus,21,21,0,35
huichol,8277,meaning-and-purpose,18,18,0,35
huichol,8277,hope-and-perseverance,16,16,0,35
huichol,8277,love-and-belonging,12,12,0,35
huichol,8277,forgiveness-and-new-beginnings,7,7,0,35
huichol,8277,exploring-jesus,21,21,0,35
huitoto-murui,140882,meaning-and-purpose,18,18,0,35
huitoto-murui,140882,hope-and-perseverance,16,16,0,35
huitoto-murui,140882,love-and-belonging,12,12,0,35
huitoto-murui,140882,forgiveness-and-new-beginnings,7,7,0,35
huitoto-murui,140882,exploring-jesus,21,21,0,35
huli,12053,meaning-and-purpose,18,18,0,35
huli,12053,hope-and-perseverance,16,16,0,35
huli,12053,love-and-belonging,12,12,0,35
huli,12053,forgiveness-and-new-beginnings,7,7,0,35
huli,12053,exploring-jesus,21,21,0,35
hunde,15551,meaning-and-purpose,18,18,0,35
hunde,15551,hope-and-perseverance,16,16,0,35
hunde,15551,love-and-belonging,12,12,0,35
hunde,15551,forgiveness-and-new-beginnings,7,7,0,35
hunde,15551,exploring-jesus,21,21,0,35
hungana,15548,meaning-and-purpose,18,18,0,39
hungana,15548,hope-and-perseverance,17,17,0,39
hungana,15548,love-and-belonging,14,14,0,39
hungana,15548,forgiveness-and-new-beginnings,10,10,0,39
hungana,15548,exploring-jesus,23,23,0,39
hungarian,1107,meaning-and-purpose,42,42,0,104
hungarian,1107,hope-and-perseverance,43,42,1,105
hungarian,1107,love-and-belonging,45,43,2,106
hungarian,1107,forgiveness-and-new-beginnings,27,26,1,105
hungarian,1107,exploring-jesus,52,52,0,104
hunsrik,98682,meaning-and-purpose,18,18,0,35
hunsrik,98682,hope-and-perseverance,16,16,0,35
hunsrik,98682,love-and-belonging,12,12,0,35
hunsrik,98682,forgiveness-and-new-beginnings,7,7,0,35
hunsrik,98682,exploring-jesus,21,21,0,35
hyam,98630,meaning-and-purpose,18,18,0,35
hyam,98630,hope-and-perseverance,16,16,0,35
hyam,98630,love-and-belonging,12,12,0,35
hyam,98630,forgiveness-and-new-beginnings,7,7,0,35
hyam,98630,exploring-jesus,21,21,0,35
ibaas-icen,184842,meaning-and-purpose,18,18,0,35
ibaas-icen,184842,hope-and-perseverance,16,16,0,35
ibaas-icen,184842,love-and-belonging,12,12,0,35
ibaas-icen,184842,forgiveness-and-new-beginnings,7,7,0,35
ibaas-icen,184842,exploring-jesus,21,21,0,35
ibaloi,12747,meaning-and-purpose,18,18,0,35
ibaloi,12747,hope-and-perseverance,16,16,0,35
ibaloi,12747,love-and-belonging,12,12,0,35
ibaloi,12747,forgiveness-and-new-beginnings,7,7,0,35
ibaloi,12747,exploring-jesus,21,21,0,35
iban,1924,meaning-and-purpose,18,18,0,36
iban,1924,hope-and-perseverance,16,16,0,36
iban,1924,love-and-belonging,12,12,0,36
iban,1924,forgiveness-and-new-beginnings,7,7,0,36
iban,1924,exploring-jesus,22,22,0,36
ibanag,12750,meaning-and-purpose,18,18,0,35
ibanag,12750,hope-and-perseverance,16,16,0,35
ibanag,12750,love-and-belonging,12,12,0,35
ibanag,12750,forgiveness-and-new-beginnings,7,7,0,35
ibanag,12750,exploring-jesus,21,21,0,35
ibibio,9811,meaning-and-purpose,18,18,0,35
ibibio,9811,hope-and-perseverance,16,16,0,35
ibibio,9811,love-and-belonging,12,12,0,35
ibibio,9811,forgiveness-and-new-beginnings,7,7,0,35
ibibio,9811,exploring-jesus,21,21,0,35
icelandic,5563,meaning-and-purpose,11,11,0,53
icelandic,5563,hope-and-perseverance,23,22,1,54
icelandic,5563,love-and-belonging,25,23,2,55
icelandic,5563,forgiveness-and-new-beginnings,14,13,1,54
icelandic,5563,exploring-jesus,35,35,0,53
ichen,177626,meaning-and-purpose,18,18,0,35
ichen,177626,hope-and-perseverance,16,16,0,35
ichen,177626,love-and-belonging,12,12,0,35
ichen,177626,forgiveness-and-new-beginnings,7,7,0,35
ichen,177626,exploring-jesus,21,21,0,35
icheve,145530,meaning-and-purpose,18,18,0,35
icheve,145530,hope-and-perseverance,16,16,0,35
icheve,145530,love-and-belonging,12,12,0,35
icheve,145530,forgiveness-and-new-beginnings,7,7,0,35
icheve,145530,exploring-jesus,21,21,0,35
idaasha,184549,meaning-and-purpose,18,18,0,35
idaasha,184549,hope-and-perseverance,16,16,0,35
idaasha,184549,love-and-belonging,12,12,0,35
idaasha,184549,forgiveness-and-new-beginnings,7,7,0,35
idaasha,184549,exploring-jesus,21,21,0,35
idioma-wanca,184547,meaning-and-purpose,23,23,0,56
idioma-wanca,184547,hope-and-perseverance,26,26,0,56
idioma-wanca,184547,love-and-belonging,20,19,1,57
idioma-wanca,184547,forgiveness-and-new-beginnings,10,9,1,57
idioma-wanca,184547,exploring-jesus,37,37,0,56
idoma,9793,meaning-and-purpose,18,18,0,35
idoma,9793,hope-and-perseverance,16,16,0,35
idoma,9793,love-and-belonging,12,12,0,35
idoma,9793,forgiveness-and-new-beginnings,7,7,0,35
idoma,9793,exploring-jesus,21,21,0,35
ife,1338,meaning-and-purpose,18,18,0,35
ife,1338,hope-and-perseverance,16,16,0,35
ife,1338,love-and-belonging,12,12,0,35
ife,1338,forgiveness-and-new-beginnings,7,7,0,35
ife,1338,exploring-jesus,21,21,0,35
ifugao-amganad,12743,meaning-and-purpose,18,18,0,35
ifugao-amganad,12743,hope-and-perseverance,16,16,0,35
ifugao-amganad,12743,love-and-belonging,12,12,0,35
ifugao-amganad,12743,forgiveness-and-new-beginnings,7,7,0,35
ifugao-amganad,12743,exploring-jesus,21,21,0,35
ifugao-mayoyao,141009,meaning-and-purpose,18,18,0,35
ifugao-mayoyao,141009,hope-and-perseverance,16,16,0,35
ifugao-mayoyao,141009,love-and-belonging,12,12,0,35
ifugao-mayoyao,141009,forgiveness-and-new-beginnings,7,7,0,35
ifugao-mayoyao,141009,exploring-jesus,21,21,0,35
igala,9779,meaning-and-purpose,18,18,0,35
igala,9779,hope-and-perseverance,16,16,0,35
igala,9779,love-and-belonging,12,12,0,35
igala,9779,forgiveness-and-new-beginnings,7,7,0,35
igala,9779,exploring-jesus,21,21,0,35
igbo,9774,meaning-and-purpose,36,36,0,84
igbo,9774,hope-and-perseverance,34,33,1,85
igbo,9774,love-and-belonging,39,38,1,85
igbo,9774,forgiveness-and-new-beginnings,26,26,0,84
igbo,9774,exploring-jesus,35,35,0,84
igede,9784,meaning-and-purpose,18,18,0,35
igede,9784,hope-and-perseverance,16,16,0,35
igede,9784,love-and-belonging,12,12,0,35
igede,9784,forgiveness-and-new-beginnings,7,7,0,35
igede,9784,exploring-jesus,21,21,0,35
igiha,19733,meaning-and-purpose,18,18,0,35
igiha,19733,hope-and-perseverance,16,16,0,35
igiha,19733,love-and-belonging,12,12,0,35
igiha,19733,forgiveness-and-new-beginnings,7,7,0,35
igiha,19733,exploring-jesus,21,21,0,35
ika,9728,meaning-and-purpose,18,18,0,39
ika,9728,hope-and-perseverance,17,17,0,39
ika,9728,love-and-belonging,14,14,0,39
ika,9728,forgiveness-and-new-beginnings,10,10,0,39
ika,9728,exploring-jesus,23,23,0,39
ikhin,185251,meaning-and-purpose,18,18,0,35
ikhin,185251,hope-and-perseverance,16,16,0,35
ikhin,185251,love-and-belonging,12,12,0,35
ikhin,185251,forgiveness-and-new-beginnings,7,7,0,35
ikhin,185251,exploring-jesus,21,21,0,35
ikizu,14188,meaning-and-purpose,18,18,0,35
ikizu,14188,hope-and-perseverance,16,16,0,35
ikizu,14188,love-and-belonging,12,12,0,35
ikizu,14188,forgiveness-and-new-beginnings,7,7,0,35
ikizu,14188,exploring-jesus,21,21,0,35
ikoma,154395,meaning-and-purpose,18,18,0,35
ikoma,154395,hope-and-perseverance,16,16,0,35
ikoma,154395,love-and-belonging,12,12,0,35
ikoma,154395,forgiveness-and-new-beginnings,7,7,0,35
ikoma,154395,exploring-jesus,21,21,0,35
ikota,141371,meaning-and-purpose,18,18,0,35
ikota,141371,hope-and-perseverance,16,16,0,35
ikota,141371,love-and-belonging,12,12,0,35
ikota,141371,forgiveness-and-new-beginnings,7,7,0,35
ikota,141371,exploring-jesus,21,21,0,35
ikpeshi,141025,meaning-and-purpose,18,18,0,35
ikpeshi,141025,hope-and-perseverance,16,16,0,35
ikpeshi,141025,love-and-belonging,12,12,0,35
ikpeshi,141025,forgiveness-and-new-beginnings,7,7,0,35
ikpeshi,141025,exploring-jesus,21,21,0,35
ikwo,9691,meaning-and-purpose,18,18,0,35
ikwo,9691,hope-and-perseverance,16,16,0,35
ikwo,9691,love-and-belonging,12,12,0,35
ikwo,9691,forgiveness-and-new-beginnings,7,7,0,35
ikwo,9691,exploring-jesus,21,21,0,35
ila,19759,meaning-and-purpose,18,18,0,35
ila,19759,hope-and-perseverance,16,16,0,35
ila,19759,love-and-belonging,12,12,0,35
ila,19759,forgiveness-and-new-beginnings,7,7,0,35
ila,19759,exploring-jesus,21,21,0,35
ilchamus,184500,meaning-and-purpose,23,23,0,57
ilchamus,184500,hope-and-perseverance,26,26,0,57
ilchamus,184500,love-and-belonging,20,19,1,58
ilchamus,184500,forgiveness-and-new-beginnings,10,9,1,58
ilchamus,184500,exploring-jesus,38,38,0,57
ile-ape,141031,meaning-and-purpose,18,18,0,35
ile-ape,141031,hope-and-perseverance,16,16,0,35
ile-ape,141031,love-and-belonging,12,12,0,35
ile-ape,141031,forgiveness-and-new-beginnings,7,7,0,35
ile-ape,141031,exploring-jesus,21,21,0,35
ilocano,12723,meaning-and-purpose,19,19,0,48
ilocano,12723,hope-and-perseverance,19,18,1,49
ilocano,12723,love-and-belonging,20,19,1,49
ilocano,12723,forgiveness-and-new-beginnings,13,13,0,48
ilocano,12723,exploring-jesus,27,27,0,48
imbongu,12040,meaning-and-purpose,18,18,0,35
imbongu,12040,hope-and-perseverance,16,16,0,35
imbongu,12040,love-and-belonging,12,12,0,35
imbongu,12040,forgiveness-and-new-beginnings,7,7,0,35
imbongu,12040,exploring-jesus,21,21,0,35
indonesian-isa,184566,meaning-and-purpose,25,25,0,66
indonesian-isa,184566,hope-and-perseverance,30,30,0,66
indonesian-isa,184566,love-and-belonging,21,20,1,67
indonesian-isa,184566,forgiveness-and-new-beginnings,13,12,1,67
indonesian-isa,184566,exploring-jesus,46,46,0,66
indonesian-yesus,16639,meaning-and-purpose,50,50,0,123
indonesian-yesus,16639,hope-and-perseverance,44,43,1,124
indonesian-yesus,16639,love-and-belonging,49,48,1,124
indonesian-yesus,16639,forgiveness-and-new-beginnings,31,31,0,123
indonesian-yesus,16639,exploring-jesus,65,65,0,123
ingush,18555,meaning-and-purpose,18,18,0,35
ingush,18555,hope-and-perseverance,16,16,0,35
ingush,18555,love-and-belonging,12,12,0,35
ingush,18555,forgiveness-and-new-beginnings,7,7,0,35
ingush,18555,exploring-jesus,21,21,0,35
inner-mongolian,22293,meaning-and-purpose,18,18,0,36
inner-mongolian,22293,hope-and-perseverance,16,16,0,36
inner-mongolian,22293,love-and-belonging,12,12,0,36
inner-mongolian,22293,forgiveness-and-new-beginnings,8,8,0,36
inner-mongolian,22293,exploring-jesus,22,22,0,36
innu,127397,meaning-and-purpose,18,18,0,35
innu,127397,hope-and-perseverance,16,16,0,35
innu,127397,love-and-belonging,12,12,0,35
innu,127397,forgiveness-and-new-beginnings,7,7,0,35
innu,127397,exploring-jesus,21,21,0,35
inonhan,12657,meaning-and-purpose,18,18,0,35
inonhan,12657,hope-and-perseverance,16,16,0,35
inonhan,12657,love-and-belonging,12,12,0,35
inonhan,12657,forgiveness-and-new-beginnings,7,7,0,35
inonhan,12657,exploring-jesus,21,21,0,35
inor,26184,meaning-and-purpose,18,18,0,35
inor,26184,hope-and-perseverance,16,16,0,35
inor,26184,love-and-belonging,12,12,0,35
inor,26184,forgiveness-and-new-beginnings,7,7,0,35
inor,26184,exploring-jesus,21,21,0,35
inuktitut-eastern-canadian,3076,meaning-and-purpose,18,18,0,35
inuktitut-eastern-canadian,3076,hope-and-perseverance,16,16,0,35
inuktitut-eastern-canadian,3076,love-and-belonging,12,12,0,35
inuktitut-eastern-canadian,3076,forgiveness-and-new-beginnings,7,7,0,35
inuktitut-eastern-canadian,3076,exploring-jesus,21,21,0,35
ipili,98663,meaning-and-purpose,18,18,0,35
ipili,98663,hope-and-perseverance,16,16,0,35
ipili,98663,love-and-belonging,12,12,0,35
ipili,98663,forgiveness-and-new-beginnings,7,7,0,35
ipili,98663,exploring-jesus,21,21,0,35
ipunu,4310,meaning-and-purpose,18,18,0,35
ipunu,4310,hope-and-perseverance,16,16,0,35
ipunu,4310,love-and-belonging,12,12,0,35
ipunu,4310,forgiveness-and-new-beginnings,7,7,0,35
ipunu,4310,exploring-jesus,21,21,0,35
iranun,98588,meaning-and-purpose,18,18,0,35
iranun,98588,hope-and-perseverance,16,16,0,35
iranun,98588,love-and-belonging,12,12,0,35
iranun,98588,forgiveness-and-new-beginnings,7,7,0,35
iranun,98588,exploring-jesus,21,21,0,35
iranun-eastern,185198,meaning-and-purpose,18,18,0,35
iranun-eastern,185198,hope-and-perseverance,16,16,0,35
iranun-eastern,185198,love-and-belonging,12,12,0,35
iranun-eastern,185198,forgiveness-and-new-beginnings,7,7,0,35
iranun-eastern,185198,exploring-jesus,21,21,0,35
iranun-western,185197,meaning-and-purpose,18,18,0,35
iranun-western,185197,hope-and-perseverance,16,16,0,35
iranun-western,185197,love-and-belonging,12,12,0,35
iranun-western,185197,forgiveness-and-new-beginnings,7,7,0,35
iranun-western,185197,exploring-jesus,21,21,0,35
iraqw,14187,meaning-and-purpose,18,18,0,35
iraqw,14187,hope-and-perseverance,16,16,0,35
iraqw,14187,love-and-belonging,12,12,0,35
iraqw,14187,forgiveness-and-new-beginnings,7,7,0,35
iraqw,14187,exploring-jesus,21,21,0,35
iraya,141085,meaning-and-purpose,18,18,0,35
iraya,141085,hope-and-perseverance,16,16,0,35
iraya,141085,love-and-belonging,12,12,0,35
iraya,141085,forgiveness-and-new-beginnings,7,7,0,35
iraya,141085,exploring-jesus,21,21,0,35
irula,6440,meaning-and-purpose,18,18,0,35
irula,6440,hope-and-perseverance,16,16,0,35
irula,6440,love-and-belonging,12,12,0,35
irula,6440,forgiveness-and-new-beginnings,7,7,0,35
irula,6440,exploring-jesus,21,21,0,35
isan,20967,meaning-and-purpose,18,18,0,35
isan,20967,hope-and-perseverance,16,16,0,35
isan,20967,love-and-belonging,12,12,0,35
isan,20967,forgiveness-and-new-beginnings,7,7,0,35
isan,20967,exploring-jesus,21,21,0,35
isangu,142887,meaning-and-purpose,18,18,0,35
isangu,142887,hope-and-perseverance,16,16,0,35
isangu,142887,love-and-belonging,12,12,0,35
isangu,142887,forgiveness-and-new-beginnings,7,7,0,35
isangu,142887,exploring-jesus,21,21,0,35
ishinyiha,37411,meaning-and-purpose,18,18,0,35
ishinyiha,37411,hope-and-perseverance,16,16,0,35
ishinyiha,37411,love-and-belonging,12,12,0,35
ishinyiha,37411,forgiveness-and-new-beginnings,7,7,0,35
ishinyiha,37411,exploring-jesus,21,21,0,35
isnag,12714,meaning-and-purpose,18,18,0,35
isnag,12714,hope-and-perseverance,16,16,0,35
isnag,12714,love-and-belonging,12,12,0,35
isnag,12714,forgiveness-and-new-beginnings,7,7,0,35
isnag,12714,exploring-jesus,21,21,0,35
isoko,9699,meaning-and-purpose,18,18,0,35
isoko,9699,hope-and-perseverance,16,16,0,35
isoko,9699,love-and-belonging,12,12,0,35
isoko,9699,forgiveness-and-new-beginnings,7,7,0,35
isoko,9699,exploring-jesus,21,21,0,35
italian,4415,meaning-and-purpose,54,54,0,144
italian,4415,hope-and-perseverance,54,53,1,145
italian,4415,love-and-belonging,63,61,2,146
italian,4415,forgiveness-and-new-beginnings,36,34,2,146
italian,4415,exploring-jesus,74,74,0,144
itawis,20717,meaning-and-purpose,18,18,0,35
itawis,20717,hope-and-perseverance,16,16,0,35
itawis,20717,love-and-belonging,12,12,0,35
itawis,20717,forgiveness-and-new-beginnings,7,7,0,35
itawis,20717,exploring-jesus,21,21,0,35
iten,184485,meaning-and-purpose,18,18,0,35
iten,184485,hope-and-perseverance,16,16,0,35
iten,184485,love-and-belonging,12,12,0,35
iten,184485,forgiveness-and-new-beginnings,7,7,0,35
iten,184485,exploring-jesus,21,21,0,35
itsekiri,21740,meaning-and-purpose,18,18,0,35
itsekiri,21740,hope-and-perseverance,16,16,0,35
itsekiri,21740,love-and-belonging,12,12,0,35
itsekiri,21740,forgiveness-and-new-beginnings,7,7,0,35
itsekiri,21740,exploring-jesus,21,21,0,35
ivatan,141113,meaning-and-purpose,18,18,0,35
ivatan,141113,hope-and-perseverance,16,16,0,35
ivatan,141113,love-and-belonging,12,12,0,35
ivatan,141113,forgiveness-and-new-beginnings,7,7,0,35
ivatan,141113,exploring-jesus,21,21,0,35
ixil-nebaj,5420,meaning-and-purpose,18,18,0,35
ixil-nebaj,5420,hope-and-perseverance,16,16,0,35
ixil-nebaj,5420,love-and-belonging,12,12,0,35
ixil-nebaj,5420,forgiveness-and-new-beginnings,7,7,0,35
ixil-nebaj,5420,exploring-jesus,21,21,0,35
iyaa,98626,meaning-and-purpose,18,18,0,35
iyaa,98626,hope-and-perseverance,16,16,0,35
iyaa,98626,love-and-belonging,12,12,0,35
iyaa,98626,forgiveness-and-new-beginnings,7,7,0,35
iyaa,98626,exploring-jesus,21,21,0,35
iyansi,24095,meaning-and-purpose,18,18,0,35
iyansi,24095,hope-and-perseverance,16,16,0,35
iyansi,24095,love-and-belonging,12,12,0,35
iyansi,24095,forgiveness-and-new-beginnings,7,7,0,35
iyansi,24095,exploring-jesus,21,21,0,35
izere,10106,meaning-and-purpose,18,18,0,35
izere,10106,hope-and-perseverance,16,16,0,35
izere,10106,love-and-belonging,12,12,0,35
izere,10106,forgiveness-and-new-beginnings,7,7,0,35
izere,10106,exploring-jesus,21,21,0,35
izii,9694,meaning-and-purpose,18,18,0,35
izii,9694,hope-and-perseverance,16,16,0,35
izii,9694,love-and-belonging,12,12,0,35
izii,9694,forgiveness-and-new-beginnings,7,7,0,35
izii,9694,exploring-jesus,21,21,0,35
jacalteco-western,5415,meaning-and-purpose,18,18,0,35
jacalteco-western,5415,hope-and-perseverance,16,16,0,35
jacalteco-western,5415,love-and-belonging,12,12,0,35
jacalteco-western,5415,forgiveness-and-new-beginnings,7,7,0,35
jacalteco-western,5415,exploring-jesus,21,21,0,35
jadgali,10559,meaning-and-purpose,18,18,0,35
jadgali,10559,hope-and-perseverance,16,16,0,35
jadgali,10559,love-and-belonging,12,12,0,35
jadgali,10559,forgiveness-and-new-beginnings,7,7,0,35
jadgali,10559,exploring-jesus,21,21,0,35
jakun,141128,meaning-and-purpose,18,18,0,35
jakun,141128,hope-and-perseverance,16,16,0,35
jakun,141128,love-and-belonging,12,12,0,35
jakun,141128,forgiveness-and-new-beginnings,7,7,0,35
jakun,141128,exploring-jesus,21,21,0,35
jama-mapun,24218,meaning-and-purpose,18,18,0,35
jama-mapun,24218,hope-and-perseverance,16,16,0,35
jama-mapun,24218,love-and-belonging,12,12,0,35
jama-mapun,24218,forgiveness-and-new-beginnings,7,7,0,35
jama-mapun,24218,exploring-jesus,21,21,0,35
jamaican-patwa,184701,meaning-and-purpose,23,23,0,57
jamaican-patwa,184701,hope-and-perseverance,26,26,0,57
jamaican-patwa,184701,love-and-belonging,20,19,1,58
jamaican-patwa,184701,forgiveness-and-new-beginnings,10,9,1,58
jamaican-patwa,184701,exploring-jesus,38,38,0,57
jaminawa,142312,meaning-and-purpose,18,18,0,35
jaminawa,142312,hope-and-perseverance,16,16,0,35
jaminawa,142312,love-and-belonging,12,12,0,35
jaminawa,142312,forgiveness-and-new-beginnings,7,7,0,35
jaminawa,142312,exploring-jesus,21,21,0,35
japanese,7083,meaning-and-purpose,56,56,0,139
japanese,7083,hope-and-perseverance,52,51,1,140
japanese,7083,love-and-belonging,56,54,2,141
japanese,7083,forgiveness-and-new-beginnings,33,32,1,140
japanese,7083,exploring-jesus,76,76,0,139
japanese-sign-language,7090,meaning-and-purpose,0,0,0,1
japanese-sign-language,7090,hope-and-perseverance,0,0,0,1
japanese-sign-language,7090,love-and-belonging,0,0,0,1
japanese-sign-language,7090,forgiveness-and-new-beginnings,0,0,0,1
japanese-sign-language,7090,exploring-jesus,1,1,0,1
jar,119071,meaning-and-purpose,18,18,0,35
jar,119071,hope-and-perseverance,16,16,0,35
jar,119071,love-and-belonging,12,12,0,35
jar,119071,forgiveness-and-new-beginnings,7,7,0,35
jar,119071,exploring-jesus,21,21,0,35
jaruara,1552,meaning-and-purpose,18,18,0,35
jaruara,1552,hope-and-perseverance,16,16,0,35
jaruara,1552,love-and-belonging,12,12,0,35
jaruara,1552,forgiveness-and-new-beginnings,7,7,0,35
jaruara,1552,exploring-jesus,21,21,0,35
jaunsari,6428,meaning-and-purpose,18,18,0,35
jaunsari,6428,hope-and-perseverance,16,16,0,35
jaunsari,6428,love-and-belonging,12,12,0,35
jaunsari,6428,forgiveness-and-new-beginnings,7,7,0,35
jaunsari,6428,exploring-jesus,21,21,0,35
javanese,13195,meaning-and-purpose,20,20,0,49
javanese,13195,hope-and-perseverance,19,18,1,50
javanese,13195,love-and-belonging,21,20,1,50
javanese,13195,forgiveness-and-new-beginnings,13,13,0,49
javanese,13195,exploring-jesus,27,27,0,49
javanese-banten,19767,meaning-and-purpose,18,18,0,35
javanese-banten,19767,hope-and-perseverance,16,16,0,35
javanese-banten,19767,love-and-belonging,12,12,0,35
javanese-banten,19767,forgiveness-and-new-beginnings,7,7,0,35
javanese-banten,19767,exploring-jesus,21,21,0,35
javanese-banyumasan,184911,meaning-and-purpose,18,18,0,35
javanese-banyumasan,184911,hope-and-perseverance,16,16,0,35
javanese-banyumasan,184911,love-and-belonging,12,12,0,35
javanese-banyumasan,184911,forgiveness-and-new-beginnings,7,7,0,35
javanese-banyumasan,184911,exploring-jesus,21,21,0,35
javanese-caribbean,4940,meaning-and-purpose,18,18,0,35
javanese-caribbean,4940,hope-and-perseverance,16,16,0,35
javanese-caribbean,4940,love-and-belonging,12,12,0,35
javanese-caribbean,4940,forgiveness-and-new-beginnings,7,7,0,35
javanese-caribbean,4940,exploring-jesus,21,21,0,35
jeh,141153,meaning-and-purpose,18,18,0,35
jeh,141153,hope-and-perseverance,16,16,0,35
jeh,141153,love-and-belonging,12,12,0,35
jeh,141153,forgiveness-and-new-beginnings,7,7,0,35
jeh,141153,exploring-jesus,21,21,0,35
jenjo,32807,meaning-and-purpose,18,18,0,35
jenjo,32807,hope-and-perseverance,16,16,0,35
jenjo,32807,love-and-belonging,12,12,0,35
jenjo,32807,forgiveness-and-new-beginnings,7,7,0,35
jenjo,32807,exploring-jesus,21,21,0,35
jere,141158,meaning-and-purpose,18,18,0,35
jere,141158,hope-and-perseverance,16,16,0,35
jere,141158,love-and-belonging,12,12,0,35
jere,141158,forgiveness-and-new-beginnings,7,7,0,35
jere,141158,exploring-jesus,21,21,0,35
jiamao,141173,meaning-and-purpose,18,18,0,35
jiamao,141173,hope-and-perseverance,16,16,0,35
jiamao,141173,love-and-belonging,12,12,0,35
jiamao,141173,forgiveness-and-new-beginnings,7,7,0,35
jiamao,141173,exploring-jesus,21,21,0,35
jibu,9669,meaning-and-purpose,18,18,0,35
jibu,9669,hope-and-perseverance,16,16,0,35
jibu,9669,love-and-belonging,12,12,0,35
jibu,9669,forgiveness-and-new-beginnings,7,7,0,35
jibu,9669,exploring-jesus,21,21,0,35
jingpho,4088,meaning-and-purpose,18,18,0,35
jingpho,4088,hope-and-perseverance,16,16,0,35
jingpho,4088,love-and-belonging,12,12,0,35
jingpho,4088,forgiveness-and-new-beginnings,7,7,0,35
jingpho,4088,exploring-jesus,21,21,0,35
jita,14182,meaning-and-purpose,18,18,0,35
jita,14182,hope-and-perseverance,16,16,0,35
jita,14182,love-and-belonging,12,12,0,35
jita,14182,forgiveness-and-new-beginnings,7,7,0,35
jita,14182,exploring-jesus,21,21,0,35
jju,9639,meaning-and-purpose,18,18,0,35
jju,9639,hope-and-perseverance,16,16,0,35
jju,9639,love-and-belonging,12,12,0,35
jju,9639,forgiveness-and-new-beginnings,7,7,0,35
jju,9639,exploring-jesus,21,21,0,35
jola-felupe,53394,meaning-and-purpose,18,18,0,35
jola-felupe,53394,hope-and-perseverance,16,16,0,35
jola-felupe,53394,love-and-belonging,12,12,0,35
jola-felupe,53394,forgiveness-and-new-beginnings,7,7,0,35
jola-felupe,53394,exploring-jesus,21,21,0,35
jola-fogny,5069,meaning-and-purpose,18,18,0,35
jola-fogny,5069,hope-and-perseverance,16,16,0,35
jola-fogny,5069,love-and-belonging,12,12,0,35
jola-fogny,5069,forgiveness-and-new-beginnings,7,7,0,35
jola-fogny,5069,exploring-jesus,21,21,0,35
jola-kasa,13070,meaning-and-purpose,18,18,0,35
jola-kasa,13070,hope-and-perseverance,16,16,0,35
jola-kasa,13070,love-and-belonging,12,12,0,35
jola-kasa,13070,forgiveness-and-new-beginnings,7,7,0,35
jola-kasa,13070,exploring-jesus,21,21,0,35
jorai,22499,meaning-and-purpose,18,18,0,35
jorai,22499,hope-and-perseverance,16,16,0,35
jorai,22499,love-and-belonging,12,12,0,35
jorai,22499,forgiveness-and-new-beginnings,7,7,0,35
jorai,22499,exploring-jesus,21,21,0,35
jordanian-sign-language,7138,meaning-and-purpose,0,0,0,1
jordanian-sign-language,7138,hope-and-perseverance,0,0,0,1
jordanian-sign-language,7138,love-and-belonging,0,0,0,1
jordanian-sign-language,7138,forgiveness-and-new-beginnings,0,0,0,1
jordanian-sign-language,7138,exploring-jesus,1,1,0,1
juang,6426,meaning-and-purpose,18,18,0,35
juang,6426,hope-and-perseverance,16,16,0,35
juang,6426,love-and-belonging,12,12,0,35
juang,6426,forgiveness-and-new-beginnings,7,7,0,35
juang,6426,exploring-jesus,21,21,0,35
jukun,22205,meaning-and-purpose,18,18,0,35
jukun,22205,hope-and-perseverance,16,16,0,35
jukun,22205,love-and-belonging,12,12,0,35
jukun,22205,forgiveness-and-new-beginnings,7,7,0,35
jukun,22205,exploring-jesus,21,21,0,35
jula,2104,meaning-and-purpose,24,24,0,72
jula,2104,hope-and-perseverance,30,29,1,73
jula,2104,love-and-belonging,30,28,2,74
jula,2104,forgiveness-and-new-beginnings,19,18,1,73
jula,2104,exploring-jesus,44,44,0,72
juni-kuin,158997,meaning-and-purpose,18,18,0,35
juni-kuin,158997,hope-and-perseverance,16,16,0,35
juni-kuin,158997,love-and-belonging,12,12,0,35
juni-kuin,158997,forgiveness-and-new-beginnings,7,7,0,35
juni-kuin,158997,exploring-jesus,21,21,0,35
jur-beli,114921,meaning-and-purpose,23,23,0,56
jur-beli,114921,hope-and-perseverance,26,26,0,56
jur-beli,114921,love-and-belonging,20,19,1,57
jur-beli,114921,forgiveness-and-new-beginnings,10,9,1,57
jur-beli,114921,exploring-jesus,37,37,0,56
jur-modo,13745,meaning-and-purpose,18,18,0,35
jur-modo,13745,hope-and-perseverance,16,16,0,35
jur-modo,13745,love-and-belonging,12,12,0,35
jur-modo,13745,forgiveness-and-new-beginnings,7,7,0,35
jur-modo,13745,exploring-jesus,21,21,0,35
juray,6425,meaning-and-purpose,18,18,0,35
juray,6425,hope-and-perseverance,16,16,0,35
juray,6425,love-and-belonging,12,12,0,35
juray,6425,forgiveness-and-new-beginnings,7,7,0,35
juray,6425,exploring-jesus,21,21,0,35
kaakye,184818,meaning-and-purpose,18,18,0,39
kaakye,184818,hope-and-perseverance,17,17,0,39
kaakye,184818,love-and-belonging,14,14,0,39
kaakye,184818,forgiveness-and-new-beginnings,10,10,0,39
kaakye,184818,exploring-jesus,23,23,0,39
kaba,3191,meaning-and-purpose,18,18,0,39
kaba,3191,hope-and-perseverance,17,17,0,39
kaba,3191,love-and-belonging,14,14,0,39
kaba,3191,forgiveness-and-new-beginnings,10,10,0,39
kaba,3191,exploring-jesus,23,23,0,39
kaba-naa-sara,141528,meaning-and-purpose,18,18,0,35
kaba-naa-sara,141528,hope-and-perseverance,16,16,0,35
kaba-naa-sara,141528,love-and-belonging,12,12,0,35
kaba-naa-sara,141528,forgiveness-and-new-beginnings,7,7,0,35
kaba-naa-sara,141528,exploring-jesus,21,21,0,35
kabardian,14632,meaning-and-purpose,18,18,0,35
kabardian,14632,hope-and-perseverance,16,16,0,35
kabardian,14632,love-and-belonging,12,12,0,35
kabardian,14632,forgiveness-and-new-beginnings,7,7,0,35
kabardian,14632,exploring-jesus,21,21,0,35
kabeverdiane-barlavente,139094,meaning-and-purpose,18,18,0,35
kabeverdiane-barlavente,139094,hope-and-perseverance,16,16,0,35
kabeverdiane-barlavente,139094,love-and-belonging,12,12,0,35
kabeverdiane-barlavente,139094,forgiveness-and-new-beginnings,7,7,0,35
kabeverdiane-barlavente,139094,exploring-jesus,21,21,0,35
kabiye,1336,meaning-and-purpose,23,23,0,60
kabiye,1336,hope-and-perseverance,27,27,0,60
kabiye,1336,love-and-belonging,22,21,1,61
kabiye,1336,forgiveness-and-new-beginnings,13,12,1,61
kabiye,1336,exploring-jesus,39,39,0,60
kabuverdianu-sotaventu,53431,meaning-and-purpose,18,18,0,35
kabuverdianu-sotaventu,53431,hope-and-perseverance,16,16,0,35
kabuverdianu-sotaventu,53431,love-and-belonging,12,12,0,35
kabuverdianu-sotaventu,53431,forgiveness-and-new-beginnings,7,7,0,35
kabuverdianu-sotaventu,53431,exploring-jesus,21,21,0,35
kabwa,14274,meaning-and-purpose,18,18,0,35
kabwa,14274,hope-and-perseverance,16,16,0,35
kabwa,14274,love-and-belonging,12,12,0,35
kabwa,14274,forgiveness-and-new-beginnings,7,7,0,35
kabwa,14274,exploring-jesus,21,21,0,35
kabyle,494,meaning-and-purpose,24,24,0,73
kabyle,494,hope-and-perseverance,30,29,1,74
kabyle,494,love-and-belonging,30,28,2,75
kabyle,494,forgiveness-and-new-beginnings,19,18,1,74
kabyle,494,exploring-jesus,45,45,0,73
kachchhi,21661,meaning-and-purpose,18,18,0,35
kachchhi,21661,hope-and-perseverance,16,16,0,35
kachchhi,21661,love-and-belonging,12,12,0,35
kachchhi,21661,forgiveness-and-new-beginnings,7,7,0,35
kachchhi,21661,exploring-jesus,21,21,0,35
kachhi-gujerati,177210,meaning-and-purpose,8,8,0,30
kachhi-gujerati,177210,hope-and-perseverance,15,15,0,30
kachhi-gujerati,177210,love-and-belonging,13,12,1,31
kachhi-gujerati,177210,forgiveness-and-new-beginnings,6,5,1,31
kachhi-gujerati,177210,exploring-jesus,21,21,0,30
kadiweu,1538,meaning-and-purpose,18,18,0,35
kadiweu,1538,hope-and-perseverance,16,16,0,35
kadiweu,1538,love-and-belonging,12,12,0,35
kadiweu,1538,forgiveness-and-new-beginnings,7,7,0,35
kadiweu,1538,exploring-jesus,21,21,0,35
kaduo,99188,meaning-and-purpose,18,18,0,35
kaduo,99188,hope-and-perseverance,16,16,0,35
kaduo,99188,love-and-belonging,12,12,0,35
kaduo,99188,forgiveness-and-new-beginnings,7,7,0,35
kaduo,99188,exploring-jesus,21,21,0,35
kafa,22439,meaning-and-purpose,18,18,0,35
kafa,22439,hope-and-perseverance,16,16,0,35
kafa,22439,love-and-belonging,12,12,0,35
kafa,22439,forgiveness-and-new-beginnings,7,7,0,35
kafa,22439,exploring-jesus,21,21,0,35
kagulu,14157,meaning-and-purpose,18,18,0,35
kagulu,14157,hope-and-perseverance,16,16,0,35
kagulu,14157,love-and-belonging,12,12,0,35
kagulu,14157,forgiveness-and-new-beginnings,7,7,0,35
kagulu,14157,exploring-jesus,21,21,0,35
kaili-daa,17509,meaning-and-purpose,18,18,0,35
kaili-daa,17509,hope-and-perseverance,16,16,0,35
kaili-daa,17509,love-and-belonging,12,12,0,35
kaili-daa,17509,forgiveness-and-new-beginnings,7,7,0,35
kaili-daa,17509,exploring-jesus,21,21,0,35
kaiwa,622,meaning-and-purpose,18,18,0,35
kaiwa,622,hope-and-perseverance,16,16,0,35
kaiwa,622,love-and-belonging,12,12,0,35
kaiwa,622,forgiveness-and-new-beginnings,7,7,0,35
kaiwa,622,exploring-jesus,21,21,0,35
kakataibo,184585,meaning-and-purpose,18,18,0,35
kakataibo,184585,hope-and-perseverance,16,16,0,35
kakataibo,184585,love-and-belonging,12,12,0,35
kakataibo,184585,forgiveness-and-new-beginnings,7,7,0,35
kakataibo,184585,exploring-jesus,21,21,0,35
kako,2639,meaning-and-purpose,18,18,0,35
kako,2639,hope-and-perseverance,16,16,0,35
kako,2639,love-and-belonging,12,12,0,35
kako,2639,forgiveness-and-new-beginnings,7,7,0,35
kako,2639,exploring-jesus,21,21,0,35
kakwa,13692,meaning-and-purpose,18,18,0,35
kakwa,13692,hope-and-perseverance,16,16,0,35
kakwa,13692,love-and-belonging,12,12,0,35
kakwa,13692,forgiveness-and-new-beginnings,7,7,0,35
kakwa,13692,exploring-jesus,21,21,0,35
kalaallisut-greenlandic,21199,meaning-and-purpose,19,19,0,47
kalaallisut-greenlandic,21199,hope-and-perseverance,19,18,1,48
kalaallisut-greenlandic,21199,love-and-belonging,20,19,1,48
kalaallisut-greenlandic,21199,forgiveness-and-new-beginnings,13,13,0,47
kalaallisut-greenlandic,21199,exploring-jesus,26,26,0,47
kalabari,9733,meaning-and-purpose,18,18,0,35
kalabari,9733,hope-and-perseverance,16,16,0,35
kalabari,9733,love-and-belonging,12,12,0,35
kalabari,9733,forgiveness-and-new-beginnings,7,7,0,35
kalabari,9733,exploring-jesus,21,21,0,35
kalagan-eastern,24359,meaning-and-purpose,18,18,0,35
kalagan-eastern,24359,hope-and-perseverance,16,16,0,35
kalagan-eastern,24359,love-and-belonging,12,12,0,35
kalagan-eastern,24359,forgiveness-and-new-beginnings,7,7,0,35
kalagan-eastern,24359,exploring-jesus,21,21,0,35
kalagan-tagakaulu,12693,meaning-and-purpose,18,18,0,35
kalagan-tagakaulu,12693,hope-and-perseverance,16,16,0,35
kalagan-tagakaulu,12693,love-and-belonging,12,12,0,35
kalagan-tagakaulu,12693,forgiveness-and-new-beginnings,7,7,0,35
kalagan-tagakaulu,12693,exploring-jesus,21,21,0,35
kalagen-western,24360,meaning-and-purpose,18,18,0,35
kalagen-western,24360,hope-and-perseverance,16,16,0,35
kalagen-western,24360,love-and-belonging,12,12,0,35
kalagen-western,24360,forgiveness-and-new-beginnings,7,7,0,35
kalagen-western,24360,exploring-jesus,21,21,0,35
kalanga,1510,meaning-and-purpose,18,18,0,35
kalanga,1510,hope-and-perseverance,16,16,0,35
kalanga,1510,love-and-belonging,12,12,0,35
kalanga,1510,forgiveness-and-new-beginnings,7,7,0,35
kalanga,1510,exploring-jesus,21,21,0,35
kalanguya,163423,meaning-and-purpose,18,18,0,35
kalanguya,163423,hope-and-perseverance,16,16,0,35
kalanguya,163423,love-and-belonging,12,12,0,35
kalanguya,163423,forgiveness-and-new-beginnings,7,7,0,35
kalanguya,163423,exploring-jesus,21,21,0,35
kalenjin-kipsigis,7321,meaning-and-purpose,18,18,0,39
kalenjin-kipsigis,7321,hope-and-perseverance,17,17,0,39
kalenjin-kipsigis,7321,love-and-belonging,14,14,0,39
kalenjin-kipsigis,7321,forgiveness-and-new-beginnings,10,10,0,39
kalenjin-kipsigis,7321,exploring-jesus,23,23,0,39
kalmyk-oirat,3832,meaning-and-purpose,18,18,0,35
kalmyk-oirat,3832,hope-and-perseverance,16,16,0,35
kalmyk-oirat,3832,love-and-belonging,12,12,0,35
kalmyk-oirat,3832,forgiveness-and-new-beginnings,7,7,0,35
kalmyk-oirat,3832,exploring-jesus,21,21,0,35
kalo-5,149174,meaning-and-purpose,18,18,0,35
kalo-5,149174,hope-and-perseverance,16,16,0,35
kalo-5,149174,love-and-belonging,12,12,0,35
kalo-5,149174,forgiveness-and-new-beginnings,7,7,0,35
kalo-5,149174,exploring-jesus,21,21,0,35
kamano,12019,meaning-and-purpose,18,18,0,35
kamano,12019,hope-and-perseverance,16,16,0,35
kamano,12019,love-and-belonging,12,12,0,35
kamano,12019,forgiveness-and-new-beginnings,7,7,0,35
kamano,12019,exploring-jesus,21,21,0,35
kamasau,141455,meaning-and-purpose,18,18,0,35
kamasau,141455,hope-and-perseverance,16,16,0,35
kamasau,141455,love-and-belonging,12,12,0,35
kamasau,141455,forgiveness-and-new-beginnings,7,7,0,35
kamasau,141455,exploring-jesus,21,21,0,35
kamayo,99364,meaning-and-purpose,18,18,0,35
kamayo,99364,hope-and-perseverance,16,16,0,35
kamayo,99364,love-and-belonging,12,12,0,35
kamayo,99364,forgiveness-and-new-beginnings,7,7,0,35
kamayo,99364,exploring-jesus,21,21,0,35
kambaata,4655,meaning-and-purpose,18,18,0,35
kambaata,4655,hope-and-perseverance,16,16,0,35
kambaata,4655,love-and-belonging,12,12,0,35
kambaata,4655,forgiveness-and-new-beginnings,7,7,0,35
kambaata,4655,exploring-jesus,21,21,0,35
kambera,20944,meaning-and-purpose,18,18,0,35
kambera,20944,hope-and-perseverance,16,16,0,35
kambera,20944,love-and-belonging,12,12,0,35
kambera,20944,forgiveness-and-new-beginnings,7,7,0,35
kambera,20944,exploring-jesus,21,21,0,35
kamo,9618,meaning-and-purpose,18,18,0,35
kamo,9618,hope-and-perseverance,16,16,0,35
kamo,9618,love-and-belonging,12,12,0,35
kamo,9618,forgiveness-and-new-beginnings,7,7,0,35
kamo,9618,exploring-jesus,21,21,0,35
kamuku,9637,meaning-and-purpose,18,18,0,35
kamuku,9637,hope-and-perseverance,16,16,0,35
kamuku,9637,love-and-belonging,12,12,0,35
kamuku,9637,forgiveness-and-new-beginnings,7,7,0,35
kamuku,9637,exploring-jesus,21,21,0,35
kanauji,6631,meaning-and-purpose,18,18,0,35
kanauji,6631,hope-and-perseverance,16,16,0,35
kanauji,6631,love-and-belonging,12,12,0,35
kanauji,6631,forgiveness-and-new-beginnings,7,7,0,35
kanauji,6631,exploring-jesus,21,21,0,35
kandas,141586,meaning-and-purpose,18,18,0,35
kandas,141586,hope-and-perseverance,16,16,0,35
kandas,141586,love-and-belonging,12,12,0,35
kandas,141586,forgiveness-and-new-beginnings,7,7,0,35
kandas,141586,exploring-jesus,21,21,0,35
kandawo,12151,meaning-and-purpose,18,18,0,35
kandawo,12151,hope-and-perseverance,16,16,0,35
kandawo,12151,love-and-belonging,12,12,0,35
kandawo,12151,forgiveness-and-new-beginnings,7,7,0,35
kandawo,12151,exploring-jesus,21,21,0,35
kandoozi,184586,meaning-and-purpose,18,18,0,35
kandoozi,184586,hope-and-perseverance,16,16,0,35
kandoozi,184586,love-and-belonging,12,12,0,35
kandoozi,184586,forgiveness-and-new-beginnings,7,7,0,35
kandoozi,184586,exploring-jesus,21,21,0,35
kanembu,3645,meaning-and-purpose,18,18,0,35
kanembu,3645,hope-and-perseverance,16,16,0,35
kanembu,3645,love-and-belonging,12,12,0,35
kanembu,3645,forgiveness-and-new-beginnings,7,7,0,35
kanembu,3645,exploring-jesus,21,21,0,35
kangri,5625,meaning-and-purpose,19,19,0,40
kangri,5625,hope-and-perseverance,18,18,0,40
kangri,5625,love-and-belonging,13,13,0,40
kangri,5625,forgiveness-and-new-beginnings,9,9,0,40
kangri,5625,exploring-jesus,25,25,0,40
kanjari,6362,meaning-and-purpose,18,18,0,35
kanjari,6362,hope-and-perseverance,16,16,0,35
kanjari,6362,love-and-belonging,12,12,0,35
kanjari,6362,forgiveness-and-new-beginnings,7,7,0,35
kanjari,6362,exploring-jesus,21,21,0,35
kankanaey,12682,meaning-and-purpose,18,18,0,35
kankanaey,12682,hope-and-perseverance,16,16,0,35
kankanaey,12682,love-and-belonging,12,12,0,35
kankanaey,12682,forgiveness-and-new-beginnings,7,7,0,35
kankanaey,12682,exploring-jesus,21,21,0,35
kankanay-northern,12696,meaning-and-purpose,18,18,0,35
kankanay-northern,12696,hope-and-perseverance,16,16,0,35
kankanay-northern,12696,love-and-belonging,12,12,0,35
kankanay-northern,12696,forgiveness-and-new-beginnings,7,7,0,35
kankanay-northern,12696,exploring-jesus,21,21,0,35
kannada,6318,meaning-and-purpose,47,47,0,109
kannada,6318,hope-and-perseverance,44,44,0,109
kannada,6318,love-and-belonging,43,42,1,110
kannada,6318,forgiveness-and-new-beginnings,24,23,1,110
kannada,6318,exploring-jesus,59,59,0,109
kanuri-yerwa,2614,meaning-and-purpose,18,18,0,36
kanuri-yerwa,2614,hope-and-perseverance,16,16,0,36
kanuri-yerwa,2614,love-and-belonging,12,12,0,36
kanuri-yerwa,2614,forgiveness-and-new-beginnings,7,7,0,36
kanuri-yerwa,2614,exploring-jesus,22,22,0,36
kanyok,15653,meaning-and-purpose,18,18,0,35
kanyok,15653,hope-and-perseverance,16,16,0,35
kanyok,15653,love-and-belonging,12,12,0,35
kanyok,15653,forgiveness-and-new-beginnings,7,7,0,35
kanyok,15653,exploring-jesus,21,21,0,35
kaonde,15642,meaning-and-purpose,18,18,0,35
kaonde,15642,hope-and-perseverance,16,16,0,35
kaonde,15642,love-and-belonging,12,12,0,35
kaonde,15642,forgiveness-and-new-beginnings,7,7,0,35
kaonde,15642,exploring-jesus,21,21,0,35
kapampangan,20871,meaning-and-purpose,18,18,0,35
kapampangan,20871,hope-and-perseverance,16,16,0,35
kapampangan,20871,love-and-belonging,12,12,0,35
kapampangan,20871,forgiveness-and-new-beginnings,7,7,0,35
kapampangan,20871,exploring-jesus,21,21,0,35
karai-karai,20738,meaning-and-purpose,18,18,0,35
karai-karai,20738,hope-and-perseverance,16,16,0,35
karai-karai,20738,love-and-belonging,12,12,0,35
karai-karai,20738,forgiveness-and-new-beginnings,7,7,0,35
karai-karai,20738,exploring-jesus,21,21,0,35
karakalpak,448,meaning-and-purpose,23,23,0,58
karakalpak,448,hope-and-perseverance,27,27,0,58
karakalpak,448,love-and-belonging,21,20,1,59
karakalpak,448,forgiveness-and-new-beginnings,10,9,1,59
karakalpak,448,exploring-jesus,39,39,0,58
karang,19877,meaning-and-purpose,18,18,0,35
karang,19877,hope-and-perseverance,16,16,0,35
karang,19877,love-and-belonging,12,12,0,35
karang,19877,forgiveness-and-new-beginnings,7,7,0,35
karang,19877,exploring-jesus,21,21,0,35
karanga,20211,meaning-and-purpose,18,18,0,35
karanga,20211,hope-and-perseverance,16,16,0,35
karanga,20211,love-and-belonging,12,12,0,35
karanga,20211,forgiveness-and-new-beginnings,7,7,0,35
karanga,20211,exploring-jesus,21,21,0,35
karbi,23563,meaning-and-purpose,18,18,0,35
karbi,23563,hope-and-perseverance,16,16,0,35
karbi,23563,love-and-belonging,12,12,0,35
karbi,23563,forgiveness-and-new-beginnings,7,7,0,35
karbi,23563,exploring-jesus,21,21,0,35
karelian,4835,meaning-and-purpose,18,18,0,35
karelian,4835,hope-and-perseverance,16,16,0,35
karelian,4835,love-and-belonging,12,12,0,35
karelian,4835,forgiveness-and-new-beginnings,7,7,0,35
karelian,4835,exploring-jesus,21,21,0,35
karen-pwo,8714,meaning-and-purpose,19,19,0,40
karen-pwo,8714,hope-and-perseverance,18,18,0,40
karen-pwo,8714,love-and-belonging,13,13,0,40
karen-pwo,8714,forgiveness-and-new-beginnings,9,9,0,40
karen-pwo,8714,exploring-jesus,25,25,0,40
karen-pwo-eastern,14295,meaning-and-purpose,18,18,0,35
karen-pwo-eastern,14295,hope-and-perseverance,16,16,0,35
karen-pwo-eastern,14295,love-and-belonging,12,12,0,35
karen-pwo-eastern,14295,forgiveness-and-new-beginnings,7,7,0,35
karen-pwo-eastern,14295,exploring-jesus,21,21,0,35
karen-pwo-omkoi,14358,meaning-and-purpose,18,18,0,35
karen-pwo-omkoi,14358,hope-and-perseverance,16,16,0,35
karen-pwo-omkoi,14358,love-and-belonging,12,12,0,35
karen-pwo-omkoi,14358,forgiveness-and-new-beginnings,7,7,0,35
karen-pwo-omkoi,14358,exploring-jesus,21,21,0,35
karen-sgaw,8631,meaning-and-purpose,19,19,0,40
karen-sgaw,8631,hope-and-perseverance,18,18,0,40
karen-sgaw,8631,love-and-belonging,13,13,0,40
karen-sgaw,8631,forgiveness-and-new-beginnings,9,9,0,40
karen-sgaw,8631,exploring-jesus,25,25,0,40
karina,158935,meaning-and-purpose,18,18,0,35
karina,158935,hope-and-perseverance,16,16,0,35
karina,158935,love-and-belonging,12,12,0,35
karina,158935,forgiveness-and-new-beginnings,7,7,0,35
karina,158935,exploring-jesus,21,21,0,35
karnali,53298,meaning-and-purpose,18,18,0,35
karnali,53298,hope-and-perseverance,16,16,0,35
karnali,53298,love-and-belonging,12,12,0,35
karnali,53298,forgiveness-and-new-beginnings,7,7,0,35
karnali,53298,exploring-jesus,21,21,0,35
karo,141536,meaning-and-purpose,18,18,0,35
karo,141536,hope-and-perseverance,16,16,0,35
karo,141536,love-and-belonging,12,12,0,35
karo,141536,forgiveness-and-new-beginnings,7,7,0,35
karo,141536,exploring-jesus,21,21,0,35
karon,141602,meaning-and-purpose,18,18,0,35
karon,141602,hope-and-perseverance,16,16,0,35
karon,141602,love-and-belonging,12,12,0,35
karon,141602,forgiveness-and-new-beginnings,7,7,0,35
karon,141602,exploring-jesus,21,21,0,35
karunsie,150352,meaning-and-purpose,18,18,0,35
karunsie,150352,hope-and-perseverance,16,16,0,35
karunsie,150352,love-and-belonging,12,12,0,35
karunsie,150352,forgiveness-and-new-beginnings,7,7,0,35
karunsie,150352,exploring-jesus,21,21,0,35
kasem-burkina-faso,22909,meaning-and-purpose,18,18,0,35
kasem-burkina-faso,22909,hope-and-perseverance,16,16,0,35
kasem-burkina-faso,22909,love-and-belonging,12,12,0,35
kasem-burkina-faso,22909,forgiveness-and-new-beginnings,7,7,0,35
kasem-burkina-faso,22909,exploring-jesus,21,21,0,35
kasem-ghana,22910,meaning-and-purpose,18,18,0,39
kasem-ghana,22910,hope-and-perseverance,17,17,0,39
kasem-ghana,22910,love-and-belonging,14,14,0,39
kasem-ghana,22910,forgiveness-and-new-beginnings,10,10,0,39
kasem-ghana,22910,exploring-jesus,23,23,0,39
kashmiri,6298,meaning-and-purpose,23,23,0,57
kashmiri,6298,hope-and-perseverance,26,26,0,57
kashmiri,6298,love-and-belonging,20,19,1,58
kashmiri,6298,forgiveness-and-new-beginnings,10,9,1,58
kashmiri,6298,exploring-jesus,38,38,0,57
kashubian,12869,meaning-and-purpose,18,18,0,35
kashubian,12869,hope-and-perseverance,16,16,0,35
kashubian,12869,love-and-belonging,12,12,0,35
kashubian,12869,forgiveness-and-new-beginnings,7,7,0,35
kashubian,12869,exploring-jesus,21,21,0,35
katab,9626,meaning-and-purpose,18,18,0,35
katab,9626,hope-and-perseverance,16,16,0,35
katab,9626,love-and-belonging,12,12,0,35
katab,9626,forgiveness-and-new-beginnings,7,7,0,35
katab,9626,exploring-jesus,21,21,0,35
katang,7506,meaning-and-purpose,18,18,0,35
katang,7506,hope-and-perseverance,16,16,0,35
katang,7506,love-and-belonging,12,12,0,35
katang,7506,forgiveness-and-new-beginnings,7,7,0,35
katang,7506,exploring-jesus,21,21,0,35
katcha-kadugli-miri,13719,meaning-and-purpose,18,18,0,35
katcha-kadugli-miri,13719,hope-and-perseverance,16,16,0,35
katcha-kadugli-miri,13719,love-and-belonging,12,12,0,35
katcha-kadugli-miri,13719,forgiveness-and-new-beginnings,7,7,0,35
katcha-kadugli-miri,13719,exploring-jesus,21,21,0,35
kathiyawadi,6596,meaning-and-purpose,18,18,0,35
kathiyawadi,6596,hope-and-perseverance,16,16,0,35
kathiyawadi,6596,love-and-belonging,12,12,0,35
kathiyawadi,6596,forgiveness-and-new-beginnings,7,7,0,35
kathiyawadi,6596,exploring-jesus,21,21,0,35
katu-eastern,141637,meaning-and-purpose,18,18,0,35
katu-eastern,141637,hope-and-perseverance,16,16,0,35
katu-eastern,141637,love-and-belonging,12,12,0,35
katu-eastern,141637,forgiveness-and-new-beginnings,7,7,0,35
katu-eastern,141637,exploring-jesus,21,21,0,35
kau-bru,175097,meaning-and-purpose,18,18,0,35
kau-bru,175097,hope-and-perseverance,16,16,0,35
kau-bru,175097,love-and-belonging,12,12,0,35
kau-bru,175097,forgiveness-and-new-beginnings,7,7,0,35
kau-bru,175097,exploring-jesus,21,21,0,35
kaur,17757,meaning-and-purpose,18,18,0,35
kaur,17757,hope-and-perseverance,16,16,0,35
kaur,17757,love-and-belonging,12,12,0,35
kaur,17757,forgiveness-and-new-beginnings,7,7,0,35
kaur,17757,exploring-jesus,21,21,0,35
kayabi,1624,meaning-and-purpose,18,18,0,35
kayabi,1624,hope-and-perseverance,16,16,0,35
kayabi,1624,love-and-belonging,12,12,0,35
kayabi,1624,forgiveness-and-new-beginnings,7,7,0,35
kayabi,1624,exploring-jesus,21,21,0,35
kayah-li-western,23549,meaning-and-purpose,18,18,0,35
kayah-li-western,23549,hope-and-perseverance,16,16,0,35
kayah-li-western,23549,love-and-belonging,12,12,0,35
kayah-li-western,23549,forgiveness-and-new-beginnings,7,7,0,35
kayah-li-western,23549,exploring-jesus,21,21,0,35
kayan,21773,meaning-and-purpose,18,18,0,35
kayan,21773,hope-and-perseverance,16,16,0,35
kayan,21773,love-and-belonging,12,12,0,35
kayan,21773,forgiveness-and-new-beginnings,7,7,0,35
kayan,21773,exploring-jesus,21,21,0,35
kayapo,1676,meaning-and-purpose,18,18,0,35
kayapo,1676,hope-and-perseverance,16,16,0,35
kayapo,1676,love-and-belonging,12,12,0,35
kayapo,1676,forgiveness-and-new-beginnings,7,7,0,35
kayapo,1676,exploring-jesus,21,21,0,35
kazakh,371,meaning-and-purpose,28,28,0,86
kazakh,371,hope-and-perseverance,34,33,1,87
kazakh,371,love-and-belonging,31,29,2,88
kazakh,371,forgiveness-and-new-beginnings,21,20,1,87
kazakh,371,exploring-jesus,58,58,0,86
keakalo,139193,meaning-and-purpose,18,18,0,35
keakalo,139193,hope-and-perseverance,16,16,0,35
keakalo,139193,love-and-belonging,12,12,0,35
keakalo,139193,forgiveness-and-new-beginnings,7,7,0,35
keakalo,139193,exploring-jesus,21,21,0,35
keapara,99042,meaning-and-purpose,18,18,0,35
keapara,99042,hope-and-perseverance,16,16,0,35
keapara,99042,love-and-belonging,12,12,0,35
keapara,99042,forgiveness-and-new-beginnings,7,7,0,35
keapara,99042,exploring-jesus,21,21,0,35
kechwa-san-martin,184501,meaning-and-purpose,18,18,0,35
kechwa-san-martin,184501,hope-and-perseverance,16,16,0,35
kechwa-san-martin,184501,love-and-belonging,12,12,0,35
kechwa-san-martin,184501,forgiveness-and-new-beginnings,7,7,0,35
kechwa-san-martin,184501,exploring-jesus,21,21,0,35
kedang,141620,meaning-and-purpose,18,18,0,35
kedang,141620,hope-and-perseverance,16,16,0,35
kedang,141620,love-and-belonging,12,12,0,35
kedang,141620,forgiveness-and-new-beginnings,7,7,0,35
kedang,141620,exploring-jesus,21,21,0,35
kekchi,1276,meaning-and-purpose,23,23,0,57
kekchi,1276,hope-and-perseverance,26,26,0,57
kekchi,1276,love-and-belonging,20,19,1,58
kekchi,1276,forgiveness-and-new-beginnings,10,9,1,58
kekchi,1276,exploring-jesus,38,38,0,57
kele,19803,meaning-and-purpose,18,18,0,35
kele,19803,hope-and-perseverance,16,16,0,35
kele,19803,love-and-belonging,12,12,0,35
kele,19803,forgiveness-and-new-beginnings,7,7,0,35
kele,19803,exploring-jesus,21,21,0,35
keliko,98838,meaning-and-purpose,18,18,0,35
keliko,98838,hope-and-perseverance,16,16,0,35
keliko,98838,love-and-belonging,12,12,0,35
keliko,98838,forgiveness-and-new-beginnings,7,7,0,35
keliko,98838,exploring-jesus,21,21,0,35
kendayan-kanayatn,22679,meaning-and-purpose,18,18,0,35
kendayan-kanayatn,22679,hope-and-perseverance,16,16,0,35
kendayan-kanayatn,22679,love-and-belonging,12,12,0,35
kendayan-kanayatn,22679,forgiveness-and-new-beginnings,7,7,0,35
kendayan-kanayatn,22679,exploring-jesus,21,21,0,35
kenyah,141870,meaning-and-purpose,18,18,0,35
kenyah,141870,hope-and-perseverance,16,16,0,35
kenyah,141870,love-and-belonging,12,12,0,35
kenyah,141870,forgiveness-and-new-beginnings,7,7,0,35
kenyah,141870,exploring-jesus,21,21,0,35
kenyah-badeng,185228,meaning-and-purpose,18,18,0,35
kenyah-badeng,185228,hope-and-perseverance,16,16,0,35
kenyah-badeng,185228,love-and-belonging,12,12,0,35
kenyah-badeng,185228,forgiveness-and-new-beginnings,7,7,0,35
kenyah-badeng,185228,exploring-jesus,21,21,0,35
kerewe,141325,meaning-and-purpose,18,18,0,35
kerewe,141325,hope-and-perseverance,16,16,0,35
kerewe,141325,love-and-belonging,12,12,0,35
kerewe,141325,forgiveness-and-new-beginnings,7,7,0,35
kerewe,141325,exploring-jesus,21,21,0,35
kerinci,17739,meaning-and-purpose,18,18,0,35
kerinci,17739,hope-and-perseverance,16,16,0,35
kerinci,17739,love-and-belonging,12,12,0,35
kerinci,17739,forgiveness-and-new-beginnings,7,7,0,35
kerinci,17739,exploring-jesus,21,21,0,35
kermanshahi,111677,meaning-and-purpose,23,23,0,57
kermanshahi,111677,hope-and-perseverance,26,26,0,57
kermanshahi,111677,love-and-belonging,20,19,1,58
kermanshahi,111677,forgiveness-and-new-beginnings,10,9,1,58
kermanshahi,111677,exploring-jesus,38,38,0,57
ketengban,142141,meaning-and-purpose,18,18,0,35
ketengban,142141,hope-and-perseverance,16,16,0,35
ketengban,142141,love-and-belonging,12,12,0,35
ketengban,142141,forgiveness-and-new-beginnings,7,7,0,35
ketengban,142141,exploring-jesus,21,21,0,35
khakas,3816,meaning-and-purpose,18,18,0,35
khakas,3816,hope-and-perseverance,16,16,0,35
khakas,3816,love-and-belonging,12,12,0,35
khakas,3816,forgiveness-and-new-beginnings,7,7,0,35
khakas,3816,exploring-jesus,21,21,0,35
khampa-eastern,23225,meaning-and-purpose,18,18,0,35
khampa-eastern,23225,hope-and-perseverance,16,16,0,35
khampa-eastern,23225,love-and-belonging,12,12,0,35
khampa-eastern,23225,forgiveness-and-new-beginnings,7,7,0,35
khampa-eastern,23225,exploring-jesus,21,21,0,35
khandeshi-bhili,164337,meaning-and-purpose,19,19,0,40
khandeshi-bhili,164337,hope-and-perseverance,18,18,0,40
khandeshi-bhili,164337,love-and-belonging,13,13,0,40
khandeshi-bhili,164337,forgiveness-and-new-beginnings,9,9,0,40
khandeshi-bhili,164337,exploring-jesus,25,25,0,40
khandesi,19800,meaning-and-purpose,18,18,0,35
khandesi,19800,hope-and-perseverance,16,16,0,35
khandesi,19800,love-and-belonging,12,12,0,35
khandesi,19800,forgiveness-and-new-beginnings,7,7,0,35
khandesi,19800,exploring-jesus,21,21,0,35
kharia,6326,meaning-and-purpose,18,18,0,35
kharia,6326,hope-and-perseverance,16,16,0,35
kharia,6326,love-and-belonging,12,12,0,35
kharia,6326,forgiveness-and-new-beginnings,7,7,0,35
kharia,6326,exploring-jesus,21,21,0,35
khasi,1197,meaning-and-purpose,18,18,0,36
khasi,1197,hope-and-perseverance,16,16,0,36
khasi,1197,love-and-belonging,12,12,0,36
khasi,1197,forgiveness-and-new-beginnings,7,7,0,36
khasi,1197,exploring-jesus,22,22,0,36
khiamniungan,163806,meaning-and-purpose,18,18,0,35
khiamniungan,163806,hope-and-perseverance,16,16,0,35
khiamniungan,163806,love-and-belonging,12,12,0,35
khiamniungan,163806,forgiveness-and-new-beginnings,7,7,0,35
khiamniungan,163806,exploring-jesus,21,21,0,35
khmer-central-m,24024,meaning-and-purpose,18,18,0,35
khmer-central-m,24024,hope-and-perseverance,16,16,0,35
khmer-central-m,24024,love-and-belonging,12,12,0,35
khmer-central-m,24024,forgiveness-and-new-beginnings,7,7,0,35
khmer-central-m,24024,exploring-jesus,21,21,0,35
khmer-northern,14384,meaning-and-purpose,18,18,0,35
khmer-northern,14384,hope-and-perseverance,16,16,0,35
khmer-northern,14384,love-and-belonging,12,12,0,35
khmer-northern,14384,forgiveness-and-new-beginnings,7,7,0,35
khmer-northern,14384,exploring-jesus,21,21,0,35
khmer-standard,178043,meaning-and-purpose,36,36,0,96
khmer-standard,178043,hope-and-perseverance,42,41,1,97
khmer-standard,178043,love-and-belonging,36,34,2,98
khmer-standard,178043,forgiveness-and-new-beginnings,20,19,1,97
khmer-standard,178043,exploring-jesus,49,49,0,96
khmu,3817,meaning-and-purpose,18,18,0,35
khmu,3817,hope-and-perseverance,16,16,0,35
khmu,3817,love-and-belonging,12,12,0,35
khmu,3817,forgiveness-and-new-beginnings,7,7,0,35
khmu,3817,exploring-jesus,21,21,0,35
khoekhoegowab,53327,meaning-and-purpose,18,18,0,35
khoekhoegowab,53327,hope-and-perseverance,16,16,0,35
khoekhoegowab,53327,love-and-belonging,12,12,0,35
khoekhoegowab,53327,forgiveness-and-new-beginnings,7,7,0,35
khoekhoegowab,53327,exploring-jesus,21,21,0,35
khowar,10558,meaning-and-purpose,18,18,0,35
khowar,10558,hope-and-perseverance,16,16,0,35
khowar,10558,love-and-belonging,12,12,0,35
khowar,10558,forgiveness-and-new-beginnings,7,7,0,35
khowar,10558,exploring-jesus,21,21,0,35
kiche-cunen,139116,meaning-and-purpose,18,18,0,35
kiche-cunen,139116,hope-and-perseverance,16,16,0,35
kiche-cunen,139116,love-and-belonging,12,12,0,35
kiche-cunen,139116,forgiveness-and-new-beginnings,7,7,0,35
kiche-cunen,139116,exploring-jesus,21,21,0,35
kifuliiru,50087,meaning-and-purpose,18,18,0,35
kifuliiru,50087,hope-and-perseverance,16,16,0,35
kifuliiru,50087,love-and-belonging,12,12,0,35
kifuliiru,50087,forgiveness-and-new-beginnings,7,7,0,35
kifuliiru,50087,exploring-jesus,21,21,0,35
kikamba,20730,meaning-and-purpose,18,18,0,39
kikamba,20730,hope-and-perseverance,17,17,0,39
kikamba,20730,love-and-belonging,14,14,0,39
kikamba,20730,forgiveness-and-new-beginnings,10,10,0,39
kikamba,20730,exploring-jesus,23,23,0,39
kikongo,20754,meaning-and-purpose,24,24,0,71
kikongo,20754,hope-and-perseverance,30,29,1,72
kikongo,20754,love-and-belonging,29,27,2,73
kikongo,20754,forgiveness-and-new-beginnings,19,18,1,72
kikongo,20754,exploring-jesus,44,44,0,71
kikuro,139071,meaning-and-purpose,18,18,0,35
kikuro,139071,hope-and-perseverance,16,16,0,35
kikuro,139071,love-and-belonging,12,12,0,35
kikuro,139071,forgiveness-and-new-beginnings,7,7,0,35
kikuro,139071,exploring-jesus,21,21,0,35
kikuyu,20679,meaning-and-purpose,18,18,0,39
kikuyu,20679,hope-and-perseverance,17,17,0,39
kikuyu,20679,love-and-belonging,14,14,0,39
kikuyu,20679,forgiveness-and-new-beginnings,10,10,0,39
kikuyu,20679,exploring-jesus,23,23,0,39
kilaangi,164996,meaning-and-purpose,18,18,0,39
kilaangi,164996,hope-and-perseverance,17,17,0,39
kilaangi,164996,love-and-belonging,14,14,0,39
kilaangi,164996,forgiveness-and-new-beginnings,10,10,0,39
kilaangi,164996,exploring-jesus,23,23,0,39
kilega,22652,meaning-and-purpose,18,18,0,35
kilega,22652,hope-and-perseverance,16,16,0,35
kilega,22652,love-and-belonging,12,12,0,35
kilega,22652,forgiveness-and-new-beginnings,7,7,0,35
kilega,22652,exploring-jesus,21,21,0,35
kiluba,20791,meaning-and-purpose,18,18,0,35
kiluba,20791,hope-and-perseverance,16,16,0,35
kiluba,20791,love-and-belonging,12,12,0,35
kiluba,20791,forgiveness-and-new-beginnings,7,7,0,35
kiluba,20791,exploring-jesus,21,21,0,35
kim,141333,meaning-and-purpose,18,18,0,35
kim,141333,hope-and-perseverance,16,16,0,35
kim,141333,love-and-belonging,12,12,0,35
kim,141333,forgiveness-and-new-beginnings,7,7,0,35
kim,141333,exploring-jesus,21,21,0,35
kimbundu,569,meaning-and-purpose,19,19,0,47
kimbundu,569,hope-and-perseverance,19,18,1,48
kimbundu,569,love-and-belonging,20,19,1,48
kimbundu,569,forgiveness-and-new-beginnings,13,13,0,47
kimbundu,569,exploring-jesus,26,26,0,47
kimeru,20824,meaning-and-purpose,18,18,0,35
kimeru,20824,hope-and-perseverance,16,16,0,35
kimeru,20824,love-and-belonging,12,12,0,35
kimeru,20824,forgiveness-and-new-beginnings,7,7,0,35
kimeru,20824,exploring-jesus,21,21,0,35
kimpokomu,184901,meaning-and-purpose,18,18,0,35
kimpokomu,184901,hope-and-perseverance,16,16,0,35
kimpokomu,184901,love-and-belonging,12,12,0,35
kimpokomu,184901,forgiveness-and-new-beginnings,7,7,0,35
kimpokomu,184901,exploring-jesus,21,21,0,35
kinandi,20849,meaning-and-purpose,18,18,0,35
kinandi,20849,hope-and-perseverance,16,16,0,35
kinandi,20849,love-and-belonging,12,12,0,35
kinandi,20849,forgiveness-and-new-beginnings,7,7,0,35
kinandi,20849,exploring-jesus,21,21,0,35
kinaray-a,12672,meaning-and-purpose,18,18,0,35
kinaray-a,12672,hope-and-perseverance,16,16,0,35
kinaray-a,12672,love-and-belonging,12,12,0,35
kinaray-a,12672,forgiveness-and-new-beginnings,7,7,0,35
kinaray-a,12672,exploring-jesus,21,21,0,35
kinga,14159,meaning-and-purpose,18,18,0,35
kinga,14159,hope-and-perseverance,16,16,0,35
kinga,14159,love-and-belonging,12,12,0,35
kinga,14159,forgiveness-and-new-beginnings,7,7,0,35
kinga,14159,exploring-jesus,21,21,0,35
kinnauri,6383,meaning-and-purpose,18,18,0,35
kinnauri,6383,hope-and-perseverance,16,16,0,35
kinnauri,6383,love-and-belonging,12,12,0,35
kinnauri,6383,forgiveness-and-new-beginnings,7,7,0,35
kinnauri,6383,exploring-jesus,21,21,0,35
kinnauri-pahari,141363,meaning-and-purpose,18,18,0,35
kinnauri-pahari,141363,hope-and-perseverance,16,16,0,35
kinnauri-pahari,141363,love-and-belonging,12,12,0,35
kinnauri-pahari,141363,forgiveness-and-new-beginnings,7,7,0,35
kinnauri-pahari,141363,exploring-jesus,21,21,0,35
kintandu,22379,meaning-and-purpose,18,18,0,39
kintandu,22379,hope-and-perseverance,17,17,0,39
kintandu,22379,love-and-belonging,14,14,0,39
kintandu,22379,forgiveness-and-new-beginnings,10,10,0,39
kintandu,22379,exploring-jesus,23,23,0,39
kinyakyusa-tanzania,53401,meaning-and-purpose,18,18,0,35
kinyakyusa-tanzania,53401,hope-and-perseverance,16,16,0,35
kinyakyusa-tanzania,53401,love-and-belonging,12,12,0,35
kinyakyusa-tanzania,53401,forgiveness-and-new-beginnings,7,7,0,35
kinyakyusa-tanzania,53401,exploring-jesus,21,21,0,35
kinyamulenge,185227,meaning-and-purpose,18,18,0,35
kinyamulenge,185227,hope-and-perseverance,16,16,0,35
kinyamulenge,185227,love-and-belonging,12,12,0,35
kinyamulenge,185227,forgiveness-and-new-beginnings,7,7,0,35
kinyamulenge,185227,exploring-jesus,21,21,0,35
kinyarwanda,20900,meaning-and-purpose,24,24,0,73
kinyarwanda,20900,hope-and-perseverance,30,29,1,74
kinyarwanda,20900,love-and-belonging,30,28,2,75
kinyarwanda,20900,forgiveness-and-new-beginnings,19,18,1,74
kinyarwanda,20900,exploring-jesus,45,45,0,73
kirho,10262,meaning-and-purpose,18,18,0,35
kirho,10262,hope-and-perseverance,16,16,0,35
kirho,10262,love-and-belonging,12,12,0,35
kirho,10262,forgiveness-and-new-beginnings,7,7,0,35
kirho,10262,exploring-jesus,21,21,0,35
kiribati,4812,meaning-and-purpose,19,19,0,47
kiribati,4812,hope-and-perseverance,19,18,1,48
kiribati,4812,love-and-belonging,20,19,1,48
kiribati,4812,forgiveness-and-new-beginnings,13,13,0,47
kiribati,4812,exploring-jesus,26,26,0,47
kirundi,20896,meaning-and-purpose,24,24,0,69
kirundi,20896,hope-and-perseverance,29,28,1,70
kirundi,20896,love-and-belonging,28,26,2,71
kirundi,20896,forgiveness-and-new-beginnings,16,15,1,70
kirundi,20896,exploring-jesus,43,43,0,69
kisan,184496,meaning-and-purpose,18,18,0,35
kisan,184496,hope-and-perseverance,16,16,0,35
kisan,184496,love-and-belonging,12,12,0,35
kisan,184496,forgiveness-and-new-beginnings,7,7,0,35
kisan,184496,exploring-jesus,21,21,0,35
kisanga,22196,meaning-and-purpose,18,18,0,35
kisanga,22196,hope-and-perseverance,16,16,0,35
kisanga,22196,love-and-belonging,12,12,0,35
kisanga,22196,forgiveness-and-new-beginnings,7,7,0,35
kisanga,22196,exploring-jesus,21,21,0,35
kisi,98914,meaning-and-purpose,18,18,0,35
kisi,98914,hope-and-perseverance,16,16,0,35
kisi,98914,love-and-belonging,12,12,0,35
kisi,98914,forgiveness-and-new-beginnings,7,7,0,35
kisi,98914,exploring-jesus,21,21,0,35
kisi-southern,7587,meaning-and-purpose,18,18,0,39
kisi-southern,7587,hope-and-perseverance,17,17,0,39
kisi-southern,7587,love-and-belonging,14,14,0,39
kisi-southern,7587,forgiveness-and-new-beginnings,10,10,0,39
kisi-southern,7587,exploring-jesus,23,23,0,39
kissi-northern,5481,meaning-and-purpose,18,18,0,35
kissi-northern,5481,hope-and-perseverance,16,16,0,35
kissi-northern,5481,love-and-belonging,12,12,0,35
kissi-northern,5481,forgiveness-and-new-beginnings,7,7,0,35
kissi-northern,5481,exploring-jesus,21,21,0,35
kituba,15639,meaning-and-purpose,18,18,0,35
kituba,15639,hope-and-perseverance,16,16,0,35
kituba,15639,love-and-belonging,12,12,0,35
kituba,15639,forgiveness-and-new-beginnings,7,7,0,35
kituba,15639,exploring-jesus,21,21,0,35
kiviila,141073,meaning-and-purpose,18,18,0,35
kiviila,141073,hope-and-perseverance,16,16,0,35
kiviila,141073,love-and-belonging,12,12,0,35
kiviila,141073,forgiveness-and-new-beginnings,7,7,0,35
kiviila,141073,exploring-jesus,21,21,0,35
kiwilwana,143494,meaning-and-purpose,18,18,0,35
kiwilwana,143494,hope-and-perseverance,16,16,0,35
kiwilwana,143494,love-and-belonging,12,12,0,35
kiwilwana,143494,forgiveness-and-new-beginnings,7,7,0,35
kiwilwana,143494,exploring-jesus,21,21,0,35
kiyombe,22195,meaning-and-purpose,18,18,0,39
kiyombe,22195,hope-and-perseverance,17,17,0,39
kiyombe,22195,love-and-belonging,14,14,0,39
kiyombe,22195,forgiveness-and-new-beginnings,10,10,0,39
kiyombe,22195,exploring-jesus,23,23,0,39
koalib,141334,meaning-and-purpose,23,23,0,56
koalib,141334,hope-and-perseverance,26,26,0,56
koalib,141334,love-and-belonging,20,19,1,57
koalib,141334,forgiveness-and-new-beginnings,10,9,1,57
koalib,141334,exploring-jesus,37,37,0,56
kobo,184990,meaning-and-purpose,18,18,0,35
kobo,184990,hope-and-perseverance,16,16,0,35
kobo,184990,love-and-belonging,12,12,0,35
kobo,184990,forgiveness-and-new-beginnings,7,7,0,35
kobo,184990,exploring-jesus,21,21,0,35
kohistani-indus,10526,meaning-and-purpose,18,18,0,35
kohistani-indus,10526,hope-and-perseverance,16,16,0,35
kohistani-indus,10526,love-and-belonging,12,12,0,35
kohistani-indus,10526,forgiveness-and-new-beginnings,7,7,0,35
kohistani-indus,10526,exploring-jesus,21,21,0,35
kohli-parkari,10536,meaning-and-purpose,23,23,0,56
kohli-parkari,10536,hope-and-perseverance,26,26,0,56
kohli-parkari,10536,love-and-belonging,20,19,1,57
kohli-parkari,10536,forgiveness-and-new-beginnings,10,9,1,57
kohli-parkari,10536,exploring-jesus,37,37,0,56
koho,19241,meaning-and-purpose,23,23,0,56
koho,19241,hope-and-perseverance,26,26,0,56
koho,19241,love-and-belonging,20,19,1,57
koho,19241,forgiveness-and-new-beginnings,10,9,1,57
koho,19241,exploring-jesus,37,37,0,56
koita-ga,141574,meaning-and-purpose,18,18,0,35
koita-ga,141574,hope-and-perseverance,16,16,0,35
koita-ga,141574,love-and-belonging,12,12,0,35
koita-ga,141574,forgiveness-and-new-beginnings,7,7,0,35
koita-ga,141574,exploring-jesus,21,21,0,35
kok-borok,1231,meaning-and-purpose,18,18,0,36
kok-borok,1231,hope-and-perseverance,16,16,0,36
kok-borok,1231,love-and-belonging,12,12,0,36
kok-borok,1231,forgiveness-and-new-beginnings,7,7,0,36
kok-borok,1231,exploring-jesus,22,22,0,36
kok-borok-bangladesh,184464,meaning-and-purpose,18,18,0,35
kok-borok-bangladesh,184464,hope-and-perseverance,16,16,0,35
kok-borok-bangladesh,184464,love-and-belonging,12,12,0,35
kok-borok-bangladesh,184464,forgiveness-and-new-beginnings,7,7,0,35
kok-borok-bangladesh,184464,exploring-jesus,21,21,0,35
kokoda-k-ainake,184462,meaning-and-purpose,18,18,0,35
kokoda-k-ainake,184462,hope-and-perseverance,16,16,0,35
kokoda-k-ainake,184462,love-and-belonging,12,12,0,35
kokoda-k-ainake,184462,forgiveness-and-new-beginnings,7,7,0,35
kokoda-k-ainake,184462,exploring-jesus,21,21,0,35
kokola,7793,meaning-and-purpose,18,18,0,35
kokola,7793,hope-and-perseverance,16,16,0,35
kokola,7793,love-and-belonging,12,12,0,35
kokola,7793,forgiveness-and-new-beginnings,7,7,0,35
kokola,7793,exploring-jesus,21,21,0,35
kolami,163136,meaning-and-purpose,18,18,0,35
kolami,163136,hope-and-perseverance,16,16,0,35
kolami,163136,love-and-belonging,12,12,0,35
kolami,163136,forgiveness-and-new-beginnings,7,7,0,35
kolami,163136,exploring-jesus,21,21,0,35
koli-wadiyara,10535,meaning-and-purpose,23,23,0,56
koli-wadiyara,10535,hope-and-perseverance,26,26,0,56
koli-wadiyara,10535,love-and-belonging,20,19,1,57
koli-wadiyara,10535,forgiveness-and-new-beginnings,10,9,1,57
koli-wadiyara,10535,exploring-jesus,37,37,0,56
kolokuma-izon,53432,meaning-and-purpose,18,18,0,35
kolokuma-izon,53432,hope-and-perseverance,16,16,0,35
kolokuma-izon,53432,love-and-belonging,12,12,0,35
kolokuma-izon,53432,forgiveness-and-new-beginnings,7,7,0,35
kolokuma-izon,53432,exploring-jesus,21,21,0,35
kom,19558,meaning-and-purpose,18,18,0,35
kom,19558,hope-and-perseverance,16,16,0,35
kom,19558,love-and-belonging,12,12,0,35
kom,19558,forgiveness-and-new-beginnings,7,7,0,35
kom,19558,exploring-jesus,21,21,0,35
komering,17752,meaning-and-purpose,18,18,0,35
komering,17752,hope-and-perseverance,16,16,0,35
komering,17752,love-and-belonging,12,12,0,35
komering,17752,forgiveness-and-new-beginnings,7,7,0,35
komering,17752,exploring-jesus,21,21,0,35
komi-permyak,18528,meaning-and-purpose,18,18,0,35
komi-permyak,18528,hope-and-perseverance,16,16,0,35
komi-permyak,18528,love-and-belonging,12,12,0,35
komi-permyak,18528,forgiveness-and-new-beginnings,7,7,0,35
komi-permyak,18528,exploring-jesus,21,21,0,35
komi-zyrian,18521,meaning-and-purpose,23,23,0,57
komi-zyrian,18521,hope-and-perseverance,26,26,0,57
komi-zyrian,18521,love-and-belonging,20,19,1,58
komi-zyrian,18521,forgiveness-and-new-beginnings,10,9,1,58
komi-zyrian,18521,exploring-jesus,38,38,0,57
konda-dora,141204,meaning-and-purpose,18,18,0,35
konda-dora,141204,hope-and-perseverance,16,16,0,35
konda-dora,141204,love-and-belonging,12,12,0,35
konda-dora,141204,forgiveness-and-new-beginnings,7,7,0,35
konda-dora,141204,exploring-jesus,21,21,0,35
kongo-san-salvador,545,meaning-and-purpose,18,18,0,35
kongo-san-salvador,545,hope-and-perseverance,16,16,0,35
kongo-san-salvador,545,love-and-belonging,12,12,0,35
kongo-san-salvador,545,forgiveness-and-new-beginnings,7,7,0,35
kongo-san-salvador,545,exploring-jesus,21,21,0,35
konjo-highland,17518,meaning-and-purpose,18,18,0,35
konjo-highland,17518,hope-and-perseverance,16,16,0,35
konjo-highland,17518,love-and-belonging,12,12,0,35
konjo-highland,17518,forgiveness-and-new-beginnings,7,7,0,35
konjo-highland,17518,exploring-jesus,21,21,0,35
konkomba,5302,meaning-and-purpose,18,18,0,39
konkomba,5302,hope-and-perseverance,17,17,0,39
konkomba,5302,love-and-belonging,14,14,0,39
konkomba,5302,forgiveness-and-new-beginnings,10,10,0,39
konkomba,5302,exploring-jesus,23,23,0,39
konni,5303,meaning-and-purpose,18,18,0,35
konni,5303,hope-and-perseverance,16,16,0,35
konni,5303,love-and-belonging,12,12,0,35
konni,5303,forgiveness-and-new-beginnings,7,7,0,35
konni,5303,exploring-jesus,21,21,0,35
kono-sierra-leone,23520,meaning-and-purpose,18,18,0,35
kono-sierra-leone,23520,hope-and-perseverance,16,16,0,35
kono-sierra-leone,23520,love-and-belonging,12,12,0,35
kono-sierra-leone,23520,forgiveness-and-new-beginnings,7,7,0,35
kono-sierra-leone,23520,exploring-jesus,21,21,0,35
konongo-2,14165,meaning-and-purpose,18,18,0,35
konongo-2,14165,hope-and-perseverance,16,16,0,35
konongo-2,14165,love-and-belonging,12,12,0,35
konongo-2,14165,forgiveness-and-new-beginnings,7,7,0,35
konongo-2,14165,exploring-jesus,21,21,0,35
konso,20753,meaning-and-purpose,18,18,0,35
konso,20753,hope-and-perseverance,16,16,0,35
konso,20753,love-and-belonging,12,12,0,35
konso,20753,forgiveness-and-new-beginnings,7,7,0,35
konso,20753,exploring-jesus,21,21,0,35
konta,147285,meaning-and-purpose,18,18,0,35
konta,147285,hope-and-perseverance,16,16,0,35
konta,147285,love-and-belonging,12,12,0,35
konta,147285,forgiveness-and-new-beginnings,7,7,0,35
konta,147285,exploring-jesus,21,21,0,35
koorete,4656,meaning-and-purpose,18,18,0,35
koorete,4656,hope-and-perseverance,16,16,0,35
koorete,4656,love-and-belonging,12,12,0,35
koorete,4656,forgiveness-and-new-beginnings,7,7,0,35
koorete,4656,exploring-jesus,21,21,0,35
kope,149217,meaning-and-purpose,18,18,0,35
kope,149217,hope-and-perseverance,16,16,0,35
kope,149217,love-and-belonging,12,12,0,35
kope,149217,forgiveness-and-new-beginnings,7,7,0,35
kope,149217,exploring-jesus,21,21,0,35
koraku,6282,meaning-and-purpose,18,18,0,35
koraku,6282,hope-and-perseverance,16,16,0,35
koraku,6282,love-and-belonging,12,12,0,35
koraku,6282,forgiveness-and-new-beginnings,7,7,0,35
koraku,6282,exploring-jesus,21,21,0,35
korean,3804,meaning-and-purpose,53,53,0,132
korean,3804,hope-and-perseverance,51,50,1,133
korean,3804,love-and-belonging,53,51,2,134
korean,3804,forgiveness-and-new-beginnings,33,31,2,134
korean,3804,exploring-jesus,67,67,0,132
korean-north,24000,meaning-and-purpose,36,36,0,79
korean-north,24000,hope-and-perseverance,33,32,1,80
korean-north,24000,love-and-belonging,36,35,1,80
korean-north,24000,forgiveness-and-new-beginnings,23,23,0,79
korean-north,24000,exploring-jesus,33,33,0,79
korean-sign-language,7355,meaning-and-purpose,0,0,0,1
korean-sign-language,7355,hope-and-perseverance,0,0,0,1
korean-sign-language,7355,love-and-belonging,0,0,0,1
korean-sign-language,7355,forgiveness-and-new-beginnings,0,0,0,1
korean-sign-language,7355,exploring-jesus,1,1,0,1
koreguaje,4250,meaning-and-purpose,18,18,0,35
koreguaje,4250,hope-and-perseverance,16,16,0,35
koreguaje,4250,love-and-belonging,12,12,0,35
koreguaje,4250,forgiveness-and-new-beginnings,7,7,0,35
koreguaje,4250,exploring-jesus,21,21,0,35
korku,6370,meaning-and-purpose,18,18,0,35
korku,6370,hope-and-perseverance,16,16,0,35
korku,6370,love-and-belonging,12,12,0,35
korku,6370,forgiveness-and-new-beginnings,7,7,0,35
korku,6370,exploring-jesus,21,21,0,35
koromfe,2046,meaning-and-purpose,18,18,0,35
koromfe,2046,hope-and-perseverance,16,16,0,35
koromfe,2046,love-and-belonging,12,12,0,35
koromfe,2046,forgiveness-and-new-beginnings,7,7,0,35
koromfe,2046,exploring-jesus,21,21,0,35
kortha,183121,meaning-and-purpose,18,18,0,35
kortha,183121,hope-and-perseverance,16,16,0,35
kortha,183121,love-and-belonging,12,12,0,35
kortha,183121,forgiveness-and-new-beginnings,7,7,0,35
kortha,183121,exploring-jesus,21,21,0,35
korwa,6372,meaning-and-purpose,18,18,0,35
korwa,6372,hope-and-perseverance,16,16,0,35
korwa,6372,love-and-belonging,12,12,0,35
korwa,6372,forgiveness-and-new-beginnings,7,7,0,35
korwa,6372,exploring-jesus,21,21,0,35
koti,8434,meaning-and-purpose,18,18,0,35
koti,8434,hope-and-perseverance,16,16,0,35
koti,8434,love-and-belonging,12,12,0,35
koti,8434,forgiveness-and-new-beginnings,7,7,0,35
koti,8434,exploring-jesus,21,21,0,35
kouya,99359,meaning-and-purpose,18,18,0,35
kouya,99359,hope-and-perseverance,16,16,0,35
kouya,99359,love-and-belonging,12,12,0,35
kouya,99359,forgiveness-and-new-beginnings,7,7,0,35
kouya,99359,exploring-jesus,21,21,0,35
koya,6400,meaning-and-purpose,18,18,0,35
koya,6400,hope-and-perseverance,16,16,0,35
koya,6400,love-and-belonging,12,12,0,35
koya,6400,forgiveness-and-new-beginnings,7,7,0,35
koya,6400,exploring-jesus,21,21,0,35
kpelle-guinea,5456,meaning-and-purpose,18,18,0,36
kpelle-guinea,5456,hope-and-perseverance,16,16,0,36
kpelle-guinea,5456,love-and-belonging,12,12,0,36
kpelle-guinea,5456,forgiveness-and-new-beginnings,7,7,0,36
kpelle-guinea,5456,exploring-jesus,22,22,0,36
kpelle-liberia,7609,meaning-and-purpose,19,19,0,51
kpelle-liberia,7609,hope-and-perseverance,20,19,1,52
kpelle-liberia,7609,love-and-belonging,22,21,1,52
kpelle-liberia,7609,forgiveness-and-new-beginnings,16,16,0,51
kpelle-liberia,7609,exploring-jesus,28,28,0,51
kreol-mauricean,21197,meaning-and-purpose,18,18,0,36
kreol-mauricean,21197,hope-and-perseverance,16,16,0,36
kreol-mauricean,21197,love-and-belonging,12,12,0,36
kreol-mauricean,21197,forgiveness-and-new-beginnings,7,7,0,36
kreol-mauricean,21197,exploring-jesus,22,22,0,36
krio,4547,meaning-and-purpose,24,24,0,73
krio,4547,hope-and-perseverance,30,29,1,74
krio,4547,love-and-belonging,30,28,2,75
krio,4547,forgiveness-and-new-beginnings,19,18,1,74
krio,4547,exploring-jesus,45,45,0,73
krongo,141227,meaning-and-purpose,18,18,0,35
krongo,141227,hope-and-perseverance,16,16,0,35
krongo,141227,love-and-belonging,12,12,0,35
krongo,141227,forgiveness-and-new-beginnings,7,7,0,35
krongo,141227,exploring-jesus,21,21,0,35
kroumen-plapo,99184,meaning-and-purpose,18,18,0,35
kroumen-plapo,99184,hope-and-perseverance,16,16,0,35
kroumen-plapo,99184,love-and-belonging,12,12,0,35
kroumen-plapo,99184,forgiveness-and-new-beginnings,7,7,0,35
kroumen-plapo,99184,exploring-jesus,21,21,0,35
kroumen-pye,144313,meaning-and-purpose,18,18,0,35
kroumen-pye,144313,hope-and-perseverance,16,16,0,35
kroumen-pye,144313,love-and-belonging,12,12,0,35
kroumen-pye,144313,forgiveness-and-new-beginnings,7,7,0,35
kroumen-pye,144313,exploring-jesus,21,21,0,35
kroumen-tepo,100677,meaning-and-purpose,18,18,0,35
kroumen-tepo,100677,hope-and-perseverance,16,16,0,35
kroumen-tepo,100677,love-and-belonging,12,12,0,35
kroumen-tepo,100677,forgiveness-and-new-beginnings,7,7,0,35
kroumen-tepo,100677,exploring-jesus,21,21,0,35
kru,20750,meaning-and-purpose,18,18,0,39
kru,20750,hope-and-perseverance,17,17,0,39
kru,20750,love-and-belonging,14,14,0,39
kru,20750,forgiveness-and-new-beginnings,10,10,0,39
kru,20750,exploring-jesus,23,23,0,39
kuanua,11816,meaning-and-purpose,18,18,0,35
kuanua,11816,hope-and-perseverance,16,16,0,35
kuanua,11816,love-and-belonging,12,12,0,35
kuanua,11816,forgiveness-and-new-beginnings,7,7,0,35
kuanua,11816,exploring-jesus,21,21,0,35
kui,6278,meaning-and-purpose,18,18,0,35
kui,6278,hope-and-perseverance,16,16,0,35
kui,6278,love-and-belonging,12,12,0,35
kui,6278,forgiveness-and-new-beginnings,7,7,0,35
kui,6278,exploring-jesus,21,21,0,35
kukele,9604,meaning-and-purpose,18,18,0,35
kukele,9604,hope-and-perseverance,16,16,0,35
kukele,9604,love-and-belonging,12,12,0,35
kukele,9604,forgiveness-and-new-beginnings,7,7,0,35
kukele,9604,exploring-jesus,21,21,0,35
kuki,23569,meaning-and-purpose,18,18,0,35
kuki,23569,hope-and-perseverance,16,16,0,35
kuki,23569,love-and-belonging,12,12,0,35
kuki,23569,forgiveness-and-new-beginnings,7,7,0,35
kuki,23569,exploring-jesus,21,21,0,35
kukna,6414,meaning-and-purpose,18,18,0,35
kukna,6414,hope-and-perseverance,16,16,0,35
kukna,6414,love-and-belonging,12,12,0,35
kukna,6414,forgiveness-and-new-beginnings,7,7,0,35
kukna,6414,exploring-jesus,21,21,0,35
kulango-bondoukou,5257,meaning-and-purpose,18,18,0,35
kulango-bondoukou,5257,hope-and-perseverance,16,16,0,35
kulango-bondoukou,5257,love-and-belonging,12,12,0,35
kulango-bondoukou,5257,forgiveness-and-new-beginnings,7,7,0,35
kulango-bondoukou,5257,exploring-jesus,21,21,0,35
kulango-bouna,5224,meaning-and-purpose,18,18,0,35
kulango-bouna,5224,hope-and-perseverance,16,16,0,35
kulango-bouna,5224,love-and-belonging,12,12,0,35
kulango-bouna,5224,forgiveness-and-new-beginnings,7,7,0,35
kulango-bouna,5224,exploring-jesus,21,21,0,35
kulung,139643,meaning-and-purpose,18,18,0,35
kulung,139643,hope-and-perseverance,16,16,0,35
kulung,139643,love-and-belonging,12,12,0,35
kulung,139643,forgiveness-and-new-beginnings,7,7,0,35
kulung,139643,exploring-jesus,21,21,0,35
kulvi,23692,meaning-and-purpose,18,18,0,35
kulvi,23692,hope-and-perseverance,16,16,0,35
kulvi,23692,love-and-belonging,12,12,0,35
kulvi,23692,forgiveness-and-new-beginnings,7,7,0,35
kulvi,23692,exploring-jesus,21,21,0,35
kumam,14677,meaning-and-purpose,18,18,0,35
kumam,14677,hope-and-perseverance,16,16,0,35
kumam,14677,love-and-belonging,12,12,0,35
kumam,14677,forgiveness-and-new-beginnings,7,7,0,35
kumam,14677,exploring-jesus,21,21,0,35
kuman,19854,meaning-and-purpose,19,19,0,47
kuman,19854,hope-and-perseverance,19,18,1,48
kuman,19854,love-and-belonging,20,19,1,48
kuman,19854,forgiveness-and-new-beginnings,13,13,0,47
kuman,19854,exploring-jesus,26,26,0,47
kumauni,6353,meaning-and-purpose,18,18,0,35
kumauni,6353,hope-and-perseverance,16,16,0,35
kumauni,6353,love-and-belonging,12,12,0,35
kumauni,6353,forgiveness-and-new-beginnings,7,7,0,35
kumauni,6353,exploring-jesus,21,21,0,35
kumyk,14629,meaning-and-purpose,18,18,0,35
kumyk,14629,hope-and-perseverance,16,16,0,35
kumyk,14629,love-and-belonging,12,12,0,35
kumyk,14629,forgiveness-and-new-beginnings,7,7,0,35
kumyk,14629,exploring-jesus,21,21,0,35
kuna,53430,meaning-and-purpose,23,23,0,57
kuna,53430,hope-and-perseverance,26,26,0,57
kuna,53430,love-and-belonging,20,19,1,58
kuna,53430,forgiveness-and-new-beginnings,10,9,1,58
kuna,53430,exploring-jesus,38,38,0,57
kunama,4585,meaning-and-purpose,18,18,0,35
kunama,4585,hope-and-perseverance,16,16,0,35
kunama,4585,love-and-belonging,12,12,0,35
kunama,4585,forgiveness-and-new-beginnings,7,7,0,35
kunama,4585,exploring-jesus,21,21,0,35
kuni-boazi,141667,meaning-and-purpose,18,18,0,35
kuni-boazi,141667,hope-and-perseverance,16,16,0,35
kuni-boazi,141667,love-and-belonging,12,12,0,35
kuni-boazi,141667,forgiveness-and-new-beginnings,7,7,0,35
kuni-boazi,141667,exploring-jesus,21,21,0,35
kunimaipa,11789,meaning-and-purpose,18,18,0,35
kunimaipa,11789,hope-and-perseverance,16,16,0,35
kunimaipa,11789,love-and-belonging,12,12,0,35
kunimaipa,11789,forgiveness-and-new-beginnings,7,7,0,35
kunimaipa,11789,exploring-jesus,21,21,0,35
kuo,2641,meaning-and-purpose,18,18,0,35
kuo,2641,hope-and-perseverance,16,16,0,35
kuo,2641,love-and-belonging,12,12,0,35
kuo,2641,forgiveness-and-new-beginnings,7,7,0,35
kuo,2641,exploring-jesus,21,21,0,35
kupia,141202,meaning-and-purpose,18,18,0,35
kupia,141202,hope-and-perseverance,16,16,0,35
kupia,141202,love-and-belonging,12,12,0,35
kupia,141202,forgiveness-and-new-beginnings,7,7,0,35
kupia,141202,exploring-jesus,21,21,0,35
kupsapiiny,141566,meaning-and-purpose,18,18,0,35
kupsapiiny,141566,hope-and-perseverance,16,16,0,35
kupsapiiny,141566,love-and-belonging,12,12,0,35
kupsapiiny,141566,forgiveness-and-new-beginnings,7,7,0,35
kupsapiiny,141566,exploring-jesus,21,21,0,35
kuranko,5485,meaning-and-purpose,18,18,0,35
kuranko,5485,hope-and-perseverance,16,16,0,35
kuranko,5485,love-and-belonging,12,12,0,35
kuranko,5485,forgiveness-and-new-beginnings,7,7,0,35
kuranko,5485,exploring-jesus,21,21,0,35
kurdi-behdini,53333,meaning-and-purpose,24,24,0,69
kurdi-behdini,53333,hope-and-perseverance,29,28,1,70
kurdi-behdini,53333,love-and-belonging,28,26,2,71
kurdi-behdini,53333,forgiveness-and-new-beginnings,16,15,1,70
kurdi-behdini,53333,exploring-jesus,43,43,0,69
kurdi-hawrami,139169,meaning-and-purpose,18,18,0,35
kurdi-hawrami,139169,hope-and-perseverance,16,16,0,35
kurdi-hawrami,139169,love-and-belonging,12,12,0,35
kurdi-hawrami,139169,forgiveness-and-new-beginnings,7,7,0,35
kurdi-hawrami,139169,exploring-jesus,21,21,0,35
kurdi-sorani,139114,meaning-and-purpose,33,33,0,76
kurdi-sorani,139114,hope-and-perseverance,34,34,0,76
kurdi-sorani,139114,love-and-belonging,31,30,1,77
kurdi-sorani,139114,forgiveness-and-new-beginnings,14,13,1,77
kurdi-sorani,139114,exploring-jesus,43,43,0,76
kurdi-sorani-eastern,139115,meaning-and-purpose,17,17,0,34
kurdi-sorani-eastern,139115,hope-and-perseverance,16,16,0,34
kurdi-sorani-eastern,139115,love-and-belonging,12,12,0,34
kurdi-sorani-eastern,139115,forgiveness-and-new-beginnings,7,7,0,34
kurdi-sorani-eastern,139115,exploring-jesus,20,20,0,34
kurdish-afrini,184484,meaning-and-purpose,19,19,0,47
kurdish-afrini,184484,hope-and-perseverance,19,18,1,48
kurdish-afrini,184484,love-and-belonging,20,19,1,48
kurdish-afrini,184484,forgiveness-and-new-beginnings,13,13,0,47
kurdish-afrini,184484,exploring-jesus,26,26,0,47
kuria,7186,meaning-and-purpose,18,18,0,35
kuria,7186,hope-and-perseverance,16,16,0,35
kuria,7186,love-and-belonging,12,12,0,35
kuria,7186,forgiveness-and-new-beginnings,7,7,0,35
kuria,7186,exploring-jesus,21,21,0,35
kurmanji-cis,21096,meaning-and-purpose,18,18,0,35
kurmanji-cis,21096,hope-and-perseverance,16,16,0,35
kurmanji-cis,21096,love-and-belonging,12,12,0,35
kurmanji-cis,21096,forgiveness-and-new-beginnings,7,7,0,35
kurmanji-cis,21096,exploring-jesus,21,21,0,35
kurmanji-standard,20770,meaning-and-purpose,25,25,0,65
kurmanji-standard,20770,hope-and-perseverance,28,28,0,65
kurmanji-standard,20770,love-and-belonging,21,20,1,66
kurmanji-standard,20770,forgiveness-and-new-beginnings,13,12,1,66
kurmanji-standard,20770,exploring-jesus,45,45,0,65
kurumba-jennu,142214,meaning-and-purpose,18,18,0,35
kurumba-jennu,142214,hope-and-perseverance,16,16,0,35
kurumba-jennu,142214,love-and-belonging,12,12,0,35
kurumba-jennu,142214,forgiveness-and-new-beginnings,7,7,0,35
kurumba-jennu,142214,exploring-jesus,21,21,0,35
kurumba-kannada,98730,meaning-and-purpose,23,23,0,56
kurumba-kannada,98730,hope-and-perseverance,26,26,0,56
kurumba-kannada,98730,love-and-belonging,20,19,1,57
kurumba-kannada,98730,forgiveness-and-new-beginnings,10,9,1,57
kurumba-kannada,98730,exploring-jesus,37,37,0,56
kurux,1194,meaning-and-purpose,18,18,0,35
kurux,1194,hope-and-perseverance,16,16,0,35
kurux,1194,love-and-belonging,12,12,0,35
kurux,1194,forgiveness-and-new-beginnings,7,7,0,35
kurux,1194,exploring-jesus,21,21,0,35
kusaal,141653,meaning-and-purpose,0,0,0,4
kusaal,141653,hope-and-perseverance,1,1,0,4
kusaal,141653,love-and-belonging,2,2,0,4
kusaal,141653,forgiveness-and-new-beginnings,3,3,0,4
kusaal,141653,exploring-jesus,2,2,0,4
kusaal-eastern,5261,meaning-and-purpose,18,18,0,35
kusaal-eastern,5261,hope-and-perseverance,16,16,0,35
kusaal-eastern,5261,love-and-belonging,12,12,0,35
kusaal-eastern,5261,forgiveness-and-new-beginnings,7,7,0,35
kusaal-eastern,5261,exploring-jesus,21,21,0,35
kusaal-western,2045,meaning-and-purpose,18,18,0,35
kusaal-western,2045,hope-and-perseverance,16,16,0,35
kusaal-western,2045,love-and-belonging,12,12,0,35
kusaal-western,2045,forgiveness-and-new-beginnings,7,7,0,35
kusaal-western,2045,exploring-jesus,21,21,0,35
kuteb,2590,meaning-and-purpose,18,18,0,35
kuteb,2590,hope-and-perseverance,16,16,0,35
kuteb,2590,love-and-belonging,12,12,0,35
kuteb,2590,forgiveness-and-new-beginnings,7,7,0,35
kuteb,2590,exploring-jesus,21,21,0,35
kutia,185002,meaning-and-purpose,18,18,0,35
kutia,185002,hope-and-perseverance,16,16,0,35
kutia,185002,love-and-belonging,12,12,0,35
kutia,185002,forgiveness-and-new-beginnings,7,7,0,35
kutia,185002,exploring-jesus,21,21,0,35
kutu,141310,meaning-and-purpose,18,18,0,35
kutu,141310,hope-and-perseverance,16,16,0,35
kutu,141310,love-and-belonging,12,12,0,35
kutu,141310,forgiveness-and-new-beginnings,7,7,0,35
kutu,141310,exploring-jesus,21,21,0,35
kuvale,184573,meaning-and-purpose,18,18,0,35
kuvale,184573,hope-and-perseverance,16,16,0,35
kuvale,184573,love-and-belonging,12,12,0,35
kuvale,184573,forgiveness-and-new-beginnings,7,7,0,35
kuvale,184573,exploring-jesus,21,21,0,35
kuvi,6275,meaning-and-purpose,18,18,0,35
kuvi,6275,hope-and-perseverance,16,16,0,35
kuvi,6275,love-and-belonging,12,12,0,35
kuvi,6275,forgiveness-and-new-beginnings,7,7,0,35
kuvi,6275,exploring-jesus,21,21,0,35
kuvi-odisha,184467,meaning-and-purpose,18,18,0,35
kuvi-odisha,184467,hope-and-perseverance,16,16,0,35
kuvi-odisha,184467,love-and-belonging,12,12,0,35
kuvi-odisha,184467,forgiveness-and-new-beginnings,7,7,0,35
kuvi-odisha,184467,exploring-jesus,21,21,0,35
kuy,2173,meaning-and-purpose,18,18,0,35
kuy,2173,hope-and-perseverance,16,16,0,35
kuy,2173,love-and-belonging,12,12,0,35
kuy,2173,forgiveness-and-new-beginnings,7,7,0,35
kuy,2173,exploring-jesus,21,21,0,35
kwaio,141513,meaning-and-purpose,18,18,0,35
kwaio,141513,hope-and-perseverance,16,16,0,35
kwaio,141513,love-and-belonging,12,12,0,35
kwaio,141513,forgiveness-and-new-beginnings,7,7,0,35
kwaio,141513,exploring-jesus,21,21,0,35
kwamashi,184452,meaning-and-purpose,18,18,0,35
kwamashi,184452,hope-and-perseverance,16,16,0,35
kwamashi,184452,love-and-belonging,12,12,0,35
kwamashi,184452,forgiveness-and-new-beginnings,7,7,0,35
kwamashi,184452,exploring-jesus,21,21,0,35
kwamba,171395,meaning-and-purpose,18,18,0,35
kwamba,171395,hope-and-perseverance,16,16,0,35
kwamba,171395,love-and-belonging,12,12,0,35
kwamba,171395,forgiveness-and-new-beginnings,7,7,0,35
kwamba,171395,exploring-jesus,21,21,0,35
kwangali,547,meaning-and-purpose,18,18,0,35
kwangali,547,hope-and-perseverance,16,16,0,35
kwangali,547,love-and-belonging,12,12,0,35
kwangali,547,forgiveness-and-new-beginnings,7,7,0,35
kwangali,547,exploring-jesus,21,21,0,35
kwangwa,184511,meaning-and-purpose,18,18,0,35
kwangwa,184511,hope-and-perseverance,16,16,0,35
kwangwa,184511,love-and-belonging,12,12,0,35
kwangwa,184511,forgiveness-and-new-beginnings,7,7,0,35
kwangwa,184511,exploring-jesus,21,21,0,35
kwanyama,548,meaning-and-purpose,19,19,0,51
kwanyama,548,hope-and-perseverance,20,19,1,52
kwanyama,548,love-and-belonging,22,21,1,52
kwanyama,548,forgiveness-and-new-beginnings,16,16,0,51
kwanyama,548,exploring-jesus,28,28,0,51
kwaraae,141515,meaning-and-purpose,18,18,0,35
kwaraae,141515,hope-and-perseverance,16,16,0,35
kwaraae,141515,love-and-belonging,12,12,0,35
kwaraae,141515,forgiveness-and-new-beginnings,7,7,0,35
kwaraae,141515,exploring-jesus,21,21,0,35
kwasio,144002,meaning-and-purpose,2,2,0,9
kwasio,144002,hope-and-perseverance,1,1,0,9
kwasio,144002,love-and-belonging,3,3,0,9
kwasio,144002,forgiveness-and-new-beginnings,3,3,0,9
kwasio,144002,exploring-jesus,8,8,0,9
kwatay,13063,meaning-and-purpose,18,18,0,35
kwatay,13063,hope-and-perseverance,16,16,0,35
kwatay,13063,love-and-belonging,12,12,0,35
kwatay,13063,forgiveness-and-new-beginnings,7,7,0,35
kwatay,13063,exploring-jesus,21,21,0,35
kwaya,14132,meaning-and-purpose,18,18,0,35
kwaya,14132,hope-and-perseverance,16,16,0,35
kwaya,14132,love-and-belonging,12,12,0,35
kwaya,14132,forgiveness-and-new-beginnings,7,7,0,35
kwaya,14132,exploring-jesus,21,21,0,35
kwere,14273,meaning-and-purpose,18,18,0,35
kwere,14273,hope-and-perseverance,16,16,0,35
kwere,14273,love-and-belonging,12,12,0,35
kwere,14273,forgiveness-and-new-beginnings,7,7,0,35
kwere,14273,exploring-jesus,21,21,0,35
kwese,15633,meaning-and-purpose,18,18,0,35
kwese,15633,hope-and-perseverance,16,16,0,35
kwese,15633,love-and-belonging,12,12,0,35
kwese,15633,forgiveness-and-new-beginnings,7,7,0,35
kwese,15633,exploring-jesus,21,21,0,35
kyrgyz,53299,meaning-and-purpose,26,26,0,79
kyrgyz,53299,hope-and-perseverance,32,31,1,80
kyrgyz,53299,love-and-belonging,30,28,2,81
kyrgyz,53299,forgiveness-and-new-beginnings,19,18,1,80
kyrgyz,53299,exploring-jesus,52,52,0,79
laadi,4350,meaning-and-purpose,18,18,0,35
laadi,4350,hope-and-perseverance,16,16,0,35
laadi,4350,love-and-belonging,12,12,0,35
laadi,4350,forgiveness-and-new-beginnings,7,7,0,35
laadi,4350,exploring-jesus,21,21,0,35
laarim,99460,meaning-and-purpose,23,23,0,56
laarim,99460,hope-and-perseverance,26,26,0,56
laarim,99460,love-and-belonging,20,19,1,57
laarim,99460,forgiveness-and-new-beginnings,10,9,1,57
laarim,99460,exploring-jesus,37,37,0,56
label,141691,meaning-and-purpose,18,18,0,35
label,141691,hope-and-perseverance,16,16,0,35
label,141691,love-and-belonging,12,12,0,35
label,141691,forgiveness-and-new-beginnings,7,7,0,35
label,141691,exploring-jesus,21,21,0,35
ladakhi,6271,meaning-and-purpose,18,18,0,35
ladakhi,6271,hope-and-perseverance,16,16,0,35
ladakhi,6271,love-and-belonging,12,12,0,35
ladakhi,6271,forgiveness-and-new-beginnings,7,7,0,35
ladakhi,6271,exploring-jesus,21,21,0,35
lahu,3794,meaning-and-purpose,18,18,0,35
lahu,3794,hope-and-perseverance,16,16,0,35
lahu,3794,love-and-belonging,12,12,0,35
lahu,3794,forgiveness-and-new-beginnings,7,7,0,35
lahu,3794,exploring-jesus,21,21,0,35
lak,18509,meaning-and-purpose,18,18,0,35
lak,18509,hope-and-perseverance,16,16,0,35
lak,18509,love-and-belonging,12,12,0,35
lak,18509,forgiveness-and-new-beginnings,7,7,0,35
lak,18509,exploring-jesus,21,21,0,35
lala,106963,meaning-and-purpose,0,0,0,0
lala,106963,hope-and-perseverance,0,0,0,0
lala,106963,love-and-belonging,0,0,0,0
lala,106963,forgiveness-and-new-beginnings,0,0,0,0
lala,106963,exploring-jesus,0,0,0,0
lala,15622,meaning-and-purpose,0,0,0,0
lala,15622,hope-and-perseverance,0,0,0,0
lala,15622,love-and-belonging,0,0,0,0
lala,15622,forgiveness-and-new-beginnings,0,0,0,0
lala,15622,exploring-jesus,0,0,0,0
lama,1333,meaning-and-purpose,18,18,0,35
lama,1333,hope-and-perseverance,16,16,0,35
lama,1333,love-and-belonging,12,12,0,35
lama,1333,forgiveness-and-new-beginnings,7,7,0,35
lama,1333,exploring-jesus,21,21,0,35
lamaholot,17239,meaning-and-purpose,18,18,0,35
lamaholot,17239,hope-and-perseverance,16,16,0,35
lamaholot,17239,love-and-belonging,12,12,0,35
lamaholot,17239,forgiveness-and-new-beginnings,7,7,0,35
lamaholot,17239,exploring-jesus,21,21,0,35
lamalera,143732,meaning-and-purpose,18,18,0,35
lamalera,143732,hope-and-perseverance,16,16,0,35
lamalera,143732,love-and-belonging,12,12,0,35
lamalera,143732,forgiveness-and-new-beginnings,7,7,0,35
lamalera,143732,exploring-jesus,21,21,0,35
lamatuka,143731,meaning-and-purpose,18,18,0,35
lamatuka,143731,hope-and-perseverance,16,16,0,35
lamatuka,143731,love-and-belonging,12,12,0,35
lamatuka,143731,forgiveness-and-new-beginnings,7,7,0,35
lamatuka,143731,exploring-jesus,21,21,0,35
lamba,15631,meaning-and-purpose,18,18,0,35
lamba,15631,hope-and-perseverance,16,16,0,35
lamba,15631,love-and-belonging,12,12,0,35
lamba,15631,forgiveness-and-new-beginnings,7,7,0,35
lamba,15631,exploring-jesus,21,21,0,35
lambadi,20777,meaning-and-purpose,18,18,0,35
lambadi,20777,hope-and-perseverance,16,16,0,35
lambadi,20777,love-and-belonging,12,12,0,35
lambadi,20777,forgiveness-and-new-beginnings,7,7,0,35
lambadi,20777,exploring-jesus,21,21,0,35
lambya,7792,meaning-and-purpose,18,18,0,35
lambya,7792,hope-and-perseverance,16,16,0,35
lambya,7792,love-and-belonging,12,12,0,35
lambya,7792,forgiveness-and-new-beginnings,7,7,0,35
lambya,7792,exploring-jesus,21,21,0,35
lamnso,2331,meaning-and-purpose,18,18,0,35
lamnso,2331,hope-and-perseverance,16,16,0,35
lamnso,2331,love-and-belonging,12,12,0,35
lamnso,2331,forgiveness-and-new-beginnings,7,7,0,35
lamnso,2331,exploring-jesus,21,21,0,35
lampung-api,141801,meaning-and-purpose,18,18,0,35
lampung-api,141801,hope-and-perseverance,16,16,0,35
lampung-api,141801,love-and-belonging,12,12,0,35
lampung-api,141801,forgiveness-and-new-beginnings,7,7,0,35
lampung-api,141801,exploring-jesus,21,21,0,35
lampung-nyo,139250,meaning-and-purpose,18,18,0,35
lampung-nyo,139250,hope-and-perseverance,16,16,0,35
lampung-nyo,139250,love-and-belonging,12,12,0,35
lampung-nyo,139250,forgiveness-and-new-beginnings,7,7,0,35
lampung-nyo,139250,exploring-jesus,21,21,0,35
langilan-manobo,185340,meaning-and-purpose,18,18,0,35
langilan-manobo,185340,hope-and-perseverance,16,16,0,35
langilan-manobo,185340,love-and-belonging,12,12,0,35
langilan-manobo,185340,forgiveness-and-new-beginnings,7,7,0,35
langilan-manobo,185340,exploring-jesus,21,21,0,35
lango-south-sudan,143747,meaning-and-purpose,18,18,0,35
lango-south-sudan,143747,hope-and-perseverance,16,16,0,35
lango-south-sudan,143747,love-and-belonging,12,12,0,35
lango-south-sudan,143747,forgiveness-and-new-beginnings,7,7,0,35
lango-south-sudan,143747,exploring-jesus,21,21,0,35
lango-uganda,19884,meaning-and-purpose,18,18,0,35
lango-uganda,19884,hope-and-perseverance,16,16,0,35
lango-uganda,19884,love-and-belonging,12,12,0,35
lango-uganda,19884,forgiveness-and-new-beginnings,7,7,0,35
lango-uganda,19884,exploring-jesus,21,21,0,35
lao,7411,meaning-and-purpose,25,25,0,71
lao,7411,hope-and-perseverance,30,29,1,72
lao,7411,love-and-belonging,30,28,2,73
lao,7411,forgiveness-and-new-beginnings,16,15,1,72
lao,7411,exploring-jesus,44,44,0,71
laro,143834,meaning-and-purpose,18,18,0,35
laro,143834,hope-and-perseverance,16,16,0,35
laro,143834,love-and-belonging,12,12,0,35
laro,143834,forgiveness-and-new-beginnings,7,7,0,35
laro,143834,exploring-jesus,21,21,0,35
lashi,4045,meaning-and-purpose,18,18,0,35
lashi,4045,hope-and-perseverance,16,16,0,35
lashi,4045,love-and-belonging,12,12,0,35
lashi,4045,forgiveness-and-new-beginnings,7,7,0,35
lashi,4045,exploring-jesus,21,21,0,35
latvian,7519,meaning-and-purpose,18,18,0,38
latvian,7519,hope-and-perseverance,17,17,0,38
latvian,7519,love-and-belonging,13,13,0,38
latvian,7519,forgiveness-and-new-beginnings,8,8,0,38
latvian,7519,exploring-jesus,23,23,0,38
lawangan,16805,meaning-and-purpose,18,18,0,35
lawangan,16805,hope-and-perseverance,16,16,0,35
lawangan,16805,love-and-belonging,12,12,0,35
lawangan,16805,forgiveness-and-new-beginnings,7,7,0,35
lawangan,16805,exploring-jesus,21,21,0,35
lebanese-sign-language,139080,meaning-and-purpose,0,0,0,1
lebanese-sign-language,139080,hope-and-perseverance,0,0,0,1
lebanese-sign-language,139080,love-and-belonging,1,1,0,1
lebanese-sign-language,139080,forgiveness-and-new-beginnings,0,0,0,1
lebanese-sign-language,139080,exploring-jesus,1,1,0,1
lebanese-syrian-arabic,156811,meaning-and-purpose,3,3,0,10
lebanese-syrian-arabic,156811,hope-and-perseverance,1,1,0,10
lebanese-syrian-arabic,156811,love-and-belonging,3,3,0,10
lebanese-syrian-arabic,156811,forgiveness-and-new-beginnings,3,3,0,10
lebanese-syrian-arabic,156811,exploring-jesus,9,9,0,10
ledo-ija,17492,meaning-and-purpose,18,18,0,35
ledo-ija,17492,hope-and-perseverance,16,16,0,35
ledo-ija,17492,love-and-belonging,12,12,0,35
ledo-ija,17492,forgiveness-and-new-beginnings,7,7,0,35
ledo-ija,17492,exploring-jesus,21,21,0,35
ledo-taa,185194,meaning-and-purpose,18,18,0,35
ledo-taa,185194,hope-and-perseverance,16,16,0,35
ledo-taa,185194,love-and-belonging,12,12,0,35
ledo-taa,185194,forgiveness-and-new-beginnings,7,7,0,35
ledo-taa,185194,exploring-jesus,21,21,0,35
legbo,9291,meaning-and-purpose,18,18,0,35
legbo,9291,hope-and-perseverance,16,16,0,35
legbo,9291,love-and-belonging,12,12,0,35
legbo,9291,forgiveness-and-new-beginnings,7,7,0,35
legbo,9291,exploring-jesus,21,21,0,35
lelemi,5251,meaning-and-purpose,18,18,0,35
lelemi,5251,hope-and-perseverance,16,16,0,35
lelemi,5251,love-and-belonging,12,12,0,35
lelemi,5251,forgiveness-and-new-beginnings,7,7,0,35
lelemi,5251,exploring-jesus,21,21,0,35
lendu,15615,meaning-and-purpose,18,18,0,35
lendu,15615,hope-and-perseverance,16,16,0,35
lendu,15615,love-and-belonging,12,12,0,35
lendu,15615,forgiveness-and-new-beginnings,7,7,0,35
lendu,15615,exploring-jesus,21,21,0,35
lenje,19898,meaning-and-purpose,18,18,0,35
lenje,19898,hope-and-perseverance,16,16,0,35
lenje,19898,love-and-belonging,12,12,0,35
lenje,19898,forgiveness-and-new-beginnings,7,7,0,35
lenje,19898,exploring-jesus,21,21,0,35
lepcha,1352,meaning-and-purpose,18,18,0,35
lepcha,1352,hope-and-perseverance,16,16,0,35
lepcha,1352,love-and-belonging,12,12,0,35
lepcha,1352,forgiveness-and-new-beginnings,7,7,0,35
lepcha,1352,exploring-jesus,21,21,0,35
lepki,143827,meaning-and-purpose,18,18,0,35
lepki,143827,hope-and-perseverance,16,16,0,35
lepki,143827,love-and-belonging,12,12,0,35
lepki,143827,forgiveness-and-new-beginnings,7,7,0,35
lepki,143827,exploring-jesus,21,21,0,35
lesser-antillean-creole-french,4472,meaning-and-purpose,18,18,0,35
lesser-antillean-creole-french,4472,hope-and-perseverance,16,16,0,35
lesser-antillean-creole-french,4472,love-and-belonging,12,12,0,35
lesser-antillean-creole-french,4472,forgiveness-and-new-beginnings,7,7,0,35
lesser-antillean-creole-french,4472,exploring-jesus,21,21,0,35
letuama-tanimuca,41117,meaning-and-purpose,0,0,0,1
letuama-tanimuca,41117,hope-and-perseverance,0,0,0,1
letuama-tanimuca,41117,love-and-belonging,0,0,0,1
letuama-tanimuca,41117,forgiveness-and-new-beginnings,0,0,0,1
letuama-tanimuca,41117,exploring-jesus,1,1,0,1
levantine-turkmen,53345,meaning-and-purpose,18,18,0,35
levantine-turkmen,53345,hope-and-perseverance,16,16,0,35
levantine-turkmen,53345,love-and-belonging,12,12,0,35
levantine-turkmen,53345,forgiveness-and-new-beginnings,7,7,0,35
levantine-turkmen,53345,exploring-jesus,21,21,0,35
levuka,144034,meaning-and-purpose,18,18,0,35
levuka,144034,hope-and-perseverance,16,16,0,35
levuka,144034,love-and-belonging,12,12,0,35
levuka,144034,forgiveness-and-new-beginnings,7,7,0,35
levuka,144034,exploring-jesus,21,21,0,35
lewo,144042,meaning-and-purpose,18,18,0,35
lewo,144042,hope-and-perseverance,16,16,0,35
lewo,144042,love-and-belonging,12,12,0,35
lewo,144042,forgiveness-and-new-beginnings,7,7,0,35
lewo,144042,exploring-jesus,21,21,0,35
lewo-eleng,144036,meaning-and-purpose,18,18,0,35
lewo-eleng,144036,hope-and-perseverance,16,16,0,35
lewo-eleng,144036,love-and-belonging,12,12,0,35
lewo-eleng,144036,forgiveness-and-new-beginnings,7,7,0,35
lewo-eleng,144036,exploring-jesus,21,21,0,35
lezgi,1127,meaning-and-purpose,18,18,0,35
lezgi,1127,hope-and-perseverance,16,16,0,35
lezgi,1127,love-and-belonging,12,12,0,35
lezgi,1127,forgiveness-and-new-beginnings,7,7,0,35
lezgi,1127,exploring-jesus,21,21,0,35
lhao-vo,23044,meaning-and-purpose,18,18,0,35
lhao-vo,23044,hope-and-perseverance,16,16,0,35
lhao-vo,23044,love-and-belonging,12,12,0,35
lhao-vo,23044,forgiveness-and-new-beginnings,7,7,0,35
lhao-vo,23044,exploring-jesus,21,21,0,35
lhasa-tibetan,21795,meaning-and-purpose,19,19,0,41
lhasa-tibetan,21795,hope-and-perseverance,18,18,0,41
lhasa-tibetan,21795,love-and-belonging,13,13,0,41
lhasa-tibetan,21795,forgiveness-and-new-beginnings,9,9,0,41
lhasa-tibetan,21795,exploring-jesus,26,26,0,41
li-bendi,23019,meaning-and-purpose,18,18,0,35
li-bendi,23019,hope-and-perseverance,16,16,0,35
li-bendi,23019,love-and-belonging,12,12,0,35
li-bendi,23019,forgiveness-and-new-beginnings,7,7,0,35
li-bendi,23019,exploring-jesus,21,21,0,35
li-qi,22838,meaning-and-purpose,18,18,0,35
li-qi,22838,hope-and-perseverance,16,16,0,35
li-qi,22838,love-and-belonging,12,12,0,35
li-qi,22838,forgiveness-and-new-beginnings,7,7,0,35
li-qi,22838,exploring-jesus,21,21,0,35
lihir,141789,meaning-and-purpose,18,18,0,35
lihir,141789,hope-and-perseverance,16,16,0,35
lihir,141789,love-and-belonging,12,12,0,35
lihir,141789,forgiveness-and-new-beginnings,7,7,0,35
lihir,141789,exploring-jesus,21,21,0,35
lik,184626,meaning-and-purpose,18,18,0,35
lik,184626,hope-and-perseverance,16,16,0,35
lik,184626,love-and-belonging,12,12,0,35
lik,184626,forgiveness-and-new-beginnings,7,7,0,35
lik,184626,exploring-jesus,21,21,0,35
lika,15395,meaning-and-purpose,18,18,0,35
lika,15395,hope-and-perseverance,16,16,0,35
lika,15395,love-and-belonging,12,12,0,35
lika,15395,forgiveness-and-new-beginnings,7,7,0,35
lika,15395,exploring-jesus,21,21,0,35
likoonl,108321,meaning-and-purpose,18,18,0,35
likoonl,108321,hope-and-perseverance,16,16,0,35
likoonl,108321,love-and-belonging,12,12,0,35
likoonl,108321,forgiveness-and-new-beginnings,7,7,0,35
likoonl,108321,exploring-jesus,21,21,0,35
limba-tonko-sella,184933,meaning-and-purpose,18,18,0,39
limba-tonko-sella,184933,hope-and-perseverance,17,17,0,39
limba-tonko-sella,184933,love-and-belonging,14,14,0,39
limba-tonko-sella,184933,forgiveness-and-new-beginnings,10,10,0,39
limba-tonko-sella,184933,exploring-jesus,23,23,0,39
limba-west-central,13110,meaning-and-purpose,0,0,0,0
limba-west-central,13110,hope-and-perseverance,0,0,0,0
limba-west-central,13110,love-and-belonging,0,0,0,0
limba-west-central,13110,forgiveness-and-new-beginnings,0,0,0,0
limba-west-central,13110,exploring-jesus,0,0,0,0
limbu,6259,meaning-and-purpose,18,18,0,35
limbu,6259,hope-and-perseverance,16,16,0,35
limbu,6259,love-and-belonging,12,12,0,35
limbu,6259,forgiveness-and-new-beginnings,7,7,0,35
limbu,6259,exploring-jesus,21,21,0,35
limbum,2565,meaning-and-purpose,18,18,0,35
limbum,2565,hope-and-perseverance,16,16,0,35
limbum,2565,love-and-belonging,12,12,0,35
limbum,2565,forgiveness-and-new-beginnings,7,7,0,35
limbum,2565,exploring-jesus,21,21,0,35
lingala,4344,meaning-and-purpose,41,41,0,104
lingala,4344,hope-and-perseverance,44,43,1,105
lingala,4344,love-and-belonging,46,44,2,106
lingala,4344,forgiveness-and-new-beginnings,29,28,1,105
lingala,4344,exploring-jesus,51,51,0,104
lingao,3964,meaning-and-purpose,18,18,0,36
lingao,3964,hope-and-perseverance,16,16,0,36
lingao,3964,love-and-belonging,12,12,0,36
lingao,3964,forgiveness-and-new-beginnings,7,7,0,36
lingao,3964,exploring-jesus,22,22,0,36
lio,24211,meaning-and-purpose,18,18,0,35
lio,24211,hope-and-perseverance,16,16,0,35
lio,24211,love-and-belonging,12,12,0,35
lio,24211,forgiveness-and-new-beginnings,7,7,0,35
lio,24211,exploring-jesus,21,21,0,35
lipo-eastern,22839,meaning-and-purpose,18,18,0,35
lipo-eastern,22839,hope-and-perseverance,16,16,0,35
lipo-eastern,22839,love-and-belonging,12,12,0,35
lipo-eastern,22839,forgiveness-and-new-beginnings,7,7,0,35
lipo-eastern,22839,exploring-jesus,21,21,0,35
lipovan,185230,meaning-and-purpose,18,18,0,35
lipovan,185230,hope-and-perseverance,16,16,0,35
lipovan,185230,love-and-belonging,12,12,0,35
lipovan,185230,forgiveness-and-new-beginnings,7,7,0,35
lipovan,185230,exploring-jesus,21,21,0,35
lis-ma-ron,53423,meaning-and-purpose,18,18,0,35
lis-ma-ron,53423,hope-and-perseverance,16,16,0,35
lis-ma-ron,53423,love-and-belonging,12,12,0,35
lis-ma-ron,53423,forgiveness-and-new-beginnings,7,7,0,35
lis-ma-ron,53423,exploring-jesus,21,21,0,35
lisu,19908,meaning-and-purpose,18,18,0,35
lisu,19908,hope-and-perseverance,16,16,0,35
lisu,19908,love-and-belonging,12,12,0,35
lisu,19908,forgiveness-and-new-beginnings,7,7,0,35
lisu,19908,exploring-jesus,21,21,0,35
lithuanian,7698,meaning-and-purpose,28,28,0,81
lithuanian,7698,hope-and-perseverance,33,32,1,82
lithuanian,7698,love-and-belonging,32,30,2,83
lithuanian,7698,forgiveness-and-new-beginnings,17,16,1,82
lithuanian,7698,exploring-jesus,50,50,0,81
lobala,4343,meaning-and-purpose,18,18,0,35
lobala,4343,hope-and-perseverance,16,16,0,35
lobala,4343,love-and-belonging,12,12,0,35
lobala,4343,forgiveness-and-new-beginnings,7,7,0,35
lobala,4343,exploring-jesus,21,21,0,35
lobi,143751,meaning-and-purpose,18,18,0,35
lobi,143751,hope-and-perseverance,16,16,0,35
lobi,143751,love-and-belonging,12,12,0,35
lobi,143751,forgiveness-and-new-beginnings,7,7,0,35
lobi,143751,exploring-jesus,21,21,0,35
logo,15383,meaning-and-purpose,18,18,0,35
logo,15383,hope-and-perseverance,16,16,0,35
logo,15383,love-and-belonging,12,12,0,35
logo,15383,forgiveness-and-new-beginnings,7,7,0,35
logo,15383,exploring-jesus,21,21,0,35
lokaa,23154,meaning-and-purpose,18,18,0,35
lokaa,23154,hope-and-perseverance,16,16,0,35
lokaa,23154,love-and-belonging,12,12,0,35
lokaa,23154,forgiveness-and-new-beginnings,7,7,0,35
lokaa,23154,exploring-jesus,21,21,0,35
loko,19922,meaning-and-purpose,18,18,0,39
loko,19922,hope-and-perseverance,17,17,0,39
loko,19922,love-and-belonging,14,14,0,39
loko,19922,forgiveness-and-new-beginnings,10,10,0,39
loko,19922,exploring-jesus,23,23,0,39
lokpa,176838,meaning-and-purpose,23,23,0,61
lokpa,176838,hope-and-perseverance,27,27,0,61
lokpa,176838,love-and-belonging,22,21,1,62
lokpa,176838,forgiveness-and-new-beginnings,13,12,1,62
lokpa,176838,exploring-jesus,40,40,0,61
lolo,27261,meaning-and-purpose,18,18,0,35
lolo,27261,hope-and-perseverance,16,16,0,35
lolo,27261,love-and-belonging,12,12,0,35
lolo,27261,forgiveness-and-new-beginnings,7,7,0,35
lolo,27261,exploring-jesus,21,21,0,35
loloda,16906,meaning-and-purpose,18,18,0,35
loloda,16906,hope-and-perseverance,16,16,0,35
loloda,16906,love-and-belonging,12,12,0,35
loloda,16906,forgiveness-and-new-beginnings,7,7,0,35
loloda,16906,exploring-jesus,21,21,0,35
loma,7584,meaning-and-purpose,18,18,0,35
loma,7584,hope-and-perseverance,16,16,0,35
loma,7584,love-and-belonging,12,12,0,35
loma,7584,forgiveness-and-new-beginnings,7,7,0,35
loma,7584,exploring-jesus,21,21,0,35
lomwe,7790,meaning-and-purpose,18,18,0,35
lomwe,7790,hope-and-perseverance,16,16,0,35
lomwe,7790,love-and-belonging,12,12,0,35
lomwe,7790,forgiveness-and-new-beginnings,7,7,0,35
lomwe,7790,exploring-jesus,21,21,0,35
longuda,9506,meaning-and-purpose,18,18,0,35
longuda,9506,hope-and-perseverance,16,16,0,35
longuda,9506,love-and-belonging,12,12,0,35
longuda,9506,forgiveness-and-new-beginnings,7,7,0,35
longuda,9506,exploring-jesus,21,21,0,35
lopit,13664,meaning-and-purpose,23,23,0,56
lopit,13664,hope-and-perseverance,26,26,0,56
lopit,13664,love-and-belonging,20,19,1,57
lopit,13664,forgiveness-and-new-beginnings,10,9,1,57
lopit,13664,exploring-jesus,37,37,0,56
lorung-northern,99260,meaning-and-purpose,18,18,0,35
lorung-northern,99260,hope-and-perseverance,16,16,0,35
lorung-northern,99260,love-and-belonging,12,12,0,35
lorung-northern,99260,forgiveness-and-new-beginnings,7,7,0,35
lorung-northern,99260,exploring-jesus,21,21,0,35
lote,11092,meaning-and-purpose,18,18,0,35
lote,11092,hope-and-perseverance,16,16,0,35
lote,11092,love-and-belonging,12,12,0,35
lote,11092,forgiveness-and-new-beginnings,7,7,0,35
lote,11092,exploring-jesus,21,21,0,35
lower-daga,146764,meaning-and-purpose,18,18,0,35
lower-daga,146764,hope-and-perseverance,16,16,0,35
lower-daga,146764,love-and-belonging,12,12,0,35
lower-daga,146764,forgiveness-and-new-beginnings,7,7,0,35
lower-daga,146764,exploring-jesus,21,21,0,35
lozi,8799,meaning-and-purpose,18,18,0,39
lozi,8799,hope-and-perseverance,17,17,0,39
lozi,8799,love-and-belonging,14,14,0,39
lozi,8799,forgiveness-and-new-beginnings,10,10,0,39
lozi,8799,exploring-jesus,23,23,0,39
lubu,17732,meaning-and-purpose,18,18,0,35
lubu,17732,hope-and-perseverance,16,16,0,35
lubu,17732,love-and-belonging,12,12,0,35
lubu,17732,forgiveness-and-new-beginnings,7,7,0,35
lubu,17732,exploring-jesus,21,21,0,35
lubwisi,22203,meaning-and-purpose,18,18,0,35
lubwisi,22203,hope-and-perseverance,16,16,0,35
lubwisi,22203,love-and-belonging,12,12,0,35
lubwisi,22203,forgiveness-and-new-beginnings,7,7,0,35
lubwisi,22203,exploring-jesus,21,21,0,35
luchazi,555,meaning-and-purpose,18,18,0,35
luchazi,555,hope-and-perseverance,16,16,0,35
luchazi,555,love-and-belonging,12,12,0,35
luchazi,555,forgiveness-and-new-beginnings,7,7,0,35
luchazi,555,exploring-jesus,21,21,0,35
luganda,20675,meaning-and-purpose,43,43,0,114
luganda,20675,hope-and-perseverance,45,44,1,115
luganda,20675,love-and-belonging,49,47,2,116
luganda,20675,forgiveness-and-new-beginnings,32,31,1,115
luganda,20675,exploring-jesus,60,60,0,114
lugbara,23981,meaning-and-purpose,18,18,0,39
lugbara,23981,hope-and-perseverance,17,17,0,39
lugbara,23981,love-and-belonging,14,14,0,39
lugbara,23981,forgiveness-and-new-beginnings,10,10,0,39
lugbara,23981,exploring-jesus,23,23,0,39
lughuru,132358,meaning-and-purpose,18,18,0,35
lughuru,132358,hope-and-perseverance,16,16,0,35
lughuru,132358,love-and-belonging,12,12,0,35
lughuru,132358,forgiveness-and-new-beginnings,7,7,0,35
lughuru,132358,exploring-jesus,21,21,0,35
lukabaras,99311,meaning-and-purpose,18,18,0,35
lukabaras,99311,hope-and-perseverance,16,16,0,35
lukabaras,99311,love-and-belonging,12,12,0,35
lukabaras,99311,forgiveness-and-new-beginnings,7,7,0,35
lukabaras,99311,exploring-jesus,21,21,0,35
lukpa,1305,meaning-and-purpose,18,18,0,35
lukpa,1305,hope-and-perseverance,16,16,0,35
lukpa,1305,love-and-belonging,12,12,0,35
lukpa,1305,forgiveness-and-new-beginnings,7,7,0,35
lukpa,1305,exploring-jesus,21,21,0,35
lumasaba,20815,meaning-and-purpose,18,18,0,35
lumasaba,20815,hope-and-perseverance,16,16,0,35
lumasaba,20815,love-and-belonging,12,12,0,35
lumasaba,20815,forgiveness-and-new-beginnings,7,7,0,35
lumasaba,20815,exploring-jesus,21,21,0,35
lumun,141728,meaning-and-purpose,18,18,0,35
lumun,141728,hope-and-perseverance,16,16,0,35
lumun,141728,love-and-belonging,12,12,0,35
lumun,141728,forgiveness-and-new-beginnings,7,7,0,35
lumun,141728,exploring-jesus,21,21,0,35
lunda,573,meaning-and-purpose,18,18,0,35
lunda,573,hope-and-perseverance,16,16,0,35
lunda,573,love-and-belonging,12,12,0,35
lunda,573,forgiveness-and-new-beginnings,7,7,0,35
lunda,573,exploring-jesus,21,21,0,35
lundayeh,1918,meaning-and-purpose,18,18,0,35
lundayeh,1918,hope-and-perseverance,16,16,0,35
lundayeh,1918,love-and-belonging,12,12,0,35
lundayeh,1918,forgiveness-and-new-beginnings,7,7,0,35
lundayeh,1918,exploring-jesus,21,21,0,35
lungga,141767,meaning-and-purpose,18,18,0,35
lungga,141767,hope-and-perseverance,16,16,0,35
lungga,141767,love-and-belonging,12,12,0,35
lungga,141767,forgiveness-and-new-beginnings,7,7,0,35
lungga,141767,exploring-jesus,21,21,0,35
luo,19936,meaning-and-purpose,18,18,0,39
luo,19936,hope-and-perseverance,17,17,0,39
luo,19936,love-and-belonging,14,14,0,39
luo,19936,forgiveness-and-new-beginnings,10,10,0,39
luo,19936,exploring-jesus,23,23,0,39
luragoli,20785,meaning-and-purpose,18,18,0,35
luragoli,20785,hope-and-perseverance,16,16,0,35
luragoli,20785,love-and-belonging,12,12,0,35
luragoli,20785,forgiveness-and-new-beginnings,7,7,0,35
luragoli,20785,exploring-jesus,21,21,0,35
luri-luristan-province-iran,23743,meaning-and-purpose,17,17,0,34
luri-luristan-province-iran,23743,hope-and-perseverance,16,16,0,34
luri-luristan-province-iran,23743,love-and-belonging,12,12,0,34
luri-luristan-province-iran,23743,forgiveness-and-new-beginnings,7,7,0,34
luri-luristan-province-iran,23743,exploring-jesus,20,20,0,34
lusoga,20926,meaning-and-purpose,18,18,0,39
lusoga,20926,hope-and-perseverance,17,17,0,39
lusoga,20926,love-and-belonging,14,14,0,39
lusoga,20926,forgiveness-and-new-beginnings,10,10,0,39
lusoga,20926,exploring-jesus,23,23,0,39
lutos,143542,meaning-and-purpose,18,18,0,35
lutos,143542,hope-and-perseverance,16,16,0,35
lutos,143542,love-and-belonging,12,12,0,35
lutos,143542,forgiveness-and-new-beginnings,7,7,0,35
lutos,143542,exploring-jesus,21,21,0,35
luvale,554,meaning-and-purpose,18,18,0,35
luvale,554,hope-and-perseverance,16,16,0,35
luvale,554,love-and-belonging,12,12,0,35
luvale,554,forgiveness-and-new-beginnings,7,7,0,35
luvale,554,exploring-jesus,21,21,0,35
luwo,13915,meaning-and-purpose,18,18,0,35
luwo,13915,hope-and-perseverance,16,16,0,35
luwo,13915,love-and-belonging,12,12,0,35
luwo,13915,forgiveness-and-new-beginnings,7,7,0,35
luwo,13915,exploring-jesus,21,21,0,35
luwu-tae,144740,meaning-and-purpose,18,18,0,35
luwu-tae,144740,hope-and-perseverance,16,16,0,35
luwu-tae,144740,love-and-belonging,12,12,0,35
luwu-tae,144740,forgiveness-and-new-beginnings,7,7,0,35
luwu-tae,144740,exploring-jesus,21,21,0,35
lyele,2035,meaning-and-purpose,18,18,0,35
lyele,2035,hope-and-perseverance,16,16,0,35
lyele,2035,love-and-belonging,12,12,0,35
lyele,2035,forgiveness-and-new-beginnings,7,7,0,35
lyele,2035,exploring-jesus,21,21,0,35
maanyan,16781,meaning-and-purpose,18,18,0,35
maanyan,16781,hope-and-perseverance,16,16,0,35
maanyan,16781,love-and-belonging,12,12,0,35
maanyan,16781,forgiveness-and-new-beginnings,7,7,0,35
maanyan,16781,exploring-jesus,21,21,0,35
maasai,7309,meaning-and-purpose,23,23,0,60
maasai,7309,hope-and-perseverance,27,27,0,60
maasai,7309,love-and-belonging,22,21,1,61
maasai,7309,forgiveness-and-new-beginnings,13,12,1,61
maasai,7309,exploring-jesus,39,39,0,60
maay,13376,meaning-and-purpose,23,23,0,56
maay,13376,hope-and-perseverance,26,26,0,56
maay,13376,love-and-belonging,20,19,1,57
maay,13376,forgiveness-and-new-beginnings,10,9,1,57
maay,13376,exploring-jesus,37,37,0,56
macedonian,20796,meaning-and-purpose,24,24,0,69
macedonian,20796,hope-and-perseverance,29,28,1,70
macedonian,20796,love-and-belonging,28,26,2,71
macedonian,20796,forgiveness-and-new-beginnings,16,15,1,70
macedonian,20796,exploring-jesus,43,43,0,69
mada,19951,meaning-and-purpose,18,18,0,35
mada,19951,hope-and-perseverance,16,16,0,35
mada,19951,love-and-belonging,12,12,0,35
mada,19951,forgiveness-and-new-beginnings,7,7,0,35
mada,19951,exploring-jesus,21,21,0,35
madi,13893,meaning-and-purpose,18,18,0,35
madi,13893,hope-and-perseverance,16,16,0,35
madi,13893,love-and-belonging,12,12,0,35
madi,13893,forgiveness-and-new-beginnings,7,7,0,35
madi,13893,exploring-jesus,21,21,0,35
madi-okollo,139183,meaning-and-purpose,18,18,0,35
madi-okollo,139183,hope-and-perseverance,16,16,0,35
madi-okollo,139183,love-and-belonging,12,12,0,35
madi-okollo,139183,forgiveness-and-new-beginnings,7,7,0,35
madi-okollo,139183,exploring-jesus,21,21,0,35
madura,13183,meaning-and-purpose,18,18,0,35
madura,13183,hope-and-perseverance,16,16,0,35
madura,13183,love-and-belonging,12,12,0,35
madura,13183,forgiveness-and-new-beginnings,7,7,0,35
madura,13183,exploring-jesus,21,21,0,35
mafa,2556,meaning-and-purpose,18,18,0,35
mafa,2556,hope-and-perseverance,16,16,0,35
mafa,2556,love-and-belonging,12,12,0,35
mafa,2556,forgiveness-and-new-beginnings,7,7,0,35
mafa,2556,exploring-jesus,21,21,0,35
magahi,6186,meaning-and-purpose,18,18,0,35
magahi,6186,hope-and-perseverance,16,16,0,35
magahi,6186,love-and-belonging,12,12,0,35
magahi,6186,forgiveness-and-new-beginnings,7,7,0,35
magahi,6186,exploring-jesus,21,21,0,35
magar-eastern,1371,meaning-and-purpose,18,18,0,35
magar-eastern,1371,hope-and-perseverance,16,16,0,35
magar-eastern,1371,love-and-belonging,12,12,0,35
magar-eastern,1371,forgiveness-and-new-beginnings,7,7,0,35
magar-eastern,1371,exploring-jesus,21,21,0,35
magar-western,9030,meaning-and-purpose,18,18,0,35
magar-western,9030,hope-and-perseverance,16,16,0,35
magar-western,9030,love-and-belonging,12,12,0,35
magar-western,9030,forgiveness-and-new-beginnings,7,7,0,35
magar-western,9030,exploring-jesus,21,21,0,35
magindanaon,12635,meaning-and-purpose,23,23,0,56
magindanaon,12635,hope-and-perseverance,26,26,0,56
magindanaon,12635,love-and-belonging,20,19,1,57
magindanaon,12635,forgiveness-and-new-beginnings,10,9,1,57
magindanaon,12635,exploring-jesus,37,37,0,56
mahasu-pahari,184487,meaning-and-purpose,19,19,0,40
mahasu-pahari,184487,hope-and-perseverance,18,18,0,40
mahasu-pahari,184487,love-and-belonging,13,13,0,40
mahasu-pahari,184487,forgiveness-and-new-beginnings,9,9,0,40
mahasu-pahari,184487,exploring-jesus,25,25,0,40
mai-brat,16176,meaning-and-purpose,18,18,0,35
mai-brat,16176,hope-and-perseverance,16,16,0,35
mai-brat,16176,love-and-belonging,12,12,0,35
mai-brat,16176,forgiveness-and-new-beginnings,7,7,0,35
mai-brat,16176,exploring-jesus,21,21,0,35
mailu,144630,meaning-and-purpose,18,18,0,35
mailu,144630,hope-and-perseverance,16,16,0,35
mailu,144630,love-and-belonging,12,12,0,35
mailu,144630,forgiveness-and-new-beginnings,7,7,0,35
mailu,144630,exploring-jesus,21,21,0,35
maithili,6199,meaning-and-purpose,18,18,0,36
maithili,6199,hope-and-perseverance,16,16,0,36
maithili,6199,love-and-belonging,12,12,0,36
maithili,6199,forgiveness-and-new-beginnings,7,7,0,36
maithili,6199,exploring-jesus,22,22,0,36
maithili-nepal,184939,meaning-and-purpose,18,18,0,35
maithili-nepal,184939,hope-and-perseverance,16,16,0,35
maithili-nepal,184939,love-and-belonging,12,12,0,35
maithili-nepal,184939,forgiveness-and-new-beginnings,7,7,0,35
maithili-nepal,184939,exploring-jesus,21,21,0,35
maiwa,20324,meaning-and-purpose,18,18,0,35
maiwa,20324,hope-and-perseverance,16,16,0,35
maiwa,20324,love-and-belonging,12,12,0,35
maiwa,20324,forgiveness-and-new-beginnings,7,7,0,35
maiwa,20324,exploring-jesus,21,21,0,35
majang,143881,meaning-and-purpose,18,18,0,35
majang,143881,hope-and-perseverance,16,16,0,35
majang,143881,love-and-belonging,12,12,0,35
majang,143881,forgiveness-and-new-beginnings,7,7,0,35
majang,143881,exploring-jesus,21,21,0,35
majhi,143400,meaning-and-purpose,18,18,0,35
majhi,143400,hope-and-perseverance,16,16,0,35
majhi,143400,love-and-belonging,12,12,0,35
majhi,143400,forgiveness-and-new-beginnings,7,7,0,35
majhi,143400,exploring-jesus,21,21,0,35
makaa,2530,meaning-and-purpose,18,18,0,39
makaa,2530,hope-and-perseverance,17,17,0,39
makaa,2530,love-and-belonging,14,14,0,39
makaa,2530,forgiveness-and-new-beginnings,10,10,0,39
makaa,2530,exploring-jesus,23,23,0,39
makasar,21248,meaning-and-purpose,18,18,0,35
makasar,21248,hope-and-perseverance,16,16,0,35
makasar,21248,love-and-belonging,12,12,0,35
makasar,21248,forgiveness-and-new-beginnings,7,7,0,35
makasar,21248,exploring-jesus,21,21,0,35
makhau-tanzania,184505,meaning-and-purpose,18,18,0,35
makhau-tanzania,184505,hope-and-perseverance,16,16,0,35
makhau-tanzania,184505,love-and-belonging,12,12,0,35
makhau-tanzania,184505,forgiveness-and-new-beginnings,7,7,0,35
makhau-tanzania,184505,exploring-jesus,21,21,0,35
makhuwa,142483,meaning-and-purpose,18,18,0,39
makhuwa,142483,hope-and-perseverance,17,17,0,39
makhuwa,142483,love-and-belonging,14,14,0,39
makhuwa,142483,forgiveness-and-new-beginnings,10,10,0,39
makhuwa,142483,exploring-jesus,23,23,0,39
makoma,151261,meaning-and-purpose,18,18,0,35
makoma,151261,hope-and-perseverance,16,16,0,35
makoma,151261,love-and-belonging,12,12,0,35
makoma,151261,forgiveness-and-new-beginnings,7,7,0,35
makoma,151261,exploring-jesus,21,21,0,35
makonde-mozambique,8433,meaning-and-purpose,18,18,0,35
makonde-mozambique,8433,hope-and-perseverance,16,16,0,35
makonde-mozambique,8433,love-and-belonging,12,12,0,35
makonde-mozambique,8433,forgiveness-and-new-beginnings,7,7,0,35
makonde-mozambique,8433,exploring-jesus,21,21,0,35
makonde-tanzania,184494,meaning-and-purpose,18,18,0,35
makonde-tanzania,184494,hope-and-perseverance,16,16,0,35
makonde-tanzania,184494,love-and-belonging,12,12,0,35
makonde-tanzania,184494,forgiveness-and-new-beginnings,7,7,0,35
makonde-tanzania,184494,exploring-jesus,21,21,0,35
mal-paharia,6210,meaning-and-purpose,18,18,0,35
mal-paharia,6210,hope-and-perseverance,16,16,0,35
mal-paharia,6210,love-and-belonging,12,12,0,35
mal-paharia,6210,forgiveness-and-new-beginnings,7,7,0,35
mal-paharia,6210,exploring-jesus,21,21,0,35
malagasy,7761,meaning-and-purpose,25,25,0,74
malagasy,7761,hope-and-perseverance,30,29,1,75
malagasy,7761,love-and-belonging,31,29,2,76
malagasy,7761,forgiveness-and-new-beginnings,19,18,1,75
malagasy,7761,exploring-jesus,45,45,0,74
malagasy-antankarana,7750,meaning-and-purpose,18,18,0,35
malagasy-antankarana,7750,hope-and-perseverance,16,16,0,35
malagasy-antankarana,7750,love-and-belonging,12,12,0,35
malagasy-antankarana,7750,forgiveness-and-new-beginnings,7,7,0,35
malagasy-antankarana,7750,exploring-jesus,21,21,0,35
malagasy-antesaka,139117,meaning-and-purpose,18,18,0,35
malagasy-antesaka,139117,hope-and-perseverance,16,16,0,35
malagasy-antesaka,139117,love-and-belonging,12,12,0,35
malagasy-antesaka,139117,forgiveness-and-new-beginnings,7,7,0,35
malagasy-antesaka,139117,exploring-jesus,21,21,0,35
malagasy-northern-betsimisaraka,26664,meaning-and-purpose,18,18,0,35
malagasy-northern-betsimisaraka,26664,hope-and-perseverance,16,16,0,35
malagasy-northern-betsimisaraka,26664,love-and-belonging,12,12,0,35
malagasy-northern-betsimisaraka,26664,forgiveness-and-new-beginnings,7,7,0,35
malagasy-northern-betsimisaraka,26664,exploring-jesus,21,21,0,35
malagasy-southern-betsimisaraka,27226,meaning-and-purpose,18,18,0,35
malagasy-southern-betsimisaraka,27226,hope-and-perseverance,16,16,0,35
malagasy-southern-betsimisaraka,27226,love-and-belonging,12,12,0,35
malagasy-southern-betsimisaraka,27226,forgiveness-and-new-beginnings,7,7,0,35
malagasy-southern-betsimisaraka,27226,exploring-jesus,21,21,0,35
malagasy-tanosy,26972,meaning-and-purpose,18,18,0,35
malagasy-tanosy,26972,hope-and-perseverance,16,16,0,35
malagasy-tanosy,26972,love-and-belonging,12,12,0,35
malagasy-tanosy,26972,forgiveness-and-new-beginnings,7,7,0,35
malagasy-tanosy,26972,exploring-jesus,21,21,0,35
malango-teha,143497,meaning-and-purpose,18,18,0,35
malango-teha,143497,hope-and-perseverance,16,16,0,35
malango-teha,143497,love-and-belonging,12,12,0,35
malango-teha,143497,forgiveness-and-new-beginnings,7,7,0,35
malango-teha,143497,exploring-jesus,21,21,0,35
malay,1927,meaning-and-purpose,40,40,0,101
malay,1927,hope-and-perseverance,38,37,1,102
malay,1927,love-and-belonging,40,39,1,102
malay,1927,forgiveness-and-new-beginnings,28,28,0,101
malay,1927,exploring-jesus,52,52,0,101
malay-ambonese,16891,meaning-and-purpose,18,18,0,35
malay-ambonese,16891,hope-and-perseverance,16,16,0,35
malay-ambonese,16891,love-and-belonging,12,12,0,35
malay-ambonese,16891,forgiveness-and-new-beginnings,7,7,0,35
malay-ambonese,16891,exploring-jesus,21,21,0,35
malay-bukit,16883,meaning-and-purpose,18,18,0,35
malay-bukit,16883,hope-and-perseverance,16,16,0,35
malay-bukit,16883,love-and-belonging,12,12,0,35
malay-bukit,16883,forgiveness-and-new-beginnings,7,7,0,35
malay-bukit,16883,exploring-jesus,21,21,0,35
malay-jambi,17753,meaning-and-purpose,18,18,0,35
malay-jambi,17753,hope-and-perseverance,16,16,0,35
malay-jambi,17753,love-and-belonging,12,12,0,35
malay-jambi,17753,forgiveness-and-new-beginnings,7,7,0,35
malay-jambi,17753,exploring-jesus,21,21,0,35
malay-kota-bangun-kutai,16777,meaning-and-purpose,18,18,0,35
malay-kota-bangun-kutai,16777,hope-and-perseverance,16,16,0,35
malay-kota-bangun-kutai,16777,love-and-belonging,12,12,0,35
malay-kota-bangun-kutai,16777,forgiveness-and-new-beginnings,7,7,0,35
malay-kota-bangun-kutai,16777,exploring-jesus,21,21,0,35
malay-north-moluccan,16900,meaning-and-purpose,18,18,0,35
malay-north-moluccan,16900,hope-and-perseverance,16,16,0,35
malay-north-moluccan,16900,love-and-belonging,12,12,0,35
malay-north-moluccan,16900,forgiveness-and-new-beginnings,7,7,0,35
malay-north-moluccan,16900,exploring-jesus,21,21,0,35
malay-papuan,100882,meaning-and-purpose,18,18,0,35
malay-papuan,100882,hope-and-perseverance,16,16,0,35
malay-papuan,100882,love-and-belonging,12,12,0,35
malay-papuan,100882,forgiveness-and-new-beginnings,7,7,0,35
malay-papuan,100882,exploring-jesus,21,21,0,35
malay-pattani,14386,meaning-and-purpose,18,18,0,35
malay-pattani,14386,hope-and-perseverance,16,16,0,35
malay-pattani,14386,love-and-belonging,12,12,0,35
malay-pattani,14386,forgiveness-and-new-beginnings,7,7,0,35
malay-pattani,14386,exploring-jesus,21,21,0,35
malay-tenggarong-kutai,16695,meaning-and-purpose,18,18,0,35
malay-tenggarong-kutai,16695,hope-and-perseverance,16,16,0,35
malay-tenggarong-kutai,16695,love-and-belonging,12,12,0,35
malay-tenggarong-kutai,16695,forgiveness-and-new-beginnings,7,7,0,35
malay-tenggarong-kutai,16695,exploring-jesus,21,21,0,35
malayalam,19985,meaning-and-purpose,47,47,0,110
malayalam,19985,hope-and-perseverance,44,44,0,110
malayalam,19985,love-and-belonging,43,42,1,111
malayalam,19985,forgiveness-and-new-beginnings,24,23,1,111
malayalam,19985,exploring-jesus,60,60,0,110
malayic-dayak,143339,meaning-and-purpose,18,18,0,35
malayic-dayak,143339,hope-and-perseverance,16,16,0,35
malayic-dayak,143339,love-and-belonging,12,12,0,35
malayic-dayak,143339,forgiveness-and-new-beginnings,7,7,0,35
malayic-dayak,143339,exploring-jesus,21,21,0,35
male,4768,meaning-and-purpose,18,18,0,35
male,4768,hope-and-perseverance,16,16,0,35
male,4768,love-and-belonging,12,12,0,35
male,4768,forgiveness-and-new-beginnings,7,7,0,35
male,4768,exploring-jesus,21,21,0,35
malila,14260,meaning-and-purpose,18,18,0,35
malila,14260,hope-and-perseverance,16,16,0,35
malila,14260,love-and-belonging,12,12,0,35
malila,14260,forgiveness-and-new-beginnings,7,7,0,35
malila,14260,exploring-jesus,21,21,0,35
malinke-kenieba,184646,meaning-and-purpose,18,18,0,35
malinke-kenieba,184646,hope-and-perseverance,16,16,0,35
malinke-kenieba,184646,love-and-belonging,12,12,0,35
malinke-kenieba,184646,forgiveness-and-new-beginnings,7,7,0,35
malinke-kenieba,184646,exploring-jesus,21,21,0,35
malinke-kita,184647,meaning-and-purpose,18,18,0,35
malinke-kita,184647,hope-and-perseverance,16,16,0,35
malinke-kita,184647,love-and-belonging,12,12,0,35
malinke-kita,184647,forgiveness-and-new-beginnings,7,7,0,35
malinke-kita,184647,exploring-jesus,21,21,0,35
malkangiri-koya,148910,meaning-and-purpose,18,18,0,35
malkangiri-koya,148910,hope-and-perseverance,16,16,0,35
malkangiri-koya,148910,love-and-belonging,12,12,0,35
malkangiri-koya,148910,forgiveness-and-new-beginnings,7,7,0,35
malkangiri-koya,148910,exploring-jesus,21,21,0,35
malo,4767,meaning-and-purpose,18,18,0,35
malo,4767,hope-and-perseverance,16,16,0,35
malo,4767,love-and-belonging,12,12,0,35
malo,4767,forgiveness-and-new-beginnings,7,7,0,35
malo,4767,exploring-jesus,21,21,0,35
maltese,7885,meaning-and-purpose,24,24,0,69
maltese,7885,hope-and-perseverance,29,28,1,70
maltese,7885,love-and-belonging,28,26,2,71
maltese,7885,forgiveness-and-new-beginnings,16,15,1,70
maltese,7885,exploring-jesus,43,43,0,69
malvi,6171,meaning-and-purpose,19,19,0,39
malvi,6171,hope-and-perseverance,18,18,0,39
malvi,6171,love-and-belonging,13,13,0,39
malvi,6171,forgiveness-and-new-beginnings,8,8,0,39
malvi,6171,exploring-jesus,24,24,0,39
mam-central,5408,meaning-and-purpose,18,18,0,35
mam-central,5408,hope-and-perseverance,16,16,0,35
mam-central,5408,love-and-belonging,12,12,0,35
mam-central,5408,forgiveness-and-new-beginnings,7,7,0,35
mam-central,5408,exploring-jesus,21,21,0,35
mam-northern,5427,meaning-and-purpose,19,19,0,47
mam-northern,5427,hope-and-perseverance,19,18,1,48
mam-northern,5427,love-and-belonging,20,19,1,48
mam-northern,5427,forgiveness-and-new-beginnings,13,13,0,47
mam-northern,5427,exploring-jesus,26,26,0,47
mam-tajumulco,5410,meaning-and-purpose,18,18,0,35
mam-tajumulco,5410,hope-and-perseverance,16,16,0,35
mam-tajumulco,5410,love-and-belonging,12,12,0,35
mam-tajumulco,5410,forgiveness-and-new-beginnings,7,7,0,35
mam-tajumulco,5410,exploring-jesus,21,21,0,35
mamainde,99766,meaning-and-purpose,18,18,0,35
mamainde,99766,hope-and-perseverance,16,16,0,35
mamainde,99766,love-and-belonging,12,12,0,35
mamainde,99766,forgiveness-and-new-beginnings,7,7,0,35
mamainde,99766,exploring-jesus,21,21,0,35
mamasa,17616,meaning-and-purpose,18,18,0,35
mamasa,17616,hope-and-perseverance,16,16,0,35
mamasa,17616,love-and-belonging,12,12,0,35
mamasa,17616,forgiveness-and-new-beginnings,7,7,0,35
mamasa,17616,exploring-jesus,21,21,0,35
mambilla,175157,meaning-and-purpose,18,18,0,35
mambilla,175157,hope-and-perseverance,16,16,0,35
mambilla,175157,love-and-belonging,12,12,0,35
mambilla,175157,forgiveness-and-new-beginnings,7,7,0,35
mambilla,175157,exploring-jesus,21,21,0,35
mambwe-lungu,14259,meaning-and-purpose,18,18,0,35
mambwe-lungu,14259,hope-and-perseverance,16,16,0,35
mambwe-lungu,14259,love-and-belonging,12,12,0,35
mambwe-lungu,14259,forgiveness-and-new-beginnings,7,7,0,35
mambwe-lungu,14259,exploring-jesus,21,21,0,35
mampruli,5240,meaning-and-purpose,18,18,0,35
mampruli,5240,hope-and-perseverance,16,16,0,35
mampruli,5240,love-and-belonging,12,12,0,35
mampruli,5240,forgiveness-and-new-beginnings,7,7,0,35
mampruli,5240,exploring-jesus,21,21,0,35
mamuju,20025,meaning-and-purpose,18,18,0,35
mamuju,20025,hope-and-perseverance,16,16,0,35
mamuju,20025,love-and-belonging,12,12,0,35
mamuju,20025,forgiveness-and-new-beginnings,7,7,0,35
mamuju,20025,exploring-jesus,21,21,0,35
mamusi,141311,meaning-and-purpose,18,18,0,35
mamusi,141311,hope-and-perseverance,16,16,0,35
mamusi,141311,love-and-belonging,12,12,0,35
mamusi,141311,forgiveness-and-new-beginnings,7,7,0,35
mamusi,141311,exploring-jesus,21,21,0,35
manado,24314,meaning-and-purpose,18,18,0,35
manado,24314,hope-and-perseverance,16,16,0,35
manado,24314,love-and-belonging,12,12,0,35
manado,24314,forgiveness-and-new-beginnings,7,7,0,35
manado,24314,exploring-jesus,21,21,0,35
manambu,143488,meaning-and-purpose,18,18,0,35
manambu,143488,hope-and-perseverance,16,16,0,35
manambu,143488,love-and-belonging,12,12,0,35
manambu,143488,forgiveness-and-new-beginnings,7,7,0,35
manambu,143488,exploring-jesus,21,21,0,35
manda,101919,meaning-and-purpose,18,18,0,35
manda,101919,hope-and-perseverance,16,16,0,35
manda,101919,love-and-belonging,12,12,0,35
manda,101919,forgiveness-and-new-beginnings,7,7,0,35
manda,101919,exploring-jesus,21,21,0,35
mandar,17471,meaning-and-purpose,18,18,0,35
mandar,17471,hope-and-perseverance,16,16,0,35
mandar,17471,love-and-belonging,12,12,0,35
mandar,17471,forgiveness-and-new-beginnings,7,7,0,35
mandar,17471,exploring-jesus,21,21,0,35
mandara,11230,meaning-and-purpose,18,18,0,35
mandara,11230,hope-and-perseverance,16,16,0,35
mandara,11230,love-and-belonging,12,12,0,35
mandara,11230,forgiveness-and-new-beginnings,7,7,0,35
mandara,11230,exploring-jesus,21,21,0,35
mandara-cameroon,144476,meaning-and-purpose,18,18,0,39
mandara-cameroon,144476,hope-and-perseverance,17,17,0,39
mandara-cameroon,144476,love-and-belonging,14,14,0,39
mandara-cameroon,144476,forgiveness-and-new-beginnings,10,10,0,39
mandara-cameroon,144476,exploring-jesus,23,23,0,39
mandarin-china,20615,meaning-and-purpose,61,61,0,162
mandarin-china,20615,hope-and-perseverance,59,58,1,163
mandarin-china,20615,love-and-belonging,60,58,2,164
mandarin-china,20615,forgiveness-and-new-beginnings,39,38,1,163
mandarin-china,20615,exploring-jesus,91,91,0,162
mandarin-taiwan,23221,meaning-and-purpose,27,27,0,68
mandarin-taiwan,23221,hope-and-perseverance,30,30,0,68
mandarin-taiwan,23221,love-and-belonging,24,23,1,69
mandarin-taiwan,23221,forgiveness-and-new-beginnings,13,12,1,69
mandarin-taiwan,23221,exploring-jesus,44,44,0,68
mandeali,6242,meaning-and-purpose,18,18,0,35
mandeali,6242,hope-and-perseverance,16,16,0,35
mandeali,6242,love-and-belonging,12,12,0,35
mandeali,6242,forgiveness-and-new-beginnings,7,7,0,35
mandeali,6242,exploring-jesus,21,21,0,35
mandinka,5040,meaning-and-purpose,18,18,0,35
mandinka,5040,hope-and-perseverance,16,16,0,35
mandinka,5040,love-and-belonging,12,12,0,35
mandinka,5040,forgiveness-and-new-beginnings,7,7,0,35
mandinka,5040,exploring-jesus,21,21,0,35
mandja,3171,meaning-and-purpose,18,18,0,39
mandja,3171,hope-and-perseverance,17,17,0,39
mandja,3171,love-and-belonging,14,14,0,39
mandja,3171,forgiveness-and-new-beginnings,10,10,0,39
mandja,3171,exploring-jesus,23,23,0,39
manga,42106,meaning-and-purpose,23,23,0,56
manga,42106,hope-and-perseverance,26,26,0,56
manga,42106,love-and-belonging,20,19,1,57
manga,42106,forgiveness-and-new-beginnings,10,9,1,57
manga,42106,exploring-jesus,37,37,0,56
mangalorean-konkani,164216,meaning-and-purpose,18,18,0,35
mangalorean-konkani,164216,hope-and-perseverance,16,16,0,35
mangalorean-konkani,164216,love-and-belonging,12,12,0,35
mangalorean-konkani,164216,forgiveness-and-new-beginnings,7,7,0,35
mangalorean-konkani,164216,exploring-jesus,21,21,0,35
mangbetu,14749,meaning-and-purpose,18,18,0,35
mangbetu,14749,hope-and-perseverance,16,16,0,35
mangbetu,14749,love-and-belonging,12,12,0,35
mangbetu,14749,forgiveness-and-new-beginnings,7,7,0,35
mangbetu,14749,exploring-jesus,21,21,0,35
manggarai,17282,meaning-and-purpose,18,18,0,35
manggarai,17282,hope-and-perseverance,16,16,0,35
manggarai,17282,love-and-belonging,12,12,0,35
manggarai,17282,forgiveness-and-new-beginnings,7,7,0,35
manggarai,17282,exploring-jesus,21,21,0,35
mangghuer-wuge,139111,meaning-and-purpose,18,18,0,35
mangghuer-wuge,139111,hope-and-perseverance,16,16,0,35
mangghuer-wuge,139111,love-and-belonging,12,12,0,35
mangghuer-wuge,139111,forgiveness-and-new-beginnings,7,7,0,35
mangghuer-wuge,139111,exploring-jesus,21,21,0,35
mango,26152,meaning-and-purpose,18,18,0,35
mango,26152,hope-and-perseverance,16,16,0,35
mango,26152,love-and-belonging,12,12,0,35
mango,26152,forgiveness-and-new-beginnings,7,7,0,35
mango,26152,exploring-jesus,21,21,0,35
maninka,5450,meaning-and-purpose,20,20,0,52
maninka,5450,hope-and-perseverance,21,20,1,53
maninka,5450,love-and-belonging,21,20,1,53
maninka,5450,forgiveness-and-new-beginnings,15,15,0,52
maninka,5450,exploring-jesus,30,30,0,52
maninka-konyanka,24413,meaning-and-purpose,18,18,0,35
maninka-konyanka,24413,hope-and-perseverance,16,16,0,35
maninka-konyanka,24413,love-and-belonging,12,12,0,35
maninka-konyanka,24413,forgiveness-and-new-beginnings,7,7,0,35
maninka-konyanka,24413,exploring-jesus,21,21,0,35
manjaku,23979,meaning-and-purpose,18,18,0,35
manjaku,23979,hope-and-perseverance,16,16,0,35
manjaku,23979,love-and-belonging,12,12,0,35
manjaku,23979,forgiveness-and-new-beginnings,7,7,0,35
manjaku,23979,exploring-jesus,21,21,0,35
mankanya,5042,meaning-and-purpose,18,18,0,35
mankanya,5042,hope-and-perseverance,16,16,0,35
mankanya,5042,love-and-belonging,12,12,0,35
mankanya,5042,forgiveness-and-new-beginnings,7,7,0,35
mankanya,5042,exploring-jesus,21,21,0,35
mano,5472,meaning-and-purpose,18,18,0,39
mano,5472,hope-and-perseverance,17,17,0,39
mano,5472,love-and-belonging,14,14,0,39
mano,5472,forgiveness-and-new-beginnings,10,10,0,39
mano,5472,exploring-jesus,23,23,0,39
manobo-ata,12850,meaning-and-purpose,18,18,0,35
manobo-ata,12850,hope-and-perseverance,16,16,0,35
manobo-ata,12850,love-and-belonging,12,12,0,35
manobo-ata,12850,forgiveness-and-new-beginnings,7,7,0,35
manobo-ata,12850,exploring-jesus,21,21,0,35
manobo-dibabawon,144211,meaning-and-purpose,18,18,0,35
manobo-dibabawon,144211,hope-and-perseverance,16,16,0,35
manobo-dibabawon,144211,love-and-belonging,12,12,0,35
manobo-dibabawon,144211,forgiveness-and-new-beginnings,7,7,0,35
manobo-dibabawon,144211,exploring-jesus,21,21,0,35
manobo-ilianen,144214,meaning-and-purpose,18,18,0,35
manobo-ilianen,144214,hope-and-perseverance,16,16,0,35
manobo-ilianen,144214,love-and-belonging,12,12,0,35
manobo-ilianen,144214,forgiveness-and-new-beginnings,7,7,0,35
manobo-ilianen,144214,exploring-jesus,21,21,0,35
manobo-matigsalug,12640,meaning-and-purpose,23,23,0,56
manobo-matigsalug,12640,hope-and-perseverance,26,26,0,56
manobo-matigsalug,12640,love-and-belonging,20,19,1,57
manobo-matigsalug,12640,forgiveness-and-new-beginnings,10,9,1,57
manobo-matigsalug,12640,exploring-jesus,37,37,0,56
manobo-sarangani,99564,meaning-and-purpose,18,18,0,35
manobo-sarangani,99564,hope-and-perseverance,16,16,0,35
manobo-sarangani,99564,love-and-belonging,12,12,0,35
manobo-sarangani,99564,forgiveness-and-new-beginnings,7,7,0,35
manobo-sarangani,99564,exploring-jesus,21,21,0,35
manobo-tagabawa,12839,meaning-and-purpose,18,18,0,35
manobo-tagabawa,12839,hope-and-perseverance,16,16,0,35
manobo-tagabawa,12839,love-and-belonging,12,12,0,35
manobo-tagabawa,12839,forgiveness-and-new-beginnings,7,7,0,35
manobo-tagabawa,12839,exploring-jesus,21,21,0,35
manobo-western-bukidnon,144210,meaning-and-purpose,18,18,0,35
manobo-western-bukidnon,144210,hope-and-perseverance,16,16,0,35
manobo-western-bukidnon,144210,love-and-belonging,12,12,0,35
manobo-western-bukidnon,144210,forgiveness-and-new-beginnings,7,7,0,35
manobo-western-bukidnon,144210,exploring-jesus,21,21,0,35
mansoanka,5038,meaning-and-purpose,18,18,0,35
mansoanka,5038,hope-and-perseverance,16,16,0,35
mansoanka,5038,love-and-belonging,12,12,0,35
mansoanka,5038,forgiveness-and-new-beginnings,7,7,0,35
mansoanka,5038,exploring-jesus,21,21,0,35
manyika,8456,meaning-and-purpose,18,18,0,35
manyika,8456,hope-and-perseverance,16,16,0,35
manyika,8456,love-and-belonging,12,12,0,35
manyika,8456,forgiveness-and-new-beginnings,7,7,0,35
manyika,8456,exploring-jesus,21,21,0,35
maonan,4031,meaning-and-purpose,18,18,0,35
maonan,4031,hope-and-perseverance,16,16,0,35
maonan,4031,love-and-belonging,12,12,0,35
maonan,4031,forgiveness-and-new-beginnings,7,7,0,35
maonan,4031,exploring-jesus,21,21,0,35
maori,9198,meaning-and-purpose,18,18,0,35
maori,9198,hope-and-perseverance,16,16,0,35
maori,9198,love-and-belonging,12,12,0,35
maori,9198,forgiveness-and-new-beginnings,7,7,0,35
maori,9198,exploring-jesus,21,21,0,35
mapudungun,644,meaning-and-purpose,19,19,0,47
mapudungun,644,hope-and-perseverance,19,18,1,48
mapudungun,644,love-and-belonging,20,19,1,48
mapudungun,644,forgiveness-and-new-beginnings,13,13,0,47
mapudungun,644,exploring-jesus,26,26,0,47
maquiritari,144295,meaning-and-purpose,18,18,0,35
maquiritari,144295,hope-and-perseverance,16,16,0,35
maquiritari,144295,love-and-belonging,12,12,0,35
maquiritari,144295,forgiveness-and-new-beginnings,7,7,0,35
maquiritari,144295,exploring-jesus,21,21,0,35
marakwet,24410,meaning-and-purpose,23,23,0,56
marakwet,24410,hope-and-perseverance,26,26,0,56
marakwet,24410,love-and-belonging,20,19,1,57
marakwet,24410,forgiveness-and-new-beginnings,10,9,1,57
marakwet,24410,exploring-jesus,37,37,0,56
maram-naga,184815,meaning-and-purpose,18,18,0,35
maram-naga,184815,hope-and-perseverance,16,16,0,35
maram-naga,184815,love-and-belonging,12,12,0,35
maram-naga,184815,forgiveness-and-new-beginnings,7,7,0,35
maram-naga,184815,exploring-jesus,21,21,0,35
maranao,12624,meaning-and-purpose,18,18,0,35
maranao,12624,hope-and-perseverance,16,16,0,35
maranao,12624,love-and-belonging,12,12,0,35
maranao,12624,forgiveness-and-new-beginnings,7,7,0,35
maranao,12624,exploring-jesus,21,21,0,35
marathi,6174,meaning-and-purpose,45,45,0,109
marathi,6174,hope-and-perseverance,45,45,0,109
marathi,6174,love-and-belonging,44,43,1,110
marathi,6174,forgiveness-and-new-beginnings,25,24,1,110
marathi,6174,exploring-jesus,61,61,0,109
marba,3534,meaning-and-purpose,18,18,0,35
marba,3534,hope-and-perseverance,16,16,0,35
marba,3534,love-and-belonging,12,12,0,35
marba,3534,forgiveness-and-new-beginnings,7,7,0,35
marba,3534,exploring-jesus,21,21,0,35
mardini,23800,meaning-and-purpose,19,19,0,47
mardini,23800,hope-and-perseverance,19,18,1,48
mardini,23800,love-and-belonging,20,19,1,48
mardini,23800,forgiveness-and-new-beginnings,13,13,0,47
mardini,23800,exploring-jesus,26,26,0,47
marghi-central,9495,meaning-and-purpose,18,18,0,35
marghi-central,9495,hope-and-perseverance,16,16,0,35
marghi-central,9495,love-and-belonging,12,12,0,35
marghi-central,9495,forgiveness-and-new-beginnings,7,7,0,35
marghi-central,9495,exploring-jesus,21,21,0,35
margi-south,139128,meaning-and-purpose,18,18,0,35
margi-south,139128,hope-and-perseverance,16,16,0,35
margi-south,139128,love-and-belonging,12,12,0,35
margi-south,139128,forgiveness-and-new-beginnings,7,7,0,35
margi-south,139128,exploring-jesus,21,21,0,35
mari-low,18489,meaning-and-purpose,18,18,0,35
mari-low,18489,hope-and-perseverance,16,16,0,35
mari-low,18489,love-and-belonging,12,12,0,35
mari-low,18489,forgiveness-and-new-beginnings,7,7,0,35
mari-low,18489,exploring-jesus,21,21,0,35
maria,6178,meaning-and-purpose,18,18,0,35
maria,6178,hope-and-perseverance,16,16,0,35
maria,6178,love-and-belonging,12,12,0,35
maria,6178,forgiveness-and-new-beginnings,7,7,0,35
maria,6178,exploring-jesus,21,21,0,35
maria-dandami,6558,meaning-and-purpose,18,18,0,35
maria-dandami,6558,hope-and-perseverance,16,16,0,35
maria-dandami,6558,love-and-belonging,12,12,0,35
maria-dandami,6558,forgiveness-and-new-beginnings,7,7,0,35
maria-dandami,6558,exploring-jesus,21,21,0,35
markweeta,140520,meaning-and-purpose,18,18,0,35
markweeta,140520,hope-and-perseverance,16,16,0,35
markweeta,140520,love-and-belonging,12,12,0,35
markweeta,140520,forgiveness-and-new-beginnings,7,7,0,35
markweeta,140520,exploring-jesus,21,21,0,35
marma,101788,meaning-and-purpose,18,18,0,35
marma,101788,hope-and-perseverance,16,16,0,35
marma,101788,love-and-belonging,12,12,0,35
marma,101788,forgiveness-and-new-beginnings,7,7,0,35
marma,101788,exploring-jesus,21,21,0,35
maro,99303,meaning-and-purpose,18,18,0,35
maro,99303,hope-and-perseverance,16,16,0,35
maro,99303,love-and-belonging,12,12,0,35
maro,99303,forgiveness-and-new-beginnings,7,7,0,35
maro,99303,exploring-jesus,21,21,0,35
marshallese,7889,meaning-and-purpose,19,19,0,47
marshallese,7889,hope-and-perseverance,19,18,1,48
marshallese,7889,love-and-belonging,20,19,1,48
marshallese,7889,forgiveness-and-new-beginnings,13,13,0,47
marshallese,7889,exploring-jesus,26,26,0,47
marwari,6209,meaning-and-purpose,18,18,0,36
marwari,6209,hope-and-perseverance,16,16,0,36
marwari,6209,love-and-belonging,12,12,0,36
marwari,6209,forgiveness-and-new-beginnings,7,7,0,36
marwari,6209,exploring-jesus,22,22,0,36
marwari-northern,10527,meaning-and-purpose,17,17,0,34
marwari-northern,10527,hope-and-perseverance,16,16,0,34
marwari-northern,10527,love-and-belonging,12,12,0,34
marwari-northern,10527,forgiveness-and-new-beginnings,7,7,0,34
marwari-northern,10527,exploring-jesus,20,20,0,34
marwari-southern,10528,meaning-and-purpose,23,23,0,56
marwari-southern,10528,hope-and-perseverance,26,26,0,56
marwari-southern,10528,love-and-belonging,20,19,1,57
marwari-southern,10528,forgiveness-and-new-beginnings,10,9,1,57
marwari-southern,10528,exploring-jesus,37,37,0,56
masalit,3531,meaning-and-purpose,18,18,0,35
masalit,3531,hope-and-perseverance,16,16,0,35
masalit,3531,love-and-belonging,12,12,0,35
masalit,3531,forgiveness-and-new-beginnings,7,7,0,35
masalit,3531,exploring-jesus,21,21,0,35
masana,2538,meaning-and-purpose,18,18,0,39
masana,2538,hope-and-perseverance,17,17,0,39
masana,2538,love-and-belonging,14,14,0,39
masana,2538,forgiveness-and-new-beginnings,10,10,0,39
masana,2538,exploring-jesus,23,23,0,39
masbatenyo,12622,meaning-and-purpose,18,18,0,35
masbatenyo,12622,hope-and-perseverance,16,16,0,35
masbatenyo,12622,love-and-belonging,12,12,0,35
masbatenyo,12622,forgiveness-and-new-beginnings,7,7,0,35
masbatenyo,12622,exploring-jesus,21,21,0,35
mashami-chagga,24142,meaning-and-purpose,18,18,0,35
mashami-chagga,24142,hope-and-perseverance,16,16,0,35
mashami-chagga,24142,love-and-belonging,12,12,0,35
mashami-chagga,24142,forgiveness-and-new-beginnings,7,7,0,35
mashami-chagga,24142,exploring-jesus,21,21,0,35
mashi,20919,meaning-and-purpose,18,18,0,35
mashi,20919,hope-and-perseverance,16,16,0,35
mashi,20919,love-and-belonging,12,12,0,35
mashi,20919,forgiveness-and-new-beginnings,7,7,0,35
mashi,20919,exploring-jesus,21,21,0,35
masikoro,23196,meaning-and-purpose,18,18,0,35
masikoro,23196,hope-and-perseverance,16,16,0,35
masikoro,23196,love-and-belonging,12,12,0,35
masikoro,23196,forgiveness-and-new-beginnings,7,7,0,35
masikoro,23196,exploring-jesus,21,21,0,35
maskelynes,141436,meaning-and-purpose,18,18,0,35
maskelynes,141436,hope-and-perseverance,16,16,0,35
maskelynes,141436,love-and-belonging,12,12,0,35
maskelynes,141436,forgiveness-and-new-beginnings,7,7,0,35
maskelynes,141436,exploring-jesus,21,21,0,35
matal,101827,meaning-and-purpose,18,18,0,35
matal,101827,hope-and-perseverance,16,16,0,35
matal,101827,love-and-belonging,12,12,0,35
matal,101827,forgiveness-and-new-beginnings,7,7,0,35
matal,101827,exploring-jesus,21,21,0,35
matengo,14255,meaning-and-purpose,18,18,0,35
matengo,14255,hope-and-perseverance,16,16,0,35
matengo,14255,love-and-belonging,12,12,0,35
matengo,14255,forgiveness-and-new-beginnings,7,7,0,35
matengo,14255,exploring-jesus,21,21,0,35
mato,144465,meaning-and-purpose,18,18,0,35
mato,144465,hope-and-perseverance,16,16,0,35
mato,144465,love-and-belonging,12,12,0,35
mato,144465,forgiveness-and-new-beginnings,7,7,0,35
mato,144465,exploring-jesus,21,21,0,35
matses,1604,meaning-and-purpose,18,18,0,35
matses,1604,hope-and-perseverance,16,16,0,35
matses,1604,love-and-belonging,12,12,0,35
matses,1604,forgiveness-and-new-beginnings,7,7,0,35
matses,1604,exploring-jesus,21,21,0,35
matsigenka,173888,meaning-and-purpose,18,18,0,35
matsigenka,173888,hope-and-perseverance,16,16,0,35
matsigenka,173888,love-and-belonging,12,12,0,35
matsigenka,173888,forgiveness-and-new-beginnings,7,7,0,35
matsigenka,173888,exploring-jesus,21,21,0,35
matumbi,14254,meaning-and-purpose,18,18,0,35
matumbi,14254,hope-and-perseverance,16,16,0,35
matumbi,14254,love-and-belonging,12,12,0,35
matumbi,14254,forgiveness-and-new-beginnings,7,7,0,35
matumbi,14254,exploring-jesus,21,21,0,35
mawae,152300,meaning-and-purpose,18,18,0,35
mawae,152300,hope-and-perseverance,16,16,0,35
mawae,152300,love-and-belonging,12,12,0,35
mawae,152300,forgiveness-and-new-beginnings,7,7,0,35
mawae,152300,exploring-jesus,21,21,0,35
mawchi,19988,meaning-and-purpose,18,18,0,35
mawchi,19988,hope-and-perseverance,16,16,0,35
mawchi,19988,love-and-belonging,12,12,0,35
mawchi,19988,forgiveness-and-new-beginnings,7,7,0,35
mawchi,19988,exploring-jesus,21,21,0,35
maxakali,1608,meaning-and-purpose,18,18,0,35
maxakali,1608,hope-and-perseverance,16,16,0,35
maxakali,1608,love-and-belonging,12,12,0,35
maxakali,1608,forgiveness-and-new-beginnings,7,7,0,35
maxakali,1608,exploring-jesus,21,21,0,35
mayan,21012,meaning-and-purpose,23,23,0,57
mayan,21012,hope-and-perseverance,26,26,0,57
mayan,21012,love-and-belonging,20,19,1,58
mayan,21012,forgiveness-and-new-beginnings,10,9,1,58
mayan,21012,exploring-jesus,38,38,0,57
mayangna,142395,meaning-and-purpose,18,18,0,35
mayangna,142395,hope-and-perseverance,16,16,0,35
mayangna,142395,love-and-belonging,12,12,0,35
mayangna,142395,forgiveness-and-new-beginnings,7,7,0,35
mayangna,142395,exploring-jesus,21,21,0,35
mayogo,15329,meaning-and-purpose,18,18,0,35
mayogo,15329,hope-and-perseverance,16,16,0,35
mayogo,15329,love-and-belonging,12,12,0,35
mayogo,15329,forgiveness-and-new-beginnings,7,7,0,35
mayogo,15329,exploring-jesus,21,21,0,35
mazagway-hidi,176144,meaning-and-purpose,18,18,0,35
mazagway-hidi,176144,hope-and-perseverance,16,16,0,35
mazagway-hidi,176144,love-and-belonging,12,12,0,35
mazagway-hidi,176144,forgiveness-and-new-beginnings,7,7,0,35
mazagway-hidi,176144,exploring-jesus,21,21,0,35
mazahua,8241,meaning-and-purpose,18,18,0,35
mazahua,8241,hope-and-perseverance,16,16,0,35
mazahua,8241,love-and-belonging,12,12,0,35
mazahua,8241,forgiveness-and-new-beginnings,7,7,0,35
mazahua,8241,exploring-jesus,21,21,0,35
mazanderani,6793,meaning-and-purpose,8,8,0,30
mazanderani,6793,hope-and-perseverance,15,15,0,30
mazanderani,6793,love-and-belonging,13,12,1,31
mazanderani,6793,forgiveness-and-new-beginnings,6,5,1,31
mazanderani,6793,exploring-jesus,21,21,0,30
mazateco-huautla-de-jimenez,8245,meaning-and-purpose,18,18,0,35
mazateco-huautla-de-jimenez,8245,hope-and-perseverance,16,16,0,35
mazateco-huautla-de-jimenez,8245,love-and-belonging,12,12,0,35
mazateco-huautla-de-jimenez,8245,forgiveness-and-new-beginnings,7,7,0,35
mazateco-huautla-de-jimenez,8245,exploring-jesus,21,21,0,35
mba,144472,meaning-and-purpose,18,18,0,35
mba,144472,hope-and-perseverance,16,16,0,35
mba,144472,love-and-belonging,12,12,0,35
mba,144472,forgiveness-and-new-beginnings,7,7,0,35
mba,144472,exploring-jesus,21,21,0,35
mbala,19953,meaning-and-purpose,18,18,0,35
mbala,19953,hope-and-perseverance,16,16,0,35
mbala,19953,love-and-belonging,12,12,0,35
mbala,19953,forgiveness-and-new-beginnings,7,7,0,35
mbala,19953,exploring-jesus,21,21,0,35
mbandja,143356,meaning-and-purpose,18,18,0,35
mbandja,143356,hope-and-perseverance,16,16,0,35
mbandja,143356,love-and-belonging,12,12,0,35
mbandja,143356,forgiveness-and-new-beginnings,7,7,0,35
mbandja,143356,exploring-jesus,21,21,0,35
mbe,101833,meaning-and-purpose,18,18,0,35
mbe,101833,hope-and-perseverance,16,16,0,35
mbe,101833,love-and-belonging,12,12,0,35
mbe,101833,forgiveness-and-new-beginnings,7,7,0,35
mbe,101833,exploring-jesus,21,21,0,35
mbelime,100953,meaning-and-purpose,18,18,0,35
mbelime,100953,hope-and-perseverance,16,16,0,35
mbelime,100953,love-and-belonging,12,12,0,35
mbelime,100953,forgiveness-and-new-beginnings,7,7,0,35
mbelime,100953,exploring-jesus,21,21,0,35
mbembe-cross-river,9473,meaning-and-purpose,18,18,0,35
mbembe-cross-river,9473,hope-and-perseverance,16,16,0,35
mbembe-cross-river,9473,love-and-belonging,12,12,0,35
mbembe-cross-river,9473,forgiveness-and-new-beginnings,7,7,0,35
mbembe-cross-river,9473,exploring-jesus,21,21,0,35
mbembe-tigon,2329,meaning-and-purpose,18,18,0,35
mbembe-tigon,2329,hope-and-perseverance,16,16,0,35
mbembe-tigon,2329,love-and-belonging,12,12,0,35
mbembe-tigon,2329,forgiveness-and-new-beginnings,7,7,0,35
mbembe-tigon,2329,exploring-jesus,21,21,0,35
mbosi,4336,meaning-and-purpose,18,18,0,35
mbosi,4336,hope-and-perseverance,16,16,0,35
mbosi,4336,love-and-belonging,12,12,0,35
mbosi,4336,forgiveness-and-new-beginnings,7,7,0,35
mbosi,4336,exploring-jesus,21,21,0,35
mbugwe,144632,meaning-and-purpose,18,18,0,35
mbugwe,144632,hope-and-perseverance,16,16,0,35
mbugwe,144632,love-and-belonging,12,12,0,35
mbugwe,144632,forgiveness-and-new-beginnings,7,7,0,35
mbugwe,144632,exploring-jesus,21,21,0,35
mbuko,100947,meaning-and-purpose,18,18,0,35
mbuko,100947,hope-and-perseverance,16,16,0,35
mbuko,100947,love-and-belonging,12,12,0,35
mbuko,100947,forgiveness-and-new-beginnings,7,7,0,35
mbuko,100947,exploring-jesus,21,21,0,35
mbukushu,570,meaning-and-purpose,18,18,0,35
mbukushu,570,hope-and-perseverance,16,16,0,35
mbukushu,570,love-and-belonging,12,12,0,35
mbukushu,570,forgiveness-and-new-beginnings,7,7,0,35
mbukushu,570,exploring-jesus,21,21,0,35
mbula,9490,meaning-and-purpose,18,18,0,35
mbula,9490,hope-and-perseverance,16,16,0,35
mbula,9490,love-and-belonging,12,12,0,35
mbula,9490,forgiveness-and-new-beginnings,7,7,0,35
mbula,9490,exploring-jesus,21,21,0,35
medlpa,11668,meaning-and-purpose,18,18,0,35
medlpa,11668,hope-and-perseverance,16,16,0,35
medlpa,11668,love-and-belonging,12,12,0,35
medlpa,11668,forgiveness-and-new-beginnings,7,7,0,35
medlpa,11668,exploring-jesus,21,21,0,35
medumba,2871,meaning-and-purpose,18,18,0,35
medumba,2871,hope-and-perseverance,16,16,0,35
medumba,2871,love-and-belonging,12,12,0,35
medumba,2871,forgiveness-and-new-beginnings,7,7,0,35
medumba,2871,exploring-jesus,21,21,0,35
meen,144517,meaning-and-purpose,18,18,0,35
meen,144517,hope-and-perseverance,16,16,0,35
meen,144517,love-and-belonging,12,12,0,35
meen,144517,forgiveness-and-new-beginnings,7,7,0,35
meen,144517,exploring-jesus,21,21,0,35
meitei,143789,meaning-and-purpose,23,23,0,58
meitei,143789,hope-and-perseverance,26,26,0,58
meitei,143789,love-and-belonging,20,19,1,59
meitei,143789,forgiveness-and-new-beginnings,11,10,1,59
meitei,143789,exploring-jesus,39,39,0,58
mekeo,144461,meaning-and-purpose,18,18,0,35
mekeo,144461,hope-and-perseverance,16,16,0,35
mekeo,144461,love-and-belonging,12,12,0,35
mekeo,144461,forgiveness-and-new-beginnings,7,7,0,35
mekeo,144461,exploring-jesus,21,21,0,35
mele-fila,144425,meaning-and-purpose,18,18,0,35
mele-fila,144425,hope-and-perseverance,16,16,0,35
mele-fila,144425,love-and-belonging,12,12,0,35
mele-fila,144425,forgiveness-and-new-beginnings,7,7,0,35
mele-fila,144425,exploring-jesus,21,21,0,35
melpa,101718,meaning-and-purpose,18,18,0,35
melpa,101718,hope-and-perseverance,16,16,0,35
melpa,101718,love-and-belonging,12,12,0,35
melpa,101718,forgiveness-and-new-beginnings,7,7,0,35
melpa,101718,exploring-jesus,21,21,0,35
mende,7577,meaning-and-purpose,19,19,0,52
mende,7577,hope-and-perseverance,20,19,1,53
mende,7577,love-and-belonging,22,21,1,53
mende,7577,forgiveness-and-new-beginnings,16,16,0,52
mende,7577,exploring-jesus,29,29,0,52
mentawai,17797,meaning-and-purpose,18,18,0,35
mentawai,17797,hope-and-perseverance,16,16,0,35
mentawai,17797,love-and-belonging,12,12,0,35
mentawai,17797,forgiveness-and-new-beginnings,7,7,0,35
mentawai,17797,exploring-jesus,21,21,0,35
mephaa,20977,meaning-and-purpose,18,18,0,35
mephaa,20977,hope-and-perseverance,16,16,0,35
mephaa,20977,love-and-belonging,12,12,0,35
mephaa,20977,forgiveness-and-new-beginnings,7,7,0,35
mephaa,20977,exploring-jesus,21,21,0,35
mephaa-de-acatapec,184853,meaning-and-purpose,18,18,0,35
mephaa-de-acatapec,184853,hope-and-perseverance,16,16,0,35
mephaa-de-acatapec,184853,love-and-belonging,12,12,0,35
mephaa-de-acatapec,184853,forgiveness-and-new-beginnings,7,7,0,35
mephaa-de-acatapec,184853,exploring-jesus,21,21,0,35
mephaa-de-huitzapula,184831,meaning-and-purpose,18,18,0,35
mephaa-de-huitzapula,184831,hope-and-perseverance,16,16,0,35
mephaa-de-huitzapula,184831,love-and-belonging,12,12,0,35
mephaa-de-huitzapula,184831,forgiveness-and-new-beginnings,7,7,0,35
mephaa-de-huitzapula,184831,exploring-jesus,21,21,0,35
meqa,101396,meaning-and-purpose,18,18,0,35
meqa,101396,hope-and-perseverance,16,16,0,35
meqa,101396,love-and-belonging,12,12,0,35
meqa,101396,forgiveness-and-new-beginnings,7,7,0,35
meqa,101396,exploring-jesus,21,21,0,35
merey,101729,meaning-and-purpose,18,18,0,35
merey,101729,hope-and-perseverance,16,16,0,35
merey,101729,love-and-belonging,12,12,0,35
merey,101729,forgiveness-and-new-beginnings,7,7,0,35
merey,101729,exploring-jesus,21,21,0,35
merwari,99886,meaning-and-purpose,18,18,0,35
merwari,99886,hope-and-perseverance,16,16,0,35
merwari,99886,love-and-belonging,12,12,0,35
merwari,99886,forgiveness-and-new-beginnings,7,7,0,35
merwari,99886,exploring-jesus,21,21,0,35
mewari,20814,meaning-and-purpose,18,18,0,35
mewari,20814,hope-and-perseverance,16,16,0,35
mewari,20814,love-and-belonging,12,12,0,35
mewari,20814,forgiveness-and-new-beginnings,7,7,0,35
mewari,20814,exploring-jesus,21,21,0,35
mexican-sign-language,8230,meaning-and-purpose,0,0,0,1
mexican-sign-language,8230,hope-and-perseverance,0,0,0,1
mexican-sign-language,8230,love-and-belonging,0,0,0,1
mexican-sign-language,8230,forgiveness-and-new-beginnings,0,0,0,1
mexican-sign-language,8230,exploring-jesus,1,1,0,1
meyah,144460,meaning-and-purpose,18,18,0,35
meyah,144460,hope-and-perseverance,16,16,0,35
meyah,144460,love-and-belonging,12,12,0,35
meyah,144460,forgiveness-and-new-beginnings,7,7,0,35
meyah,144460,exploring-jesus,21,21,0,35
mgbolizhia,53313,meaning-and-purpose,18,18,0,35
mgbolizhia,53313,hope-and-perseverance,16,16,0,35
mgbolizhia,53313,love-and-belonging,12,12,0,35
mgbolizhia,53313,forgiveness-and-new-beginnings,7,7,0,35
mgbolizhia,53313,exploring-jesus,21,21,0,35
miao-central-mashan,140982,meaning-and-purpose,18,18,0,35
miao-central-mashan,140982,hope-and-perseverance,16,16,0,35
miao-central-mashan,140982,love-and-belonging,12,12,0,35
miao-central-mashan,140982,forgiveness-and-new-beginnings,7,7,0,35
miao-central-mashan,140982,exploring-jesus,21,21,0,35
miao-chuanqiandian-cluster,140246,meaning-and-purpose,18,18,0,35
miao-chuanqiandian-cluster,140246,hope-and-perseverance,16,16,0,35
miao-chuanqiandian-cluster,140246,love-and-belonging,12,12,0,35
miao-chuanqiandian-cluster,140246,forgiveness-and-new-beginnings,7,7,0,35
miao-chuanqiandian-cluster,140246,exploring-jesus,21,21,0,35
miao-eastern-qiandong,144869,meaning-and-purpose,18,18,0,35
miao-eastern-qiandong,144869,hope-and-perseverance,16,16,0,35
miao-eastern-qiandong,144869,love-and-belonging,12,12,0,35
miao-eastern-qiandong,144869,forgiveness-and-new-beginnings,7,7,0,35
miao-eastern-qiandong,144869,exploring-jesus,21,21,0,35
miao-huishui-northern,22842,meaning-and-purpose,18,18,0,35
miao-huishui-northern,22842,hope-and-perseverance,16,16,0,35
miao-huishui-northern,22842,love-and-belonging,12,12,0,35
miao-huishui-northern,22842,forgiveness-and-new-beginnings,7,7,0,35
miao-huishui-northern,22842,exploring-jesus,21,21,0,35
miao-northern-qiandong,140948,meaning-and-purpose,18,18,0,35
miao-northern-qiandong,140948,hope-and-perseverance,16,16,0,35
miao-northern-qiandong,140948,love-and-belonging,12,12,0,35
miao-northern-qiandong,140948,forgiveness-and-new-beginnings,7,7,0,35
miao-northern-qiandong,140948,exploring-jesus,21,21,0,35
miao-small-flowery,142333,meaning-and-purpose,18,18,0,35
miao-small-flowery,142333,hope-and-perseverance,16,16,0,35
miao-small-flowery,142333,love-and-belonging,12,12,0,35
miao-small-flowery,142333,forgiveness-and-new-beginnings,7,7,0,35
miao-small-flowery,142333,exploring-jesus,21,21,0,35
miao-southern-qiandong,140985,meaning-and-purpose,18,18,0,35
miao-southern-qiandong,140985,hope-and-perseverance,16,16,0,35
miao-southern-qiandong,140985,love-and-belonging,12,12,0,35
miao-southern-qiandong,140985,forgiveness-and-new-beginnings,7,7,0,35
miao-southern-qiandong,140985,exploring-jesus,21,21,0,35
migili,32122,meaning-and-purpose,18,18,0,35
migili,32122,hope-and-perseverance,16,16,0,35
migili,32122,love-and-belonging,12,12,0,35
migili,32122,forgiveness-and-new-beginnings,7,7,0,35
migili,32122,exploring-jesus,21,21,0,35
miju-mishmi,144427,meaning-and-purpose,18,18,0,35
miju-mishmi,144427,hope-and-perseverance,16,16,0,35
miju-mishmi,144427,love-and-belonging,12,12,0,35
miju-mishmi,144427,forgiveness-and-new-beginnings,7,7,0,35
miju-mishmi,144427,exploring-jesus,21,21,0,35
minangkabau,17695,meaning-and-purpose,18,18,0,35
minangkabau,17695,hope-and-perseverance,16,16,0,35
minangkabau,17695,love-and-belonging,12,12,0,35
minangkabau,17695,forgiveness-and-new-beginnings,7,7,0,35
minangkabau,17695,exploring-jesus,21,21,0,35
mingrelian,5076,meaning-and-purpose,18,18,0,35
mingrelian,5076,hope-and-perseverance,16,16,0,35
mingrelian,5076,love-and-belonging,12,12,0,35
mingrelian,5076,forgiveness-and-new-beginnings,7,7,0,35
mingrelian,5076,exploring-jesus,21,21,0,35
minianka,20917,meaning-and-purpose,18,18,0,35
minianka,20917,hope-and-perseverance,16,16,0,35
minianka,20917,love-and-belonging,12,12,0,35
minianka,20917,forgiveness-and-new-beginnings,7,7,0,35
minianka,20917,exploring-jesus,21,21,0,35
mirgan,5935,meaning-and-purpose,18,18,0,35
mirgan,5935,hope-and-perseverance,16,16,0,35
mirgan,5935,love-and-belonging,12,12,0,35
mirgan,5935,forgiveness-and-new-beginnings,7,7,0,35
mirgan,5935,exploring-jesus,21,21,0,35
mising,24177,meaning-and-purpose,18,18,0,35
mising,24177,hope-and-perseverance,16,16,0,35
mising,24177,love-and-belonging,12,12,0,35
mising,24177,forgiveness-and-new-beginnings,7,7,0,35
mising,24177,exploring-jesus,21,21,0,35
miskito,5527,meaning-and-purpose,18,18,0,35
miskito,5527,hope-and-perseverance,16,16,0,35
miskito,5527,love-and-belonging,12,12,0,35
miskito,5527,forgiveness-and-new-beginnings,7,7,0,35
miskito,5527,exploring-jesus,21,21,0,35
mixe-coatlan,8235,meaning-and-purpose,18,18,0,35
mixe-coatlan,8235,hope-and-perseverance,16,16,0,35
mixe-coatlan,8235,love-and-belonging,12,12,0,35
mixe-coatlan,8235,forgiveness-and-new-beginnings,7,7,0,35
mixe-coatlan,8235,exploring-jesus,21,21,0,35
mixe-del-istmo,8295,meaning-and-purpose,18,18,0,35
mixe-del-istmo,8295,hope-and-perseverance,16,16,0,35
mixe-del-istmo,8295,love-and-belonging,12,12,0,35
mixe-del-istmo,8295,forgiveness-and-new-beginnings,7,7,0,35
mixe-del-istmo,8295,exploring-jesus,21,21,0,35
mixtec-amoltepec,144228,meaning-and-purpose,18,18,0,35
mixtec-amoltepec,144228,hope-and-perseverance,16,16,0,35
mixtec-amoltepec,144228,love-and-belonging,12,12,0,35
mixtec-amoltepec,144228,forgiveness-and-new-beginnings,7,7,0,35
mixtec-amoltepec,144228,exploring-jesus,21,21,0,35
mixtec-ayutla,26162,meaning-and-purpose,18,18,0,35
mixtec-ayutla,26162,hope-and-perseverance,16,16,0,35
mixtec-ayutla,26162,love-and-belonging,12,12,0,35
mixtec-ayutla,26162,forgiveness-and-new-beginnings,7,7,0,35
mixtec-ayutla,26162,exploring-jesus,21,21,0,35
mixtec-magdalena-penasco,142146,meaning-and-purpose,18,18,0,35
mixtec-magdalena-penasco,142146,hope-and-perseverance,16,16,0,35
mixtec-magdalena-penasco,142146,love-and-belonging,12,12,0,35
mixtec-magdalena-penasco,142146,forgiveness-and-new-beginnings,7,7,0,35
mixtec-magdalena-penasco,142146,exploring-jesus,21,21,0,35
mixteco-alacatlatzala,8299,meaning-and-purpose,18,18,0,35
mixteco-alacatlatzala,8299,hope-and-perseverance,16,16,0,35
mixteco-alacatlatzala,8299,love-and-belonging,12,12,0,35
mixteco-alacatlatzala,8299,forgiveness-and-new-beginnings,7,7,0,35
mixteco-alacatlatzala,8299,exploring-jesus,21,21,0,35
mixteco-central-juxtlahuaca,8038,meaning-and-purpose,18,18,0,35
mixteco-central-juxtlahuaca,8038,hope-and-perseverance,16,16,0,35
mixteco-central-juxtlahuaca,8038,love-and-belonging,12,12,0,35
mixteco-central-juxtlahuaca,8038,forgiveness-and-new-beginnings,7,7,0,35
mixteco-central-juxtlahuaca,8038,exploring-jesus,21,21,0,35
mixteco-cuquila-ocotepec,184833,meaning-and-purpose,18,18,0,35
mixteco-cuquila-ocotepec,184833,hope-and-perseverance,16,16,0,35
mixteco-cuquila-ocotepec,184833,love-and-belonging,12,12,0,35
mixteco-cuquila-ocotepec,184833,forgiveness-and-new-beginnings,7,7,0,35
mixteco-cuquila-ocotepec,184833,exploring-jesus,21,21,0,35
mixteco-diuxi-tilantongo,8294,meaning-and-purpose,18,18,0,35
mixteco-diuxi-tilantongo,8294,hope-and-perseverance,16,16,0,35
mixteco-diuxi-tilantongo,8294,love-and-belonging,12,12,0,35
mixteco-diuxi-tilantongo,8294,forgiveness-and-new-beginnings,7,7,0,35
mixteco-diuxi-tilantongo,8294,exploring-jesus,21,21,0,35
mixteco-eastern,8303,meaning-and-purpose,18,18,0,35
mixteco-eastern,8303,hope-and-perseverance,16,16,0,35
mixteco-eastern,8303,love-and-belonging,12,12,0,35
mixteco-eastern,8303,forgiveness-and-new-beginnings,7,7,0,35
mixteco-eastern,8303,exploring-jesus,21,21,0,35
mixteco-metlatonoc,8193,meaning-and-purpose,18,18,0,35
mixteco-metlatonoc,8193,hope-and-perseverance,16,16,0,35
mixteco-metlatonoc,8193,love-and-belonging,12,12,0,35
mixteco-metlatonoc,8193,forgiveness-and-new-beginnings,7,7,0,35
mixteco-metlatonoc,8193,exploring-jesus,21,21,0,35
mixteco-monte-verde,23992,meaning-and-purpose,18,18,0,35
mixteco-monte-verde,23992,hope-and-perseverance,16,16,0,35
mixteco-monte-verde,23992,love-and-belonging,12,12,0,35
mixteco-monte-verde,23992,forgiveness-and-new-beginnings,7,7,0,35
mixteco-monte-verde,23992,exploring-jesus,21,21,0,35
mixteco-northwest-oaxaca,8202,meaning-and-purpose,18,18,0,35
mixteco-northwest-oaxaca,8202,hope-and-perseverance,16,16,0,35
mixteco-northwest-oaxaca,8202,love-and-belonging,12,12,0,35
mixteco-northwest-oaxaca,8202,forgiveness-and-new-beginnings,7,7,0,35
mixteco-northwest-oaxaca,8202,exploring-jesus,21,21,0,35
mixteco-potoichan,184832,meaning-and-purpose,18,18,0,35
mixteco-potoichan,184832,hope-and-perseverance,16,16,0,35
mixteco-potoichan,184832,love-and-belonging,12,12,0,35
mixteco-potoichan,184832,forgiveness-and-new-beginnings,7,7,0,35
mixteco-potoichan,184832,exploring-jesus,21,21,0,35
mixteco-santa-maria-apasco,8296,meaning-and-purpose,18,18,0,35
mixteco-santa-maria-apasco,8296,hope-and-perseverance,16,16,0,35
mixteco-santa-maria-apasco,8296,love-and-belonging,12,12,0,35
mixteco-santa-maria-apasco,8296,forgiveness-and-new-beginnings,7,7,0,35
mixteco-santa-maria-apasco,8296,exploring-jesus,21,21,0,35
mixteco-silacayoapan,8287,meaning-and-purpose,18,18,0,35
mixteco-silacayoapan,8287,hope-and-perseverance,16,16,0,35
mixteco-silacayoapan,8287,love-and-belonging,12,12,0,35
mixteco-silacayoapan,8287,forgiveness-and-new-beginnings,7,7,0,35
mixteco-silacayoapan,8287,exploring-jesus,21,21,0,35
mixteco-southern-puebla,8293,meaning-and-purpose,18,18,0,35
mixteco-southern-puebla,8293,hope-and-perseverance,16,16,0,35
mixteco-southern-puebla,8293,love-and-belonging,12,12,0,35
mixteco-southern-puebla,8293,forgiveness-and-new-beginnings,7,7,0,35
mixteco-southern-puebla,8293,exploring-jesus,21,21,0,35
mixteco-terroro-venado,24007,meaning-and-purpose,18,18,0,35
mixteco-terroro-venado,24007,hope-and-perseverance,16,16,0,35
mixteco-terroro-venado,24007,love-and-belonging,12,12,0,35
mixteco-terroro-venado,24007,forgiveness-and-new-beginnings,7,7,0,35
mixteco-terroro-venado,24007,exploring-jesus,21,21,0,35
miya,9461,meaning-and-purpose,18,18,0,35
miya,9461,hope-and-perseverance,16,16,0,35
miya,9461,love-and-belonging,12,12,0,35
miya,9461,forgiveness-and-new-beginnings,7,7,0,35
miya,9461,exploring-jesus,21,21,0,35
mizo-lushai,23578,meaning-and-purpose,18,18,0,35
mizo-lushai,23578,hope-and-perseverance,16,16,0,35
mizo-lushai,23578,love-and-belonging,12,12,0,35
mizo-lushai,23578,forgiveness-and-new-beginnings,7,7,0,35
mizo-lushai,23578,exploring-jesus,21,21,0,35
mmen,139817,meaning-and-purpose,18,18,0,35
mmen,139817,hope-and-perseverance,16,16,0,35
mmen,139817,love-and-belonging,12,12,0,35
mmen,139817,forgiveness-and-new-beginnings,7,7,0,35
mmen,139817,exploring-jesus,21,21,0,35
mnong-central,2159,meaning-and-purpose,18,18,0,35
mnong-central,2159,hope-and-perseverance,16,16,0,35
mnong-central,2159,love-and-belonging,12,12,0,35
mnong-central,2159,forgiveness-and-new-beginnings,7,7,0,35
mnong-central,2159,exploring-jesus,21,21,0,35
mnong-rlam,19200,meaning-and-purpose,18,18,0,35
mnong-rlam,19200,hope-and-perseverance,16,16,0,35
mnong-rlam,19200,love-and-belonging,12,12,0,35
mnong-rlam,19200,forgiveness-and-new-beginnings,7,7,0,35
mnong-rlam,19200,exploring-jesus,21,21,0,35
moba,2029,meaning-and-purpose,23,23,0,60
moba,2029,hope-and-perseverance,27,27,0,60
moba,2029,love-and-belonging,22,21,1,61
moba,2029,forgiveness-and-new-beginnings,13,12,1,61
moba,2029,exploring-jesus,39,39,0,60
mochi,144705,meaning-and-purpose,18,18,0,35
mochi,144705,hope-and-perseverance,16,16,0,35
mochi,144705,love-and-belonging,12,12,0,35
mochi,144705,forgiveness-and-new-beginnings,7,7,0,35
mochi,144705,exploring-jesus,21,21,0,35
modole,17075,meaning-and-purpose,18,18,0,35
modole,17075,hope-and-perseverance,16,16,0,35
modole,17075,love-and-belonging,12,12,0,35
modole,17075,forgiveness-and-new-beginnings,7,7,0,35
modole,17075,exploring-jesus,21,21,0,35
mofu-gudur,23922,meaning-and-purpose,18,18,0,35
mofu-gudur,23922,hope-and-perseverance,16,16,0,35
mofu-gudur,23922,love-and-belonging,12,12,0,35
mofu-gudur,23922,forgiveness-and-new-beginnings,7,7,0,35
mofu-gudur,23922,exploring-jesus,21,21,0,35
moken,101562,meaning-and-purpose,18,18,0,35
moken,101562,hope-and-perseverance,16,16,0,35
moken,101562,love-and-belonging,12,12,0,35
moken,101562,forgiveness-and-new-beginnings,7,7,0,35
moken,101562,exploring-jesus,21,21,0,35
moksha,18487,meaning-and-purpose,18,18,0,35
moksha,18487,hope-and-perseverance,16,16,0,35
moksha,18487,love-and-belonging,12,12,0,35
moksha,18487,forgiveness-and-new-beginnings,7,7,0,35
moksha,18487,exploring-jesus,21,21,0,35
molbog,12603,meaning-and-purpose,18,18,0,35
molbog,12603,hope-and-perseverance,16,16,0,35
molbog,12603,love-and-belonging,12,12,0,35
molbog,12603,forgiveness-and-new-beginnings,7,7,0,35
molbog,12603,exploring-jesus,21,21,0,35
moma,101665,meaning-and-purpose,18,18,0,35
moma,101665,hope-and-perseverance,16,16,0,35
moma,101665,love-and-belonging,12,12,0,35
moma,101665,forgiveness-and-new-beginnings,7,7,0,35
moma,101665,exploring-jesus,21,21,0,35
mon,20010,meaning-and-purpose,18,18,0,35
mon,20010,hope-and-perseverance,16,16,0,35
mon,20010,love-and-belonging,12,12,0,35
mon,20010,forgiveness-and-new-beginnings,7,7,0,35
mon,20010,exploring-jesus,21,21,0,35
mongo-nkundu,15300,meaning-and-purpose,18,18,0,35
mongo-nkundu,15300,hope-and-perseverance,16,16,0,35
mongo-nkundu,15300,love-and-belonging,12,12,0,35
mongo-nkundu,15300,forgiveness-and-new-beginnings,7,7,0,35
mongo-nkundu,15300,exploring-jesus,21,21,0,35
mongolian-halh,18259,meaning-and-purpose,28,28,0,82
mongolian-halh,18259,hope-and-perseverance,30,29,1,83
mongolian-halh,18259,love-and-belonging,32,30,2,84
mongolian-halh,18259,forgiveness-and-new-beginnings,20,19,1,83
mongolian-halh,18259,exploring-jesus,54,54,0,82
mongondow,17467,meaning-and-purpose,18,18,0,35
mongondow,17467,hope-and-perseverance,16,16,0,35
mongondow,17467,love-and-belonging,12,12,0,35
mongondow,17467,forgiveness-and-new-beginnings,7,7,0,35
mongondow,17467,exploring-jesus,21,21,0,35
mono,20007,meaning-and-purpose,18,18,0,35
mono,20007,hope-and-perseverance,16,16,0,35
mono,20007,love-and-belonging,12,12,0,35
mono,20007,forgiveness-and-new-beginnings,7,7,0,35
mono,20007,exploring-jesus,21,21,0,35
moore,2028,meaning-and-purpose,24,24,0,72
moore,2028,hope-and-perseverance,30,29,1,73
moore,2028,love-and-belonging,30,28,2,74
moore,2028,forgiveness-and-new-beginnings,19,18,1,73
moore,2028,exploring-jesus,44,44,0,72
moro,13889,meaning-and-purpose,18,18,0,35
moro,13889,hope-and-perseverance,16,16,0,35
moro,13889,love-and-belonging,12,12,0,35
moro,13889,forgiveness-and-new-beginnings,7,7,0,35
moro,13889,exploring-jesus,21,21,0,35
moru,13901,meaning-and-purpose,18,18,0,35
moru,13901,hope-and-perseverance,16,16,0,35
moru,13901,love-and-belonging,12,12,0,35
moru,13901,forgiveness-and-new-beginnings,7,7,0,35
moru,13901,exploring-jesus,21,21,0,35
mosiye,140404,meaning-and-purpose,18,18,0,35
mosiye,140404,hope-and-perseverance,16,16,0,35
mosiye,140404,love-and-belonging,12,12,0,35
mosiye,140404,forgiveness-and-new-beginnings,7,7,0,35
mosiye,140404,exploring-jesus,21,21,0,35
mouwase,141066,meaning-and-purpose,18,18,0,35
mouwase,141066,hope-and-perseverance,16,16,0,35
mouwase,141066,love-and-belonging,12,12,0,35
mouwase,141066,forgiveness-and-new-beginnings,7,7,0,35
mouwase,141066,exploring-jesus,21,21,0,35
mpoto,7791,meaning-and-purpose,18,18,0,35
mpoto,7791,hope-and-perseverance,16,16,0,35
mpoto,7791,love-and-belonging,12,12,0,35
mpoto,7791,forgiveness-and-new-beginnings,7,7,0,35
mpoto,7791,exploring-jesus,21,21,0,35
mpyemo,3207,meaning-and-purpose,18,18,0,35
mpyemo,3207,hope-and-perseverance,16,16,0,35
mpyemo,3207,love-and-belonging,12,12,0,35
mpyemo,3207,forgiveness-and-new-beginnings,7,7,0,35
mpyemo,3207,exploring-jesus,21,21,0,35
mro,53346,meaning-and-purpose,18,18,0,35
mro,53346,hope-and-perseverance,16,16,0,35
mro,53346,love-and-belonging,12,12,0,35
mro,53346,forgiveness-and-new-beginnings,7,7,0,35
mro,53346,exploring-jesus,21,21,0,35
mru,1251,meaning-and-purpose,18,18,0,35
mru,1251,hope-and-perseverance,16,16,0,35
mru,1251,love-and-belonging,12,12,0,35
mru,1251,forgiveness-and-new-beginnings,7,7,0,35
mru,1251,exploring-jesus,21,21,0,35
mualang,144156,meaning-and-purpose,18,18,0,35
mualang,144156,hope-and-perseverance,16,16,0,35
mualang,144156,love-and-belonging,12,12,0,35
mualang,144156,forgiveness-and-new-beginnings,7,7,0,35
mualang,144156,exploring-jesus,21,21,0,35
mumuye,2441,meaning-and-purpose,18,18,0,35
mumuye,2441,hope-and-perseverance,16,16,0,35
mumuye,2441,love-and-belonging,12,12,0,35
mumuye,2441,forgiveness-and-new-beginnings,7,7,0,35
mumuye,2441,exploring-jesus,21,21,0,35
muna,17462,meaning-and-purpose,18,18,0,35
muna,17462,hope-and-perseverance,16,16,0,35
muna,17462,love-and-belonging,12,12,0,35
muna,17462,forgiveness-and-new-beginnings,7,7,0,35
muna,17462,exploring-jesus,21,21,0,35
munda,100408,meaning-and-purpose,18,18,0,35
munda,100408,hope-and-perseverance,16,16,0,35
munda,100408,love-and-belonging,12,12,0,35
munda,100408,forgiveness-and-new-beginnings,7,7,0,35
munda,100408,exploring-jesus,21,21,0,35
mundang,2453,meaning-and-purpose,18,18,0,35
mundang,2453,hope-and-perseverance,16,16,0,35
mundang,2453,love-and-belonging,12,12,0,35
mundang,2453,forgiveness-and-new-beginnings,7,7,0,35
mundang,2453,exploring-jesus,21,21,0,35
mundani,2440,meaning-and-purpose,18,18,0,35
mundani,2440,hope-and-perseverance,16,16,0,35
mundani,2440,love-and-belonging,12,12,0,35
mundani,2440,forgiveness-and-new-beginnings,7,7,0,35
mundani,2440,exploring-jesus,21,21,0,35
mundari,1250,meaning-and-purpose,18,18,0,35
mundari,1250,hope-and-perseverance,16,16,0,35
mundari,1250,love-and-belonging,12,12,0,35
mundari,1250,forgiveness-and-new-beginnings,7,7,0,35
mundari,1250,exploring-jesus,21,21,0,35
mundari-south-sudan,127670,meaning-and-purpose,18,18,0,35
mundari-south-sudan,127670,hope-and-perseverance,16,16,0,35
mundari-south-sudan,127670,love-and-belonging,12,12,0,35
mundari-south-sudan,127670,forgiveness-and-new-beginnings,7,7,0,35
mundari-south-sudan,127670,exploring-jesus,21,21,0,35
mundu,184502,meaning-and-purpose,18,18,0,35
mundu,184502,hope-and-perseverance,16,16,0,35
mundu,184502,love-and-belonging,12,12,0,35
mundu,184502,forgiveness-and-new-beginnings,7,7,0,35
mundu,184502,exploring-jesus,21,21,0,35
munduruku,1821,meaning-and-purpose,18,18,0,35
munduruku,1821,hope-and-perseverance,16,16,0,35
munduruku,1821,love-and-belonging,12,12,0,35
munduruku,1821,forgiveness-and-new-beginnings,7,7,0,35
munduruku,1821,exploring-jesus,21,21,0,35
mungaka,2485,meaning-and-purpose,18,18,0,35
mungaka,2485,hope-and-perseverance,16,16,0,35
mungaka,2485,love-and-belonging,12,12,0,35
mungaka,2485,forgiveness-and-new-beginnings,7,7,0,35
mungaka,2485,exploring-jesus,21,21,0,35
munukutuba,4334,meaning-and-purpose,19,19,0,47
munukutuba,4334,hope-and-perseverance,19,18,1,48
munukutuba,4334,love-and-belonging,20,19,1,48
munukutuba,4334,forgiveness-and-new-beginnings,13,13,0,47
munukutuba,4334,exploring-jesus,26,26,0,47
muong,19191,meaning-and-purpose,23,23,0,56
muong,19191,hope-and-perseverance,26,26,0,56
muong,19191,love-and-belonging,20,19,1,57
muong,19191,forgiveness-and-new-beginnings,10,9,1,57
muong,19191,exploring-jesus,37,37,0,56
mupun,155934,meaning-and-purpose,18,18,0,35
mupun,155934,hope-and-perseverance,16,16,0,35
mupun,155934,love-and-belonging,12,12,0,35
mupun,155934,forgiveness-and-new-beginnings,7,7,0,35
mupun,155934,exploring-jesus,21,21,0,35
muria-eastern,98139,meaning-and-purpose,18,18,0,35
muria-eastern,98139,hope-and-perseverance,16,16,0,35
muria-eastern,98139,love-and-belonging,12,12,0,35
muria-eastern,98139,forgiveness-and-new-beginnings,7,7,0,35
muria-eastern,98139,exploring-jesus,21,21,0,35
muria-western,101474,meaning-and-purpose,18,18,0,35
muria-western,101474,hope-and-perseverance,16,16,0,35
muria-western,101474,love-and-belonging,12,12,0,35
muria-western,101474,forgiveness-and-new-beginnings,7,7,0,35
muria-western,101474,exploring-jesus,21,21,0,35
murle,4764,meaning-and-purpose,18,18,0,35
murle,4764,hope-and-perseverance,16,16,0,35
murle,4764,love-and-belonging,12,12,0,35
murle,4764,forgiveness-and-new-beginnings,7,7,0,35
murle,4764,exploring-jesus,21,21,0,35
musgu,2449,meaning-and-purpose,18,18,0,35
musgu,2449,hope-and-perseverance,16,16,0,35
musgu,2449,love-and-belonging,12,12,0,35
musgu,2449,forgiveness-and-new-beginnings,7,7,0,35
musgu,2449,exploring-jesus,21,21,0,35
muyang,2430,meaning-and-purpose,18,18,0,35
muyang,2430,hope-and-perseverance,16,16,0,35
muyang,2430,love-and-belonging,12,12,0,35
muyang,2430,forgiveness-and-new-beginnings,7,7,0,35
muyang,2430,exploring-jesus,21,21,0,35
mwaghavul,10021,meaning-and-purpose,18,18,0,39
mwaghavul,10021,hope-and-perseverance,17,17,0,39
mwaghavul,10021,love-and-belonging,14,14,0,39
mwaghavul,10021,forgiveness-and-new-beginnings,10,10,0,39
mwaghavul,10021,exploring-jesus,23,23,0,39
mwan,143863,meaning-and-purpose,18,18,0,35
mwan,143863,hope-and-perseverance,16,16,0,35
mwan,143863,love-and-belonging,12,12,0,35
mwan,143863,forgiveness-and-new-beginnings,7,7,0,35
mwan,143863,exploring-jesus,21,21,0,35
mwani,8486,meaning-and-purpose,18,18,0,35
mwani,8486,hope-and-perseverance,16,16,0,35
mwani,8486,love-and-belonging,12,12,0,35
mwani,8486,forgiveness-and-new-beginnings,7,7,0,35
mwani,8486,exploring-jesus,21,21,0,35
mwera,14124,meaning-and-purpose,18,18,0,35
mwera,14124,hope-and-perseverance,16,16,0,35
mwera,14124,love-and-belonging,12,12,0,35
mwera,14124,forgiveness-and-new-beginnings,7,7,0,35
mwera,14124,exploring-jesus,21,21,0,35
mwimbi-igoji-muthambi,7300,meaning-and-purpose,18,18,0,35
mwimbi-igoji-muthambi,7300,hope-and-perseverance,16,16,0,35
mwimbi-igoji-muthambi,7300,love-and-belonging,12,12,0,35
mwimbi-igoji-muthambi,7300,forgiveness-and-new-beginnings,7,7,0,35
mwimbi-igoji-muthambi,7300,exploring-jesus,21,21,0,35
naasioi,20061,meaning-and-purpose,18,18,0,35
naasioi,20061,hope-and-perseverance,16,16,0,35
naasioi,20061,love-and-belonging,12,12,0,35
naasioi,20061,forgiveness-and-new-beginnings,7,7,0,35
naasioi,20061,exploring-jesus,21,21,0,35
nafaanra,5228,meaning-and-purpose,18,18,0,35
nafaanra,5228,hope-and-perseverance,16,16,0,35
nafaanra,5228,love-and-belonging,12,12,0,35
nafaanra,5228,forgiveness-and-new-beginnings,7,7,0,35
nafaanra,5228,exploring-jesus,21,21,0,35
naga-angami,6071,meaning-and-purpose,18,18,0,35
naga-angami,6071,hope-and-perseverance,16,16,0,35
naga-angami,6071,love-and-belonging,12,12,0,35
naga-angami,6071,forgiveness-and-new-beginnings,7,7,0,35
naga-angami,6071,exploring-jesus,21,21,0,35
naga-chang,101847,meaning-and-purpose,18,18,0,35
naga-chang,101847,hope-and-perseverance,16,16,0,35
naga-chang,101847,love-and-belonging,12,12,0,35
naga-chang,101847,forgiveness-and-new-beginnings,7,7,0,35
naga-chang,101847,exploring-jesus,21,21,0,35
naga-chokri,101310,meaning-and-purpose,18,18,0,35
naga-chokri,101310,hope-and-perseverance,16,16,0,35
naga-chokri,101310,love-and-belonging,12,12,0,35
naga-chokri,101310,forgiveness-and-new-beginnings,7,7,0,35
naga-chokri,101310,exploring-jesus,21,21,0,35
naga-khezha,143890,meaning-and-purpose,18,18,0,35
naga-khezha,143890,hope-and-perseverance,16,16,0,35
naga-khezha,143890,love-and-belonging,12,12,0,35
naga-khezha,143890,forgiveness-and-new-beginnings,7,7,0,35
naga-khezha,143890,exploring-jesus,21,21,0,35
naga-konyak,6144,meaning-and-purpose,18,18,0,35
naga-konyak,6144,hope-and-perseverance,16,16,0,35
naga-konyak,6144,love-and-belonging,12,12,0,35
naga-konyak,6144,forgiveness-and-new-beginnings,7,7,0,35
naga-konyak,6144,exploring-jesus,21,21,0,35
naga-liangmai,143810,meaning-and-purpose,18,18,0,35
naga-liangmai,143810,hope-and-perseverance,16,16,0,35
naga-liangmai,143810,love-and-belonging,12,12,0,35
naga-liangmai,143810,forgiveness-and-new-beginnings,7,7,0,35
naga-liangmai,143810,exploring-jesus,21,21,0,35
naga-lotha,6079,meaning-and-purpose,18,18,0,35
naga-lotha,6079,hope-and-perseverance,16,16,0,35
naga-lotha,6079,love-and-belonging,12,12,0,35
naga-lotha,6079,forgiveness-and-new-beginnings,7,7,0,35
naga-lotha,6079,exploring-jesus,21,21,0,35
naga-mao,6110,meaning-and-purpose,18,18,0,35
naga-mao,6110,hope-and-perseverance,16,16,0,35
naga-mao,6110,love-and-belonging,12,12,0,35
naga-mao,6110,forgiveness-and-new-beginnings,7,7,0,35
naga-mao,6110,exploring-jesus,21,21,0,35
naga-rongmei,6108,meaning-and-purpose,18,18,0,35
naga-rongmei,6108,hope-and-perseverance,16,16,0,35
naga-rongmei,6108,love-and-belonging,12,12,0,35
naga-rongmei,6108,forgiveness-and-new-beginnings,7,7,0,35
naga-rongmei,6108,exploring-jesus,21,21,0,35
naga-sangtam,101316,meaning-and-purpose,18,18,0,35
naga-sangtam,101316,hope-and-perseverance,16,16,0,35
naga-sangtam,101316,love-and-belonging,12,12,0,35
naga-sangtam,101316,forgiveness-and-new-beginnings,7,7,0,35
naga-sangtam,101316,exploring-jesus,21,21,0,35
naga-sumi,144286,meaning-and-purpose,18,18,0,35
naga-sumi,144286,hope-and-perseverance,16,16,0,35
naga-sumi,144286,love-and-belonging,12,12,0,35
naga-sumi,144286,forgiveness-and-new-beginnings,7,7,0,35
naga-sumi,144286,exploring-jesus,21,21,0,35
naga-tangkhul,6044,meaning-and-purpose,18,18,0,35
naga-tangkhul,6044,hope-and-perseverance,16,16,0,35
naga-tangkhul,6044,love-and-belonging,12,12,0,35
naga-tangkhul,6044,forgiveness-and-new-beginnings,7,7,0,35
naga-tangkhul,6044,exploring-jesus,21,21,0,35
naga-yimchungru,100453,meaning-and-purpose,18,18,0,35
naga-yimchungru,100453,hope-and-perseverance,16,16,0,35
naga-yimchungru,100453,love-and-belonging,12,12,0,35
naga-yimchungru,100453,forgiveness-and-new-beginnings,7,7,0,35
naga-yimchungru,100453,exploring-jesus,21,21,0,35
naga-zeme,101677,meaning-and-purpose,18,18,0,35
naga-zeme,101677,hope-and-perseverance,16,16,0,35
naga-zeme,101677,love-and-belonging,12,12,0,35
naga-zeme,101677,forgiveness-and-new-beginnings,7,7,0,35
naga-zeme,101677,exploring-jesus,21,21,0,35
nagamese,20842,meaning-and-purpose,18,18,0,36
nagamese,20842,hope-and-perseverance,16,16,0,36
nagamese,20842,love-and-belonging,12,12,0,36
nagamese,20842,forgiveness-and-new-beginnings,8,8,0,36
nagamese,20842,exploring-jesus,22,22,0,36
nage,17269,meaning-and-purpose,18,18,0,35
nage,17269,hope-and-perseverance,16,16,0,35
nage,17269,love-and-belonging,12,12,0,35
nage,17269,forgiveness-and-new-beginnings,7,7,0,35
nage,17269,exploring-jesus,21,21,0,35
nago,1327,meaning-and-purpose,18,18,0,35
nago,1327,hope-and-perseverance,16,16,0,35
nago,1327,love-and-belonging,12,12,0,35
nago,1327,forgiveness-and-new-beginnings,7,7,0,35
nago,1327,exploring-jesus,21,21,0,35
nahuatl-central-huasteca,26419,meaning-and-purpose,23,23,0,56
nahuatl-central-huasteca,26419,hope-and-perseverance,26,26,0,56
nahuatl-central-huasteca,26419,love-and-belonging,20,19,1,57
nahuatl-central-huasteca,26419,forgiveness-and-new-beginnings,10,9,1,57
nahuatl-central-huasteca,26419,exploring-jesus,37,37,0,56
nahuatl-eastern-huasteca,8188,meaning-and-purpose,23,23,0,56
nahuatl-eastern-huasteca,8188,hope-and-perseverance,26,26,0,56
nahuatl-eastern-huasteca,8188,love-and-belonging,20,19,1,57
nahuatl-eastern-huasteca,8188,forgiveness-and-new-beginnings,10,9,1,57
nahuatl-eastern-huasteca,8188,exploring-jesus,37,37,0,56
nahuatl-isthmus-pajapan,143712,meaning-and-purpose,18,18,0,35
nahuatl-isthmus-pajapan,143712,hope-and-perseverance,16,16,0,35
nahuatl-isthmus-pajapan,143712,love-and-belonging,12,12,0,35
nahuatl-isthmus-pajapan,143712,forgiveness-and-new-beginnings,7,7,0,35
nahuatl-isthmus-pajapan,143712,exploring-jesus,21,21,0,35
nahuatl-michoacan,144766,meaning-and-purpose,18,18,0,35
nahuatl-michoacan,144766,hope-and-perseverance,16,16,0,35
nahuatl-michoacan,144766,love-and-belonging,12,12,0,35
nahuatl-michoacan,144766,forgiveness-and-new-beginnings,7,7,0,35
nahuatl-michoacan,144766,exploring-jesus,21,21,0,35
nahuatl-northern-puebla,144765,meaning-and-purpose,18,18,0,35
nahuatl-northern-puebla,144765,hope-and-perseverance,16,16,0,35
nahuatl-northern-puebla,144765,love-and-belonging,12,12,0,35
nahuatl-northern-puebla,144765,forgiveness-and-new-beginnings,7,7,0,35
nahuatl-northern-puebla,144765,exploring-jesus,21,21,0,35
nahuatl-orizaba,8164,meaning-and-purpose,23,23,0,57
nahuatl-orizaba,8164,hope-and-perseverance,26,26,0,57
nahuatl-orizaba,8164,love-and-belonging,20,19,1,58
nahuatl-orizaba,8164,forgiveness-and-new-beginnings,10,9,1,58
nahuatl-orizaba,8164,exploring-jesus,38,38,0,57
nahuatl-sierra-de-puebla,8336,meaning-and-purpose,18,18,0,35
nahuatl-sierra-de-puebla,8336,hope-and-perseverance,16,16,0,35
nahuatl-sierra-de-puebla,8336,love-and-belonging,12,12,0,35
nahuatl-sierra-de-puebla,8336,forgiveness-and-new-beginnings,7,7,0,35
nahuatl-sierra-de-puebla,8336,exploring-jesus,21,21,0,35
nahuatl-southeast-puebla,8173,meaning-and-purpose,18,18,0,35
nahuatl-southeast-puebla,8173,hope-and-perseverance,16,16,0,35
nahuatl-southeast-puebla,8173,love-and-belonging,12,12,0,35
nahuatl-southeast-puebla,8173,forgiveness-and-new-beginnings,7,7,0,35
nahuatl-southeast-puebla,8173,exploring-jesus,21,21,0,35
nahuatl-western-huasteca,8170,meaning-and-purpose,23,23,0,56
nahuatl-western-huasteca,8170,hope-and-perseverance,26,26,0,56
nahuatl-western-huasteca,8170,love-and-belonging,20,19,1,57
nahuatl-western-huasteca,8170,forgiveness-and-new-beginnings,10,9,1,57
nahuatl-western-huasteca,8170,exploring-jesus,37,37,0,56
nahuatl-zacatlan-ahuacatlan-tepetzintla,143707,meaning-and-purpose,18,18,0,35
nahuatl-zacatlan-ahuacatlan-tepetzintla,143707,hope-and-perseverance,16,16,0,35
nahuatl-zacatlan-ahuacatlan-tepetzintla,143707,love-and-belonging,12,12,0,35
nahuatl-zacatlan-ahuacatlan-tepetzintla,143707,forgiveness-and-new-beginnings,7,7,0,35
nahuatl-zacatlan-ahuacatlan-tepetzintla,143707,exploring-jesus,21,21,0,35
nakanai,11536,meaning-and-purpose,18,18,0,35
nakanai,11536,hope-and-perseverance,16,16,0,35
nakanai,11536,love-and-belonging,12,12,0,35
nakanai,11536,forgiveness-and-new-beginnings,7,7,0,35
nakanai,11536,exploring-jesus,21,21,0,35
nalca,16214,meaning-and-purpose,18,18,0,35
nalca,16214,hope-and-perseverance,16,16,0,35
nalca,16214,love-and-belonging,12,12,0,35
nalca,16214,forgiveness-and-new-beginnings,7,7,0,35
nalca,16214,exploring-jesus,21,21,0,35
nama,144017,meaning-and-purpose,18,18,0,35
nama,144017,hope-and-perseverance,16,16,0,35
nama,144017,love-and-belonging,12,12,0,35
nama,144017,forgiveness-and-new-beginnings,7,7,0,35
nama,144017,exploring-jesus,21,21,0,35
nambikuara-southern,1816,meaning-and-purpose,18,18,0,35
nambikuara-southern,1816,hope-and-perseverance,16,16,0,35
nambikuara-southern,1816,love-and-belonging,12,12,0,35
nambikuara-southern,1816,forgiveness-and-new-beginnings,7,7,0,35
nambikuara-southern,1816,exploring-jesus,21,21,0,35
nambya,15865,meaning-and-purpose,18,18,0,35
nambya,15865,hope-and-perseverance,16,16,0,35
nambya,15865,love-and-belonging,12,12,0,35
nambya,15865,forgiveness-and-new-beginnings,7,7,0,35
nambya,15865,exploring-jesus,21,21,0,35
namiae,144455,meaning-and-purpose,18,18,0,35
namiae,144455,hope-and-perseverance,16,16,0,35
namiae,144455,love-and-belonging,12,12,0,35
namiae,144455,forgiveness-and-new-beginnings,7,7,0,35
namiae,144455,exploring-jesus,21,21,0,35
namwanga,53095,meaning-and-purpose,18,18,0,35
namwanga,53095,hope-and-perseverance,16,16,0,35
namwanga,53095,love-and-belonging,12,12,0,35
namwanga,53095,forgiveness-and-new-beginnings,7,7,0,35
namwanga,53095,exploring-jesus,21,21,0,35
nandeva,169287,meaning-and-purpose,18,18,0,35
nandeva,169287,hope-and-perseverance,16,16,0,35
nandeva,169287,love-and-belonging,12,12,0,35
nandeva,169287,forgiveness-and-new-beginnings,7,7,0,35
nandeva,169287,exploring-jesus,21,21,0,35
nandi,102324,meaning-and-purpose,18,18,0,35
nandi,102324,hope-and-perseverance,16,16,0,35
nandi,102324,love-and-belonging,12,12,0,35
nandi,102324,forgiveness-and-new-beginnings,7,7,0,35
nandi,102324,exploring-jesus,21,21,0,35
nangjere,37552,meaning-and-purpose,18,18,0,35
nangjere,37552,hope-and-perseverance,16,16,0,35
nangjere,37552,love-and-belonging,12,12,0,35
nangjere,37552,forgiveness-and-new-beginnings,7,7,0,35
nangjere,37552,exploring-jesus,21,21,0,35
napu,101301,meaning-and-purpose,18,18,0,35
napu,101301,hope-and-perseverance,16,16,0,35
napu,101301,love-and-belonging,12,12,0,35
napu,101301,forgiveness-and-new-beginnings,7,7,0,35
napu,101301,exploring-jesus,21,21,0,35
nasu-eastern,22847,meaning-and-purpose,23,23,0,57
nasu-eastern,22847,hope-and-perseverance,26,26,0,57
nasu-eastern,22847,love-and-belonging,20,19,1,58
nasu-eastern,22847,forgiveness-and-new-beginnings,10,9,1,58
nasu-eastern,22847,exploring-jesus,38,38,0,57
nauruan,8818,meaning-and-purpose,19,19,0,47
nauruan,8818,hope-and-perseverance,19,18,1,48
nauruan,8818,love-and-belonging,20,19,1,48
nauruan,8818,forgiveness-and-new-beginnings,13,13,0,47
nauruan,8818,exploring-jesus,26,26,0,47
navaho,19097,meaning-and-purpose,18,18,0,35
navaho,19097,hope-and-perseverance,16,16,0,35
navaho,19097,love-and-belonging,12,12,0,35
navaho,19097,forgiveness-and-new-beginnings,7,7,0,35
navaho,19097,exploring-jesus,21,21,0,35
nawary,427,meaning-and-purpose,18,18,0,35
nawary,427,hope-and-perseverance,16,16,0,35
nawary,427,love-and-belonging,12,12,0,35
nawary,427,forgiveness-and-new-beginnings,7,7,0,35
nawary,427,exploring-jesus,21,21,0,35
nawdm,5220,meaning-and-purpose,18,18,0,35
nawdm,5220,hope-and-perseverance,16,16,0,35
nawdm,5220,love-and-belonging,12,12,0,35
nawdm,5220,forgiveness-and-new-beginnings,7,7,0,35
nawdm,5220,exploring-jesus,21,21,0,35
naxi,3974,meaning-and-purpose,19,19,0,40
naxi,3974,hope-and-perseverance,18,18,0,40
naxi,3974,love-and-belonging,13,13,0,40
naxi,3974,forgiveness-and-new-beginnings,9,9,0,40
naxi,3974,exploring-jesus,25,25,0,40
ndali,20070,meaning-and-purpose,18,18,0,35
ndali,20070,hope-and-perseverance,16,16,0,35
ndali,20070,love-and-belonging,12,12,0,35
ndali,20070,forgiveness-and-new-beginnings,7,7,0,35
ndali,20070,exploring-jesus,21,21,0,35
ndamba,14117,meaning-and-purpose,18,18,0,35
ndamba,14117,hope-and-perseverance,16,16,0,35
ndamba,14117,love-and-belonging,12,12,0,35
ndamba,14117,forgiveness-and-new-beginnings,7,7,0,35
ndamba,14117,exploring-jesus,21,21,0,35
ndau,8441,meaning-and-purpose,18,18,0,35
ndau,8441,hope-and-perseverance,16,16,0,35
ndau,8441,love-and-belonging,12,12,0,35
ndau,8441,forgiveness-and-new-beginnings,7,7,0,35
ndau,8441,exploring-jesus,21,21,0,35
ndebele-northern,20851,meaning-and-purpose,24,24,0,72
ndebele-northern,20851,hope-and-perseverance,30,29,1,73
ndebele-northern,20851,love-and-belonging,30,28,2,74
ndebele-northern,20851,forgiveness-and-new-beginnings,19,18,1,73
ndebele-northern,20851,exploring-jesus,44,44,0,72
ndebele-southern,20852,meaning-and-purpose,18,18,0,35
ndebele-southern,20852,hope-and-perseverance,16,16,0,35
ndebele-southern,20852,love-and-belonging,12,12,0,35
ndebele-southern,20852,forgiveness-and-new-beginnings,7,7,0,35
ndebele-southern,20852,exploring-jesus,21,21,0,35
ndendeule,14271,meaning-and-purpose,18,18,0,35
ndendeule,14271,hope-and-perseverance,16,16,0,35
ndendeule,14271,love-and-belonging,12,12,0,35
ndendeule,14271,forgiveness-and-new-beginnings,7,7,0,35
ndendeule,14271,exploring-jesus,21,21,0,35
ndogo,13876,meaning-and-purpose,18,18,0,35
ndogo,13876,hope-and-perseverance,16,16,0,35
ndogo,13876,love-and-belonging,12,12,0,35
ndogo,13876,forgiveness-and-new-beginnings,7,7,0,35
ndogo,13876,exploring-jesus,21,21,0,35
ndokwa-ukwuani,142180,meaning-and-purpose,18,18,0,35
ndokwa-ukwuani,142180,hope-and-perseverance,16,16,0,35
ndokwa-ukwuani,142180,love-and-belonging,12,12,0,35
ndokwa-ukwuani,142180,forgiveness-and-new-beginnings,7,7,0,35
ndokwa-ukwuani,142180,exploring-jesus,21,21,0,35
ndola,176097,meaning-and-purpose,18,18,0,35
ndola,176097,hope-and-perseverance,16,16,0,35
ndola,176097,love-and-belonging,12,12,0,35
ndola,176097,forgiveness-and-new-beginnings,7,7,0,35
ndola,176097,exploring-jesus,21,21,0,35
ndrulo,139155,meaning-and-purpose,18,18,0,35
ndrulo,139155,hope-and-perseverance,16,16,0,35
ndrulo,139155,love-and-belonging,12,12,0,35
ndrulo,139155,forgiveness-and-new-beginnings,7,7,0,35
ndrulo,139155,exploring-jesus,21,21,0,35
ndruna,24295,meaning-and-purpose,18,18,0,35
ndruna,24295,hope-and-perseverance,16,16,0,35
ndruna,24295,love-and-belonging,12,12,0,35
ndruna,24295,forgiveness-and-new-beginnings,7,7,0,35
ndruna,24295,exploring-jesus,21,21,0,35
ndut,143453,meaning-and-purpose,18,18,0,35
ndut,143453,hope-and-perseverance,16,16,0,35
ndut,143453,love-and-belonging,12,12,0,35
ndut,143453,forgiveness-and-new-beginnings,7,7,0,35
ndut,143453,exploring-jesus,21,21,0,35
nembe,9731,meaning-and-purpose,18,18,0,35
nembe,9731,hope-and-perseverance,16,16,0,35
nembe,9731,love-and-belonging,12,12,0,35
nembe,9731,forgiveness-and-new-beginnings,7,7,0,35
nembe,9731,exploring-jesus,21,21,0,35
nepali,1370,meaning-and-purpose,39,39,0,104
nepali,1370,hope-and-perseverance,45,44,1,105
nepali,1370,love-and-belonging,42,40,2,106
nepali,1370,forgiveness-and-new-beginnings,27,26,1,105
nepali,1370,exploring-jesus,57,57,0,104
nethakani,139167,meaning-and-purpose,18,18,0,35
nethakani,139167,hope-and-perseverance,16,16,0,35
nethakani,139167,love-and-belonging,12,12,0,35
nethakani,139167,forgiveness-and-new-beginnings,7,7,0,35
nethakani,139167,exploring-jesus,21,21,0,35
new-zealand-sign-language,9194,meaning-and-purpose,0,0,0,1
new-zealand-sign-language,9194,hope-and-perseverance,0,0,0,1
new-zealand-sign-language,9194,love-and-belonging,0,0,0,1
new-zealand-sign-language,9194,forgiveness-and-new-beginnings,0,0,0,1
new-zealand-sign-language,9194,exploring-jesus,1,1,0,1
newari,6093,meaning-and-purpose,18,18,0,35
newari,6093,hope-and-perseverance,16,16,0,35
newari,6093,love-and-belonging,12,12,0,35
newari,6093,forgiveness-and-new-beginnings,7,7,0,35
newari,6093,exploring-jesus,21,21,0,35
ngada,144528,meaning-and-purpose,18,18,0,35
ngada,144528,hope-and-perseverance,16,16,0,35
ngada,144528,love-and-belonging,12,12,0,35
ngada,144528,forgiveness-and-new-beginnings,7,7,0,35
ngada,144528,exploring-jesus,21,21,0,35
ngakarimojong,20736,meaning-and-purpose,18,18,0,39
ngakarimojong,20736,hope-and-perseverance,17,17,0,39
ngakarimojong,20736,love-and-belonging,14,14,0,39
ngakarimojong,20736,forgiveness-and-new-beginnings,10,10,0,39
ngakarimojong,20736,exploring-jesus,23,23,0,39
ngambay,2303,meaning-and-purpose,18,18,0,35
ngambay,2303,hope-and-perseverance,16,16,0,35
ngambay,2303,love-and-belonging,12,12,0,35
ngambay,2303,forgiveness-and-new-beginnings,7,7,0,35
ngambay,2303,exploring-jesus,21,21,0,35
ngamo,9410,meaning-and-purpose,18,18,0,35
ngamo,9410,hope-and-perseverance,16,16,0,35
ngamo,9410,love-and-belonging,12,12,0,35
ngamo,9410,forgiveness-and-new-beginnings,7,7,0,35
ngamo,9410,exploring-jesus,21,21,0,35
ngas,22193,meaning-and-purpose,18,18,0,35
ngas,22193,hope-and-perseverance,16,16,0,35
ngas,22193,love-and-belonging,12,12,0,35
ngas,22193,forgiveness-and-new-beginnings,7,7,0,35
ngas,22193,exploring-jesus,21,21,0,35
ngbaka,4327,meaning-and-purpose,18,18,0,35
ngbaka,4327,hope-and-perseverance,16,16,0,35
ngbaka,4327,love-and-belonging,12,12,0,35
ngbaka,4327,forgiveness-and-new-beginnings,7,7,0,35
ngbaka,4327,exploring-jesus,21,21,0,35
ngbandi,15269,meaning-and-purpose,18,18,0,35
ngbandi,15269,hope-and-perseverance,16,16,0,35
ngbandi,15269,love-and-belonging,12,12,0,35
ngbandi,15269,forgiveness-and-new-beginnings,7,7,0,35
ngbandi,15269,exploring-jesus,21,21,0,35
ngbandi-ngiri,26416,meaning-and-purpose,18,18,0,35
ngbandi-ngiri,26416,hope-and-perseverance,16,16,0,35
ngbandi-ngiri,26416,love-and-belonging,12,12,0,35
ngbandi-ngiri,26416,forgiveness-and-new-beginnings,7,7,0,35
ngbandi-ngiri,26416,exploring-jesus,21,21,0,35
ngbugu,53433,meaning-and-purpose,18,18,0,39
ngbugu,53433,hope-and-perseverance,17,17,0,39
ngbugu,53433,love-and-belonging,14,14,0,39
ngbugu,53433,forgiveness-and-new-beginnings,10,10,0,39
ngbugu,53433,exploring-jesus,23,23,0,39
nghlawa,184630,meaning-and-purpose,18,18,0,35
nghlawa,184630,hope-and-perseverance,16,16,0,35
nghlawa,184630,love-and-belonging,12,12,0,35
nghlawa,184630,forgiveness-and-new-beginnings,7,7,0,35
nghlawa,184630,exploring-jesus,21,21,0,35
ngiemboon,2348,meaning-and-purpose,18,18,0,35
ngiemboon,2348,hope-and-perseverance,16,16,0,35
ngiemboon,2348,love-and-belonging,12,12,0,35
ngiemboon,2348,forgiveness-and-new-beginnings,7,7,0,35
ngiemboon,2348,exploring-jesus,21,21,0,35
ngindo,14108,meaning-and-purpose,18,18,0,35
ngindo,14108,hope-and-perseverance,16,16,0,35
ngindo,14108,love-and-belonging,12,12,0,35
ngindo,14108,forgiveness-and-new-beginnings,7,7,0,35
ngindo,14108,exploring-jesus,21,21,0,35
ngizim,9396,meaning-and-purpose,18,18,0,35
ngizim,9396,hope-and-perseverance,16,16,0,35
ngizim,9396,love-and-belonging,12,12,0,35
ngizim,9396,forgiveness-and-new-beginnings,7,7,0,35
ngizim,9396,exploring-jesus,21,21,0,35
ngomba,2344,meaning-and-purpose,18,18,0,35
ngomba,2344,hope-and-perseverance,16,16,0,35
ngomba,2344,love-and-belonging,12,12,0,35
ngomba,2344,forgiveness-and-new-beginnings,7,7,0,35
ngomba,2344,exploring-jesus,21,21,0,35
ngombale,2357,meaning-and-purpose,18,18,0,35
ngombale,2357,hope-and-perseverance,16,16,0,35
ngombale,2357,love-and-belonging,12,12,0,35
ngombale,2357,forgiveness-and-new-beginnings,7,7,0,35
ngombale,2357,exploring-jesus,21,21,0,35
ngombe,20077,meaning-and-purpose,18,18,0,35
ngombe,20077,hope-and-perseverance,16,16,0,35
ngombe,20077,love-and-belonging,12,12,0,35
ngombe,20077,forgiveness-and-new-beginnings,7,7,0,35
ngombe,20077,exploring-jesus,21,21,0,35
ngombe-north,184944,meaning-and-purpose,18,18,0,35
ngombe-north,184944,hope-and-perseverance,16,16,0,35
ngombe-north,184944,love-and-belonging,12,12,0,35
ngombe-north,184944,forgiveness-and-new-beginnings,7,7,0,35
ngombe-north,184944,exploring-jesus,21,21,0,35
ngombe-south,184943,meaning-and-purpose,18,18,0,35
ngombe-south,184943,hope-and-perseverance,16,16,0,35
ngombe-south,184943,love-and-belonging,12,12,0,35
ngombe-south,184943,forgiveness-and-new-beginnings,7,7,0,35
ngombe-south,184943,exploring-jesus,21,21,0,35
ngonde,184510,meaning-and-purpose,18,18,0,35
ngonde,184510,hope-and-perseverance,16,16,0,35
ngonde,184510,love-and-belonging,12,12,0,35
ngonde,184510,forgiveness-and-new-beginnings,7,7,0,35
ngonde,184510,exploring-jesus,21,21,0,35
ngulu,14115,meaning-and-purpose,18,18,0,35
ngulu,14115,hope-and-perseverance,16,16,0,35
ngulu,14115,love-and-belonging,12,12,0,35
ngulu,14115,forgiveness-and-new-beginnings,7,7,0,35
ngulu,14115,exploring-jesus,21,21,0,35
nguna,149957,meaning-and-purpose,18,18,0,35
nguna,149957,hope-and-perseverance,16,16,0,35
nguna,149957,love-and-belonging,12,12,0,35
nguna,149957,forgiveness-and-new-beginnings,7,7,0,35
nguna,149957,exploring-jesus,21,21,0,35
ngungwel,143643,meaning-and-purpose,18,18,0,35
ngungwel,143643,hope-and-perseverance,16,16,0,35
ngungwel,143643,love-and-belonging,12,12,0,35
ngungwel,143643,forgiveness-and-new-beginnings,7,7,0,35
ngungwel,143643,exploring-jesus,21,21,0,35
nias,20089,meaning-and-purpose,18,18,0,35
nias,20089,hope-and-perseverance,16,16,0,35
nias,20089,love-and-belonging,12,12,0,35
nias,20089,forgiveness-and-new-beginnings,7,7,0,35
nias,20089,exploring-jesus,21,21,0,35
nigerian-pidgin-english,22176,meaning-and-purpose,18,18,0,39
nigerian-pidgin-english,22176,hope-and-perseverance,17,17,0,39
nigerian-pidgin-english,22176,love-and-belonging,14,14,0,39
nigerian-pidgin-english,22176,forgiveness-and-new-beginnings,10,10,0,39
nigerian-pidgin-english,22176,exploring-jesus,23,23,0,39
nimadi,6029,meaning-and-purpose,19,19,0,40
nimadi,6029,hope-and-perseverance,18,18,0,40
nimadi,6029,love-and-belonging,13,13,0,40
nimadi,6029,forgiveness-and-new-beginnings,9,9,0,40
nimadi,6029,exploring-jesus,25,25,0,40
ninzo,27269,meaning-and-purpose,18,18,0,35
ninzo,27269,hope-and-perseverance,16,16,0,35
ninzo,27269,love-and-belonging,12,12,0,35
ninzo,27269,forgiveness-and-new-beginnings,7,7,0,35
ninzo,27269,exploring-jesus,21,21,0,35
nisu-northern,142610,meaning-and-purpose,18,18,0,35
nisu-northern,142610,hope-and-perseverance,16,16,0,35
nisu-northern,142610,love-and-belonging,12,12,0,35
nisu-northern,142610,forgiveness-and-new-beginnings,7,7,0,35
nisu-northern,142610,exploring-jesus,21,21,0,35
nivacle,140010,meaning-and-purpose,18,18,0,35
nivacle,140010,hope-and-perseverance,16,16,0,35
nivacle,140010,love-and-belonging,12,12,0,35
nivacle,140010,forgiveness-and-new-beginnings,7,7,0,35
nivacle,140010,exploring-jesus,21,21,0,35
njebi,4312,meaning-and-purpose,18,18,0,35
njebi,4312,hope-and-perseverance,16,16,0,35
njebi,4312,love-and-belonging,12,12,0,35
njebi,4312,forgiveness-and-new-beginnings,7,7,0,35
njebi,4312,exploring-jesus,21,21,0,35
nkim-nkum,184584,meaning-and-purpose,18,18,0,35
nkim-nkum,184584,hope-and-perseverance,16,16,0,35
nkim-nkum,184584,love-and-belonging,12,12,0,35
nkim-nkum,184584,forgiveness-and-new-beginnings,7,7,0,35
nkim-nkum,184584,exploring-jesus,21,21,0,35
nkoya,15739,meaning-and-purpose,18,18,0,35
nkoya,15739,hope-and-perseverance,16,16,0,35
nkoya,15739,love-and-belonging,12,12,0,35
nkoya,15739,forgiveness-and-new-beginnings,7,7,0,35
nkoya,15739,exploring-jesus,21,21,0,35
nogai,18634,meaning-and-purpose,18,18,0,35
nogai,18634,hope-and-perseverance,16,16,0,35
nogai,18634,love-and-belonging,12,12,0,35
nogai,18634,forgiveness-and-new-beginnings,7,7,0,35
nogai,18634,exploring-jesus,21,21,0,35
noiri,101184,meaning-and-purpose,18,18,0,35
noiri,101184,hope-and-perseverance,16,16,0,35
noiri,101184,love-and-belonging,12,12,0,35
noiri,101184,forgiveness-and-new-beginnings,7,7,0,35
noiri,101184,exploring-jesus,21,21,0,35
nomane,144116,meaning-and-purpose,18,18,0,35
nomane,144116,hope-and-perseverance,16,16,0,35
nomane,144116,love-and-belonging,12,12,0,35
nomane,144116,forgiveness-and-new-beginnings,7,7,0,35
nomane,144116,exploring-jesus,21,21,0,35
noon,142878,meaning-and-purpose,18,18,0,35
noon,142878,hope-and-perseverance,16,16,0,35
noon,142878,love-and-belonging,12,12,0,35
noon,142878,forgiveness-and-new-beginnings,7,7,0,35
noon,142878,exploring-jesus,21,21,0,35
noone,2364,meaning-and-purpose,18,18,0,35
noone,2364,hope-and-perseverance,16,16,0,35
noone,2364,love-and-belonging,12,12,0,35
noone,2364,forgiveness-and-new-beginnings,7,7,0,35
noone,2364,exploring-jesus,21,21,0,35
north-gumuz,184659,meaning-and-purpose,18,18,0,35
north-gumuz,184659,hope-and-perseverance,16,16,0,35
north-gumuz,184659,love-and-belonging,12,12,0,35
north-gumuz,184659,forgiveness-and-new-beginnings,7,7,0,35
north-gumuz,184659,exploring-jesus,21,21,0,35
norwegian-bokmal,10393,meaning-and-purpose,20,20,0,47
norwegian-bokmal,10393,hope-and-perseverance,21,21,0,47
norwegian-bokmal,10393,love-and-belonging,22,22,0,47
norwegian-bokmal,10393,forgiveness-and-new-beginnings,12,12,0,47
norwegian-bokmal,10393,exploring-jesus,19,19,0,47
nosu-shengzha,3732,meaning-and-purpose,18,18,0,35
nosu-shengzha,3732,hope-and-perseverance,16,16,0,35
nosu-shengzha,3732,love-and-belonging,12,12,0,35
nosu-shengzha,3732,forgiveness-and-new-beginnings,7,7,0,35
nosu-shengzha,3732,exploring-jesus,21,21,0,35
nosu-tianba,22928,meaning-and-purpose,18,18,0,35
nosu-tianba,22928,hope-and-perseverance,16,16,0,35
nosu-tianba,22928,love-and-belonging,12,12,0,35
nosu-tianba,22928,forgiveness-and-new-beginnings,7,7,0,35
nosu-tianba,22928,exploring-jesus,21,21,0,35
nosu-yinuo,22929,meaning-and-purpose,18,18,0,35
nosu-yinuo,22929,hope-and-perseverance,16,16,0,35
nosu-yinuo,22929,love-and-belonging,12,12,0,35
nosu-yinuo,22929,forgiveness-and-new-beginnings,7,7,0,35
nosu-yinuo,22929,exploring-jesus,21,21,0,35
notsi,144763,meaning-and-purpose,18,18,0,35
notsi,144763,hope-and-perseverance,16,16,0,35
notsi,144763,love-and-belonging,12,12,0,35
notsi,144763,forgiveness-and-new-beginnings,7,7,0,35
notsi,144763,exploring-jesus,21,21,0,35
nsenga,8464,meaning-and-purpose,18,18,0,35
nsenga,8464,hope-and-perseverance,16,16,0,35
nsenga,8464,love-and-belonging,12,12,0,35
nsenga,8464,forgiveness-and-new-beginnings,7,7,0,35
nsenga,8464,exploring-jesus,21,21,0,35
nta,152629,meaning-and-purpose,18,18,0,35
nta,152629,hope-and-perseverance,16,16,0,35
nta,152629,love-and-belonging,12,12,0,35
nta,152629,forgiveness-and-new-beginnings,7,7,0,35
nta,152629,exploring-jesus,21,21,0,35
ntcham,5171,meaning-and-purpose,23,23,0,60
ntcham,5171,hope-and-perseverance,27,27,0,60
ntcham,5171,love-and-belonging,22,21,1,61
ntcham,5171,forgiveness-and-new-beginnings,13,12,1,61
ntcham,5171,exploring-jesus,39,39,0,60
nuer,4752,meaning-and-purpose,19,19,0,47
nuer,4752,hope-and-perseverance,19,18,1,48
nuer,4752,love-and-belonging,20,19,1,48
nuer,4752,forgiveness-and-new-beginnings,13,13,0,47
nuer,4752,exploring-jesus,26,26,0,47
numanggang,11479,meaning-and-purpose,18,18,0,35
numanggang,11479,hope-and-perseverance,16,16,0,35
numanggang,11479,love-and-belonging,12,12,0,35
numanggang,11479,forgiveness-and-new-beginnings,7,7,0,35
numanggang,11479,exploring-jesus,21,21,0,35
nung,7481,meaning-and-purpose,18,18,0,35
nung,7481,hope-and-perseverance,16,16,0,35
nung,7481,love-and-belonging,12,12,0,35
nung,7481,forgiveness-and-new-beginnings,7,7,0,35
nung,7481,exploring-jesus,21,21,0,35
nuni-southern,2021,meaning-and-purpose,18,18,0,35
nuni-southern,2021,hope-and-perseverance,16,16,0,35
nuni-southern,2021,love-and-belonging,12,12,0,35
nuni-southern,2021,forgiveness-and-new-beginnings,7,7,0,35
nuni-southern,2021,exploring-jesus,21,21,0,35
nupe,9384,meaning-and-purpose,18,18,0,39
nupe,9384,hope-and-perseverance,17,17,0,39
nupe,9384,love-and-belonging,14,14,0,39
nupe,9384,forgiveness-and-new-beginnings,10,10,0,39
nupe,9384,exploring-jesus,23,23,0,39
nusa-penida,185193,meaning-and-purpose,18,18,0,35
nusa-penida,185193,hope-and-perseverance,16,16,0,35
nusa-penida,185193,love-and-belonging,12,12,0,35
nusa-penida,185193,forgiveness-and-new-beginnings,7,7,0,35
nusa-penida,185193,exploring-jesus,21,21,0,35
nyala,100971,meaning-and-purpose,18,18,0,35
nyala,100971,hope-and-perseverance,16,16,0,35
nyala,100971,love-and-belonging,12,12,0,35
nyala,100971,forgiveness-and-new-beginnings,7,7,0,35
nyala,100971,exploring-jesus,21,21,0,35
nyamboa,184629,meaning-and-purpose,18,18,0,35
nyamboa,184629,hope-and-perseverance,16,16,0,35
nyamboa,184629,love-and-belonging,12,12,0,35
nyamboa,184629,forgiveness-and-new-beginnings,7,7,0,35
nyamboa,184629,exploring-jesus,21,21,0,35
nyamwezi,14089,meaning-and-purpose,18,18,0,35
nyamwezi,14089,hope-and-perseverance,16,16,0,35
nyamwezi,14089,love-and-belonging,12,12,0,35
nyamwezi,14089,forgiveness-and-new-beginnings,7,7,0,35
nyamwezi,14089,exploring-jesus,21,21,0,35
nyaneka,588,meaning-and-purpose,18,18,0,35
nyaneka,588,hope-and-perseverance,16,16,0,35
nyaneka,588,love-and-belonging,12,12,0,35
nyaneka,588,forgiveness-and-new-beginnings,7,7,0,35
nyaneka,588,exploring-jesus,21,21,0,35
nyanga,15224,meaning-and-purpose,18,18,0,35
nyanga,15224,hope-and-perseverance,16,16,0,35
nyanga,15224,love-and-belonging,12,12,0,35
nyanga,15224,forgiveness-and-new-beginnings,7,7,0,35
nyanga,15224,exploring-jesus,21,21,0,35
nyangatom,144101,meaning-and-purpose,18,18,0,35
nyangatom,144101,hope-and-perseverance,16,16,0,35
nyangatom,144101,love-and-belonging,12,12,0,35
nyangatom,144101,forgiveness-and-new-beginnings,7,7,0,35
nyangatom,144101,exploring-jesus,21,21,0,35
nyaturu,14248,meaning-and-purpose,18,18,0,35
nyaturu,14248,hope-and-perseverance,16,16,0,35
nyaturu,14248,love-and-belonging,12,12,0,35
nyaturu,14248,forgiveness-and-new-beginnings,7,7,0,35
nyaturu,14248,exploring-jesus,21,21,0,35
nyiramba,24140,meaning-and-purpose,18,18,0,35
nyiramba,24140,hope-and-perseverance,16,16,0,35
nyiramba,24140,love-and-belonging,12,12,0,35
nyiramba,24140,forgiveness-and-new-beginnings,7,7,0,35
nyiramba,24140,exploring-jesus,21,21,0,35
nyishi,22564,meaning-and-purpose,18,18,0,35
nyishi,22564,hope-and-perseverance,16,16,0,35
nyishi,22564,love-and-belonging,12,12,0,35
nyishi,22564,forgiveness-and-new-beginnings,7,7,0,35
nyishi,22564,exploring-jesus,21,21,0,35
nyole,14731,meaning-and-purpose,18,18,0,35
nyole,14731,hope-and-perseverance,16,16,0,35
nyole,14731,love-and-belonging,12,12,0,35
nyole,14731,forgiveness-and-new-beginnings,7,7,0,35
nyole,14731,exploring-jesus,21,21,0,35
nyungwe,8523,meaning-and-purpose,18,18,0,35
nyungwe,8523,hope-and-perseverance,16,16,0,35
nyungwe,8523,love-and-belonging,12,12,0,35
nyungwe,8523,forgiveness-and-new-beginnings,7,7,0,35
nyungwe,8523,exploring-jesus,21,21,0,35
nzakara,3161,meaning-and-purpose,18,18,0,35
nzakara,3161,hope-and-perseverance,16,16,0,35
nzakara,3161,love-and-belonging,12,12,0,35
nzakara,3161,forgiveness-and-new-beginnings,7,7,0,35
nzakara,3161,exploring-jesus,21,21,0,35
nzanyi,2363,meaning-and-purpose,18,18,0,35
nzanyi,2363,hope-and-perseverance,16,16,0,35
nzanyi,2363,love-and-belonging,12,12,0,35
nzanyi,2363,forgiveness-and-new-beginnings,7,7,0,35
nzanyi,2363,exploring-jesus,21,21,0,35
nzema,5213,meaning-and-purpose,18,18,0,35
nzema,5213,hope-and-perseverance,16,16,0,35
nzema,5213,love-and-belonging,12,12,0,35
nzema,5213,forgiveness-and-new-beginnings,7,7,0,35
nzema,5213,exploring-jesus,21,21,0,35
oadki,184811,meaning-and-purpose,23,23,0,56
oadki,184811,hope-and-perseverance,26,26,0,56
oadki,184811,love-and-belonging,20,19,1,57
oadki,184811,forgiveness-and-new-beginnings,10,9,1,57
oadki,184811,exploring-jesus,37,37,0,56
obamba,185226,meaning-and-purpose,18,18,0,35
obamba,185226,hope-and-perseverance,16,16,0,35
obamba,185226,love-and-belonging,12,12,0,35
obamba,185226,forgiveness-and-new-beginnings,7,7,0,35
obamba,185226,exploring-jesus,21,21,0,35
obe-nrung-ene,184632,meaning-and-purpose,18,18,0,35
obe-nrung-ene,184632,hope-and-perseverance,16,16,0,35
obe-nrung-ene,184632,love-and-belonging,12,12,0,35
obe-nrung-ene,184632,forgiveness-and-new-beginnings,7,7,0,35
obe-nrung-ene,184632,exploring-jesus,21,21,0,35
obo-manobo,53403,meaning-and-purpose,18,18,0,35
obo-manobo,53403,hope-and-perseverance,16,16,0,35
obo-manobo,53403,love-and-belonging,12,12,0,35
obo-manobo,53403,forgiveness-and-new-beginnings,7,7,0,35
obo-manobo,53403,exploring-jesus,21,21,0,35
obolo,10364,meaning-and-purpose,18,18,0,35
obolo,10364,hope-and-perseverance,16,16,0,35
obolo,10364,love-and-belonging,12,12,0,35
obolo,10364,forgiveness-and-new-beginnings,7,7,0,35
obolo,10364,exploring-jesus,21,21,0,35
od-rajput,184537,meaning-and-purpose,18,18,0,35
od-rajput,184537,hope-and-perseverance,16,16,0,35
od-rajput,184537,love-and-belonging,12,12,0,35
od-rajput,184537,forgiveness-and-new-beginnings,7,7,0,35
od-rajput,184537,exploring-jesus,21,21,0,35
odiya,184528,meaning-and-purpose,40,40,0,89
odiya,184528,hope-and-perseverance,40,40,0,89
odiya,184528,love-and-belonging,36,35,1,90
odiya,184528,forgiveness-and-new-beginnings,20,19,1,90
odiya,184528,exploring-jesus,45,45,0,89
ogan,17785,meaning-and-purpose,18,18,0,35
ogan,17785,hope-and-perseverance,16,16,0,35
ogan,17785,love-and-belonging,12,12,0,35
ogan,17785,forgiveness-and-new-beginnings,7,7,0,35
ogan,17785,exploring-jesus,21,21,0,35
ogea,12186,meaning-and-purpose,18,18,0,35
ogea,12186,hope-and-perseverance,16,16,0,35
ogea,12186,love-and-belonging,12,12,0,35
ogea,12186,forgiveness-and-new-beginnings,7,7,0,35
ogea,12186,exploring-jesus,21,21,0,35
ogoni,21236,meaning-and-purpose,18,18,0,35
ogoni,21236,hope-and-perseverance,16,16,0,35
ogoni,21236,love-and-belonging,12,12,0,35
ogoni,21236,forgiveness-and-new-beginnings,7,7,0,35
ogoni,21236,exploring-jesus,21,21,0,35
ojibwa-western,3001,meaning-and-purpose,18,18,0,35
ojibwa-western,3001,hope-and-perseverance,16,16,0,35
ojibwa-western,3001,love-and-belonging,12,12,0,35
ojibwa-western,3001,forgiveness-and-new-beginnings,7,7,0,35
ojibwa-western,3001,exploring-jesus,21,21,0,35
okiek,7266,meaning-and-purpose,18,18,0,35
okiek,7266,hope-and-perseverance,16,16,0,35
okiek,7266,love-and-belonging,12,12,0,35
okiek,7266,forgiveness-and-new-beginnings,7,7,0,35
okiek,7266,exploring-jesus,21,21,0,35
okinawan-central,7103,meaning-and-purpose,18,18,0,35
okinawan-central,7103,hope-and-perseverance,16,16,0,35
okinawan-central,7103,love-and-belonging,12,12,0,35
okinawan-central,7103,forgiveness-and-new-beginnings,7,7,0,35
okinawan-central,7103,exploring-jesus,21,21,0,35
okpe,144693,meaning-and-purpose,18,18,0,35
okpe,144693,hope-and-perseverance,16,16,0,35
okpe,144693,love-and-belonging,12,12,0,35
okpe,144693,forgiveness-and-new-beginnings,7,7,0,35
okpe,144693,exploring-jesus,21,21,0,35
okpella,181696,meaning-and-purpose,18,18,0,35
okpella,181696,hope-and-perseverance,16,16,0,35
okpella,181696,love-and-belonging,12,12,0,35
okpella,181696,forgiveness-and-new-beginnings,7,7,0,35
okpella,181696,exploring-jesus,21,21,0,35
okrika,9346,meaning-and-purpose,18,18,0,35
okrika,9346,hope-and-perseverance,16,16,0,35
okrika,9346,love-and-belonging,12,12,0,35
okrika,9346,forgiveness-and-new-beginnings,7,7,0,35
okrika,9346,exploring-jesus,21,21,0,35
oku,144701,meaning-and-purpose,18,18,0,35
oku,144701,hope-and-perseverance,16,16,0,35
oku,144701,love-and-belonging,12,12,0,35
oku,144701,forgiveness-and-new-beginnings,7,7,0,35
oku,144701,exploring-jesus,21,21,0,35
olukwumi,142183,meaning-and-purpose,18,18,0,35
olukwumi,142183,hope-and-perseverance,16,16,0,35
olukwumi,142183,love-and-belonging,12,12,0,35
olukwumi,142183,forgiveness-and-new-beginnings,7,7,0,35
olukwumi,142183,exploring-jesus,21,21,0,35
olulumo-ikom,141024,meaning-and-purpose,18,18,0,35
olulumo-ikom,141024,hope-and-perseverance,16,16,0,35
olulumo-ikom,141024,love-and-belonging,12,12,0,35
olulumo-ikom,141024,forgiveness-and-new-beginnings,7,7,0,35
olulumo-ikom,141024,exploring-jesus,21,21,0,35
olunyole,144539,meaning-and-purpose,18,18,0,35
olunyole,144539,hope-and-perseverance,16,16,0,35
olunyole,144539,love-and-belonging,12,12,0,35
olunyole,144539,forgiveness-and-new-beginnings,7,7,0,35
olunyole,144539,exploring-jesus,21,21,0,35
olutachoni,99504,meaning-and-purpose,18,18,0,35
olutachoni,99504,hope-and-perseverance,16,16,0,35
olutachoni,99504,love-and-belonging,12,12,0,35
olutachoni,99504,forgiveness-and-new-beginnings,7,7,0,35
olutachoni,99504,exploring-jesus,21,21,0,35
omi,15220,meaning-and-purpose,18,18,0,35
omi,15220,hope-and-perseverance,16,16,0,35
omi,15220,love-and-belonging,12,12,0,35
omi,15220,forgiveness-and-new-beginnings,7,7,0,35
omi,15220,exploring-jesus,21,21,0,35
omwunra-toqura,155279,meaning-and-purpose,18,18,0,35
omwunra-toqura,155279,hope-and-perseverance,16,16,0,35
omwunra-toqura,155279,love-and-belonging,12,12,0,35
omwunra-toqura,155279,forgiveness-and-new-beginnings,7,7,0,35
omwunra-toqura,155279,exploring-jesus,21,21,0,35
oniyan,139945,meaning-and-purpose,18,18,0,35
oniyan,139945,hope-and-perseverance,16,16,0,35
oniyan,139945,love-and-belonging,12,12,0,35
oniyan,139945,forgiveness-and-new-beginnings,7,7,0,35
oniyan,139945,exploring-jesus,21,21,0,35
ono,144792,meaning-and-purpose,18,18,0,35
ono,144792,hope-and-perseverance,16,16,0,35
ono,144792,love-and-belonging,12,12,0,35
ono,144792,forgiveness-and-new-beginnings,7,7,0,35
ono,144792,exploring-jesus,21,21,0,35
orang-seletar,143459,meaning-and-purpose,18,18,0,35
orang-seletar,143459,hope-and-perseverance,16,16,0,35
orang-seletar,143459,love-and-belonging,12,12,0,35
orang-seletar,143459,forgiveness-and-new-beginnings,7,7,0,35
orang-seletar,143459,exploring-jesus,21,21,0,35
oriya-adivasi,143460,meaning-and-purpose,18,18,0,35
oriya-adivasi,143460,hope-and-perseverance,16,16,0,35
oriya-adivasi,143460,love-and-belonging,12,12,0,35
oriya-adivasi,143460,forgiveness-and-new-beginnings,7,7,0,35
oriya-adivasi,143460,exploring-jesus,21,21,0,35
oro-wari-2,171627,meaning-and-purpose,18,18,0,35
oro-wari-2,171627,hope-and-perseverance,16,16,0,35
oro-wari-2,171627,love-and-belonging,12,12,0,35
oro-wari-2,171627,forgiveness-and-new-beginnings,7,7,0,35
oro-wari-2,171627,exploring-jesus,21,21,0,35
orokaiva,144702,meaning-and-purpose,18,18,0,35
orokaiva,144702,hope-and-perseverance,16,16,0,35
orokaiva,144702,love-and-belonging,12,12,0,35
orokaiva,144702,forgiveness-and-new-beginnings,7,7,0,35
orokaiva,144702,exploring-jesus,21,21,0,35
oroko,97247,meaning-and-purpose,18,18,0,35
oroko,97247,hope-and-perseverance,16,16,0,35
oroko,97247,love-and-belonging,12,12,0,35
oroko,97247,forgiveness-and-new-beginnings,7,7,0,35
oroko,97247,exploring-jesus,21,21,0,35
oromo-borana-arsi-guji,4700,meaning-and-purpose,18,18,0,35
oromo-borana-arsi-guji,4700,hope-and-perseverance,16,16,0,35
oromo-borana-arsi-guji,4700,love-and-belonging,12,12,0,35
oromo-borana-arsi-guji,4700,forgiveness-and-new-beginnings,7,7,0,35
oromo-borana-arsi-guji,4700,exploring-jesus,21,21,0,35
oromo-eastern,140928,meaning-and-purpose,18,18,0,39
oromo-eastern,140928,hope-and-perseverance,17,17,0,39
oromo-eastern,140928,love-and-belonging,14,14,0,39
oromo-eastern,140928,forgiveness-and-new-beginnings,10,10,0,39
oromo-eastern,140928,exploring-jesus,23,23,0,39
oromo-west-central,4695,meaning-and-purpose,23,23,0,62
oromo-west-central,4695,hope-and-perseverance,27,27,0,62
oromo-west-central,4695,love-and-belonging,22,21,1,63
oromo-west-central,4695,forgiveness-and-new-beginnings,13,12,1,63
oromo-west-central,4695,exploring-jesus,41,41,0,62
osetin,5089,meaning-and-purpose,18,18,0,35
osetin,5089,hope-and-perseverance,16,16,0,35
osetin,5089,love-and-belonging,12,12,0,35
osetin,5089,forgiveness-and-new-beginnings,7,7,0,35
osetin,5089,exploring-jesus,21,21,0,35
osing,16640,meaning-and-purpose,18,18,0,35
osing,16640,hope-and-perseverance,16,16,0,35
osing,16640,love-and-belonging,12,12,0,35
osing,16640,forgiveness-and-new-beginnings,7,7,0,35
osing,16640,exploring-jesus,21,21,0,35
ososo,143465,meaning-and-purpose,18,18,0,35
ososo,143465,hope-and-perseverance,16,16,0,35
ososo,143465,love-and-belonging,12,12,0,35
ososo,143465,forgiveness-and-new-beginnings,7,7,0,35
ososo,143465,exploring-jesus,21,21,0,35
ot-danum,143469,meaning-and-purpose,18,18,0,35
ot-danum,143469,hope-and-perseverance,16,16,0,35
ot-danum,143469,love-and-belonging,12,12,0,35
ot-danum,143469,forgiveness-and-new-beginnings,7,7,0,35
ot-danum,143469,exploring-jesus,21,21,0,35
otetela,20965,meaning-and-purpose,18,18,0,35
otetela,20965,hope-and-perseverance,16,16,0,35
otetela,20965,love-and-belonging,12,12,0,35
otetela,20965,forgiveness-and-new-beginnings,7,7,0,35
otetela,20965,exploring-jesus,21,21,0,35
otomi-eastern,8156,meaning-and-purpose,18,18,0,35
otomi-eastern,8156,hope-and-perseverance,16,16,0,35
otomi-eastern,8156,love-and-belonging,12,12,0,35
otomi-eastern,8156,forgiveness-and-new-beginnings,7,7,0,35
otomi-eastern,8156,exploring-jesus,21,21,0,35
otomi-mezquital,8158,meaning-and-purpose,18,18,0,35
otomi-mezquital,8158,hope-and-perseverance,16,16,0,35
otomi-mezquital,8158,love-and-belonging,12,12,0,35
otomi-mezquital,8158,forgiveness-and-new-beginnings,7,7,0,35
otomi-mezquital,8158,exploring-jesus,21,21,0,35
otomi-western,8154,meaning-and-purpose,18,18,0,35
otomi-western,8154,hope-and-perseverance,16,16,0,35
otomi-western,8154,love-and-belonging,12,12,0,35
otomi-western,8154,forgiveness-and-new-beginnings,7,7,0,35
otomi-western,8154,exploring-jesus,21,21,0,35
otoro,143475,meaning-and-purpose,18,18,0,35
otoro,143475,hope-and-perseverance,16,16,0,35
otoro,143475,love-and-belonging,12,12,0,35
otoro,143475,forgiveness-and-new-beginnings,7,7,0,35
otoro,143475,exploring-jesus,21,21,0,35
otuho-lotuko,53422,meaning-and-purpose,17,17,0,34
otuho-lotuko,53422,hope-and-perseverance,16,16,0,34
otuho-lotuko,53422,love-and-belonging,12,12,0,34
otuho-lotuko,53422,forgiveness-and-new-beginnings,7,7,0,34
otuho-lotuko,53422,exploring-jesus,20,20,0,34
owa,143295,meaning-and-purpose,18,18,0,35
owa,143295,hope-and-perseverance,16,16,0,35
owa,143295,love-and-belonging,12,12,0,35
owa,143295,forgiveness-and-new-beginnings,7,7,0,35
owa,143295,exploring-jesus,21,21,0,35
oyda,143568,meaning-and-purpose,18,18,0,35
oyda,143568,hope-and-perseverance,16,16,0,35
oyda,143568,love-and-belonging,12,12,0,35
oyda,143568,forgiveness-and-new-beginnings,7,7,0,35
oyda,143568,exploring-jesus,21,21,0,35
paama,143851,meaning-and-purpose,18,18,0,35
paama,143851,hope-and-perseverance,16,16,0,35
paama,143851,love-and-belonging,12,12,0,35
paama,143851,forgiveness-and-new-beginnings,7,7,0,35
paama,143851,exploring-jesus,21,21,0,35
padoe,143600,meaning-and-purpose,18,18,0,35
padoe,143600,hope-and-perseverance,16,16,0,35
padoe,143600,love-and-belonging,12,12,0,35
padoe,143600,forgiveness-and-new-beginnings,7,7,0,35
padoe,143600,exploring-jesus,21,21,0,35
paez,4181,meaning-and-purpose,18,18,0,35
paez,4181,hope-and-perseverance,16,16,0,35
paez,4181,love-and-belonging,12,12,0,35
paez,4181,forgiveness-and-new-beginnings,7,7,0,35
paez,4181,exploring-jesus,21,21,0,35
pagabete,143573,meaning-and-purpose,18,18,0,35
pagabete,143573,hope-and-perseverance,16,16,0,35
pagabete,143573,love-and-belonging,12,12,0,35
pagabete,143573,forgiveness-and-new-beginnings,7,7,0,35
pagabete,143573,exploring-jesus,21,21,0,35
pagoe,20138,meaning-and-purpose,18,18,0,35
pagoe,20138,hope-and-perseverance,16,16,0,35
pagoe,20138,love-and-belonging,12,12,0,35
pagoe,20138,forgiveness-and-new-beginnings,7,7,0,35
pagoe,20138,exploring-jesus,21,21,0,35
pak-pak-dairi,21637,meaning-and-purpose,18,18,0,35
pak-pak-dairi,21637,hope-and-perseverance,16,16,0,35
pak-pak-dairi,21637,love-and-belonging,12,12,0,35
pak-pak-dairi,21637,forgiveness-and-new-beginnings,7,7,0,35
pak-pak-dairi,21637,exploring-jesus,21,21,0,35
palamua,184571,meaning-and-purpose,18,18,0,35
palamua,184571,hope-and-perseverance,16,16,0,35
palamua,184571,love-and-belonging,12,12,0,35
palamua,184571,forgiveness-and-new-beginnings,7,7,0,35
palamua,184571,exploring-jesus,21,21,0,35
palauan,10589,meaning-and-purpose,19,19,0,47
palauan,10589,hope-and-perseverance,19,18,1,48
palauan,10589,love-and-belonging,20,19,1,48
palauan,10589,forgiveness-and-new-beginnings,13,13,0,47
palauan,10589,exploring-jesus,26,26,0,47
palaung-pale,3957,meaning-and-purpose,18,18,0,35
palaung-pale,3957,hope-and-perseverance,16,16,0,35
palaung-pale,3957,love-and-belonging,12,12,0,35
palaung-pale,3957,forgiveness-and-new-beginnings,7,7,0,35
palaung-pale,3957,exploring-jesus,21,21,0,35
palaung-rumai,3936,meaning-and-purpose,18,18,0,35
palaung-rumai,3936,hope-and-perseverance,16,16,0,35
palaung-rumai,3936,love-and-belonging,12,12,0,35
palaung-rumai,3936,forgiveness-and-new-beginnings,7,7,0,35
palaung-rumai,3936,exploring-jesus,21,21,0,35
palembang,17774,meaning-and-purpose,18,18,0,35
palembang,17774,hope-and-perseverance,16,16,0,35
palembang,17774,love-and-belonging,12,12,0,35
palembang,17774,forgiveness-and-new-beginnings,7,7,0,35
palembang,17774,exploring-jesus,21,21,0,35
palikur,143846,meaning-and-purpose,18,18,0,35
palikur,143846,hope-and-perseverance,16,16,0,35
palikur,143846,love-and-belonging,12,12,0,35
palikur,143846,forgiveness-and-new-beginnings,7,7,0,35
palikur,143846,exploring-jesus,21,21,0,35
pame-central,8145,meaning-and-purpose,18,18,0,35
pame-central,8145,hope-and-perseverance,16,16,0,35
pame-central,8145,love-and-belonging,12,12,0,35
pame-central,8145,forgiveness-and-new-beginnings,7,7,0,35
pame-central,8145,exploring-jesus,21,21,0,35
pamona,19521,meaning-and-purpose,18,18,0,35
pamona,19521,hope-and-perseverance,16,16,0,35
pamona,19521,love-and-belonging,12,12,0,35
pamona,19521,forgiveness-and-new-beginnings,7,7,0,35
pamona,19521,exploring-jesus,21,21,0,35
panare,15088,meaning-and-purpose,18,18,0,35
panare,15088,hope-and-perseverance,16,16,0,35
panare,15088,love-and-belonging,12,12,0,35
panare,15088,forgiveness-and-new-beginnings,7,7,0,35
panare,15088,exploring-jesus,21,21,0,35
panchpargania,23403,meaning-and-purpose,18,18,0,35
panchpargania,23403,hope-and-perseverance,16,16,0,35
panchpargania,23403,love-and-belonging,12,12,0,35
panchpargania,23403,forgiveness-and-new-beginnings,7,7,0,35
panchpargania,23403,exploring-jesus,21,21,0,35
pangasinan,12606,meaning-and-purpose,18,18,0,35
pangasinan,12606,hope-and-perseverance,16,16,0,35
pangasinan,12606,love-and-belonging,12,12,0,35
pangasinan,12606,forgiveness-and-new-beginnings,7,7,0,35
pangasinan,12606,exploring-jesus,21,21,0,35
pangwa,14084,meaning-and-purpose,18,18,0,35
pangwa,14084,hope-and-perseverance,16,16,0,35
pangwa,14084,love-and-belonging,12,12,0,35
pangwa,14084,forgiveness-and-new-beginnings,7,7,0,35
pangwa,14084,exploring-jesus,21,21,0,35
pangwali,143668,meaning-and-purpose,18,18,0,35
pangwali,143668,hope-and-perseverance,16,16,0,35
pangwali,143668,love-and-belonging,12,12,0,35
pangwali,143668,forgiveness-and-new-beginnings,7,7,0,35
pangwali,143668,exploring-jesus,21,21,0,35
paniya,5969,meaning-and-purpose,18,18,0,35
paniya,5969,hope-and-perseverance,16,16,0,35
paniya,5969,love-and-belonging,12,12,0,35
paniya,5969,forgiveness-and-new-beginnings,7,7,0,35
paniya,5969,exploring-jesus,21,21,0,35
panjabi-western,5949,meaning-and-purpose,18,18,0,35
panjabi-western,5949,hope-and-perseverance,16,16,0,35
panjabi-western,5949,love-and-belonging,12,12,0,35
panjabi-western,5949,forgiveness-and-new-beginnings,7,7,0,35
panjabi-western,5949,exploring-jesus,21,21,0,35
pao,21662,meaning-and-purpose,18,18,0,35
pao,21662,hope-and-perseverance,16,16,0,35
pao,21662,love-and-belonging,12,12,0,35
pao,21662,forgiveness-and-new-beginnings,7,7,0,35
pao,21662,exploring-jesus,21,21,0,35
papel,5446,meaning-and-purpose,18,18,0,35
papel,5446,hope-and-perseverance,16,16,0,35
papel,5446,love-and-belonging,12,12,0,35
papel,5446,forgiveness-and-new-beginnings,7,7,0,35
papel,5446,exploring-jesus,21,21,0,35
papiamentu,9131,meaning-and-purpose,19,19,0,47
papiamentu,9131,hope-and-perseverance,19,18,1,48
papiamentu,9131,love-and-belonging,20,19,1,48
papiamentu,9131,forgiveness-and-new-beginnings,13,13,0,47
papiamentu,9131,exploring-jesus,26,26,0,47
parakana,184475,meaning-and-purpose,18,18,0,35
parakana,184475,hope-and-perseverance,16,16,0,35
parakana,184475,love-and-belonging,12,12,0,35
parakana,184475,forgiveness-and-new-beginnings,7,7,0,35
parakana,184475,exploring-jesus,21,21,0,35
paranan,12518,meaning-and-purpose,18,18,0,35
paranan,12518,hope-and-perseverance,16,16,0,35
paranan,12518,love-and-belonging,12,12,0,35
paranan,12518,forgiveness-and-new-beginnings,7,7,0,35
paranan,12518,exploring-jesus,21,21,0,35
pardhan,5968,meaning-and-purpose,18,18,0,35
pardhan,5968,hope-and-perseverance,16,16,0,35
pardhan,5968,love-and-belonging,12,12,0,35
pardhan,5968,forgiveness-and-new-beginnings,7,7,0,35
pardhan,5968,exploring-jesus,21,21,0,35
pardhi,5960,meaning-and-purpose,18,18,0,35
pardhi,5960,hope-and-perseverance,16,16,0,35
pardhi,5960,love-and-belonging,12,12,0,35
pardhi,5960,forgiveness-and-new-beginnings,7,7,0,35
pardhi,5960,exploring-jesus,21,21,0,35
parecis,1794,meaning-and-purpose,18,18,0,35
parecis,1794,hope-and-perseverance,16,16,0,35
parecis,1794,love-and-belonging,12,12,0,35
parecis,1794,forgiveness-and-new-beginnings,7,7,0,35
parecis,1794,exploring-jesus,21,21,0,35
pasaale,5209,meaning-and-purpose,18,18,0,35
pasaale,5209,hope-and-perseverance,16,16,0,35
pasaale,5209,love-and-belonging,12,12,0,35
pasaale,5209,forgiveness-and-new-beginnings,7,7,0,35
pasaale,5209,exploring-jesus,21,21,0,35
pasemah,17773,meaning-and-purpose,18,18,0,35
pasemah,17773,hope-and-perseverance,16,16,0,35
pasemah,17773,love-and-belonging,12,12,0,35
pasemah,17773,forgiveness-and-new-beginnings,7,7,0,35
pasemah,17773,exploring-jesus,21,21,0,35
pashto-eastern-afghan,184820,meaning-and-purpose,25,25,0,66
pashto-eastern-afghan,184820,hope-and-perseverance,28,28,0,66
pashto-eastern-afghan,184820,love-and-belonging,21,20,1,67
pashto-eastern-afghan,184820,forgiveness-and-new-beginnings,13,12,1,67
pashto-eastern-afghan,184820,exploring-jesus,46,46,0,66
pashto-southern,10519,meaning-and-purpose,23,23,0,56
pashto-southern,10519,hope-and-perseverance,26,26,0,56
pashto-southern,10519,love-and-belonging,20,19,1,57
pashto-southern,10519,forgiveness-and-new-beginnings,10,9,1,57
pashto-southern,10519,exploring-jesus,37,37,0,56
pashto-yusufzai,374,meaning-and-purpose,24,24,0,68
pashto-yusufzai,374,hope-and-perseverance,29,28,1,69
pashto-yusufzai,374,love-and-belonging,28,26,2,70
pashto-yusufzai,374,forgiveness-and-new-beginnings,16,15,1,69
pashto-yusufzai,374,exploring-jesus,42,42,0,68
pattae,153568,meaning-and-purpose,18,18,0,35
pattae,153568,hope-and-perseverance,16,16,0,35
pattae,153568,love-and-belonging,12,12,0,35
pattae,153568,forgiveness-and-new-beginnings,7,7,0,35
pattae,153568,exploring-jesus,21,21,0,35
pattapu,139166,meaning-and-purpose,18,18,0,35
pattapu,139166,hope-and-perseverance,16,16,0,35
pattapu,139166,love-and-belonging,12,12,0,35
pattapu,139166,forgiveness-and-new-beginnings,7,7,0,35
pattapu,139166,exploring-jesus,21,21,0,35
penang-hokkien,184819,meaning-and-purpose,18,18,0,35
penang-hokkien,184819,hope-and-perseverance,16,16,0,35
penang-hokkien,184819,love-and-belonging,12,12,0,35
penang-hokkien,184819,forgiveness-and-new-beginnings,7,7,0,35
penang-hokkien,184819,exploring-jesus,21,21,0,35
pengo,5956,meaning-and-purpose,18,18,0,35
pengo,5956,hope-and-perseverance,16,16,0,35
pengo,5956,love-and-belonging,12,12,0,35
pengo,5956,forgiveness-and-new-beginnings,7,7,0,35
pengo,5956,exploring-jesus,21,21,0,35
persian-sign-language,144134,meaning-and-purpose,18,18,0,35
persian-sign-language,144134,hope-and-perseverance,16,16,0,35
persian-sign-language,144134,love-and-belonging,12,12,0,35
persian-sign-language,144134,forgiveness-and-new-beginnings,7,7,0,35
persian-sign-language,144134,exploring-jesus,21,21,0,35
peve,2561,meaning-and-purpose,18,18,0,35
peve,2561,hope-and-perseverance,16,16,0,35
peve,2561,love-and-belonging,12,12,0,35
peve,2561,forgiveness-and-new-beginnings,7,7,0,35
peve,2561,exploring-jesus,21,21,0,35
phende,15213,meaning-and-purpose,18,18,0,39
phende,15213,hope-and-perseverance,17,17,0,39
phende,15213,love-and-belonging,14,14,0,39
phende,15213,forgiveness-and-new-beginnings,10,10,0,39
phende,15213,exploring-jesus,23,23,0,39
phom,176708,meaning-and-purpose,18,18,0,35
phom,176708,hope-and-perseverance,16,16,0,35
phom,176708,love-and-belonging,12,12,0,35
phom,176708,forgiveness-and-new-beginnings,7,7,0,35
phom,176708,exploring-jesus,21,21,0,35
piapoco,143762,meaning-and-purpose,18,18,0,35
piapoco,143762,hope-and-perseverance,16,16,0,35
piapoco,143762,love-and-belonging,12,12,0,35
piapoco,143762,forgiveness-and-new-beginnings,7,7,0,35
piapoco,143762,exploring-jesus,21,21,0,35
piaroa,4178,meaning-and-purpose,18,18,0,35
piaroa,4178,hope-and-perseverance,16,16,0,35
piaroa,4178,love-and-belonging,12,12,0,35
piaroa,4178,forgiveness-and-new-beginnings,7,7,0,35
piaroa,4178,exploring-jesus,21,21,0,35
pidgin-cameroon,2261,meaning-and-purpose,19,19,0,51
pidgin-cameroon,2261,hope-and-perseverance,20,19,1,52
pidgin-cameroon,2261,love-and-belonging,22,21,1,52
pidgin-cameroon,2261,forgiveness-and-new-beginnings,16,16,0,51
pidgin-cameroon,2261,exploring-jesus,28,28,0,51
pidgin-liberian,7586,meaning-and-purpose,23,23,0,60
pidgin-liberian,7586,hope-and-perseverance,27,27,0,60
pidgin-liberian,7586,love-and-belonging,22,21,1,61
pidgin-liberian,7586,forgiveness-and-new-beginnings,13,12,1,61
pidgin-liberian,7586,exploring-jesus,39,39,0,60
pijin,13316,meaning-and-purpose,24,24,0,69
pijin,13316,hope-and-perseverance,29,28,1,70
pijin,13316,love-and-belonging,28,26,2,71
pijin,13316,forgiveness-and-new-beginnings,16,15,1,70
pijin,13316,exploring-jesus,43,43,0,69
pimbwe,143768,meaning-and-purpose,18,18,0,35
pimbwe,143768,hope-and-perseverance,16,16,0,35
pimbwe,143768,love-and-belonging,12,12,0,35
pimbwe,143768,forgiveness-and-new-beginnings,7,7,0,35
pimbwe,143768,exploring-jesus,21,21,0,35
pinyin,143962,meaning-and-purpose,18,18,0,35
pinyin,143962,hope-and-perseverance,16,16,0,35
pinyin,143962,love-and-belonging,12,12,0,35
pinyin,143962,forgiveness-and-new-beginnings,7,7,0,35
pinyin,143962,exploring-jesus,21,21,0,35
pipero,51689,meaning-and-purpose,18,18,0,35
pipero,51689,hope-and-perseverance,16,16,0,35
pipero,51689,love-and-belonging,12,12,0,35
pipero,51689,forgiveness-and-new-beginnings,7,7,0,35
pipero,51689,exploring-jesus,21,21,0,35
plang,114936,meaning-and-purpose,18,18,0,35
plang,114936,hope-and-perseverance,16,16,0,35
plang,114936,love-and-belonging,12,12,0,35
plang,114936,forgiveness-and-new-beginnings,7,7,0,35
plang,114936,exploring-jesus,21,21,0,35
plautdietsch,1278,meaning-and-purpose,18,18,0,35
plautdietsch,1278,hope-and-perseverance,16,16,0,35
plautdietsch,1278,love-and-belonging,12,12,0,35
plautdietsch,1278,forgiveness-and-new-beginnings,7,7,0,35
plautdietsch,1278,exploring-jesus,21,21,0,35
pnar,5973,meaning-and-purpose,18,18,0,35
pnar,5973,hope-and-perseverance,16,16,0,35
pnar,5973,love-and-belonging,12,12,0,35
pnar,5973,forgiveness-and-new-beginnings,7,7,0,35
pnar,5973,exploring-jesus,21,21,0,35
pogoro,127283,meaning-and-purpose,18,18,0,35
pogoro,127283,hope-and-perseverance,16,16,0,35
pogoro,127283,love-and-belonging,12,12,0,35
pogoro,127283,forgiveness-and-new-beginnings,7,7,0,35
pogoro,127283,exploring-jesus,21,21,0,35
pohnpeian,20880,meaning-and-purpose,19,19,0,47
pohnpeian,20880,hope-and-perseverance,19,18,1,48
pohnpeian,20880,love-and-belonging,20,19,1,48
pohnpeian,20880,forgiveness-and-new-beginnings,13,13,0,47
pohnpeian,20880,exploring-jesus,26,26,0,47
poke,15210,meaning-and-purpose,18,18,0,35
poke,15210,hope-and-perseverance,16,16,0,35
poke,15210,love-and-belonging,12,12,0,35
poke,15210,forgiveness-and-new-beginnings,7,7,0,35
poke,15210,exploring-jesus,21,21,0,35
pokomo-lower,7248,meaning-and-purpose,18,18,0,35
pokomo-lower,7248,hope-and-perseverance,16,16,0,35
pokomo-lower,7248,love-and-belonging,12,12,0,35
pokomo-lower,7248,forgiveness-and-new-beginnings,7,7,0,35
pokomo-lower,7248,exploring-jesus,21,21,0,35
pokoot,7251,meaning-and-purpose,18,18,0,39
pokoot,7251,hope-and-perseverance,17,17,0,39
pokoot,7251,love-and-belonging,14,14,0,39
pokoot,7251,forgiveness-and-new-beginnings,10,10,0,39
pokoot,7251,exploring-jesus,23,23,0,39
polish,4451,meaning-and-purpose,45,45,0,129
polish,4451,hope-and-perseverance,54,53,1,130
polish,4451,love-and-belonging,56,54,2,131
polish,4451,forgiveness-and-new-beginnings,32,31,1,130
polish,4451,exploring-jesus,68,68,0,129
pomeranian-brazilian,184588,meaning-and-purpose,18,18,0,35
pomeranian-brazilian,184588,hope-and-perseverance,16,16,0,35
pomeranian-brazilian,184588,love-and-belonging,12,12,0,35
pomeranian-brazilian,184588,forgiveness-and-new-beginnings,7,7,0,35
pomeranian-brazilian,184588,exploring-jesus,21,21,0,35
pontianak-hakka,162168,meaning-and-purpose,18,18,0,35
pontianak-hakka,162168,hope-and-perseverance,16,16,0,35
pontianak-hakka,162168,love-and-belonging,12,12,0,35
pontianak-hakka,162168,forgiveness-and-new-beginnings,7,7,0,35
pontianak-hakka,162168,exploring-jesus,21,21,0,35
popoloca-san-felipe-otlaltepec,8130,meaning-and-purpose,18,18,0,35
popoloca-san-felipe-otlaltepec,8130,hope-and-perseverance,16,16,0,35
popoloca-san-felipe-otlaltepec,8130,love-and-belonging,12,12,0,35
popoloca-san-felipe-otlaltepec,8130,forgiveness-and-new-beginnings,7,7,0,35
popoloca-san-felipe-otlaltepec,8130,exploring-jesus,21,21,0,35
popoloca-san-juan-atzingo,8134,meaning-and-purpose,18,18,0,35
popoloca-san-juan-atzingo,8134,hope-and-perseverance,16,16,0,35
popoloca-san-juan-atzingo,8134,love-and-belonging,12,12,0,35
popoloca-san-juan-atzingo,8134,forgiveness-and-new-beginnings,7,7,0,35
popoloca-san-juan-atzingo,8134,exploring-jesus,21,21,0,35
popoloca-san-luis-temalacayuca,101096,meaning-and-purpose,18,18,0,35
popoloca-san-luis-temalacayuca,101096,hope-and-perseverance,16,16,0,35
popoloca-san-luis-temalacayuca,101096,love-and-belonging,12,12,0,35
popoloca-san-luis-temalacayuca,101096,forgiveness-and-new-beginnings,7,7,0,35
popoloca-san-luis-temalacayuca,101096,exploring-jesus,21,21,0,35
popoluca-sierra,8133,meaning-and-purpose,18,18,0,35
popoluca-sierra,8133,hope-and-perseverance,16,16,0,35
popoluca-sierra,8133,love-and-belonging,12,12,0,35
popoluca-sierra,8133,forgiveness-and-new-beginnings,7,7,0,35
popoluca-sierra,8133,exploring-jesus,21,21,0,35
portuguese-brazil,584,meaning-and-purpose,62,62,0,164
portuguese-brazil,584,hope-and-perseverance,60,59,1,165
portuguese-brazil,584,love-and-belonging,61,59,2,166
portuguese-brazil,584,forgiveness-and-new-beginnings,41,39,2,166
portuguese-brazil,584,exploring-jesus,90,90,0,164
portuguese-mozambique,139136,meaning-and-purpose,1,1,0,17
portuguese-mozambique,139136,hope-and-perseverance,4,3,1,18
portuguese-mozambique,139136,love-and-belonging,10,9,1,18
portuguese-mozambique,139136,forgiveness-and-new-beginnings,10,10,0,17
portuguese-mozambique,139136,exploring-jesus,8,8,0,17
portuguese-portugal,21064,meaning-and-purpose,28,28,0,85
portuguese-portugal,21064,hope-and-perseverance,33,32,1,86
portuguese-portugal,21064,love-and-belonging,31,29,2,87
portuguese-portugal,21064,forgiveness-and-new-beginnings,20,19,1,86
portuguese-portugal,21064,exploring-jesus,55,55,0,85
pougouli,173946,meaning-and-purpose,18,18,0,35
pougouli,173946,hope-and-perseverance,16,16,0,35
pougouli,173946,love-and-belonging,12,12,0,35
pougouli,173946,forgiveness-and-new-beginnings,7,7,0,35
pougouli,173946,exploring-jesus,21,21,0,35
poumai-naga,184557,meaning-and-purpose,18,18,0,35
poumai-naga,184557,hope-and-perseverance,16,16,0,35
poumai-naga,184557,love-and-belonging,12,12,0,35
poumai-naga,184557,forgiveness-and-new-beginnings,7,7,0,35
poumai-naga,184557,exploring-jesus,21,21,0,35
powari,101328,meaning-and-purpose,18,18,0,35
powari,101328,hope-and-perseverance,16,16,0,35
powari,101328,love-and-belonging,12,12,0,35
powari,101328,forgiveness-and-new-beginnings,7,7,0,35
powari,101328,exploring-jesus,21,21,0,35
provencal,154958,meaning-and-purpose,18,18,0,35
provencal,154958,hope-and-perseverance,16,16,0,35
provencal,154958,love-and-belonging,12,12,0,35
provencal,154958,forgiveness-and-new-beginnings,7,7,0,35
provencal,154958,exploring-jesus,21,21,0,35
puinave,144251,meaning-and-purpose,18,18,0,35
puinave,144251,hope-and-perseverance,16,16,0,35
puinave,144251,love-and-belonging,12,12,0,35
puinave,144251,forgiveness-and-new-beginnings,7,7,0,35
puinave,144251,exploring-jesus,21,21,0,35
pulangiyen,154060,meaning-and-purpose,18,18,0,35
pulangiyen,154060,hope-and-perseverance,16,16,0,35
pulangiyen,154060,love-and-belonging,12,12,0,35
pulangiyen,154060,forgiveness-and-new-beginnings,7,7,0,35
pulangiyen,154060,exploring-jesus,21,21,0,35
punan-tubu,144252,meaning-and-purpose,18,18,0,35
punan-tubu,144252,hope-and-perseverance,16,16,0,35
punan-tubu,144252,love-and-belonging,12,12,0,35
punan-tubu,144252,forgiveness-and-new-beginnings,7,7,0,35
punan-tubu,144252,exploring-jesus,21,21,0,35
punjabi,46771,meaning-and-purpose,28,28,0,81
punjabi,46771,hope-and-perseverance,33,33,0,81
punjabi,46771,love-and-belonging,29,28,1,82
punjabi,46771,forgiveness-and-new-beginnings,15,14,1,82
punjabi,46771,exploring-jesus,54,54,0,81
purepecha,8075,meaning-and-purpose,20,20,0,44
purepecha,8075,hope-and-perseverance,17,17,0,44
purepecha,8075,love-and-belonging,15,15,0,44
purepecha,8075,forgiveness-and-new-beginnings,10,10,0,44
purepecha,8075,exploring-jesus,29,29,0,44
pyam,178026,meaning-and-purpose,18,18,0,35
pyam,178026,hope-and-perseverance,16,16,0,35
pyam,178026,love-and-belonging,12,12,0,35
pyam,178026,forgiveness-and-new-beginnings,7,7,0,35
pyam,178026,exploring-jesus,21,21,0,35
qanjobal,141355,meaning-and-purpose,18,18,0,35
qanjobal,141355,hope-and-perseverance,16,16,0,35
qanjobal,141355,love-and-belonging,12,12,0,35
qanjobal,141355,forgiveness-and-new-beginnings,7,7,0,35
qanjobal,141355,exploring-jesus,21,21,0,35
qashqai,184529,meaning-and-purpose,18,18,0,35
qashqai,184529,hope-and-perseverance,16,16,0,35
qashqai,184529,love-and-belonging,12,12,0,35
qashqai,184529,forgiveness-and-new-beginnings,7,7,0,35
qashqai,184529,exploring-jesus,21,21,0,35
qena,156595,meaning-and-purpose,18,18,0,35
qena,156595,hope-and-perseverance,16,16,0,35
qena,156595,love-and-belonging,12,12,0,35
qena,156595,forgiveness-and-new-beginnings,7,7,0,35
qena,156595,exploring-jesus,21,21,0,35
qiang-southern,27157,meaning-and-purpose,18,18,0,35
qiang-southern,27157,hope-and-perseverance,16,16,0,35
qiang-southern,27157,love-and-belonging,12,12,0,35
qiang-southern,27157,forgiveness-and-new-beginnings,7,7,0,35
qiang-southern,27157,exploring-jesus,21,21,0,35
quechua-ambo-pasco,144393,meaning-and-purpose,18,18,0,35
quechua-ambo-pasco,144393,hope-and-perseverance,16,16,0,35
quechua-ambo-pasco,144393,love-and-belonging,12,12,0,35
quechua-ambo-pasco,144393,forgiveness-and-new-beginnings,7,7,0,35
quechua-ambo-pasco,144393,exploring-jesus,21,21,0,35
quechua-ancash-conchucos-northern,12449,meaning-and-purpose,18,18,0,35
quechua-ancash-conchucos-northern,12449,hope-and-perseverance,16,16,0,35
quechua-ancash-conchucos-northern,12449,love-and-belonging,12,12,0,35
quechua-ancash-conchucos-northern,12449,forgiveness-and-new-beginnings,7,7,0,35
quechua-ancash-conchucos-northern,12449,exploring-jesus,21,21,0,35
quechua-ancash-conchucos-southern,12445,meaning-and-purpose,18,18,0,35
quechua-ancash-conchucos-southern,12445,hope-and-perseverance,16,16,0,35
quechua-ancash-conchucos-southern,12445,love-and-belonging,12,12,0,35
quechua-ancash-conchucos-southern,12445,forgiveness-and-new-beginnings,7,7,0,35
quechua-ancash-conchucos-southern,12445,exploring-jesus,21,21,0,35
quechua-ancash-huaylas,12461,meaning-and-purpose,18,18,0,35
quechua-ancash-huaylas,12461,hope-and-perseverance,16,16,0,35
quechua-ancash-huaylas,12461,love-and-belonging,12,12,0,35
quechua-ancash-huaylas,12461,forgiveness-and-new-beginnings,7,7,0,35
quechua-ancash-huaylas,12461,exploring-jesus,21,21,0,35
quechua-ayacucho,12402,meaning-and-purpose,24,24,0,68
quechua-ayacucho,12402,hope-and-perseverance,29,28,1,69
quechua-ayacucho,12402,love-and-belonging,28,26,2,70
quechua-ayacucho,12402,forgiveness-and-new-beginnings,16,15,1,69
quechua-ayacucho,12402,exploring-jesus,42,42,0,68
quechua-cuzco,12399,meaning-and-purpose,24,24,0,68
quechua-cuzco,12399,hope-and-perseverance,29,28,1,69
quechua-cuzco,12399,love-and-belonging,28,26,2,70
quechua-cuzco,12399,forgiveness-and-new-beginnings,16,15,1,69
quechua-cuzco,12399,exploring-jesus,42,42,0,68
quechua-eastern-apurimac,27039,meaning-and-purpose,18,18,0,35
quechua-eastern-apurimac,27039,hope-and-perseverance,16,16,0,35
quechua-eastern-apurimac,27039,love-and-belonging,12,12,0,35
quechua-eastern-apurimac,27039,forgiveness-and-new-beginnings,7,7,0,35
quechua-eastern-apurimac,27039,exploring-jesus,21,21,0,35
quechua-huanuco-huallaga,12422,meaning-and-purpose,18,18,0,35
quechua-huanuco-huallaga,12422,hope-and-perseverance,16,16,0,35
quechua-huanuco-huallaga,12422,love-and-belonging,12,12,0,35
quechua-huanuco-huallaga,12422,forgiveness-and-new-beginnings,7,7,0,35
quechua-huanuco-huallaga,12422,exploring-jesus,21,21,0,35
quechua-huanuco-huamalies-northern-dos-de-mayo,12441,meaning-and-purpose,18,18,0,35
quechua-huanuco-huamalies-northern-dos-de-mayo,12441,hope-and-perseverance,16,16,0,35
quechua-huanuco-huamalies-northern-dos-de-mayo,12441,love-and-belonging,12,12,0,35
quechua-huanuco-huamalies-northern-dos-de-mayo,12441,forgiveness-and-new-beginnings,7,7,0,35
quechua-huanuco-huamalies-northern-dos-de-mayo,12441,exploring-jesus,21,21,0,35
quechua-lambayeque,12421,meaning-and-purpose,18,18,0,35
quechua-lambayeque,12421,hope-and-perseverance,16,16,0,35
quechua-lambayeque,12421,love-and-belonging,12,12,0,35
quechua-lambayeque,12421,forgiveness-and-new-beginnings,7,7,0,35
quechua-lambayeque,12421,exploring-jesus,21,21,0,35
quechua-margos-yarowilca-lauricocha,26302,meaning-and-purpose,18,18,0,35
quechua-margos-yarowilca-lauricocha,26302,hope-and-perseverance,16,16,0,35
quechua-margos-yarowilca-lauricocha,26302,love-and-belonging,12,12,0,35
quechua-margos-yarowilca-lauricocha,26302,forgiveness-and-new-beginnings,7,7,0,35
quechua-margos-yarowilca-lauricocha,26302,exploring-jesus,21,21,0,35
quechua-north-bolivian,1428,meaning-and-purpose,18,18,0,35
quechua-north-bolivian,1428,hope-and-perseverance,16,16,0,35
quechua-north-bolivian,1428,love-and-belonging,12,12,0,35
quechua-north-bolivian,1428,forgiveness-and-new-beginnings,7,7,0,35
quechua-north-bolivian,1428,exploring-jesus,21,21,0,35
quechua-north-junin,12428,meaning-and-purpose,18,18,0,35
quechua-north-junin,12428,hope-and-perseverance,16,16,0,35
quechua-north-junin,12428,love-and-belonging,12,12,0,35
quechua-north-junin,12428,forgiveness-and-new-beginnings,7,7,0,35
quechua-north-junin,12428,exploring-jesus,21,21,0,35
quechua-panao-huanuco,144408,meaning-and-purpose,18,18,0,35
quechua-panao-huanuco,144408,hope-and-perseverance,16,16,0,35
quechua-panao-huanuco,144408,love-and-belonging,12,12,0,35
quechua-panao-huanuco,144408,forgiveness-and-new-beginnings,7,7,0,35
quechua-panao-huanuco,144408,exploring-jesus,21,21,0,35
quechua-south-bolivian,633,meaning-and-purpose,24,24,0,69
quechua-south-bolivian,633,hope-and-perseverance,29,28,1,70
quechua-south-bolivian,633,love-and-belonging,28,26,2,71
quechua-south-bolivian,633,forgiveness-and-new-beginnings,16,15,1,70
quechua-south-bolivian,633,exploring-jesus,43,43,0,69
quechua-southern-pastaza,144330,meaning-and-purpose,18,18,0,35
quechua-southern-pastaza,144330,hope-and-perseverance,16,16,0,35
quechua-southern-pastaza,144330,love-and-belonging,12,12,0,35
quechua-southern-pastaza,144330,forgiveness-and-new-beginnings,7,7,0,35
quechua-southern-pastaza,144330,exploring-jesus,21,21,0,35
quiche-central,5399,meaning-and-purpose,19,19,0,47
quiche-central,5399,hope-and-perseverance,19,18,1,48
quiche-central,5399,love-and-belonging,20,19,1,48
quiche-central,5399,forgiveness-and-new-beginnings,13,13,0,47
quiche-central,5399,exploring-jesus,26,26,0,47
quiche-joyabaj,5398,meaning-and-purpose,23,23,0,57
quiche-joyabaj,5398,hope-and-perseverance,26,26,0,57
quiche-joyabaj,5398,love-and-belonging,20,19,1,58
quiche-joyabaj,5398,forgiveness-and-new-beginnings,10,9,1,58
quiche-joyabaj,5398,exploring-jesus,38,38,0,57
quiche-west-central,5425,meaning-and-purpose,18,18,0,35
quiche-west-central,5425,hope-and-perseverance,16,16,0,35
quiche-west-central,5425,love-and-belonging,12,12,0,35
quiche-west-central,5425,forgiveness-and-new-beginnings,7,7,0,35
quiche-west-central,5425,exploring-jesus,21,21,0,35
quichua-canar-highland,144413,meaning-and-purpose,18,18,0,35
quichua-canar-highland,144413,hope-and-perseverance,16,16,0,35
quichua-canar-highland,144413,love-and-belonging,12,12,0,35
quichua-canar-highland,144413,forgiveness-and-new-beginnings,7,7,0,35
quichua-canar-highland,144413,exploring-jesus,21,21,0,35
quichua-highland-chimborazo,4481,meaning-and-purpose,18,18,0,35
quichua-highland-chimborazo,4481,hope-and-perseverance,16,16,0,35
quichua-highland-chimborazo,4481,love-and-belonging,12,12,0,35
quichua-highland-chimborazo,4481,forgiveness-and-new-beginnings,7,7,0,35
quichua-highland-chimborazo,4481,exploring-jesus,21,21,0,35
quichua-imbabura-highland,144395,meaning-and-purpose,18,18,0,35
quichua-imbabura-highland,144395,hope-and-perseverance,16,16,0,35
quichua-imbabura-highland,144395,love-and-belonging,12,12,0,35
quichua-imbabura-highland,144395,forgiveness-and-new-beginnings,7,7,0,35
quichua-imbabura-highland,144395,exploring-jesus,21,21,0,35
quichua-pastaza,174473,meaning-and-purpose,18,18,0,35
quichua-pastaza,174473,hope-and-perseverance,16,16,0,35
quichua-pastaza,174473,love-and-belonging,12,12,0,35
quichua-pastaza,174473,forgiveness-and-new-beginnings,7,7,0,35
quichua-pastaza,174473,exploring-jesus,21,21,0,35
quichua-salasaca-highland,144409,meaning-and-purpose,18,18,0,35
quichua-salasaca-highland,144409,hope-and-perseverance,16,16,0,35
quichua-salasaca-highland,144409,love-and-belonging,12,12,0,35
quichua-salasaca-highland,144409,forgiveness-and-new-beginnings,7,7,0,35
quichua-salasaca-highland,144409,exploring-jesus,21,21,0,35
quichua-tena-lowland,144390,meaning-and-purpose,18,18,0,35
quichua-tena-lowland,144390,hope-and-perseverance,16,16,0,35
quichua-tena-lowland,144390,love-and-belonging,12,12,0,35
quichua-tena-lowland,144390,forgiveness-and-new-beginnings,7,7,0,35
quichua-tena-lowland,144390,exploring-jesus,21,21,0,35
rabha,5934,meaning-and-purpose,18,18,0,35
rabha,5934,hope-and-perseverance,16,16,0,35
rabha,5934,love-and-belonging,12,12,0,35
rabha,5934,forgiveness-and-new-beginnings,7,7,0,35
rabha,5934,exploring-jesus,21,21,0,35
rade,144481,meaning-and-purpose,18,18,0,35
rade,144481,hope-and-perseverance,16,16,0,35
rade,144481,love-and-belonging,12,12,0,35
rade,144481,forgiveness-and-new-beginnings,7,7,0,35
rade,144481,exploring-jesus,21,21,0,35
rai-bantawa,24043,meaning-and-purpose,18,18,0,35
rai-bantawa,24043,hope-and-perseverance,16,16,0,35
rai-bantawa,24043,love-and-belonging,12,12,0,35
rai-bantawa,24043,forgiveness-and-new-beginnings,7,7,0,35
rai-bantawa,24043,exploring-jesus,21,21,0,35
rajbangsi-india,23226,meaning-and-purpose,18,18,0,35
rajbangsi-india,23226,hope-and-perseverance,16,16,0,35
rajbangsi-india,23226,love-and-belonging,12,12,0,35
rajbangsi-india,23226,forgiveness-and-new-beginnings,7,7,0,35
rajbangsi-india,23226,exploring-jesus,21,21,0,35
rajbanshi-nepal,23548,meaning-and-purpose,18,18,0,35
rajbanshi-nepal,23548,hope-and-perseverance,16,16,0,35
rajbanshi-nepal,23548,love-and-belonging,12,12,0,35
rajbanshi-nepal,23548,forgiveness-and-new-beginnings,7,7,0,35
rajbanshi-nepal,23548,exploring-jesus,21,21,0,35
rakhine,101630,meaning-and-purpose,19,19,0,40
rakhine,101630,hope-and-perseverance,18,18,0,40
rakhine,101630,love-and-belonging,13,13,0,40
rakhine,101630,forgiveness-and-new-beginnings,9,9,0,40
rakhine,101630,exploring-jesus,25,25,0,40
ralte,101511,meaning-and-purpose,0,0,0,0
ralte,101511,hope-and-perseverance,0,0,0,0
ralte,101511,love-and-belonging,0,0,0,0
ralte,101511,forgiveness-and-new-beginnings,0,0,0,0
ralte,101511,exploring-jesus,0,0,0,0
rampi,19912,meaning-and-purpose,18,18,0,35
rampi,19912,hope-and-perseverance,16,16,0,35
rampi,19912,love-and-belonging,12,12,0,35
rampi,19912,forgiveness-and-new-beginnings,7,7,0,35
rampi,19912,exploring-jesus,21,21,0,35
rana-tharu,8972,meaning-and-purpose,18,18,0,35
rana-tharu,8972,hope-and-perseverance,16,16,0,35
rana-tharu,8972,love-and-belonging,12,12,0,35
rana-tharu,8972,forgiveness-and-new-beginnings,7,7,0,35
rana-tharu,8972,exploring-jesus,21,21,0,35
rangpuria-bangla,101632,meaning-and-purpose,18,18,0,35
rangpuria-bangla,101632,hope-and-perseverance,16,16,0,35
rangpuria-bangla,101632,love-and-belonging,12,12,0,35
rangpuria-bangla,101632,forgiveness-and-new-beginnings,7,7,0,35
rangpuria-bangla,101632,exploring-jesus,21,21,0,35
rao,144489,meaning-and-purpose,18,18,0,35
rao,144489,hope-and-perseverance,16,16,0,35
rao,144489,love-and-belonging,12,12,0,35
rao,144489,forgiveness-and-new-beginnings,7,7,0,35
rao,144489,exploring-jesus,21,21,0,35
rathawi,23313,meaning-and-purpose,18,18,0,35
rathawi,23313,hope-and-perseverance,16,16,0,35
rathawi,23313,love-and-belonging,12,12,0,35
rathawi,23313,forgiveness-and-new-beginnings,7,7,0,35
rathawi,23313,exploring-jesus,21,21,0,35
ravula,142491,meaning-and-purpose,18,18,0,35
ravula,142491,hope-and-perseverance,16,16,0,35
ravula,142491,love-and-belonging,12,12,0,35
ravula,142491,forgiveness-and-new-beginnings,7,7,0,35
ravula,142491,exploring-jesus,21,21,0,35
rawa,11329,meaning-and-purpose,18,18,0,35
rawa,11329,hope-and-perseverance,16,16,0,35
rawa,11329,love-and-belonging,12,12,0,35
rawa,11329,forgiveness-and-new-beginnings,7,7,0,35
rawa,11329,exploring-jesus,21,21,0,35
rawang,5930,meaning-and-purpose,18,18,0,35
rawang,5930,hope-and-perseverance,16,16,0,35
rawang,5930,love-and-belonging,12,12,0,35
rawang,5930,forgiveness-and-new-beginnings,7,7,0,35
rawang,5930,exploring-jesus,21,21,0,35
rejang,17769,meaning-and-purpose,18,18,0,35
rejang,17769,hope-and-perseverance,16,16,0,35
rejang,17769,love-and-belonging,12,12,0,35
rejang,17769,forgiveness-and-new-beginnings,7,7,0,35
rejang,17769,exploring-jesus,21,21,0,35
rendille,7238,meaning-and-purpose,23,23,0,57
rendille,7238,hope-and-perseverance,26,26,0,57
rendille,7238,love-and-belonging,20,19,1,58
rendille,7238,forgiveness-and-new-beginnings,10,9,1,58
rendille,7238,exploring-jesus,38,38,0,57
reshe,10048,meaning-and-purpose,18,18,0,35
reshe,10048,hope-and-perseverance,16,16,0,35
reshe,10048,love-and-belonging,12,12,0,35
reshe,10048,forgiveness-and-new-beginnings,7,7,0,35
reshe,10048,exploring-jesus,21,21,0,35
reunion-creole-french,12923,meaning-and-purpose,18,18,0,35
reunion-creole-french,12923,hope-and-perseverance,16,16,0,35
reunion-creole-french,12923,love-and-belonging,12,12,0,35
reunion-creole-french,12923,forgiveness-and-new-beginnings,7,7,0,35
reunion-creole-french,12923,exploring-jesus,21,21,0,35
ribeirinho,185334,meaning-and-purpose,18,18,0,35
ribeirinho,185334,hope-and-perseverance,16,16,0,35
ribeirinho,185334,love-and-belonging,12,12,0,35
ribeirinho,185334,forgiveness-and-new-beginnings,7,7,0,35
ribeirinho,185334,exploring-jesus,21,21,0,35
rigwe,44748,meaning-and-purpose,18,18,0,35
rigwe,44748,hope-and-perseverance,16,16,0,35
rigwe,44748,love-and-belonging,12,12,0,35
rigwe,44748,forgiveness-and-new-beginnings,7,7,0,35
rigwe,44748,exploring-jesus,21,21,0,35
rikbaktsa,1869,meaning-and-purpose,18,18,0,35
rikbaktsa,1869,hope-and-perseverance,16,16,0,35
rikbaktsa,1869,love-and-belonging,12,12,0,35
rikbaktsa,1869,forgiveness-and-new-beginnings,7,7,0,35
rikbaktsa,1869,exploring-jesus,21,21,0,35
rinconada-bikol,158787,meaning-and-purpose,18,18,0,35
rinconada-bikol,158787,hope-and-perseverance,16,16,0,35
rinconada-bikol,158787,love-and-belonging,12,12,0,35
rinconada-bikol,158787,forgiveness-and-new-beginnings,7,7,0,35
rinconada-bikol,158787,exploring-jesus,21,21,0,35
roglai-northern,19317,meaning-and-purpose,18,18,0,35
roglai-northern,19317,hope-and-perseverance,16,16,0,35
roglai-northern,19317,love-and-belonging,12,12,0,35
roglai-northern,19317,forgiveness-and-new-beginnings,7,7,0,35
roglai-northern,19317,exploring-jesus,21,21,0,35
rohingya,24263,meaning-and-purpose,18,18,0,35
rohingya,24263,hope-and-perseverance,16,16,0,35
rohingya,24263,love-and-belonging,12,12,0,35
rohingya,24263,forgiveness-and-new-beginnings,7,7,0,35
rohingya,24263,exploring-jesus,21,21,0,35
romani-balkan,1953,meaning-and-purpose,18,18,0,36
romani-balkan,1953,hope-and-perseverance,16,16,0,36
romani-balkan,1953,love-and-belonging,12,12,0,36
romani-balkan,1953,forgiveness-and-new-beginnings,7,7,0,36
romani-balkan,1953,exploring-jesus,22,22,0,36
romani-balkan-romania,184455,meaning-and-purpose,23,23,0,56
romani-balkan-romania,184455,hope-and-perseverance,26,26,0,56
romani-balkan-romania,184455,love-and-belonging,20,19,1,57
romani-balkan-romania,184455,forgiveness-and-new-beginnings,10,9,1,57
romani-balkan-romania,184455,exploring-jesus,37,37,0,56
romani-caldarasi,22334,meaning-and-purpose,18,18,0,36
romani-caldarasi,22334,hope-and-perseverance,16,16,0,36
romani-caldarasi,22334,love-and-belonging,12,12,0,36
romani-caldarasi,22334,forgiveness-and-new-beginnings,7,7,0,36
romani-caldarasi,22334,exploring-jesus,22,22,0,36
romani-carpathian,4450,meaning-and-purpose,18,18,0,35
romani-carpathian,4450,hope-and-perseverance,16,16,0,35
romani-carpathian,4450,love-and-belonging,12,12,0,35
romani-carpathian,4450,forgiveness-and-new-beginnings,7,7,0,35
romani-carpathian,4450,exploring-jesus,21,21,0,35
romani-kalderash-western,21027,meaning-and-purpose,18,18,0,35
romani-kalderash-western,21027,hope-and-perseverance,16,16,0,35
romani-kalderash-western,21027,love-and-belonging,12,12,0,35
romani-kalderash-western,21027,forgiveness-and-new-beginnings,7,7,0,35
romani-kalderash-western,21027,exploring-jesus,21,21,0,35
romani-sinte,1113,meaning-and-purpose,18,18,0,35
romani-sinte,1113,hope-and-perseverance,16,16,0,35
romani-sinte,1113,love-and-belonging,12,12,0,35
romani-sinte,1113,forgiveness-and-new-beginnings,7,7,0,35
romani-sinte,1113,exploring-jesus,21,21,0,35
romanian,5546,meaning-and-purpose,46,46,0,126
romanian,5546,hope-and-perseverance,50,49,1,127
romanian,5546,love-and-belonging,55,53,2,128
romanian,5546,forgiveness-and-new-beginnings,33,32,1,127
romanian,5546,exploring-jesus,65,65,0,126
romanian-sign-language,12961,meaning-and-purpose,0,0,0,1
romanian-sign-language,12961,hope-and-perseverance,0,0,0,1
romanian-sign-language,12961,love-and-belonging,0,0,0,1
romanian-sign-language,12961,forgiveness-and-new-beginnings,0,0,0,1
romanian-sign-language,12961,exploring-jesus,1,1,0,1
romblomanon,12602,meaning-and-purpose,18,18,0,35
romblomanon,12602,hope-and-perseverance,16,16,0,35
romblomanon,12602,love-and-belonging,12,12,0,35
romblomanon,12602,forgiveness-and-new-beginnings,7,7,0,35
romblomanon,12602,exploring-jesus,21,21,0,35
ronga,8520,meaning-and-purpose,18,18,0,35
ronga,8520,hope-and-perseverance,16,16,0,35
ronga,8520,love-and-belonging,12,12,0,35
ronga,8520,forgiveness-and-new-beginnings,7,7,0,35
ronga,8520,exploring-jesus,21,21,0,35
roviana,143435,meaning-and-purpose,18,18,0,35
roviana,143435,hope-and-perseverance,16,16,0,35
roviana,143435,love-and-belonging,12,12,0,35
roviana,143435,forgiveness-and-new-beginnings,7,7,0,35
roviana,143435,exploring-jesus,21,21,0,35
rufumbira,106188,meaning-and-purpose,18,18,0,35
rufumbira,106188,hope-and-perseverance,16,16,0,35
rufumbira,106188,love-and-belonging,12,12,0,35
rufumbira,106188,forgiveness-and-new-beginnings,7,7,0,35
rufumbira,106188,exploring-jesus,21,21,0,35
rukuba,46969,meaning-and-purpose,18,18,0,35
rukuba,46969,hope-and-perseverance,16,16,0,35
rukuba,46969,love-and-belonging,12,12,0,35
rukuba,46969,forgiveness-and-new-beginnings,7,7,0,35
rukuba,46969,exploring-jesus,21,21,0,35
rumu,11956,meaning-and-purpose,18,18,0,35
rumu,11956,hope-and-perseverance,16,16,0,35
rumu,11956,love-and-belonging,12,12,0,35
rumu,11956,forgiveness-and-new-beginnings,7,7,0,35
rumu,11956,exploring-jesus,21,21,0,35
runyankole,20859,meaning-and-purpose,18,18,0,39
runyankole,20859,hope-and-perseverance,17,17,0,39
runyankole,20859,love-and-belonging,14,14,0,39
runyankole,20859,forgiveness-and-new-beginnings,10,10,0,39
runyankole,20859,exploring-jesus,23,23,0,39
runyoro,20861,meaning-and-purpose,18,18,0,39
runyoro,20861,hope-and-perseverance,17,17,0,39
runyoro,20861,love-and-belonging,14,14,0,39
runyoro,20861,forgiveness-and-new-beginnings,10,10,0,39
runyoro,20861,exploring-jesus,23,23,0,39
ruruuli-runyala,139185,meaning-and-purpose,18,18,0,35
ruruuli-runyala,139185,hope-and-perseverance,16,16,0,35
ruruuli-runyala,139185,love-and-belonging,12,12,0,35
ruruuli-runyala,139185,forgiveness-and-new-beginnings,7,7,0,35
ruruuli-runyala,139185,exploring-jesus,21,21,0,35
russian,3934,meaning-and-purpose,60,60,0,161
russian,3934,hope-and-perseverance,64,63,1,162
russian,3934,love-and-belonging,63,61,2,163
russian,3934,forgiveness-and-new-beginnings,40,38,2,163
russian,3934,exploring-jesus,81,81,0,161
russian-sign-language,1944,meaning-and-purpose,0,0,0,1
russian-sign-language,1944,hope-and-perseverance,0,0,0,1
russian-sign-language,1944,love-and-belonging,0,0,0,1
russian-sign-language,1944,forgiveness-and-new-beginnings,0,0,0,1
russian-sign-language,1944,exploring-jesus,1,1,0,1
ruund,583,meaning-and-purpose,18,18,0,35
ruund,583,hope-and-perseverance,16,16,0,35
ruund,583,love-and-belonging,12,12,0,35
ruund,583,forgiveness-and-new-beginnings,7,7,0,35
ruund,583,exploring-jesus,21,21,0,35
ruwila,185129,meaning-and-purpose,18,18,0,35
ruwila,185129,hope-and-perseverance,16,16,0,35
ruwila,185129,love-and-belonging,12,12,0,35
ruwila,185129,forgiveness-and-new-beginnings,7,7,0,35
ruwila,185129,exploring-jesus,21,21,0,35
saa,97071,meaning-and-purpose,18,18,0,35
saa,97071,hope-and-perseverance,16,16,0,35
saa,97071,love-and-belonging,12,12,0,35
saa,97071,forgiveness-and-new-beginnings,7,7,0,35
saa,97071,exploring-jesus,21,21,0,35
saafi-saafi,143610,meaning-and-purpose,18,18,0,35
saafi-saafi,143610,hope-and-perseverance,16,16,0,35
saafi-saafi,143610,love-and-belonging,12,12,0,35
saafi-saafi,143610,forgiveness-and-new-beginnings,7,7,0,35
saafi-saafi,143610,exploring-jesus,21,21,0,35
sabaot,7227,meaning-and-purpose,18,18,0,35
sabaot,7227,hope-and-perseverance,16,16,0,35
sabaot,7227,love-and-belonging,12,12,0,35
sabaot,7227,forgiveness-and-new-beginnings,7,7,0,35
sabaot,7227,exploring-jesus,21,21,0,35
sabu,17346,meaning-and-purpose,18,18,0,35
sabu,17346,hope-and-perseverance,16,16,0,35
sabu,17346,love-and-belonging,12,12,0,35
sabu,17346,forgiveness-and-new-beginnings,7,7,0,35
sabu,17346,exploring-jesus,21,21,0,35
sadani,20902,meaning-and-purpose,18,18,0,35
sadani,20902,hope-and-perseverance,16,16,0,35
sadani,20902,love-and-belonging,12,12,0,35
sadani,20902,forgiveness-and-new-beginnings,7,7,0,35
sadani,20902,exploring-jesus,21,21,0,35
sadri-oraon,23797,meaning-and-purpose,18,18,0,35
sadri-oraon,23797,hope-and-perseverance,16,16,0,35
sadri-oraon,23797,love-and-belonging,12,12,0,35
sadri-oraon,23797,forgiveness-and-new-beginnings,7,7,0,35
sadri-oraon,23797,exploring-jesus,21,21,0,35
safwa,14236,meaning-and-purpose,18,18,0,35
safwa,14236,hope-and-perseverance,16,16,0,35
safwa,14236,love-and-belonging,12,12,0,35
safwa,14236,forgiveness-and-new-beginnings,7,7,0,35
safwa,14236,exploring-jesus,21,21,0,35
saho-eritrea,184521,meaning-and-purpose,18,18,0,35
saho-eritrea,184521,hope-and-perseverance,16,16,0,35
saho-eritrea,184521,love-and-belonging,12,12,0,35
saho-eritrea,184521,forgiveness-and-new-beginnings,7,7,0,35
saho-eritrea,184521,exploring-jesus,21,21,0,35
sahu,17040,meaning-and-purpose,18,18,0,35
sahu,17040,hope-and-perseverance,16,16,0,35
sahu,17040,love-and-belonging,12,12,0,35
sahu,17040,forgiveness-and-new-beginnings,7,7,0,35
sahu,17040,exploring-jesus,21,21,0,35
sakalava-analalava,24120,meaning-and-purpose,18,18,0,35
sakalava-analalava,24120,hope-and-perseverance,16,16,0,35
sakalava-analalava,24120,love-and-belonging,12,12,0,35
sakalava-analalava,24120,forgiveness-and-new-beginnings,7,7,0,35
sakalava-analalava,24120,exploring-jesus,21,21,0,35
sakalava-besalampy,24121,meaning-and-purpose,18,18,0,35
sakalava-besalampy,24121,hope-and-perseverance,16,16,0,35
sakalava-besalampy,24121,love-and-belonging,12,12,0,35
sakalava-besalampy,24121,forgiveness-and-new-beginnings,7,7,0,35
sakalava-besalampy,24121,exploring-jesus,21,21,0,35
sakata,20196,meaning-and-purpose,18,18,0,35
sakata,20196,hope-and-perseverance,16,16,0,35
sakata,20196,love-and-belonging,12,12,0,35
sakata,20196,forgiveness-and-new-beginnings,7,7,0,35
sakata,20196,exploring-jesus,21,21,0,35
salar,3924,meaning-and-purpose,0,0,0,0
salar,3924,hope-and-perseverance,0,0,0,0
salar,3924,love-and-belonging,0,0,0,0
salar,3924,forgiveness-and-new-beginnings,0,0,0,0
salar,3924,exploring-jesus,0,0,0,0
saluan,144834,meaning-and-purpose,18,18,0,35
saluan,144834,hope-and-perseverance,16,16,0,35
saluan,144834,love-and-belonging,12,12,0,35
saluan,144834,forgiveness-and-new-beginnings,7,7,0,35
saluan,144834,exploring-jesus,21,21,0,35
sama-bangingi,24235,meaning-and-purpose,18,18,0,35
sama-bangingi,24235,hope-and-perseverance,16,16,0,35
sama-bangingi,24235,love-and-belonging,12,12,0,35
sama-bangingi,24235,forgiveness-and-new-beginnings,7,7,0,35
sama-bangingi,24235,exploring-jesus,21,21,0,35
sama-central,12588,meaning-and-purpose,18,18,0,35
sama-central,12588,hope-and-perseverance,16,16,0,35
sama-central,12588,love-and-belonging,12,12,0,35
sama-central,12588,forgiveness-and-new-beginnings,7,7,0,35
sama-central,12588,exploring-jesus,21,21,0,35
sama-mum,184509,meaning-and-purpose,18,18,0,35
sama-mum,184509,hope-and-perseverance,16,16,0,35
sama-mum,184509,love-and-belonging,12,12,0,35
sama-mum,184509,forgiveness-and-new-beginnings,7,7,0,35
sama-mum,184509,exploring-jesus,21,21,0,35
sama-southern,12595,meaning-and-purpose,23,23,0,56
sama-southern,12595,hope-and-perseverance,26,26,0,56
sama-southern,12595,love-and-belonging,20,19,1,57
sama-southern,12595,forgiveness-and-new-beginnings,10,9,1,57
sama-southern,12595,exploring-jesus,37,37,0,56
samarkand-tajik,24156,meaning-and-purpose,23,23,0,57
samarkand-tajik,24156,hope-and-perseverance,26,26,0,57
samarkand-tajik,24156,love-and-belonging,20,19,1,58
samarkand-tajik,24156,forgiveness-and-new-beginnings,10,9,1,58
samarkand-tajik,24156,exploring-jesus,38,38,0,57
sambal,20905,meaning-and-purpose,18,18,0,35
sambal,20905,hope-and-perseverance,16,16,0,35
sambal,20905,love-and-belonging,12,12,0,35
sambal,20905,forgiveness-and-new-beginnings,7,7,0,35
sambal,20905,exploring-jesus,21,21,0,35
sambalpuri,138284,meaning-and-purpose,23,23,0,57
sambalpuri,138284,hope-and-perseverance,26,26,0,57
sambalpuri,138284,love-and-belonging,20,19,1,58
sambalpuri,138284,forgiveness-and-new-beginnings,10,9,1,58
sambalpuri,138284,exploring-jesus,38,38,0,57
samburu,7237,meaning-and-purpose,18,18,0,39
samburu,7237,hope-and-perseverance,17,17,0,39
samburu,7237,love-and-belonging,14,14,0,39
samburu,7237,forgiveness-and-new-beginnings,10,10,0,39
samburu,7237,exploring-jesus,23,23,0,39
samia,7235,meaning-and-purpose,18,18,0,35
samia,7235,hope-and-perseverance,16,16,0,35
samia,7235,love-and-belonging,12,12,0,35
samia,7235,forgiveness-and-new-beginnings,7,7,0,35
samia,7235,exploring-jesus,21,21,0,35
samo,2018,meaning-and-purpose,18,18,0,35
samo,2018,hope-and-perseverance,16,16,0,35
samo,2018,love-and-belonging,12,12,0,35
samo,2018,forgiveness-and-new-beginnings,7,7,0,35
samo,2018,exploring-jesus,21,21,0,35
samoan,530,meaning-and-purpose,19,19,0,47
samoan,530,hope-and-perseverance,19,18,1,48
samoan,530,love-and-belonging,20,19,1,48
samoan,530,forgiveness-and-new-beginnings,13,13,0,47
samoan,530,exploring-jesus,26,26,0,47
san-andres-islander-creole,184519,meaning-and-purpose,18,18,0,35
san-andres-islander-creole,184519,hope-and-perseverance,16,16,0,35
san-andres-islander-creole,184519,love-and-belonging,12,12,0,35
san-andres-islander-creole,184519,forgiveness-and-new-beginnings,7,7,0,35
san-andres-islander-creole,184519,exploring-jesus,21,21,0,35
san-chi,143419,meaning-and-purpose,18,18,0,35
san-chi,143419,hope-and-perseverance,16,16,0,35
san-chi,143419,love-and-belonging,12,12,0,35
san-chi,143419,forgiveness-and-new-beginnings,7,7,0,35
san-chi,143419,exploring-jesus,21,21,0,35
sanga,142134,meaning-and-purpose,18,18,0,35
sanga,142134,hope-and-perseverance,16,16,0,35
sanga,142134,love-and-belonging,12,12,0,35
sanga,142134,forgiveness-and-new-beginnings,7,7,0,35
sanga,142134,exploring-jesus,21,21,0,35
sanggau,143690,meaning-and-purpose,18,18,0,35
sanggau,143690,hope-and-perseverance,16,16,0,35
sanggau,143690,love-and-belonging,12,12,0,35
sanggau,143690,forgiveness-and-new-beginnings,7,7,0,35
sanggau,143690,exploring-jesus,21,21,0,35
sangihe,20908,meaning-and-purpose,18,18,0,35
sangihe,20908,hope-and-perseverance,16,16,0,35
sangihe,20908,love-and-belonging,12,12,0,35
sangihe,20908,forgiveness-and-new-beginnings,7,7,0,35
sangihe,20908,exploring-jesus,21,21,0,35
sangil,12585,meaning-and-purpose,18,18,0,35
sangil,12585,hope-and-perseverance,16,16,0,35
sangil,12585,love-and-belonging,12,12,0,35
sangil,12585,forgiveness-and-new-beginnings,7,7,0,35
sangil,12585,exploring-jesus,21,21,0,35
sango,3156,meaning-and-purpose,19,19,0,51
sango,3156,hope-and-perseverance,20,19,1,52
sango,3156,love-and-belonging,22,21,1,52
sango,3156,forgiveness-and-new-beginnings,16,16,0,51
sango,3156,exploring-jesus,28,28,0,51
sangu,20199,meaning-and-purpose,18,18,0,35
sangu,20199,hope-and-perseverance,16,16,0,35
sangu,20199,love-and-belonging,12,12,0,35
sangu,20199,forgiveness-and-new-beginnings,7,7,0,35
sangu,20199,exploring-jesus,21,21,0,35
sani-3,142869,meaning-and-purpose,18,18,0,35
sani-3,142869,hope-and-perseverance,16,16,0,35
sani-3,142869,love-and-belonging,12,12,0,35
sani-3,142869,forgiveness-and-new-beginnings,7,7,0,35
sani-3,142869,exploring-jesus,21,21,0,35
sansi,10545,meaning-and-purpose,18,18,0,35
sansi,10545,hope-and-perseverance,16,16,0,35
sansi,10545,love-and-belonging,12,12,0,35
sansi,10545,forgiveness-and-new-beginnings,7,7,0,35
sansi,10545,exploring-jesus,21,21,0,35
santali-india,24249,meaning-and-purpose,18,18,0,36
santali-india,24249,hope-and-perseverance,16,16,0,36
santali-india,24249,love-and-belonging,12,12,0,36
santali-india,24249,forgiveness-and-new-beginnings,7,7,0,36
santali-india,24249,exploring-jesus,22,22,0,36
santhali-nepal,184924,meaning-and-purpose,18,18,0,35
santhali-nepal,184924,hope-and-perseverance,16,16,0,35
santhali-nepal,184924,love-and-belonging,12,12,0,35
santhali-nepal,184924,forgiveness-and-new-beginnings,7,7,0,35
santhali-nepal,184924,exploring-jesus,21,21,0,35
sanuma,1720,meaning-and-purpose,18,18,0,35
sanuma,1720,hope-and-perseverance,16,16,0,35
sanuma,1720,love-and-belonging,12,12,0,35
sanuma,1720,forgiveness-and-new-beginnings,7,7,0,35
sanuma,1720,exploring-jesus,21,21,0,35
sapo,141597,meaning-and-purpose,18,18,0,35
sapo,141597,hope-and-perseverance,16,16,0,35
sapo,141597,love-and-belonging,12,12,0,35
sapo,141597,forgiveness-and-new-beginnings,7,7,0,35
sapo,141597,exploring-jesus,21,21,0,35
saptari,184902,meaning-and-purpose,18,18,0,35
saptari,184902,hope-and-perseverance,16,16,0,35
saptari,184902,love-and-belonging,12,12,0,35
saptari,184902,forgiveness-and-new-beginnings,7,7,0,35
saptari,184902,exploring-jesus,21,21,0,35
sara,22640,meaning-and-purpose,18,18,0,35
sara,22640,hope-and-perseverance,16,16,0,35
sara,22640,love-and-belonging,12,12,0,35
sara,22640,forgiveness-and-new-beginnings,7,7,0,35
sara,22640,exploring-jesus,21,21,0,35
saraiki,5907,meaning-and-purpose,18,18,0,35
saraiki,5907,hope-and-perseverance,16,16,0,35
saraiki,5907,love-and-belonging,12,12,0,35
saraiki,5907,forgiveness-and-new-beginnings,7,7,0,35
saraiki,5907,exploring-jesus,21,21,0,35
saraiki-megwhal,185257,meaning-and-purpose,23,23,0,56
saraiki-megwhal,185257,hope-and-perseverance,26,26,0,56
saraiki-megwhal,185257,love-and-belonging,20,19,1,57
saraiki-megwhal,185257,forgiveness-and-new-beginnings,10,9,1,57
saraiki-megwhal,185257,exploring-jesus,37,37,0,56
saramaccan,18715,meaning-and-purpose,18,18,0,35
saramaccan,18715,hope-and-perseverance,16,16,0,35
saramaccan,18715,love-and-belonging,12,12,0,35
saramaccan,18715,forgiveness-and-new-beginnings,7,7,0,35
saramaccan,18715,exploring-jesus,21,21,0,35
sardinian-logudorese,6975,meaning-and-purpose,23,23,0,56
sardinian-logudorese,6975,hope-and-perseverance,26,26,0,56
sardinian-logudorese,6975,love-and-belonging,20,19,1,57
sardinian-logudorese,6975,forgiveness-and-new-beginnings,10,9,1,57
sardinian-logudorese,6975,exploring-jesus,37,37,0,56
sarlahi-tharu,151150,meaning-and-purpose,18,18,0,35
sarlahi-tharu,151150,hope-and-perseverance,16,16,0,35
sarlahi-tharu,151150,love-and-belonging,12,12,0,35
sarlahi-tharu,151150,forgiveness-and-new-beginnings,7,7,0,35
sarlahi-tharu,151150,exploring-jesus,21,21,0,35
sasak,17249,meaning-and-purpose,18,18,0,35
sasak,17249,hope-and-perseverance,16,16,0,35
sasak,17249,love-and-belonging,12,12,0,35
sasak,17249,forgiveness-and-new-beginnings,7,7,0,35
sasak,17249,exploring-jesus,21,21,0,35
satere-mawe,184849,meaning-and-purpose,18,18,0,35
satere-mawe,184849,hope-and-perseverance,16,16,0,35
satere-mawe,184849,love-and-belonging,12,12,0,35
satere-mawe,184849,forgiveness-and-new-beginnings,7,7,0,35
satere-mawe,184849,exploring-jesus,21,21,0,35
saurashtra,5920,meaning-and-purpose,23,23,0,56
saurashtra,5920,hope-and-perseverance,26,26,0,56
saurashtra,5920,love-and-belonging,20,19,1,57
saurashtra,5920,forgiveness-and-new-beginnings,10,9,1,57
saurashtra,5920,exploring-jesus,37,37,0,56
sauria-paharia,6222,meaning-and-purpose,18,18,0,35
sauria-paharia,6222,hope-and-perseverance,16,16,0,35
sauria-paharia,6222,love-and-belonging,12,12,0,35
sauria-paharia,6222,forgiveness-and-new-beginnings,7,7,0,35
sauria-paharia,6222,exploring-jesus,21,21,0,35
saya,10040,meaning-and-purpose,18,18,0,35
saya,10040,hope-and-perseverance,16,16,0,35
saya,10040,love-and-belonging,12,12,0,35
saya,10040,forgiveness-and-new-beginnings,7,7,0,35
saya,10040,exploring-jesus,21,21,0,35
sedoa,100107,meaning-and-purpose,18,18,0,35
sedoa,100107,hope-and-perseverance,16,16,0,35
sedoa,100107,love-and-belonging,12,12,0,35
sedoa,100107,forgiveness-and-new-beginnings,7,7,0,35
sedoa,100107,exploring-jesus,21,21,0,35
sehwi,5210,meaning-and-purpose,18,18,0,35
sehwi,5210,hope-and-perseverance,16,16,0,35
sehwi,5210,love-and-belonging,12,12,0,35
sehwi,5210,forgiveness-and-new-beginnings,7,7,0,35
sehwi,5210,exploring-jesus,21,21,0,35
seko-padang,142642,meaning-and-purpose,18,18,0,35
seko-padang,142642,hope-and-perseverance,16,16,0,35
seko-padang,142642,love-and-belonging,12,12,0,35
seko-padang,142642,forgiveness-and-new-beginnings,7,7,0,35
seko-padang,142642,exploring-jesus,21,21,0,35
selaru,142753,meaning-and-purpose,18,18,0,35
selaru,142753,hope-and-perseverance,16,16,0,35
selaru,142753,love-and-belonging,12,12,0,35
selaru,142753,forgiveness-and-new-beginnings,7,7,0,35
selaru,142753,exploring-jesus,21,21,0,35
selayar,17556,meaning-and-purpose,18,18,0,35
selayar,17556,hope-and-perseverance,16,16,0,35
selayar,17556,love-and-belonging,12,12,0,35
selayar,17556,forgiveness-and-new-beginnings,7,7,0,35
selayar,17556,exploring-jesus,21,21,0,35
semelai,141912,meaning-and-purpose,18,18,0,35
semelai,141912,hope-and-perseverance,16,16,0,35
semelai,141912,love-and-belonging,12,12,0,35
semelai,141912,forgiveness-and-new-beginnings,7,7,0,35
semelai,141912,exploring-jesus,21,21,0,35
sena,8513,meaning-and-purpose,18,18,0,35
sena,8513,hope-and-perseverance,16,16,0,35
sena,8513,love-and-belonging,12,12,0,35
sena,8513,forgiveness-and-new-beginnings,7,7,0,35
sena,8513,exploring-jesus,21,21,0,35
sena-malawi,7788,meaning-and-purpose,18,18,0,35
sena-malawi,7788,hope-and-perseverance,16,16,0,35
sena-malawi,7788,love-and-belonging,12,12,0,35
sena-malawi,7788,forgiveness-and-new-beginnings,7,7,0,35
sena-malawi,7788,exploring-jesus,21,21,0,35
sengele,15471,meaning-and-purpose,18,18,0,35
sengele,15471,hope-and-perseverance,16,16,0,35
sengele,15471,love-and-belonging,12,12,0,35
sengele,15471,forgiveness-and-new-beginnings,7,7,0,35
sengele,15471,exploring-jesus,21,21,0,35
sengwer,185249,meaning-and-purpose,18,18,0,35
sengwer,185249,hope-and-perseverance,16,16,0,35
sengwer,185249,love-and-belonging,12,12,0,35
sengwer,185249,forgiveness-and-new-beginnings,7,7,0,35
sengwer,185249,exploring-jesus,21,21,0,35
senoufo-cebaara,15990,meaning-and-purpose,18,18,0,35
senoufo-cebaara,15990,hope-and-perseverance,16,16,0,35
senoufo-cebaara,15990,love-and-belonging,12,12,0,35
senoufo-cebaara,15990,forgiveness-and-new-beginnings,7,7,0,35
senoufo-cebaara,15990,exploring-jesus,21,21,0,35
senoufo-djimini,16084,meaning-and-purpose,18,18,0,35
senoufo-djimini,16084,hope-and-perseverance,16,16,0,35
senoufo-djimini,16084,love-and-belonging,12,12,0,35
senoufo-djimini,16084,forgiveness-and-new-beginnings,7,7,0,35
senoufo-djimini,16084,exploring-jesus,21,21,0,35
senoufo-nyarafolo,102234,meaning-and-purpose,18,18,0,35
senoufo-nyarafolo,102234,hope-and-perseverance,16,16,0,35
senoufo-nyarafolo,102234,love-and-belonging,12,12,0,35
senoufo-nyarafolo,102234,forgiveness-and-new-beginnings,7,7,0,35
senoufo-nyarafolo,102234,exploring-jesus,21,21,0,35
senoufo-supyire,7811,meaning-and-purpose,18,18,0,35
senoufo-supyire,7811,hope-and-perseverance,16,16,0,35
senoufo-supyire,7811,love-and-belonging,12,12,0,35
senoufo-supyire,7811,forgiveness-and-new-beginnings,7,7,0,35
senoufo-supyire,7811,exploring-jesus,21,21,0,35
senoufo-tagbana,53417,meaning-and-purpose,18,18,0,35
senoufo-tagbana,53417,hope-and-perseverance,16,16,0,35
senoufo-tagbana,53417,love-and-belonging,12,12,0,35
senoufo-tagbana,53417,forgiveness-and-new-beginnings,7,7,0,35
senoufo-tagbana,53417,exploring-jesus,21,21,0,35
serawai,17760,meaning-and-purpose,18,18,0,35
serawai,17760,hope-and-perseverance,16,16,0,35
serawai,17760,love-and-belonging,12,12,0,35
serawai,17760,forgiveness-and-new-beginnings,7,7,0,35
serawai,17760,exploring-jesus,21,21,0,35
serbian,5541,meaning-and-purpose,45,45,0,105
serbian,5541,hope-and-perseverance,43,42,1,106
serbian,5541,love-and-belonging,46,44,2,107
serbian,5541,forgiveness-and-new-beginnings,26,25,1,106
serbian,5541,exploring-jesus,50,50,0,105
serere-sine,5058,meaning-and-purpose,18,18,0,35
serere-sine,5058,hope-and-perseverance,16,16,0,35
serere-sine,5058,love-and-belonging,12,12,0,35
serere-sine,5058,forgiveness-and-new-beginnings,7,7,0,35
serere-sine,5058,exploring-jesus,21,21,0,35
seselwa-creole,13079,meaning-and-purpose,19,19,0,47
seselwa-creole,13079,hope-and-perseverance,19,18,1,48
seselwa-creole,13079,love-and-belonging,20,19,1,48
seselwa-creole,13079,forgiveness-and-new-beginnings,13,13,0,47
seselwa-creole,13079,exploring-jesus,26,26,0,47
shambala,14154,meaning-and-purpose,18,18,0,35
shambala,14154,hope-and-perseverance,16,16,0,35
shambala,14154,love-and-belonging,12,12,0,35
shambala,14154,forgiveness-and-new-beginnings,7,7,0,35
shambala,14154,exploring-jesus,21,21,0,35
shan,8684,meaning-and-purpose,19,19,0,41
shan,8684,hope-and-perseverance,18,18,0,41
shan,8684,love-and-belonging,13,13,0,41
shan,8684,forgiveness-and-new-beginnings,10,10,0,41
shan,8684,exploring-jesus,26,26,0,41
shanghainese,20623,meaning-and-purpose,18,18,0,35
shanghainese,20623,hope-and-perseverance,16,16,0,35
shanghainese,20623,love-and-belonging,12,12,0,35
shanghainese,20623,forgiveness-and-new-beginnings,7,7,0,35
shanghainese,20623,exploring-jesus,21,21,0,35
shanjo,151817,meaning-and-purpose,18,18,0,35
shanjo,151817,hope-and-perseverance,16,16,0,35
shanjo,151817,love-and-belonging,12,12,0,35
shanjo,151817,forgiveness-and-new-beginnings,7,7,0,35
shanjo,151817,exploring-jesus,21,21,0,35
sharchogpa,23047,meaning-and-purpose,19,19,0,47
sharchogpa,23047,hope-and-perseverance,19,18,1,48
sharchogpa,23047,love-and-belonging,20,19,1,48
sharchogpa,23047,forgiveness-and-new-beginnings,13,13,0,47
sharchogpa,23047,exploring-jesus,26,26,0,47
shawi-chayahuita,159000,meaning-and-purpose,23,23,0,56
shawi-chayahuita,159000,hope-and-perseverance,26,26,0,56
shawi-chayahuita,159000,love-and-belonging,20,19,1,57
shawi-chayahuita,159000,forgiveness-and-new-beginnings,10,9,1,57
shawi-chayahuita,159000,exploring-jesus,37,37,0,56
shekhawati,24416,meaning-and-purpose,23,23,0,56
shekhawati,24416,hope-and-perseverance,26,26,0,56
shekhawati,24416,love-and-belonging,20,19,1,57
shekhawati,24416,forgiveness-and-new-beginnings,10,9,1,57
shekhawati,24416,exploring-jesus,37,37,0,56
shekkacho,143877,meaning-and-purpose,18,18,0,35
shekkacho,143877,hope-and-perseverance,16,16,0,35
shekkacho,143877,love-and-belonging,12,12,0,35
shekkacho,143877,forgiveness-and-new-beginnings,7,7,0,35
shekkacho,143877,exploring-jesus,21,21,0,35
sheko,142418,meaning-and-purpose,18,18,0,35
sheko,142418,hope-and-perseverance,16,16,0,35
sheko,142418,love-and-belonging,12,12,0,35
sheko,142418,forgiveness-and-new-beginnings,7,7,0,35
sheko,142418,exploring-jesus,21,21,0,35
sherbro,13084,meaning-and-purpose,18,18,0,35
sherbro,13084,hope-and-perseverance,16,16,0,35
sherbro,13084,love-and-belonging,12,12,0,35
sherbro,13084,forgiveness-and-new-beginnings,7,7,0,35
sherbro,13084,exploring-jesus,21,21,0,35
sherpa,3929,meaning-and-purpose,18,18,0,35
sherpa,3929,hope-and-perseverance,16,16,0,35
sherpa,3929,love-and-belonging,12,12,0,35
sherpa,3929,forgiveness-and-new-beginnings,7,7,0,35
sherpa,3929,exploring-jesus,21,21,0,35
shilluk,13848,meaning-and-purpose,18,18,0,35
shilluk,13848,hope-and-perseverance,16,16,0,35
shilluk,13848,love-and-belonging,12,12,0,35
shilluk,13848,forgiveness-and-new-beginnings,7,7,0,35
shilluk,13848,exploring-jesus,21,21,0,35
shimaore,7752,meaning-and-purpose,19,19,0,47
shimaore,7752,hope-and-perseverance,19,18,1,48
shimaore,7752,love-and-belonging,20,19,1,48
shimaore,7752,forgiveness-and-new-beginnings,13,13,0,47
shimaore,7752,exploring-jesus,26,26,0,47
shina,5918,meaning-and-purpose,18,18,0,35
shina,5918,hope-and-perseverance,16,16,0,35
shina,5918,love-and-belonging,12,12,0,35
shina,5918,forgiveness-and-new-beginnings,7,7,0,35
shina,5918,exploring-jesus,21,21,0,35
shina-kohistani,10500,meaning-and-purpose,18,18,0,35
shina-kohistani,10500,hope-and-perseverance,16,16,0,35
shina-kohistani,10500,love-and-belonging,12,12,0,35
shina-kohistani,10500,forgiveness-and-new-beginnings,7,7,0,35
shina-kohistani,10500,exploring-jesus,21,21,0,35
shipibo-conibo,12392,meaning-and-purpose,18,18,0,35
shipibo-conibo,12392,hope-and-perseverance,16,16,0,35
shipibo-conibo,12392,love-and-belonging,12,12,0,35
shipibo-conibo,12392,forgiveness-and-new-beginnings,7,7,0,35
shipibo-conibo,12392,exploring-jesus,21,21,0,35
shona,8506,meaning-and-purpose,25,25,0,74
shona,8506,hope-and-perseverance,30,29,1,75
shona,8506,love-and-belonging,31,29,2,76
shona,8506,forgiveness-and-new-beginnings,19,18,1,75
shona,8506,exploring-jesus,45,45,0,74
shuar,4499,meaning-and-purpose,19,19,0,47
shuar,4499,hope-and-perseverance,19,18,1,48
shuar,4499,love-and-belonging,20,19,1,48
shuar,4499,forgiveness-and-new-beginnings,13,13,0,47
shuar,4499,exploring-jesus,26,26,0,47
shughni,20208,meaning-and-purpose,18,18,0,39
shughni,20208,hope-and-perseverance,17,17,0,39
shughni,20208,love-and-belonging,12,12,0,39
shughni,20208,forgiveness-and-new-beginnings,9,9,0,39
shughni,20208,exploring-jesus,25,25,0,39
shui,22094,meaning-and-purpose,18,18,0,35
shui,22094,hope-and-perseverance,16,16,0,35
shui,22094,love-and-belonging,12,12,0,35
shui,22094,forgiveness-and-new-beginnings,7,7,0,35
shui,22094,exploring-jesus,21,21,0,35
siang,20248,meaning-and-purpose,18,18,0,35
siang,20248,hope-and-perseverance,16,16,0,35
siang,20248,love-and-belonging,12,12,0,35
siang,20248,forgiveness-and-new-beginnings,7,7,0,35
siang,20248,exploring-jesus,21,21,0,35
siar-lak,142536,meaning-and-purpose,18,18,0,35
siar-lak,142536,hope-and-perseverance,16,16,0,35
siar-lak,142536,love-and-belonging,12,12,0,35
siar-lak,142536,forgiveness-and-new-beginnings,7,7,0,35
siar-lak,142536,exploring-jesus,21,21,0,35
sidaama,131700,meaning-and-purpose,23,23,0,57
sidaama,131700,hope-and-perseverance,26,26,0,57
sidaama,131700,love-and-belonging,20,19,1,58
sidaama,131700,forgiveness-and-new-beginnings,11,10,1,58
sidaama,131700,exploring-jesus,38,38,0,57
sidamo,4644,meaning-and-purpose,0,0,0,1
sidamo,4644,hope-and-perseverance,0,0,0,1
sidamo,4644,love-and-belonging,0,0,0,1
sidamo,4644,forgiveness-and-new-beginnings,1,1,0,1
sidamo,4644,exploring-jesus,1,1,0,1
siddi,185207,meaning-and-purpose,18,18,0,35
siddi,185207,hope-and-perseverance,16,16,0,35
siddi,185207,love-and-belonging,12,12,0,35
siddi,185207,forgiveness-and-new-beginnings,7,7,0,35
siddi,185207,exploring-jesus,21,21,0,35
sihanaka-2,153384,meaning-and-purpose,18,18,0,35
sihanaka-2,153384,hope-and-perseverance,16,16,0,35
sihanaka-2,153384,love-and-belonging,12,12,0,35
sihanaka-2,153384,forgiveness-and-new-beginnings,7,7,0,35
sihanaka-2,153384,exploring-jesus,21,21,0,35
sika,142631,meaning-and-purpose,18,18,0,35
sika,142631,hope-and-perseverance,16,16,0,35
sika,142631,love-and-belonging,12,12,0,35
sika,142631,forgiveness-and-new-beginnings,7,7,0,35
sika,142631,exploring-jesus,21,21,0,35
sikkiligar,142647,meaning-and-purpose,18,18,0,35
sikkiligar,142647,hope-and-perseverance,16,16,0,35
sikkiligar,142647,love-and-belonging,12,12,0,35
sikkiligar,142647,forgiveness-and-new-beginnings,7,7,0,35
sikkiligar,142647,exploring-jesus,21,21,0,35
silte,143300,meaning-and-purpose,18,18,0,35
silte,143300,hope-and-perseverance,16,16,0,35
silte,143300,love-and-belonging,12,12,0,35
silte,143300,forgiveness-and-new-beginnings,7,7,0,35
silte,143300,exploring-jesus,21,21,0,35
sinasina,11259,meaning-and-purpose,18,18,0,35
sinasina,11259,hope-and-perseverance,16,16,0,35
sinasina,11259,love-and-belonging,12,12,0,35
sinasina,11259,forgiveness-and-new-beginnings,7,7,0,35
sinasina,11259,exploring-jesus,21,21,0,35
sinaugoro,11303,meaning-and-purpose,18,18,0,35
sinaugoro,11303,hope-and-perseverance,16,16,0,35
sinaugoro,11303,love-and-belonging,12,12,0,35
sinaugoro,11303,forgiveness-and-new-beginnings,7,7,0,35
sinaugoro,11303,exploring-jesus,21,21,0,35
sindhi,389,meaning-and-purpose,25,25,0,69
sindhi,389,hope-and-perseverance,29,28,1,70
sindhi,389,love-and-belonging,29,27,2,71
sindhi,389,forgiveness-and-new-beginnings,16,15,1,70
sindhi,389,exploring-jesus,42,42,0,69
sindhi-bhil,10488,meaning-and-purpose,23,23,0,56
sindhi-bhil,10488,hope-and-perseverance,26,26,0,56
sindhi-bhil,10488,love-and-belonging,20,19,1,57
sindhi-bhil,10488,forgiveness-and-new-beginnings,10,9,1,57
sindhi-bhil,10488,exploring-jesus,37,37,0,56
sindhi-sansi,185328,meaning-and-purpose,23,23,0,56
sindhi-sansi,185328,hope-and-perseverance,26,26,0,56
sindhi-sansi,185328,love-and-belonging,20,19,1,57
sindhi-sansi,185328,forgiveness-and-new-beginnings,10,9,1,57
sindhi-sansi,185328,exploring-jesus,37,37,0,56
sinhala,13172,meaning-and-purpose,26,26,0,73
sinhala,13172,hope-and-perseverance,29,28,1,74
sinhala,13172,love-and-belonging,29,27,2,75
sinhala,13172,forgiveness-and-new-beginnings,16,15,1,74
sinhala,13172,exploring-jesus,46,46,0,73
sirmauri,26359,meaning-and-purpose,18,18,0,35
sirmauri,26359,hope-and-perseverance,16,16,0,35
sirmauri,26359,love-and-belonging,12,12,0,35
sirmauri,26359,forgiveness-and-new-beginnings,7,7,0,35
sirmauri,26359,exploring-jesus,21,21,0,35
sisaala-tumulung,5206,meaning-and-purpose,18,18,0,39
sisaala-tumulung,5206,hope-and-perseverance,17,17,0,39
sisaala-tumulung,5206,love-and-belonging,14,14,0,39
sisaala-tumulung,5206,forgiveness-and-new-beginnings,10,10,0,39
sisaala-tumulung,5206,exploring-jesus,23,23,0,39
sissala,142646,meaning-and-purpose,18,18,0,35
sissala,142646,hope-and-perseverance,16,16,0,35
sissala,142646,love-and-belonging,12,12,0,35
sissala,142646,forgiveness-and-new-beginnings,7,7,0,35
sissala,142646,exploring-jesus,21,21,0,35
siswati,20947,meaning-and-purpose,19,19,0,52
siswati,20947,hope-and-perseverance,20,19,1,53
siswati,20947,love-and-belonging,22,21,1,53
siswati,20947,forgiveness-and-new-beginnings,16,16,0,52
siswati,20947,exploring-jesus,29,29,0,52
slavey,20223,meaning-and-purpose,18,18,0,35
slavey,20223,hope-and-perseverance,16,16,0,35
slavey,20223,love-and-belonging,12,12,0,35
slavey,20223,forgiveness-and-new-beginnings,7,7,0,35
slavey,20223,exploring-jesus,21,21,0,35
slovak,5545,meaning-and-purpose,43,43,0,112
slovak,5545,hope-and-perseverance,44,43,1,113
slovak,5545,love-and-belonging,48,46,2,114
slovak,5545,forgiveness-and-new-beginnings,31,30,1,113
slovak,5545,exploring-jesus,59,59,0,112
slovenian,1112,meaning-and-purpose,19,19,0,49
slovenian,1112,hope-and-perseverance,19,18,1,50
slovenian,1112,love-and-belonging,20,19,1,50
slovenian,1112,forgiveness-and-new-beginnings,14,14,0,49
slovenian,1112,exploring-jesus,28,28,0,49
soli,15796,meaning-and-purpose,18,18,0,35
soli,15796,hope-and-perseverance,16,16,0,35
soli,15796,love-and-belonging,12,12,0,35
soli,15796,forgiveness-and-new-beginnings,7,7,0,35
soli,15796,exploring-jesus,21,21,0,35
somali,4466,meaning-and-purpose,26,26,0,75
somali,4466,hope-and-perseverance,30,29,1,76
somali,4466,love-and-belonging,31,29,2,77
somali,4466,forgiveness-and-new-beginnings,19,18,1,76
somali,4466,exploring-jesus,46,46,0,75
somba-siawari,139791,meaning-and-purpose,18,18,0,35
somba-siawari,139791,hope-and-perseverance,16,16,0,35
somba-siawari,139791,love-and-belonging,12,12,0,35
somba-siawari,139791,forgiveness-and-new-beginnings,7,7,0,35
somba-siawari,139791,exploring-jesus,21,21,0,35
songai-timbuktu,24012,meaning-and-purpose,18,18,0,35
songai-timbuktu,24012,hope-and-perseverance,16,16,0,35
songai-timbuktu,24012,love-and-belonging,12,12,0,35
songai-timbuktu,24012,forgiveness-and-new-beginnings,7,7,0,35
songai-timbuktu,24012,exploring-jesus,21,21,0,35
songe,15480,meaning-and-purpose,18,18,0,35
songe,15480,hope-and-perseverance,16,16,0,35
songe,15480,love-and-belonging,12,12,0,35
songe,15480,forgiveness-and-new-beginnings,7,7,0,35
songe,15480,exploring-jesus,21,21,0,35
songhay-gao,53370,meaning-and-purpose,20,20,0,52
songhay-gao,53370,hope-and-perseverance,21,20,1,53
songhay-gao,53370,love-and-belonging,21,20,1,53
songhay-gao,53370,forgiveness-and-new-beginnings,15,15,0,52
songhay-gao,53370,exploring-jesus,30,30,0,52
soninke,2005,meaning-and-purpose,18,18,0,35
soninke,2005,hope-and-perseverance,16,16,0,35
soninke,2005,love-and-belonging,12,12,0,35
soninke,2005,forgiveness-and-new-beginnings,7,7,0,35
soninke,2005,exploring-jesus,21,21,0,35
sora,5879,meaning-and-purpose,18,18,0,35
sora,5879,hope-and-perseverance,16,16,0,35
sora,5879,love-and-belonging,12,12,0,35
sora,5879,forgiveness-and-new-beginnings,7,7,0,35
sora,5879,exploring-jesus,21,21,0,35
sotho-northern,13465,meaning-and-purpose,19,19,0,48
sotho-northern,13465,hope-and-perseverance,19,18,1,49
sotho-northern,13465,love-and-belonging,20,19,1,49
sotho-northern,13465,forgiveness-and-new-beginnings,13,13,0,48
sotho-northern,13465,exploring-jesus,27,27,0,48
sotho-southern,7546,meaning-and-purpose,20,20,0,53
sotho-southern,7546,hope-and-perseverance,20,19,1,54
sotho-southern,7546,love-and-belonging,23,22,1,54
sotho-southern,7546,forgiveness-and-new-beginnings,16,16,0,53
sotho-southern,7546,exploring-jesus,29,29,0,53
sougb,143861,meaning-and-purpose,18,18,0,35
sougb,143861,hope-and-perseverance,16,16,0,35
sougb,143861,love-and-belonging,12,12,0,35
sougb,143861,forgiveness-and-new-beginnings,7,7,0,35
sougb,143861,exploring-jesus,21,21,0,35
south-gumuz,184660,meaning-and-purpose,18,18,0,35
south-gumuz,184660,hope-and-perseverance,16,16,0,35
south-gumuz,184660,love-and-belonging,12,12,0,35
south-gumuz,184660,forgiveness-and-new-beginnings,7,7,0,35
south-gumuz,184660,exploring-jesus,21,21,0,35
southern-gondi-adilabad,180517,meaning-and-purpose,18,18,0,35
southern-gondi-adilabad,180517,hope-and-perseverance,16,16,0,35
southern-gondi-adilabad,180517,love-and-belonging,12,12,0,35
southern-gondi-adilabad,180517,forgiveness-and-new-beginnings,7,7,0,35
southern-gondi-adilabad,180517,exploring-jesus,21,21,0,35
southern-nisu,24433,meaning-and-purpose,18,18,0,35
southern-nisu,24433,hope-and-perseverance,16,16,0,35
southern-nisu,24433,love-and-belonging,12,12,0,35
southern-nisu,24433,forgiveness-and-new-beginnings,7,7,0,35
southern-nisu,24433,exploring-jesus,21,21,0,35
spanish-castilian,21046,meaning-and-purpose,28,28,0,85
spanish-castilian,21046,hope-and-perseverance,33,32,1,86
spanish-castilian,21046,love-and-belonging,34,32,2,87
spanish-castilian,21046,forgiveness-and-new-beginnings,20,19,1,86
spanish-castilian,21046,exploring-jesus,55,55,0,85
spanish-latin-american,21028,meaning-and-purpose,65,65,0,169
spanish-latin-american,21028,hope-and-perseverance,63,62,1,170
spanish-latin-american,21028,love-and-belonging,62,60,2,171
spanish-latin-american,21028,forgiveness-and-new-beginnings,42,40,2,171
spanish-latin-american,21028,exploring-jesus,89,89,0,169
sranan-tongo,21231,meaning-and-purpose,24,24,0,69
sranan-tongo,21231,hope-and-perseverance,29,28,1,70
sranan-tongo,21231,love-and-belonging,28,26,2,71
sranan-tongo,21231,forgiveness-and-new-beginnings,16,15,1,70
sranan-tongo,21231,exploring-jesus,43,43,0,69
suau,143387,meaning-and-purpose,18,18,0,35
suau,143387,hope-and-perseverance,16,16,0,35
suau,143387,love-and-belonging,12,12,0,35
suau,143387,forgiveness-and-new-beginnings,7,7,0,35
suau,143387,exploring-jesus,21,21,0,35
suba,7222,meaning-and-purpose,23,23,0,56
suba,7222,hope-and-perseverance,26,26,0,56
suba,7222,love-and-belonging,20,19,1,57
suba,7222,forgiveness-and-new-beginnings,10,9,1,57
suba,7222,exploring-jesus,37,37,0,56
suba-simbiti,101456,meaning-and-purpose,18,18,0,35
suba-simbiti,101456,hope-and-perseverance,16,16,0,35
suba-simbiti,101456,love-and-belonging,12,12,0,35
suba-simbiti,101456,forgiveness-and-new-beginnings,7,7,0,35
suba-simbiti,101456,exploring-jesus,21,21,0,35
subanen-eastern,142332,meaning-and-purpose,18,18,0,35
subanen-eastern,142332,hope-and-perseverance,16,16,0,35
subanen-eastern,142332,love-and-belonging,12,12,0,35
subanen-eastern,142332,forgiveness-and-new-beginnings,7,7,0,35
subanen-eastern,142332,exploring-jesus,21,21,0,35
subanen-northern,12572,meaning-and-purpose,23,23,0,56
subanen-northern,12572,hope-and-perseverance,26,26,0,56
subanen-northern,12572,love-and-belonging,20,19,1,57
subanen-northern,12572,forgiveness-and-new-beginnings,10,9,1,57
subanen-northern,12572,exploring-jesus,37,37,0,56
subanon-western,12568,meaning-and-purpose,18,18,0,35
subanon-western,12568,hope-and-perseverance,16,16,0,35
subanon-western,12568,love-and-belonging,12,12,0,35
subanon-western,12568,forgiveness-and-new-beginnings,7,7,0,35
subanon-western,12568,exploring-jesus,21,21,0,35
suena,143302,meaning-and-purpose,18,18,0,35
suena,143302,hope-and-perseverance,16,16,0,35
suena,143302,love-and-belonging,12,12,0,35
suena,143302,forgiveness-and-new-beginnings,7,7,0,35
suena,143302,exploring-jesus,21,21,0,35
suku,15476,meaning-and-purpose,17,17,0,32
suku,15476,hope-and-perseverance,14,14,0,32
suku,15476,love-and-belonging,12,12,0,32
suku,15476,forgiveness-and-new-beginnings,7,7,0,32
suku,15476,exploring-jesus,18,18,0,32
sukuma,14226,meaning-and-purpose,23,23,0,60
sukuma,14226,hope-and-perseverance,27,27,0,60
sukuma,14226,love-and-belonging,22,21,1,61
sukuma,14226,forgiveness-and-new-beginnings,13,12,1,61
sukuma,14226,exploring-jesus,39,39,0,60
sukur,10022,meaning-and-purpose,18,18,0,35
sukur,10022,hope-and-perseverance,16,16,0,35
sukur,10022,love-and-belonging,12,12,0,35
sukur,10022,forgiveness-and-new-beginnings,7,7,0,35
sukur,10022,exploring-jesus,21,21,0,35
sula,17035,meaning-and-purpose,18,18,0,35
sula,17035,hope-and-perseverance,16,16,0,35
sula,17035,love-and-belonging,12,12,0,35
sula,17035,forgiveness-and-new-beginnings,7,7,0,35
sula,17035,exploring-jesus,21,21,0,35
sumbawa,17226,meaning-and-purpose,18,18,0,35
sumbawa,17226,hope-and-perseverance,16,16,0,35
sumbawa,17226,love-and-belonging,12,12,0,35
sumbawa,17226,forgiveness-and-new-beginnings,7,7,0,35
sumbawa,17226,exploring-jesus,21,21,0,35
sunda,16618,meaning-and-purpose,18,18,0,35
sunda,16618,hope-and-perseverance,16,16,0,35
sunda,16618,love-and-belonging,12,12,0,35
sunda,16618,forgiveness-and-new-beginnings,7,7,0,35
sunda,16618,exploring-jesus,21,21,0,35
sunda-alus,185190,meaning-and-purpose,18,18,0,35
sunda-alus,185190,hope-and-perseverance,16,16,0,35
sunda-alus,185190,love-and-belonging,12,12,0,35
sunda-alus,185190,forgiveness-and-new-beginnings,7,7,0,35
sunda-alus,185190,exploring-jesus,21,21,0,35
sundanese-banten,185191,meaning-and-purpose,18,18,0,35
sundanese-banten,185191,hope-and-perseverance,16,16,0,35
sundanese-banten,185191,love-and-belonging,12,12,0,35
sundanese-banten,185191,forgiveness-and-new-beginnings,7,7,0,35
sundanese-banten,185191,exploring-jesus,21,21,0,35
sunuwar,24068,meaning-and-purpose,18,18,0,35
sunuwar,24068,hope-and-perseverance,16,16,0,35
sunuwar,24068,love-and-belonging,12,12,0,35
sunuwar,24068,forgiveness-and-new-beginnings,7,7,0,35
sunuwar,24068,exploring-jesus,21,21,0,35
suodi,22863,meaning-and-purpose,18,18,0,35
suodi,22863,hope-and-perseverance,16,16,0,35
suodi,22863,love-and-belonging,12,12,0,35
suodi,22863,forgiveness-and-new-beginnings,7,7,0,35
suodi,22863,exploring-jesus,21,21,0,35
surgujia,142339,meaning-and-purpose,18,18,0,35
surgujia,142339,hope-and-perseverance,16,16,0,35
surgujia,142339,love-and-belonging,12,12,0,35
surgujia,142339,forgiveness-and-new-beginnings,7,7,0,35
surgujia,142339,exploring-jesus,21,21,0,35
suri-tirmaga-chai,4739,meaning-and-purpose,18,18,0,35
suri-tirmaga-chai,4739,hope-and-perseverance,16,16,0,35
suri-tirmaga-chai,4739,love-and-belonging,12,12,0,35
suri-tirmaga-chai,4739,forgiveness-and-new-beginnings,7,7,0,35
suri-tirmaga-chai,4739,exploring-jesus,21,21,0,35
surjapuri,23316,meaning-and-purpose,18,18,0,35
surjapuri,23316,hope-and-perseverance,16,16,0,35
surjapuri,23316,love-and-belonging,12,12,0,35
surjapuri,23316,forgiveness-and-new-beginnings,7,7,0,35
surjapuri,23316,exploring-jesus,21,21,0,35
surui,143124,meaning-and-purpose,18,18,0,35
surui,143124,hope-and-perseverance,16,16,0,35
surui,143124,love-and-belonging,12,12,0,35
surui,143124,forgiveness-and-new-beginnings,7,7,0,35
surui,143124,exploring-jesus,21,21,0,35
suryoyo,24145,meaning-and-purpose,18,18,0,35
suryoyo,24145,hope-and-perseverance,16,16,0,35
suryoyo,24145,love-and-belonging,12,12,0,35
suryoyo,24145,forgiveness-and-new-beginnings,7,7,0,35
suryoyo,24145,exploring-jesus,21,21,0,35
susu,5470,meaning-and-purpose,20,20,0,52
susu,5470,hope-and-perseverance,21,20,1,53
susu,5470,love-and-belonging,21,20,1,53
susu,5470,forgiveness-and-new-beginnings,15,15,0,52
susu,5470,exploring-jesus,30,30,0,52
swahili-congo,23388,meaning-and-purpose,24,24,0,72
swahili-congo,23388,hope-and-perseverance,30,29,1,73
swahili-congo,23388,love-and-belonging,30,28,2,74
swahili-congo,23388,forgiveness-and-new-beginnings,19,18,1,73
swahili-congo,23388,exploring-jesus,44,44,0,72
swahili-kenya,23179,meaning-and-purpose,20,20,0,39
swahili-kenya,23179,hope-and-perseverance,16,16,0,39
swahili-kenya,23179,love-and-belonging,13,13,0,39
swahili-kenya,23179,forgiveness-and-new-beginnings,7,7,0,39
swahili-kenya,23179,exploring-jesus,24,24,0,39
swahili-tanzania,23178,meaning-and-purpose,44,44,0,109
swahili-tanzania,23178,hope-and-perseverance,46,46,0,109
swahili-tanzania,23178,love-and-belonging,45,44,1,110
swahili-tanzania,23178,forgiveness-and-new-beginnings,26,25,1,110
swahili-tanzania,23178,exploring-jesus,57,57,0,109
swedish,4823,meaning-and-purpose,41,41,0,105
swedish,4823,hope-and-perseverance,46,45,1,106
swedish,4823,love-and-belonging,46,44,2,107
swedish,4823,forgiveness-and-new-beginnings,26,25,1,106
swedish,4823,exploring-jesus,50,50,0,105
sylheti,144882,meaning-and-purpose,18,18,0,35
sylheti,144882,hope-and-perseverance,16,16,0,35
sylheti,144882,love-and-belonging,12,12,0,35
sylheti,144882,forgiveness-and-new-beginnings,7,7,0,35
sylheti,144882,exploring-jesus,21,21,0,35
sylhetti,1236,meaning-and-purpose,18,18,0,35
sylhetti,1236,hope-and-perseverance,16,16,0,35
sylhetti,1236,love-and-belonging,12,12,0,35
sylhetti,1236,forgiveness-and-new-beginnings,7,7,0,35
sylhetti,1236,exploring-jesus,21,21,0,35
syriac,53438,meaning-and-purpose,23,23,0,56
syriac,53438,hope-and-perseverance,26,26,0,56
syriac,53438,love-and-belonging,20,19,1,57
syriac,53438,forgiveness-and-new-beginnings,10,9,1,57
syriac,53438,exploring-jesus,37,37,0,56
taa,153397,meaning-and-purpose,18,18,0,35
taa,153397,hope-and-perseverance,16,16,0,35
taa,153397,love-and-belonging,12,12,0,35
taa,153397,forgiveness-and-new-beginnings,7,7,0,35
taa,153397,exploring-jesus,21,21,0,35
tabaru,17028,meaning-and-purpose,18,18,0,35
tabaru,17028,hope-and-perseverance,16,16,0,35
tabaru,17028,love-and-belonging,12,12,0,35
tabaru,17028,forgiveness-and-new-beginnings,7,7,0,35
tabaru,17028,exploring-jesus,21,21,0,35
tabassaran,18617,meaning-and-purpose,18,18,0,35
tabassaran,18617,hope-and-perseverance,16,16,0,35
tabassaran,18617,love-and-belonging,12,12,0,35
tabassaran,18617,forgiveness-and-new-beginnings,7,7,0,35
tabassaran,18617,exploring-jesus,21,21,0,35
tacawit,139091,meaning-and-purpose,24,24,0,68
tacawit,139091,hope-and-perseverance,29,28,1,69
tacawit,139091,love-and-belonging,28,26,2,70
tacawit,139091,forgiveness-and-new-beginnings,16,15,1,69
tacawit,139091,exploring-jesus,42,42,0,68
tachelhit,507,meaning-and-purpose,24,24,0,70
tachelhit,507,hope-and-perseverance,29,28,1,71
tachelhit,507,love-and-belonging,28,26,2,72
tachelhit,507,forgiveness-and-new-beginnings,16,15,1,71
tachelhit,507,exploring-jesus,44,44,0,70
tado,164090,meaning-and-purpose,18,18,0,35
tado,164090,hope-and-perseverance,16,16,0,35
tado,164090,love-and-belonging,12,12,0,35
tado,164090,forgiveness-and-new-beginnings,7,7,0,35
tado,164090,exploring-jesus,21,21,0,35
tagalog,12551,meaning-and-purpose,46,46,0,127
tagalog,12551,hope-and-perseverance,51,50,1,128
tagalog,12551,love-and-belonging,52,50,2,129
tagalog,12551,forgiveness-and-new-beginnings,32,31,1,128
tagalog,12551,exploring-jesus,69,69,0,127
tagbanwa-calamian,142016,meaning-and-purpose,18,18,0,35
tagbanwa-calamian,142016,hope-and-perseverance,16,16,0,35
tagbanwa-calamian,142016,love-and-belonging,12,12,0,35
tagbanwa-calamian,142016,forgiveness-and-new-beginnings,7,7,0,35
tagbanwa-calamian,142016,exploring-jesus,21,21,0,35
tahitian,4950,meaning-and-purpose,19,19,0,47
tahitian,4950,hope-and-perseverance,19,18,1,48
tahitian,4950,love-and-belonging,20,19,1,48
tahitian,4950,forgiveness-and-new-beginnings,13,13,0,47
tahitian,4950,exploring-jesus,26,26,0,47
tai-dam,7516,meaning-and-purpose,18,18,0,35
tai-dam,7516,hope-and-perseverance,16,16,0,35
tai-dam,7516,love-and-belonging,12,12,0,35
tai-dam,7516,forgiveness-and-new-beginnings,7,7,0,35
tai-dam,7516,exploring-jesus,21,21,0,35
tai-don,7428,meaning-and-purpose,18,18,0,35
tai-don,7428,hope-and-perseverance,16,16,0,35
tai-don,7428,love-and-belonging,12,12,0,35
tai-don,7428,forgiveness-and-new-beginnings,7,7,0,35
tai-don,7428,exploring-jesus,21,21,0,35
tai-lue,20789,meaning-and-purpose,18,18,0,35
tai-lue,20789,hope-and-perseverance,16,16,0,35
tai-lue,20789,love-and-belonging,12,12,0,35
tai-lue,20789,forgiveness-and-new-beginnings,7,7,0,35
tai-lue,20789,exploring-jesus,21,21,0,35
tai-nua,3910,meaning-and-purpose,18,18,0,35
tai-nua,3910,hope-and-perseverance,16,16,0,35
tai-nua,3910,love-and-belonging,12,12,0,35
tai-nua,3910,forgiveness-and-new-beginnings,7,7,0,35
tai-nua,3910,exploring-jesus,21,21,0,35
tairora,150415,meaning-and-purpose,18,18,0,35
tairora,150415,hope-and-perseverance,16,16,0,35
tairora,150415,love-and-belonging,12,12,0,35
tairora,150415,forgiveness-and-new-beginnings,7,7,0,35
tairora,150415,exploring-jesus,21,21,0,35
taita,7334,meaning-and-purpose,18,18,0,35
taita,7334,hope-and-perseverance,16,16,0,35
taita,7334,love-and-belonging,12,12,0,35
taita,7334,forgiveness-and-new-beginnings,7,7,0,35
taita,7334,exploring-jesus,21,21,0,35
tajik,24309,meaning-and-purpose,27,27,0,81
tajik,24309,hope-and-perseverance,32,31,1,82
tajik,24309,love-and-belonging,30,28,2,83
tajik,24309,forgiveness-and-new-beginnings,19,18,1,82
tajik,24309,exploring-jesus,54,54,0,81
tajpuriya,185078,meaning-and-purpose,18,18,0,35
tajpuriya,185078,hope-and-perseverance,16,16,0,35
tajpuriya,185078,love-and-belonging,12,12,0,35
tajpuriya,185078,forgiveness-and-new-beginnings,7,7,0,35
tajpuriya,185078,exploring-jesus,21,21,0,35
takia,142010,meaning-and-purpose,18,18,0,35
takia,142010,hope-and-perseverance,16,16,0,35
takia,142010,love-and-belonging,12,12,0,35
takia,142010,forgiveness-and-new-beginnings,7,7,0,35
takia,142010,exploring-jesus,21,21,0,35
takuu-nakumanu,53392,meaning-and-purpose,18,18,0,35
takuu-nakumanu,53392,hope-and-perseverance,16,16,0,35
takuu-nakumanu,53392,love-and-belonging,12,12,0,35
takuu-nakumanu,53392,forgiveness-and-new-beginnings,7,7,0,35
takuu-nakumanu,53392,exploring-jesus,21,21,0,35
takwane,26862,meaning-and-purpose,18,18,0,35
takwane,26862,hope-and-perseverance,16,16,0,35
takwane,26862,love-and-belonging,12,12,0,35
takwane,26862,forgiveness-and-new-beginnings,7,7,0,35
takwane,26862,exploring-jesus,21,21,0,35
tal,100301,meaning-and-purpose,18,18,0,35
tal,100301,hope-and-perseverance,16,16,0,35
tal,100301,love-and-belonging,12,12,0,35
tal,100301,forgiveness-and-new-beginnings,7,7,0,35
tal,100301,exploring-jesus,21,21,0,35
talaandig-manobo,185337,meaning-and-purpose,18,18,0,35
talaandig-manobo,185337,hope-and-perseverance,16,16,0,35
talaandig-manobo,185337,love-and-belonging,12,12,0,35
talaandig-manobo,185337,forgiveness-and-new-beginnings,7,7,0,35
talaandig-manobo,185337,exploring-jesus,21,21,0,35
talaud,17547,meaning-and-purpose,18,18,0,35
talaud,17547,hope-and-perseverance,16,16,0,35
talaud,17547,love-and-belonging,12,12,0,35
talaud,17547,forgiveness-and-new-beginnings,7,7,0,35
talaud,17547,exploring-jesus,21,21,0,35
tali-2,181020,meaning-and-purpose,18,18,0,35
tali-2,181020,hope-and-perseverance,16,16,0,35
tali-2,181020,love-and-belonging,12,12,0,35
tali-2,181020,forgiveness-and-new-beginnings,7,7,0,35
tali-2,181020,exploring-jesus,21,21,0,35
talysh,1124,meaning-and-purpose,23,23,0,56
talysh,1124,hope-and-perseverance,26,26,0,56
talysh,1124,love-and-belonging,20,19,1,57
talysh,1124,forgiveness-and-new-beginnings,10,9,1,57
talysh,1124,exploring-jesus,37,37,0,56
tamajeq-tahoua,7807,meaning-and-purpose,18,18,0,35
tamajeq-tahoua,7807,hope-and-perseverance,16,16,0,35
tamajeq-tahoua,7807,love-and-belonging,12,12,0,35
tamajeq-tahoua,7807,forgiveness-and-new-beginnings,7,7,0,35
tamajeq-tahoua,7807,exploring-jesus,21,21,0,35
tamang-eastern,5872,meaning-and-purpose,18,18,0,35
tamang-eastern,5872,hope-and-perseverance,16,16,0,35
tamang-eastern,5872,love-and-belonging,12,12,0,35
tamang-eastern,5872,forgiveness-and-new-beginnings,7,7,0,35
tamang-eastern,5872,exploring-jesus,21,21,0,35
tamang-western,8989,meaning-and-purpose,18,18,0,35
tamang-western,8989,hope-and-perseverance,16,16,0,35
tamang-western,8989,love-and-belonging,12,12,0,35
tamang-western,8989,forgiveness-and-new-beginnings,7,7,0,35
tamang-western,8989,exploring-jesus,21,21,0,35
tamasheq-kidal,2000,meaning-and-purpose,19,19,0,47
tamasheq-kidal,2000,hope-and-perseverance,19,18,1,48
tamasheq-kidal,2000,love-and-belonging,20,19,1,48
tamasheq-kidal,2000,forgiveness-and-new-beginnings,13,13,0,47
tamasheq-kidal,2000,exploring-jesus,26,26,0,47
tamazight-central-atlas,512,meaning-and-purpose,24,24,0,69
tamazight-central-atlas,512,hope-and-perseverance,29,28,1,70
tamazight-central-atlas,512,love-and-belonging,28,26,2,71
tamazight-central-atlas,512,forgiveness-and-new-beginnings,16,15,1,70
tamazight-central-atlas,512,exploring-jesus,43,43,0,69
tambee,154906,meaning-and-purpose,18,18,0,35
tambee,154906,hope-and-perseverance,16,16,0,35
tambee,154906,love-and-belonging,12,12,0,35
tambee,154906,forgiveness-and-new-beginnings,7,7,0,35
tambee,154906,exploring-jesus,21,21,0,35
tamil,5871,meaning-and-purpose,47,47,0,127
tamil,5871,hope-and-perseverance,51,50,1,128
tamil,5871,love-and-belonging,52,50,2,129
tamil,5871,forgiveness-and-new-beginnings,31,30,1,128
tamil,5871,exploring-jesus,69,69,0,127
tampulma,5291,meaning-and-purpose,18,18,0,35
tampulma,5291,hope-and-perseverance,16,16,0,35
tampulma,5291,love-and-belonging,12,12,0,35
tampulma,5291,forgiveness-and-new-beginnings,7,7,0,35
tampulma,5291,exploring-jesus,21,21,0,35
tangale,10014,meaning-and-purpose,18,18,0,35
tangale,10014,hope-and-perseverance,16,16,0,35
tangale,10014,love-and-belonging,12,12,0,35
tangale,10014,forgiveness-and-new-beginnings,7,7,0,35
tangale,10014,exploring-jesus,21,21,0,35
tangoa,142360,meaning-and-purpose,18,18,0,35
tangoa,142360,hope-and-perseverance,16,16,0,35
tangoa,142360,love-and-belonging,12,12,0,35
tangoa,142360,forgiveness-and-new-beginnings,7,7,0,35
tangoa,142360,exploring-jesus,21,21,0,35
tangsa-kimsing,184546,meaning-and-purpose,18,18,0,35
tangsa-kimsing,184546,hope-and-perseverance,16,16,0,35
tangsa-kimsing,184546,love-and-belonging,12,12,0,35
tangsa-kimsing,184546,forgiveness-and-new-beginnings,7,7,0,35
tangsa-kimsing,184546,exploring-jesus,21,21,0,35
tangshang-shecyu-cyamcyang,6007,meaning-and-purpose,18,18,0,35
tangshang-shecyu-cyamcyang,6007,hope-and-perseverance,16,16,0,35
tangshang-shecyu-cyamcyang,6007,love-and-belonging,12,12,0,35
tangshang-shecyu-cyamcyang,6007,forgiveness-and-new-beginnings,7,7,0,35
tangshang-shecyu-cyamcyang,6007,exploring-jesus,21,21,0,35
tanjijili,142172,meaning-and-purpose,18,18,0,35
tanjijili,142172,hope-and-perseverance,16,16,0,35
tanjijili,142172,love-and-belonging,12,12,0,35
tanjijili,142172,forgiveness-and-new-beginnings,7,7,0,35
tanjijili,142172,exploring-jesus,21,21,0,35
tanna-north,14970,meaning-and-purpose,18,18,0,35
tanna-north,14970,hope-and-perseverance,16,16,0,35
tanna-north,14970,love-and-belonging,12,12,0,35
tanna-north,14970,forgiveness-and-new-beginnings,7,7,0,35
tanna-north,14970,exploring-jesus,21,21,0,35
tanna-southwest,15013,meaning-and-purpose,18,18,0,35
tanna-southwest,15013,hope-and-perseverance,16,16,0,35
tanna-southwest,15013,love-and-belonging,12,12,0,35
tanna-southwest,15013,forgiveness-and-new-beginnings,7,7,0,35
tanna-southwest,15013,exploring-jesus,21,21,0,35
tarahumara-baja,8109,meaning-and-purpose,18,18,0,35
tarahumara-baja,8109,hope-and-perseverance,16,16,0,35
tarahumara-baja,8109,love-and-belonging,12,12,0,35
tarahumara-baja,8109,forgiveness-and-new-beginnings,7,7,0,35
tarahumara-baja,8109,exploring-jesus,21,21,0,35
tarahumara-central,8108,meaning-and-purpose,18,18,0,35
tarahumara-central,8108,hope-and-perseverance,16,16,0,35
tarahumara-central,8108,love-and-belonging,12,12,0,35
tarahumara-central,8108,forgiveness-and-new-beginnings,7,7,0,35
tarahumara-central,8108,exploring-jesus,21,21,0,35
tarifit,101621,meaning-and-purpose,23,23,0,57
tarifit,101621,hope-and-perseverance,26,26,0,57
tarifit,101621,love-and-belonging,20,19,1,58
tarifit,101621,forgiveness-and-new-beginnings,10,9,1,58
tarifit,101621,exploring-jesus,38,38,0,57
tarifit-arabic-based-script,184497,meaning-and-purpose,0,0,0,1
tarifit-arabic-based-script,184497,hope-and-perseverance,0,0,0,1
tarifit-arabic-based-script,184497,love-and-belonging,1,1,0,1
tarifit-arabic-based-script,184497,forgiveness-and-new-beginnings,0,0,0,1
tarifit-arabic-based-script,184497,exploring-jesus,1,1,0,1
tarifit-latin-based-script,184498,meaning-and-purpose,0,0,0,1
tarifit-latin-based-script,184498,hope-and-perseverance,0,0,0,1
tarifit-latin-based-script,184498,love-and-belonging,1,1,0,1
tarifit-latin-based-script,184498,forgiveness-and-new-beginnings,0,0,0,1
tarifit-latin-based-script,184498,exploring-jesus,1,1,0,1
tarok,9930,meaning-and-purpose,18,18,0,35
tarok,9930,hope-and-perseverance,16,16,0,35
tarok,9930,love-and-belonging,12,12,0,35
tarok,9930,forgiveness-and-new-beginnings,7,7,0,35
tarok,9930,exploring-jesus,21,21,0,35
tasahlit,139137,meaning-and-purpose,23,23,0,56
tasahlit,139137,hope-and-perseverance,26,26,0,56
tasahlit,139137,love-and-belonging,20,19,1,57
tasahlit,139137,forgiveness-and-new-beginnings,10,9,1,57
tasahlit,139137,exploring-jesus,37,37,0,56
tat-azeri,143311,meaning-and-purpose,18,18,0,35
tat-azeri,143311,hope-and-perseverance,16,16,0,35
tat-azeri,143311,love-and-belonging,12,12,0,35
tat-azeri,143311,forgiveness-and-new-beginnings,7,7,0,35
tat-azeri,143311,exploring-jesus,21,21,0,35
tat-juhuri,1126,meaning-and-purpose,18,18,0,35
tat-juhuri,1126,hope-and-perseverance,16,16,0,35
tat-juhuri,1126,love-and-belonging,12,12,0,35
tat-juhuri,1126,forgiveness-and-new-beginnings,7,7,0,35
tat-juhuri,1126,exploring-jesus,21,21,0,35
tatar,411,meaning-and-purpose,23,23,0,57
tatar,411,hope-and-perseverance,26,26,0,57
tatar,411,love-and-belonging,20,19,1,58
tatar,411,forgiveness-and-new-beginnings,10,9,1,58
tatar,411,exploring-jesus,38,38,0,57
tausug,12535,meaning-and-purpose,23,23,0,56
tausug,12535,hope-and-perseverance,26,26,0,56
tausug,12535,love-and-belonging,20,19,1,57
tausug,12535,forgiveness-and-new-beginnings,10,9,1,57
tausug,12535,exploring-jesus,37,37,0,56
taveta,141934,meaning-and-purpose,18,18,0,35
taveta,141934,hope-and-perseverance,16,16,0,35
taveta,141934,love-and-belonging,12,12,0,35
taveta,141934,forgiveness-and-new-beginnings,7,7,0,35
taveta,141934,exploring-jesus,21,21,0,35
tawala,142078,meaning-and-purpose,18,18,0,35
tawala,142078,hope-and-perseverance,16,16,0,35
tawala,142078,love-and-belonging,12,12,0,35
tawala,142078,forgiveness-and-new-beginnings,7,7,0,35
tawala,142078,exploring-jesus,21,21,0,35
tawbuid-eastern,139803,meaning-and-purpose,18,18,0,35
tawbuid-eastern,139803,hope-and-perseverance,16,16,0,35
tawbuid-eastern,139803,love-and-belonging,12,12,0,35
tawbuid-eastern,139803,forgiveness-and-new-beginnings,7,7,0,35
tawbuid-eastern,139803,exploring-jesus,21,21,0,35
tboli,12557,meaning-and-purpose,18,18,0,35
tboli,12557,hope-and-perseverance,16,16,0,35
tboli,12557,love-and-belonging,12,12,0,35
tboli,12557,forgiveness-and-new-beginnings,7,7,0,35
tboli,12557,exploring-jesus,21,21,0,35
tchien-krahn,22194,meaning-and-purpose,18,18,0,35
tchien-krahn,22194,hope-and-perseverance,16,16,0,35
tchien-krahn,22194,love-and-belonging,12,12,0,35
tchien-krahn,22194,forgiveness-and-new-beginnings,7,7,0,35
tchien-krahn,22194,exploring-jesus,21,21,0,35
tchumbuli,139904,meaning-and-purpose,18,18,0,35
tchumbuli,139904,hope-and-perseverance,16,16,0,35
tchumbuli,139904,love-and-belonging,12,12,0,35
tchumbuli,139904,forgiveness-and-new-beginnings,7,7,0,35
tchumbuli,139904,exploring-jesus,21,21,0,35
tehit,141560,meaning-and-purpose,18,18,0,35
tehit,141560,hope-and-perseverance,16,16,0,35
tehit,141560,love-and-belonging,12,12,0,35
tehit,141560,forgiveness-and-new-beginnings,7,7,0,35
tehit,141560,exploring-jesus,21,21,0,35
tehl,184512,meaning-and-purpose,18,18,0,35
tehl,184512,hope-and-perseverance,16,16,0,35
tehl,184512,love-and-belonging,12,12,0,35
tehl,184512,forgiveness-and-new-beginnings,7,7,0,35
tehl,184512,exploring-jesus,21,21,0,35
teke-central,4309,meaning-and-purpose,18,18,0,35
teke-central,4309,hope-and-perseverance,16,16,0,35
teke-central,4309,love-and-belonging,12,12,0,35
teke-central,4309,forgiveness-and-new-beginnings,7,7,0,35
teke-central,4309,exploring-jesus,21,21,0,35
teke-eboo,140487,meaning-and-purpose,18,18,0,35
teke-eboo,140487,hope-and-perseverance,16,16,0,35
teke-eboo,140487,love-and-belonging,12,12,0,35
teke-eboo,140487,forgiveness-and-new-beginnings,7,7,0,35
teke-eboo,140487,exploring-jesus,21,21,0,35
teke-tege,26378,meaning-and-purpose,18,18,0,35
teke-tege,26378,hope-and-perseverance,16,16,0,35
teke-tege,26378,love-and-belonging,12,12,0,35
teke-tege,26378,forgiveness-and-new-beginnings,7,7,0,35
teke-tege,26378,exploring-jesus,21,21,0,35
telugu,5848,meaning-and-purpose,32,32,0,93
telugu,5848,hope-and-perseverance,34,33,1,94
telugu,5848,love-and-belonging,36,34,2,95
telugu,5848,forgiveness-and-new-beginnings,20,19,1,94
telugu,5848,exploring-jesus,61,61,0,93
tem,1335,meaning-and-purpose,23,23,0,60
tem,1335,hope-and-perseverance,27,27,0,60
tem,1335,love-and-belonging,22,21,1,61
tem,1335,forgiveness-and-new-beginnings,13,12,1,61
tem,1335,exploring-jesus,39,39,0,60
tembarissa,149770,meaning-and-purpose,18,18,0,35
tembarissa,149770,hope-and-perseverance,16,16,0,35
tembarissa,149770,love-and-belonging,12,12,0,35
tembarissa,149770,forgiveness-and-new-beginnings,7,7,0,35
tembarissa,149770,exploring-jesus,21,21,0,35
temi,143000,meaning-and-purpose,18,18,0,35
temi,143000,hope-and-perseverance,16,16,0,35
temi,143000,love-and-belonging,12,12,0,35
temi,143000,forgiveness-and-new-beginnings,7,7,0,35
temi,143000,exploring-jesus,21,21,0,35
tengger,16628,meaning-and-purpose,18,18,0,35
tengger,16628,hope-and-perseverance,16,16,0,35
tengger,16628,love-and-belonging,12,12,0,35
tengger,16628,forgiveness-and-new-beginnings,7,7,0,35
tengger,16628,exploring-jesus,21,21,0,35
tennet,100574,meaning-and-purpose,18,18,0,35
tennet,100574,hope-and-perseverance,16,16,0,35
tennet,100574,love-and-belonging,12,12,0,35
tennet,100574,forgiveness-and-new-beginnings,7,7,0,35
tennet,100574,exploring-jesus,21,21,0,35
teochew,23075,meaning-and-purpose,18,18,0,35
teochew,23075,hope-and-perseverance,16,16,0,35
teochew,23075,love-and-belonging,12,12,0,35
teochew,23075,forgiveness-and-new-beginnings,7,7,0,35
teochew,23075,exploring-jesus,21,21,0,35
tepehuan-northern,144370,meaning-and-purpose,18,18,0,35
tepehuan-northern,144370,hope-and-perseverance,16,16,0,35
tepehuan-northern,144370,love-and-belonging,12,12,0,35
tepehuan-northern,144370,forgiveness-and-new-beginnings,7,7,0,35
tepehuan-northern,144370,exploring-jesus,21,21,0,35
tera,10007,meaning-and-purpose,18,18,0,35
tera,10007,hope-and-perseverance,16,16,0,35
tera,10007,love-and-belonging,12,12,0,35
tera,10007,forgiveness-and-new-beginnings,7,7,0,35
tera,10007,exploring-jesus,21,21,0,35
ternate,17110,meaning-and-purpose,18,18,0,35
ternate,17110,hope-and-perseverance,16,16,0,35
ternate,17110,love-and-belonging,12,12,0,35
ternate,17110,forgiveness-and-new-beginnings,7,7,0,35
ternate,17110,exploring-jesus,21,21,0,35
teso-kenyan,20964,meaning-and-purpose,18,18,0,35
teso-kenyan,20964,hope-and-perseverance,16,16,0,35
teso-kenyan,20964,love-and-belonging,12,12,0,35
teso-kenyan,20964,forgiveness-and-new-beginnings,7,7,0,35
teso-kenyan,20964,exploring-jesus,21,21,0,35
tetun-belu,53297,meaning-and-purpose,19,19,0,47
tetun-belu,53297,hope-and-perseverance,19,18,1,48
tetun-belu,53297,love-and-belonging,20,19,1,48
tetun-belu,53297,forgiveness-and-new-beginnings,13,13,0,47
tetun-belu,53297,exploring-jesus,26,26,0,47
tetun-dili,17224,meaning-and-purpose,18,18,0,35
tetun-dili,17224,hope-and-perseverance,16,16,0,35
tetun-dili,17224,love-and-belonging,12,12,0,35
tetun-dili,17224,forgiveness-and-new-beginnings,7,7,0,35
tetun-dili,17224,exploring-jesus,21,21,0,35
thai,13169,meaning-and-purpose,51,51,0,142
thai,13169,hope-and-perseverance,55,54,1,143
thai,13169,love-and-belonging,55,53,2,144
thai,13169,forgiveness-and-new-beginnings,36,35,1,143
thai,13169,exploring-jesus,80,80,0,142
thai-northern,21118,meaning-and-purpose,24,24,0,62
thai-northern,21118,hope-and-perseverance,28,28,0,62
thai-northern,21118,love-and-belonging,21,20,1,63
thai-northern,21118,forgiveness-and-new-beginnings,13,12,1,63
thai-northern,21118,exploring-jesus,42,42,0,62
thai-southern,20969,meaning-and-purpose,18,18,0,36
thai-southern,20969,hope-and-perseverance,16,16,0,36
thai-southern,20969,love-and-belonging,12,12,0,36
thai-southern,20969,forgiveness-and-new-beginnings,8,8,0,36
thai-southern,20969,exploring-jesus,22,22,0,36
thami,8982,meaning-and-purpose,18,18,0,35
thami,8982,hope-and-perseverance,16,16,0,35
thami,8982,love-and-belonging,12,12,0,35
thami,8982,forgiveness-and-new-beginnings,7,7,0,35
thami,8982,exploring-jesus,21,21,0,35
tharaka,20269,meaning-and-purpose,18,18,0,35
tharaka,20269,hope-and-perseverance,16,16,0,35
tharaka,20269,love-and-belonging,12,12,0,35
tharaka,20269,forgiveness-and-new-beginnings,7,7,0,35
tharaka,20269,exploring-jesus,21,21,0,35
tharu-dangaura,23714,meaning-and-purpose,18,18,0,35
tharu-dangaura,23714,hope-and-perseverance,16,16,0,35
tharu-dangaura,23714,love-and-belonging,12,12,0,35
tharu-dangaura,23714,forgiveness-and-new-beginnings,7,7,0,35
tharu-dangaura,23714,exploring-jesus,21,21,0,35
tharu-kathariya,142653,meaning-and-purpose,18,18,0,35
tharu-kathariya,142653,hope-and-perseverance,16,16,0,35
tharu-kathariya,142653,love-and-belonging,12,12,0,35
tharu-kathariya,142653,forgiveness-and-new-beginnings,7,7,0,35
tharu-kathariya,142653,exploring-jesus,21,21,0,35
themne,13098,meaning-and-purpose,18,18,0,40
themne,13098,hope-and-perseverance,17,17,0,40
themne,13098,love-and-belonging,14,14,0,40
themne,13098,forgiveness-and-new-beginnings,10,10,0,40
themne,13098,exploring-jesus,24,24,0,40
thradhri-kohli,184810,meaning-and-purpose,23,23,0,56
thradhri-kohli,184810,hope-and-perseverance,26,26,0,56
thradhri-kohli,184810,love-and-belonging,20,19,1,57
thradhri-kohli,184810,forgiveness-and-new-beginnings,10,9,1,57
thradhri-kohli,184810,exploring-jesus,37,37,0,56
thur,139156,meaning-and-purpose,18,18,0,35
thur,139156,hope-and-perseverance,16,16,0,35
thur,139156,love-and-belonging,12,12,0,35
thur,139156,forgiveness-and-new-beginnings,7,7,0,35
thur,139156,exploring-jesus,21,21,0,35
ticuna,1699,meaning-and-purpose,18,18,0,35
ticuna,1699,hope-and-perseverance,16,16,0,35
ticuna,1699,love-and-belonging,12,12,0,35
ticuna,1699,forgiveness-and-new-beginnings,7,7,0,35
ticuna,1699,exploring-jesus,21,21,0,35
tidung-southern,184691,meaning-and-purpose,18,18,0,35
tidung-southern,184691,hope-and-perseverance,16,16,0,35
tidung-southern,184691,love-and-belonging,12,12,0,35
tidung-southern,184691,forgiveness-and-new-beginnings,7,7,0,35
tidung-southern,184691,exploring-jesus,21,21,0,35
tigak,142353,meaning-and-purpose,18,18,0,35
tigak,142353,hope-and-perseverance,16,16,0,35
tigak,142353,love-and-belonging,12,12,0,35
tigak,142353,forgiveness-and-new-beginnings,7,7,0,35
tigak,142353,exploring-jesus,21,21,0,35
tigre,4575,meaning-and-purpose,18,18,0,35
tigre,4575,hope-and-perseverance,16,16,0,35
tigre,4575,love-and-belonging,12,12,0,35
tigre,4575,forgiveness-and-new-beginnings,7,7,0,35
tigre,4575,exploring-jesus,21,21,0,35
tigrinya-eritrea,23526,meaning-and-purpose,18,18,0,40
tigrinya-eritrea,23526,hope-and-perseverance,17,17,0,40
tigrinya-eritrea,23526,love-and-belonging,14,14,0,40
tigrinya-eritrea,23526,forgiveness-and-new-beginnings,10,10,0,40
tigrinya-eritrea,23526,exploring-jesus,24,24,0,40
tigrinya-ethiopia,4576,meaning-and-purpose,23,23,0,57
tigrinya-ethiopia,4576,hope-and-perseverance,26,26,0,57
tigrinya-ethiopia,4576,love-and-belonging,20,19,1,58
tigrinya-ethiopia,4576,forgiveness-and-new-beginnings,10,9,1,58
tigrinya-ethiopia,4576,exploring-jesus,38,38,0,57
tigwahanon-manobo,185335,meaning-and-purpose,18,18,0,34
tigwahanon-manobo,185335,hope-and-perseverance,16,16,0,34
tigwahanon-manobo,185335,love-and-belonging,12,12,0,34
tigwahanon-manobo,185335,forgiveness-and-new-beginnings,7,7,0,34
tigwahanon-manobo,185335,exploring-jesus,20,20,0,34
tinonanon-manobo,185338,meaning-and-purpose,18,18,0,35
tinonanon-manobo,185338,hope-and-perseverance,16,16,0,35
tinonanon-manobo,185338,love-and-belonging,12,12,0,35
tinonanon-manobo,185338,forgiveness-and-new-beginnings,7,7,0,35
tinonanon-manobo,185338,exploring-jesus,21,21,0,35
tira,13812,meaning-and-purpose,17,17,0,34
tira,13812,hope-and-perseverance,16,16,0,34
tira,13812,love-and-belonging,12,12,0,34
tira,13812,forgiveness-and-new-beginnings,7,7,0,34
tira,13812,exploring-jesus,20,20,0,34
tiriki,105534,meaning-and-purpose,18,18,0,35
tiriki,105534,hope-and-perseverance,16,16,0,35
tiriki,105534,love-and-belonging,12,12,0,35
tiriki,105534,forgiveness-and-new-beginnings,7,7,0,35
tiriki,105534,exploring-jesus,21,21,0,35
tiruray,12537,meaning-and-purpose,18,18,0,35
tiruray,12537,hope-and-perseverance,16,16,0,35
tiruray,12537,love-and-belonging,12,12,0,35
tiruray,12537,forgiveness-and-new-beginnings,7,7,0,35
tiruray,12537,exploring-jesus,21,21,0,35
tiv,2285,meaning-and-purpose,18,18,0,39
tiv,2285,hope-and-perseverance,17,17,0,39
tiv,2285,love-and-belonging,14,14,0,39
tiv,2285,forgiveness-and-new-beginnings,10,10,0,39
tiv,2285,exploring-jesus,23,23,0,39
tiwa-northern,19002,meaning-and-purpose,18,18,0,35
tiwa-northern,19002,hope-and-perseverance,16,16,0,35
tiwa-northern,19002,love-and-belonging,12,12,0,35
tiwa-northern,19002,forgiveness-and-new-beginnings,7,7,0,35
tiwa-northern,19002,exploring-jesus,21,21,0,35
tiyaa,179655,meaning-and-purpose,18,18,0,35
tiyaa,179655,hope-and-perseverance,16,16,0,35
tiyaa,179655,love-and-belonging,12,12,0,35
tiyaa,179655,forgiveness-and-new-beginnings,7,7,0,35
tiyaa,179655,exploring-jesus,21,21,0,35
tlapaneco-de-tlacoapa,169301,meaning-and-purpose,18,18,0,35
tlapaneco-de-tlacoapa,169301,hope-and-perseverance,16,16,0,35
tlapaneco-de-tlacoapa,169301,love-and-belonging,12,12,0,35
tlapaneco-de-tlacoapa,169301,forgiveness-and-new-beginnings,7,7,0,35
tlapaneco-de-tlacoapa,169301,exploring-jesus,21,21,0,35
tlicho,139104,meaning-and-purpose,18,18,0,35
tlicho,139104,hope-and-perseverance,16,16,0,35
tlicho,139104,love-and-belonging,12,12,0,35
tlicho,139104,forgiveness-and-new-beginnings,7,7,0,35
tlicho,139104,exploring-jesus,21,21,0,35
toabaita,143501,meaning-and-purpose,18,18,0,35
toabaita,143501,hope-and-perseverance,16,16,0,35
toabaita,143501,love-and-belonging,12,12,0,35
toabaita,143501,forgiveness-and-new-beginnings,7,7,0,35
toabaita,143501,exploring-jesus,21,21,0,35
toba-maskoy,142777,meaning-and-purpose,18,18,0,35
toba-maskoy,142777,hope-and-perseverance,16,16,0,35
toba-maskoy,142777,love-and-belonging,12,12,0,35
toba-maskoy,142777,forgiveness-and-new-beginnings,7,7,0,35
toba-maskoy,142777,exploring-jesus,21,21,0,35
tobelo,100859,meaning-and-purpose,18,18,0,35
tobelo,100859,hope-and-perseverance,16,16,0,35
tobelo,100859,love-and-belonging,12,12,0,35
tobelo,100859,forgiveness-and-new-beginnings,7,7,0,35
tobelo,100859,exploring-jesus,21,21,0,35
tojolabal,8093,meaning-and-purpose,18,18,0,35
tojolabal,8093,hope-and-perseverance,16,16,0,35
tojolabal,8093,love-and-belonging,12,12,0,35
tojolabal,8093,forgiveness-and-new-beginnings,7,7,0,35
tojolabal,8093,exploring-jesus,21,21,0,35
tok-pisin,23528,meaning-and-purpose,19,19,0,48
tok-pisin,23528,hope-and-perseverance,19,18,1,49
tok-pisin,23528,love-and-belonging,20,19,1,49
tok-pisin,23528,forgiveness-and-new-beginnings,13,13,0,48
tok-pisin,23528,exploring-jesus,27,27,0,48
tolaki,17501,meaning-and-purpose,18,18,0,35
tolaki,17501,hope-and-perseverance,16,16,0,35
tolaki,17501,love-and-belonging,12,12,0,35
tolaki,17501,forgiveness-and-new-beginnings,7,7,0,35
tolaki,17501,exploring-jesus,21,21,0,35
toli-gbe-2,161504,meaning-and-purpose,18,18,0,35
toli-gbe-2,161504,hope-and-perseverance,16,16,0,35
toli-gbe-2,161504,love-and-belonging,12,12,0,35
toli-gbe-2,161504,forgiveness-and-new-beginnings,7,7,0,35
toli-gbe-2,161504,exploring-jesus,21,21,0,35
toma,20285,meaning-and-purpose,18,18,0,36
toma,20285,hope-and-perseverance,16,16,0,36
toma,20285,love-and-belonging,12,12,0,36
toma,20285,forgiveness-and-new-beginnings,7,7,0,36
toma,20285,exploring-jesus,22,22,0,36
tombulu,17431,meaning-and-purpose,18,18,0,35
tombulu,17431,hope-and-perseverance,16,16,0,35
tombulu,17431,love-and-belonging,12,12,0,35
tombulu,17431,forgiveness-and-new-beginnings,7,7,0,35
tombulu,17431,exploring-jesus,21,21,0,35
tomini,17424,meaning-and-purpose,18,18,0,35
tomini,17424,hope-and-perseverance,16,16,0,35
tomini,17424,love-and-belonging,12,12,0,35
tomini,17424,forgiveness-and-new-beginnings,7,7,0,35
tomini,17424,exploring-jesus,21,21,0,35
tondano,20259,meaning-and-purpose,18,18,0,35
tondano,20259,hope-and-perseverance,16,16,0,35
tondano,20259,love-and-belonging,12,12,0,35
tondano,20259,forgiveness-and-new-beginnings,7,7,0,35
tondano,20259,exploring-jesus,21,21,0,35
tonga,142905,meaning-and-purpose,19,19,0,50
tonga,142905,hope-and-perseverance,20,19,1,51
tonga,142905,love-and-belonging,21,20,1,51
tonga,142905,forgiveness-and-new-beginnings,16,16,0,50
tonga,142905,exploring-jesus,28,28,0,50
tonga-malawi,21094,meaning-and-purpose,18,18,0,35
tonga-malawi,21094,hope-and-perseverance,16,16,0,35
tonga-malawi,21094,love-and-belonging,12,12,0,35
tonga-malawi,21094,forgiveness-and-new-beginnings,7,7,0,35
tonga-malawi,21094,exploring-jesus,21,21,0,35
tonga-zambezi,20984,meaning-and-purpose,0,0,0,1
tonga-zambezi,20984,hope-and-perseverance,0,0,0,1
tonga-zambezi,20984,love-and-belonging,1,1,0,1
tonga-zambezi,20984,forgiveness-and-new-beginnings,0,0,0,1
tonga-zambezi,20984,exploring-jesus,0,0,0,1
tongan,14509,meaning-and-purpose,19,19,0,48
tongan,14509,hope-and-perseverance,19,18,1,49
tongan,14509,love-and-belonging,20,19,1,49
tongan,14509,forgiveness-and-new-beginnings,13,13,0,48
tongan,14509,exploring-jesus,27,27,0,48
tonsawang,17432,meaning-and-purpose,18,18,0,35
tonsawang,17432,hope-and-perseverance,16,16,0,35
tonsawang,17432,love-and-belonging,12,12,0,35
tonsawang,17432,forgiveness-and-new-beginnings,7,7,0,35
tonsawang,17432,exploring-jesus,21,21,0,35
tonsea,17423,meaning-and-purpose,18,18,0,35
tonsea,17423,hope-and-perseverance,16,16,0,35
tonsea,17423,love-and-belonging,12,12,0,35
tonsea,17423,forgiveness-and-new-beginnings,7,7,0,35
tonsea,17423,exploring-jesus,21,21,0,35
tontemboan,17436,meaning-and-purpose,18,18,0,35
tontemboan,17436,hope-and-perseverance,16,16,0,35
tontemboan,17436,love-and-belonging,12,12,0,35
tontemboan,17436,forgiveness-and-new-beginnings,7,7,0,35
tontemboan,17436,exploring-jesus,21,21,0,35
tontemboan-makelai,185195,meaning-and-purpose,18,18,0,35
tontemboan-makelai,185195,hope-and-perseverance,16,16,0,35
tontemboan-makelai,185195,love-and-belonging,12,12,0,35
tontemboan-makelai,185195,forgiveness-and-new-beginnings,7,7,0,35
tontemboan-makelai,185195,exploring-jesus,21,21,0,35
toposa,13805,meaning-and-purpose,23,23,0,56
toposa,13805,hope-and-perseverance,26,26,0,56
toposa,13805,love-and-belonging,20,19,1,57
toposa,13805,forgiveness-and-new-beginnings,10,9,1,57
toposa,13805,exploring-jesus,37,37,0,56
toraja,21247,meaning-and-purpose,18,18,0,35
toraja,21247,hope-and-perseverance,16,16,0,35
toraja,21247,love-and-belonging,12,12,0,35
toraja,21247,forgiveness-and-new-beginnings,7,7,0,35
toraja,21247,exploring-jesus,21,21,0,35
torwali,10474,meaning-and-purpose,18,18,0,35
torwali,10474,hope-and-perseverance,16,16,0,35
torwali,10474,love-and-belonging,12,12,0,35
torwali,10474,forgiveness-and-new-beginnings,7,7,0,35
torwali,10474,exploring-jesus,21,21,0,35
totonac-coyutla,142900,meaning-and-purpose,18,18,0,35
totonac-coyutla,142900,hope-and-perseverance,16,16,0,35
totonac-coyutla,142900,love-and-belonging,12,12,0,35
totonac-coyutla,142900,forgiveness-and-new-beginnings,7,7,0,35
totonac-coyutla,142900,exploring-jesus,21,21,0,35
totonac-papantla,142907,meaning-and-purpose,18,18,0,35
totonac-papantla,142907,hope-and-perseverance,16,16,0,35
totonac-papantla,142907,love-and-belonging,12,12,0,35
totonac-papantla,142907,forgiveness-and-new-beginnings,7,7,0,35
totonac-papantla,142907,exploring-jesus,21,21,0,35
totonaca-sierra,8089,meaning-and-purpose,18,18,0,35
totonaca-sierra,8089,hope-and-perseverance,16,16,0,35
totonaca-sierra,8089,love-and-belonging,12,12,0,35
totonaca-sierra,8089,forgiveness-and-new-beginnings,7,7,0,35
totonaca-sierra,8089,exploring-jesus,21,21,0,35
toura,102103,meaning-and-purpose,18,18,0,35
toura,102103,hope-and-perseverance,16,16,0,35
toura,102103,love-and-belonging,12,12,0,35
toura,102103,forgiveness-and-new-beginnings,7,7,0,35
toura,102103,exploring-jesus,21,21,0,35
traditional-japanese,185332,meaning-and-purpose,18,18,0,35
traditional-japanese,185332,hope-and-perseverance,16,16,0,35
traditional-japanese,185332,love-and-belonging,12,12,0,35
traditional-japanese,185332,forgiveness-and-new-beginnings,7,7,0,35
traditional-japanese,185332,exploring-jesus,21,21,0,35
trinitario,143039,meaning-and-purpose,18,18,0,35
trinitario,143039,hope-and-perseverance,16,16,0,35
trinitario,143039,love-and-belonging,12,12,0,35
trinitario,143039,forgiveness-and-new-beginnings,7,7,0,35
trinitario,143039,exploring-jesus,21,21,0,35
trique-san-juan-copala,8079,meaning-and-purpose,18,18,0,35
trique-san-juan-copala,8079,hope-and-perseverance,16,16,0,35
trique-san-juan-copala,8079,love-and-belonging,12,12,0,35
trique-san-juan-copala,8079,forgiveness-and-new-beginnings,7,7,0,35
trique-san-juan-copala,8079,exploring-jesus,21,21,0,35
trukese,20637,meaning-and-purpose,18,18,0,35
trukese,20637,hope-and-perseverance,16,16,0,35
trukese,20637,love-and-belonging,12,12,0,35
trukese,20637,forgiveness-and-new-beginnings,7,7,0,35
trukese,20637,exploring-jesus,21,21,0,35
tsamakko,176424,meaning-and-purpose,18,18,0,35
tsamakko,176424,hope-and-perseverance,16,16,0,35
tsamakko,176424,love-and-belonging,12,12,0,35
tsamakko,176424,forgiveness-and-new-beginnings,7,7,0,35
tsamakko,176424,exploring-jesus,21,21,0,35
tshiluba,20790,meaning-and-purpose,23,23,0,60
tshiluba,20790,hope-and-perseverance,27,27,0,60
tshiluba,20790,love-and-belonging,22,21,1,61
tshiluba,20790,forgiveness-and-new-beginnings,13,12,1,61
tshiluba,20790,exploring-jesus,39,39,0,60
tsikimba,9616,meaning-and-purpose,18,18,0,35
tsikimba,9616,hope-and-perseverance,16,16,0,35
tsikimba,9616,love-and-belonging,12,12,0,35
tsikimba,9616,forgiveness-and-new-beginnings,7,7,0,35
tsikimba,9616,exploring-jesus,21,21,0,35
tsimane,140021,meaning-and-purpose,18,18,0,35
tsimane,140021,hope-and-perseverance,16,16,0,35
tsimane,140021,love-and-belonging,12,12,0,35
tsimane,140021,forgiveness-and-new-beginnings,7,7,0,35
tsimane,140021,exploring-jesus,21,21,0,35
tsimanex,184827,meaning-and-purpose,18,18,0,35
tsimanex,184827,hope-and-perseverance,16,16,0,35
tsimanex,184827,love-and-belonging,12,12,0,35
tsimanex,184827,forgiveness-and-new-beginnings,7,7,0,35
tsimanex,184827,exploring-jesus,21,21,0,35
tsimihety,20805,meaning-and-purpose,18,18,0,35
tsimihety,20805,hope-and-perseverance,16,16,0,35
tsimihety,20805,love-and-belonging,12,12,0,35
tsimihety,20805,forgiveness-and-new-beginnings,7,7,0,35
tsimihety,20805,exploring-jesus,21,21,0,35
tsishingini,20989,meaning-and-purpose,18,18,0,35
tsishingini,20989,hope-and-perseverance,16,16,0,35
tsishingini,20989,love-and-belonging,12,12,0,35
tsishingini,20989,forgiveness-and-new-beginnings,7,7,0,35
tsishingini,20989,exploring-jesus,21,21,0,35
tsogo,5019,meaning-and-purpose,23,23,0,56
tsogo,5019,hope-and-perseverance,26,26,0,56
tsogo,5019,love-and-belonging,20,19,1,57
tsogo,5019,forgiveness-and-new-beginnings,10,9,1,57
tsogo,5019,exploring-jesus,37,37,0,56
tsonga,8494,meaning-and-purpose,19,19,0,47
tsonga,8494,hope-and-perseverance,19,18,1,48
tsonga,8494,love-and-belonging,20,19,1,48
tsonga,8494,forgiveness-and-new-beginnings,13,13,0,47
tsonga,8494,exploring-jesus,26,26,0,47
tsuvadi,24161,meaning-and-purpose,18,18,0,35
tsuvadi,24161,hope-and-perseverance,16,16,0,35
tsuvadi,24161,love-and-belonging,12,12,0,35
tsuvadi,24161,forgiveness-and-new-beginnings,7,7,0,35
tsuvadi,24161,exploring-jesus,21,21,0,35
tswa,20293,meaning-and-purpose,18,18,0,35
tswa,20293,hope-and-perseverance,16,16,0,35
tswa,20293,love-and-belonging,12,12,0,35
tswa,20293,forgiveness-and-new-beginnings,7,7,0,35
tswa,20293,exploring-jesus,21,21,0,35
tswana,1479,meaning-and-purpose,19,19,0,52
tswana,1479,hope-and-perseverance,20,19,1,53
tswana,1479,love-and-belonging,22,21,1,53
tswana,1479,forgiveness-and-new-beginnings,16,16,0,52
tswana,1479,exploring-jesus,29,29,0,52
tu-huzhu,139089,meaning-and-purpose,18,18,0,35
tu-huzhu,139089,hope-and-perseverance,16,16,0,35
tu-huzhu,139089,love-and-belonging,12,12,0,35
tu-huzhu,139089,forgiveness-and-new-beginnings,7,7,0,35
tu-huzhu,139089,exploring-jesus,21,21,0,35
tugen,141927,meaning-and-purpose,18,18,0,35
tugen,141927,hope-and-perseverance,16,16,0,35
tugen,141927,love-and-belonging,12,12,0,35
tugen,141927,forgiveness-and-new-beginnings,7,7,0,35
tugen,141927,exploring-jesus,21,21,0,35
tula,9999,meaning-and-purpose,18,18,0,35
tula,9999,hope-and-perseverance,16,16,0,35
tula,9999,love-and-belonging,12,12,0,35
tula,9999,forgiveness-and-new-beginnings,7,7,0,35
tula,9999,exploring-jesus,21,21,0,35
tulu,5829,meaning-and-purpose,18,18,0,35
tulu,5829,hope-and-perseverance,16,16,0,35
tulu,5829,love-and-belonging,12,12,0,35
tulu,5829,forgiveness-and-new-beginnings,7,7,0,35
tulu,5829,exploring-jesus,21,21,0,35
tumbuka,7786,meaning-and-purpose,18,18,0,35
tumbuka,7786,hope-and-perseverance,16,16,0,35
tumbuka,7786,love-and-belonging,12,12,0,35
tumbuka,7786,forgiveness-and-new-beginnings,7,7,0,35
tumbuka,7786,exploring-jesus,21,21,0,35
tunia,143322,meaning-and-purpose,18,18,0,35
tunia,143322,hope-and-perseverance,16,16,0,35
tunia,143322,love-and-belonging,12,12,0,35
tunia,143322,forgiveness-and-new-beginnings,7,7,0,35
tunia,143322,exploring-jesus,21,21,0,35
tunjung,20270,meaning-and-purpose,18,18,0,35
tunjung,20270,hope-and-perseverance,16,16,0,35
tunjung,20270,love-and-belonging,12,12,0,35
tunjung,20270,forgiveness-and-new-beginnings,7,7,0,35
tunjung,20270,exploring-jesus,21,21,0,35
tupuri,2281,meaning-and-purpose,18,18,0,35
tupuri,2281,hope-and-perseverance,16,16,0,35
tupuri,2281,love-and-belonging,12,12,0,35
tupuri,2281,forgiveness-and-new-beginnings,7,7,0,35
tupuri,2281,exploring-jesus,21,21,0,35
turka,141928,meaning-and-purpose,18,18,0,35
turka,141928,hope-and-perseverance,16,16,0,35
turka,141928,love-and-belonging,12,12,0,35
turka,141928,forgiveness-and-new-beginnings,7,7,0,35
turka,141928,exploring-jesus,21,21,0,35
turkana,7285,meaning-and-purpose,18,18,0,39
turkana,7285,hope-and-perseverance,17,17,0,39
turkana,7285,love-and-belonging,14,14,0,39
turkana,7285,forgiveness-and-new-beginnings,10,10,0,39
turkana,7285,exploring-jesus,23,23,0,39
turkish,1942,meaning-and-purpose,54,54,0,148
turkish,1942,hope-and-perseverance,56,55,1,149
turkish,1942,love-and-belonging,57,55,2,150
turkish,1942,forgiveness-and-new-beginnings,36,35,1,149
turkish,1942,exploring-jesus,85,85,0,148
turkmen,420,meaning-and-purpose,25,25,0,78
turkmen,420,hope-and-perseverance,32,31,1,79
turkmen,420,love-and-belonging,29,27,2,80
turkmen,420,forgiveness-and-new-beginnings,19,18,1,79
turkmen,420,exploring-jesus,52,52,0,78
tuvin,3892,meaning-and-purpose,23,23,0,57
tuvin,3892,hope-and-perseverance,26,26,0,57
tuvin,3892,love-and-belonging,20,19,1,58
tuvin,3892,forgiveness-and-new-beginnings,10,9,1,58
tuvin,3892,exploring-jesus,38,38,0,57
tuyuca,143321,meaning-and-purpose,18,18,0,35
tuyuca,143321,hope-and-perseverance,16,16,0,35
tuyuca,143321,love-and-belonging,12,12,0,35
tuyuca,143321,forgiveness-and-new-beginnings,7,7,0,35
tuyuca,143321,exploring-jesus,21,21,0,35
tyap,98853,meaning-and-purpose,18,18,0,35
tyap,98853,hope-and-perseverance,16,16,0,35
tyap,98853,love-and-belonging,12,12,0,35
tyap,98853,forgiveness-and-new-beginnings,7,7,0,35
tyap,98853,exploring-jesus,21,21,0,35
tzeltal-bachajon,8072,meaning-and-purpose,18,18,0,35
tzeltal-bachajon,8072,hope-and-perseverance,16,16,0,35
tzeltal-bachajon,8072,love-and-belonging,12,12,0,35
tzeltal-bachajon,8072,forgiveness-and-new-beginnings,7,7,0,35
tzeltal-bachajon,8072,exploring-jesus,21,21,0,35
tzeltal-oxchuc,23936,meaning-and-purpose,18,18,0,35
tzeltal-oxchuc,23936,hope-and-perseverance,16,16,0,35
tzeltal-oxchuc,23936,love-and-belonging,12,12,0,35
tzeltal-oxchuc,23936,forgiveness-and-new-beginnings,7,7,0,35
tzeltal-oxchuc,23936,exploring-jesus,21,21,0,35
tzeltal-tenango,23135,meaning-and-purpose,18,18,0,35
tzeltal-tenango,23135,hope-and-perseverance,16,16,0,35
tzeltal-tenango,23135,love-and-belonging,12,12,0,35
tzeltal-tenango,23135,forgiveness-and-new-beginnings,7,7,0,35
tzeltal-tenango,23135,exploring-jesus,21,21,0,35
tzeltal-tenejapa,184662,meaning-and-purpose,23,23,0,57
tzeltal-tenejapa,184662,hope-and-perseverance,26,26,0,57
tzeltal-tenejapa,184662,love-and-belonging,20,19,1,58
tzeltal-tenejapa,184662,forgiveness-and-new-beginnings,10,9,1,58
tzeltal-tenejapa,184662,exploring-jesus,38,38,0,57
tzotzil-chamula,8069,meaning-and-purpose,18,18,0,35
tzotzil-chamula,8069,hope-and-perseverance,16,16,0,35
tzotzil-chamula,8069,love-and-belonging,12,12,0,35
tzotzil-chamula,8069,forgiveness-and-new-beginnings,7,7,0,35
tzotzil-chamula,8069,exploring-jesus,21,21,0,35
tzutujil-eastern,5433,meaning-and-purpose,18,18,0,35
tzutujil-eastern,5433,hope-and-perseverance,16,16,0,35
tzutujil-eastern,5433,love-and-belonging,12,12,0,35
tzutujil-eastern,5433,forgiveness-and-new-beginnings,7,7,0,35
tzutujil-eastern,5433,exploring-jesus,21,21,0,35
tzutujil-western,150571,meaning-and-purpose,18,18,0,35
tzutujil-western,150571,hope-and-perseverance,16,16,0,35
tzutujil-western,150571,love-and-belonging,12,12,0,35
tzutujil-western,150571,forgiveness-and-new-beginnings,7,7,0,35
tzutujil-western,150571,exploring-jesus,21,21,0,35
uare,141610,meaning-and-purpose,18,18,0,35
uare,141610,hope-and-perseverance,16,16,0,35
uare,141610,love-and-belonging,12,12,0,35
uare,141610,forgiveness-and-new-beginnings,7,7,0,35
uare,141610,exploring-jesus,21,21,0,35
udmurt,18606,meaning-and-purpose,23,23,0,57
udmurt,18606,hope-and-perseverance,26,26,0,57
udmurt,18606,love-and-belonging,20,19,1,58
udmurt,18606,forgiveness-and-new-beginnings,10,9,1,58
udmurt,18606,exploring-jesus,38,38,0,57
uduk,142121,meaning-and-purpose,18,18,0,35
uduk,142121,hope-and-perseverance,16,16,0,35
uduk,142121,love-and-belonging,12,12,0,35
uduk,142121,forgiveness-and-new-beginnings,7,7,0,35
uduk,142121,exploring-jesus,21,21,0,35
ukaan,141292,meaning-and-purpose,18,18,0,35
ukaan,141292,hope-and-perseverance,16,16,0,35
ukaan,141292,love-and-belonging,12,12,0,35
ukaan,141292,forgiveness-and-new-beginnings,7,7,0,35
ukaan,141292,exploring-jesus,21,21,0,35
ukrainian,12876,meaning-and-purpose,42,42,0,113
ukrainian,12876,hope-and-perseverance,49,48,1,114
ukrainian,12876,love-and-belonging,49,47,2,115
ukrainian,12876,forgiveness-and-new-beginnings,27,26,1,114
ukrainian,12876,exploring-jesus,55,55,0,113
ukrainian-sign-language,14783,meaning-and-purpose,0,0,0,1
ukrainian-sign-language,14783,hope-and-perseverance,0,0,0,1
ukrainian-sign-language,14783,love-and-belonging,0,0,0,1
ukrainian-sign-language,14783,forgiveness-and-new-beginnings,0,0,0,1
ukrainian-sign-language,14783,exploring-jesus,1,1,0,1
ukue,142179,meaning-and-purpose,18,18,0,35
ukue,142179,hope-and-perseverance,16,16,0,35
ukue,142179,love-and-belonging,12,12,0,35
ukue,142179,forgiveness-and-new-beginnings,7,7,0,35
ukue,142179,exploring-jesus,21,21,0,35
umajamnon-manobo,185339,meaning-and-purpose,18,18,0,34
umajamnon-manobo,185339,hope-and-perseverance,16,16,0,34
umajamnon-manobo,185339,love-and-belonging,12,12,0,34
umajamnon-manobo,185339,forgiveness-and-new-beginnings,7,7,0,34
umajamnon-manobo,185339,exploring-jesus,20,20,0,34
umbundu,564,meaning-and-purpose,19,19,0,47
umbundu,564,hope-and-perseverance,19,18,1,48
umbundu,564,love-and-belonging,20,19,1,48
umbundu,564,forgiveness-and-new-beginnings,13,13,0,47
umbundu,564,exploring-jesus,26,26,0,47
uneme-north,142202,meaning-and-purpose,18,18,0,35
uneme-north,142202,hope-and-perseverance,16,16,0,35
uneme-north,142202,love-and-belonging,12,12,0,35
uneme-north,142202,forgiveness-and-new-beginnings,7,7,0,35
uneme-north,142202,exploring-jesus,21,21,0,35
uneme-south,185254,meaning-and-purpose,18,18,0,35
uneme-south,185254,hope-and-perseverance,16,16,0,35
uneme-south,185254,love-and-belonging,12,12,0,35
uneme-south,185254,forgiveness-and-new-beginnings,7,7,0,35
uneme-south,185254,exploring-jesus,21,21,0,35
urat,11105,meaning-and-purpose,18,18,0,35
urat,11105,hope-and-perseverance,16,16,0,35
urat,11105,love-and-belonging,12,12,0,35
urat,11105,forgiveness-and-new-beginnings,7,7,0,35
urat,11105,exploring-jesus,21,21,0,35
urdu,407,meaning-and-purpose,47,47,0,126
urdu,407,hope-and-perseverance,50,49,1,127
urdu,407,love-and-belonging,52,50,2,128
urdu,407,forgiveness-and-new-beginnings,31,30,1,127
urdu,407,exploring-jesus,70,70,0,126
urdu-indian,22563,meaning-and-purpose,0,0,0,1
urdu-indian,22563,hope-and-perseverance,0,0,0,1
urdu-indian,22563,love-and-belonging,0,0,0,1
urdu-indian,22563,forgiveness-and-new-beginnings,0,0,0,1
urdu-indian,22563,exploring-jesus,1,1,0,1
urhobo,9976,meaning-and-purpose,18,18,0,35
urhobo,9976,hope-and-perseverance,16,16,0,35
urhobo,9976,love-and-belonging,12,12,0,35
urhobo,9976,forgiveness-and-new-beginnings,7,7,0,35
urhobo,9976,exploring-jesus,21,21,0,35
urim,11108,meaning-and-purpose,18,18,0,35
urim,11108,hope-and-perseverance,16,16,0,35
urim,11108,love-and-belonging,12,12,0,35
urim,11108,forgiveness-and-new-beginnings,7,7,0,35
urim,11108,exploring-jesus,21,21,0,35
uripiv-wala-rano-atchin,142266,meaning-and-purpose,18,18,0,35
uripiv-wala-rano-atchin,142266,hope-and-perseverance,16,16,0,35
uripiv-wala-rano-atchin,142266,love-and-belonging,12,12,0,35
uripiv-wala-rano-atchin,142266,forgiveness-and-new-beginnings,7,7,0,35
uripiv-wala-rano-atchin,142266,exploring-jesus,21,21,0,35
urubu-kaapor,1669,meaning-and-purpose,18,18,0,35
urubu-kaapor,1669,hope-and-perseverance,16,16,0,35
urubu-kaapor,1669,love-and-belonging,12,12,0,35
urubu-kaapor,1669,forgiveness-and-new-beginnings,7,7,0,35
urubu-kaapor,1669,exploring-jesus,21,21,0,35
usarufa,142286,meaning-and-purpose,18,18,0,35
usarufa,142286,hope-and-perseverance,16,16,0,35
usarufa,142286,love-and-belonging,12,12,0,35
usarufa,142286,forgiveness-and-new-beginnings,7,7,0,35
usarufa,142286,exploring-jesus,21,21,0,35
ushoi,125402,meaning-and-purpose,18,18,0,35
ushoi,125402,hope-and-perseverance,16,16,0,35
ushoi,125402,love-and-belonging,12,12,0,35
ushoi,125402,forgiveness-and-new-beginnings,7,7,0,35
ushoi,125402,exploring-jesus,21,21,0,35
uspanteco,5431,meaning-and-purpose,18,18,0,35
uspanteco,5431,hope-and-perseverance,16,16,0,35
uspanteco,5431,love-and-belonging,12,12,0,35
uspanteco,5431,forgiveness-and-new-beginnings,7,7,0,35
uspanteco,5431,exploring-jesus,21,21,0,35
ut-hun,160430,meaning-and-purpose,18,18,0,35
ut-hun,160430,hope-and-perseverance,16,16,0,35
ut-hun,160430,love-and-belonging,12,12,0,35
ut-hun,160430,forgiveness-and-new-beginnings,7,7,0,35
ut-hun,160430,exploring-jesus,21,21,0,35
utukwang,179212,meaning-and-purpose,18,18,0,35
utukwang,179212,hope-and-perseverance,16,16,0,35
utukwang,179212,love-and-belonging,12,12,0,35
utukwang,179212,forgiveness-and-new-beginnings,7,7,0,35
utukwang,179212,exploring-jesus,21,21,0,35
uud-danum,171233,meaning-and-purpose,18,18,0,35
uud-danum,171233,hope-and-perseverance,16,16,0,35
uud-danum,171233,love-and-belonging,12,12,0,35
uud-danum,171233,forgiveness-and-new-beginnings,7,7,0,35
uud-danum,171233,exploring-jesus,21,21,0,35
uyghur,410,meaning-and-purpose,19,19,0,43
uyghur,410,hope-and-perseverance,18,18,0,43
uyghur,410,love-and-belonging,12,12,0,43
uyghur,410,forgiveness-and-new-beginnings,10,10,0,43
uyghur,410,exploring-jesus,29,29,0,43
uyghur-central-asia,185211,meaning-and-purpose,0,0,0,1
uyghur-central-asia,185211,hope-and-perseverance,0,0,0,1
uyghur-central-asia,185211,love-and-belonging,1,1,0,1
uyghur-central-asia,185211,forgiveness-and-new-beginnings,1,1,0,1
uyghur-central-asia,185211,exploring-jesus,0,0,0,1
uzbek-northern,3888,meaning-and-purpose,27,27,0,81
uzbek-northern,3888,hope-and-perseverance,31,30,1,82
uzbek-northern,3888,love-and-belonging,29,27,2,83
uzbek-northern,3888,forgiveness-and-new-beginnings,20,19,1,82
uzbek-northern,3888,exploring-jesus,54,54,0,81
uzbek-southern,406,meaning-and-purpose,18,18,0,35
uzbek-southern,406,hope-and-perseverance,16,16,0,35
uzbek-southern,406,love-and-belonging,12,12,0,35
uzbek-southern,406,forgiveness-and-new-beginnings,7,7,0,35
uzbek-southern,406,exploring-jesus,21,21,0,35
vagla,5279,meaning-and-purpose,18,18,0,35
vagla,5279,hope-and-perseverance,16,16,0,35
vagla,5279,love-and-belonging,12,12,0,35
vagla,5279,forgiveness-and-new-beginnings,7,7,0,35
vagla,5279,exploring-jesus,21,21,0,35
vai,7564,meaning-and-purpose,18,18,0,39
vai,7564,hope-and-perseverance,17,17,0,39
vai,7564,love-and-belonging,14,14,0,39
vai,7564,forgiveness-and-new-beginnings,10,10,0,39
vai,7564,exploring-jesus,23,23,0,39
vaiphei,142378,meaning-and-purpose,18,18,0,35
vaiphei,142378,hope-and-perseverance,16,16,0,35
vaiphei,142378,love-and-belonging,12,12,0,35
vaiphei,142378,forgiveness-and-new-beginnings,7,7,0,35
vaiphei,142378,exploring-jesus,21,21,0,35
vajjika,153840,meaning-and-purpose,18,18,0,35
vajjika,153840,hope-and-perseverance,16,16,0,35
vajjika,153840,love-and-belonging,12,12,0,35
vajjika,153840,forgiveness-and-new-beginnings,7,7,0,35
vajjika,153840,exploring-jesus,21,21,0,35
vale,142372,meaning-and-purpose,18,18,0,35
vale,142372,hope-and-perseverance,16,16,0,35
vale,142372,love-and-belonging,12,12,0,35
vale,142372,forgiveness-and-new-beginnings,7,7,0,35
vale,142372,exploring-jesus,21,21,0,35
vanuma,142380,meaning-and-purpose,18,18,0,35
vanuma,142380,hope-and-perseverance,16,16,0,35
vanuma,142380,love-and-belonging,12,12,0,35
vanuma,142380,forgiveness-and-new-beginnings,7,7,0,35
vanuma,142380,exploring-jesus,21,21,0,35
varhadi-nagpuri,100506,meaning-and-purpose,18,18,0,35
varhadi-nagpuri,100506,hope-and-perseverance,16,16,0,35
varhadi-nagpuri,100506,love-and-belonging,12,12,0,35
varhadi-nagpuri,100506,forgiveness-and-new-beginnings,7,7,0,35
varhadi-nagpuri,100506,exploring-jesus,21,21,0,35
varli,5771,meaning-and-purpose,18,18,0,35
varli,5771,hope-and-perseverance,16,16,0,35
varli,5771,love-and-belonging,12,12,0,35
varli,5771,forgiveness-and-new-beginnings,7,7,0,35
varli,5771,exploring-jesus,21,21,0,35
vasavi,5772,meaning-and-purpose,18,18,0,35
vasavi,5772,hope-and-perseverance,16,16,0,35
vasavi,5772,love-and-belonging,12,12,0,35
vasavi,5772,forgiveness-and-new-beginnings,7,7,0,35
vasavi,5772,exploring-jesus,21,21,0,35
vasavi-kolche,181949,meaning-and-purpose,18,18,0,35
vasavi-kolche,181949,hope-and-perseverance,16,16,0,35
vasavi-kolche,181949,love-and-belonging,12,12,0,35
vasavi-kolche,181949,forgiveness-and-new-beginnings,7,7,0,35
vasavi-kolche,181949,exploring-jesus,21,21,0,35
vasui,11150,meaning-and-purpose,18,18,0,35
vasui,11150,hope-and-perseverance,16,16,0,35
vasui,11150,love-and-belonging,12,12,0,35
vasui,11150,forgiveness-and-new-beginnings,7,7,0,35
vasui,11150,exploring-jesus,21,21,0,35
venda,13414,meaning-and-purpose,18,18,0,36
venda,13414,hope-and-perseverance,16,16,0,36
venda,13414,love-and-belonging,12,12,0,36
venda,13414,forgiveness-and-new-beginnings,7,7,0,36
venda,13414,exploring-jesus,22,22,0,36
verre,125753,meaning-and-purpose,18,18,0,35
verre,125753,hope-and-perseverance,16,16,0,35
verre,125753,love-and-belonging,12,12,0,35
verre,125753,forgiveness-and-new-beginnings,7,7,0,35
verre,125753,exploring-jesus,21,21,0,35
vidunda,142394,meaning-and-purpose,18,18,0,35
vidunda,142394,hope-and-perseverance,16,16,0,35
vidunda,142394,love-and-belonging,12,12,0,35
vidunda,142394,forgiveness-and-new-beginnings,7,7,0,35
vidunda,142394,exploring-jesus,21,21,0,35
vietnamese,3887,meaning-and-purpose,54,54,0,152
vietnamese,3887,hope-and-perseverance,59,58,1,153
vietnamese,3887,love-and-belonging,60,58,2,154
vietnamese,3887,forgiveness-and-new-beginnings,38,37,1,153
vietnamese,3887,exploring-jesus,84,84,0,152
vietnamese-northern,22500,meaning-and-purpose,24,24,0,59
vietnamese-northern,22500,hope-and-perseverance,26,26,0,59
vietnamese-northern,22500,love-and-belonging,21,20,1,60
vietnamese-northern,22500,forgiveness-and-new-beginnings,11,10,1,60
vietnamese-northern,22500,exploring-jesus,39,39,0,59
vili,4295,meaning-and-purpose,18,18,0,35
vili,4295,hope-and-perseverance,16,16,0,35
vili,4295,love-and-belonging,12,12,0,35
vili,4295,forgiveness-and-new-beginnings,7,7,0,35
vili,4295,exploring-jesus,21,21,0,35
visualvernacular,185345,meaning-and-purpose,0,0,0,3
visualvernacular,185345,hope-and-perseverance,0,0,0,3
visualvernacular,185345,love-and-belonging,0,0,0,3
visualvernacular,185345,forgiveness-and-new-beginnings,2,2,0,3
visualvernacular,185345,exploring-jesus,3,3,0,3
vitu,11052,meaning-and-purpose,18,18,0,35
vitu,11052,hope-and-perseverance,16,16,0,35
vitu,11052,love-and-belonging,12,12,0,35
vitu,11052,forgiveness-and-new-beginnings,7,7,0,35
vitu,11052,exploring-jesus,21,21,0,35
vunjo-chagga,24141,meaning-and-purpose,18,18,0,35
vunjo-chagga,24141,hope-and-perseverance,16,16,0,35
vunjo-chagga,24141,love-and-belonging,12,12,0,35
vunjo-chagga,24141,forgiveness-and-new-beginnings,7,7,0,35
vunjo-chagga,24141,exploring-jesus,21,21,0,35
vwanji,20318,meaning-and-purpose,18,18,0,35
vwanji,20318,hope-and-perseverance,16,16,0,35
vwanji,20318,love-and-belonging,12,12,0,35
vwanji,20318,forgiveness-and-new-beginnings,7,7,0,35
vwanji,20318,exploring-jesus,21,21,0,35
wa-vo,144886,meaning-and-purpose,18,18,0,35
wa-vo,144886,hope-and-perseverance,16,16,0,35
wa-vo,144886,love-and-belonging,12,12,0,35
wa-vo,144886,forgiveness-and-new-beginnings,7,7,0,35
wa-vo,144886,exploring-jesus,21,21,0,35
waama,1313,meaning-and-purpose,18,18,0,35
waama,1313,hope-and-perseverance,16,16,0,35
waama,1313,love-and-belonging,12,12,0,35
waama,1313,forgiveness-and-new-beginnings,7,7,0,35
waama,1313,exploring-jesus,21,21,0,35
waata,143207,meaning-and-purpose,18,18,0,35
waata,143207,hope-and-perseverance,16,16,0,35
waata,143207,love-and-belonging,12,12,0,35
waata,143207,forgiveness-and-new-beginnings,7,7,0,35
waata,143207,exploring-jesus,21,21,0,35
waddar,5767,meaning-and-purpose,18,18,0,35
waddar,5767,hope-and-perseverance,16,16,0,35
waddar,5767,love-and-belonging,12,12,0,35
waddar,5767,forgiveness-and-new-beginnings,7,7,0,35
waddar,5767,exploring-jesus,21,21,0,35
wagdi,5766,meaning-and-purpose,18,18,0,35
wagdi,5766,hope-and-perseverance,16,16,0,35
wagdi,5766,love-and-belonging,12,12,0,35
wagdi,5766,forgiveness-and-new-beginnings,7,7,0,35
wagdi,5766,exploring-jesus,21,21,0,35
waghiri,142303,meaning-and-purpose,18,18,0,35
waghiri,142303,hope-and-perseverance,16,16,0,35
waghiri,142303,love-and-belonging,12,12,0,35
waghiri,142303,forgiveness-and-new-beginnings,7,7,0,35
waghiri,142303,exploring-jesus,21,21,0,35
waja,9959,meaning-and-purpose,18,18,0,35
waja,9959,hope-and-perseverance,16,16,0,35
waja,9959,love-and-belonging,12,12,0,35
waja,9959,forgiveness-and-new-beginnings,7,7,0,35
waja,9959,exploring-jesus,21,21,0,35
wakatobi,157752,meaning-and-purpose,18,18,0,35
wakatobi,157752,hope-and-perseverance,16,16,0,35
wakatobi,157752,love-and-belonging,12,12,0,35
wakatobi,157752,forgiveness-and-new-beginnings,7,7,0,35
wakatobi,157752,exploring-jesus,21,21,0,35
wala,141771,meaning-and-purpose,18,18,0,35
wala,141771,hope-and-perseverance,16,16,0,35
wala,141771,love-and-belonging,12,12,0,35
wala,141771,forgiveness-and-new-beginnings,7,7,0,35
wala,141771,exploring-jesus,21,21,0,35
wali,5276,meaning-and-purpose,18,18,0,35
wali,5276,hope-and-perseverance,16,16,0,35
wali,5276,love-and-belonging,12,12,0,35
wali,5276,forgiveness-and-new-beginnings,7,7,0,35
wali,5276,exploring-jesus,21,21,0,35
wambon,142964,meaning-and-purpose,18,18,0,35
wambon,142964,hope-and-perseverance,16,16,0,35
wambon,142964,love-and-belonging,12,12,0,35
wambon,142964,forgiveness-and-new-beginnings,7,7,0,35
wambon,142964,exploring-jesus,21,21,0,35
wamey,140083,meaning-and-purpose,18,18,0,35
wamey,140083,hope-and-perseverance,16,16,0,35
wamey,140083,love-and-belonging,12,12,0,35
wamey,140083,forgiveness-and-new-beginnings,7,7,0,35
wamey,140083,exploring-jesus,21,21,0,35
wampis,184483,meaning-and-purpose,18,18,0,35
wampis,184483,hope-and-perseverance,16,16,0,35
wampis,184483,love-and-belonging,12,12,0,35
wampis,184483,forgiveness-and-new-beginnings,7,7,0,35
wampis,184483,exploring-jesus,21,21,0,35
wana-taa,185330,meaning-and-purpose,18,18,0,35
wana-taa,185330,hope-and-perseverance,16,16,0,35
wana-taa,185330,love-and-belonging,12,12,0,35
wana-taa,185330,forgiveness-and-new-beginnings,7,7,0,35
wana-taa,185330,exploring-jesus,21,21,0,35
waneci,10461,meaning-and-purpose,18,18,0,35
waneci,10461,hope-and-perseverance,16,16,0,35
waneci,10461,love-and-belonging,12,12,0,35
waneci,10461,forgiveness-and-new-beginnings,7,7,0,35
waneci,10461,exploring-jesus,21,21,0,35
wanga-luhya,20794,meaning-and-purpose,18,18,0,35
wanga-luhya,20794,hope-and-perseverance,16,16,0,35
wanga-luhya,20794,love-and-belonging,12,12,0,35
wanga-luhya,20794,forgiveness-and-new-beginnings,7,7,0,35
wanga-luhya,20794,exploring-jesus,21,21,0,35
waorani,139202,meaning-and-purpose,18,18,0,35
waorani,139202,hope-and-perseverance,16,16,0,35
waorani,139202,love-and-belonging,12,12,0,35
waorani,139202,forgiveness-and-new-beginnings,7,7,0,35
waorani,139202,exploring-jesus,21,21,0,35
warao,5500,meaning-and-purpose,18,18,0,35
warao,5500,hope-and-perseverance,16,16,0,35
warao,5500,love-and-belonging,12,12,0,35
warao,5500,forgiveness-and-new-beginnings,7,7,0,35
warao,5500,exploring-jesus,21,21,0,35
waray-waray,12533,meaning-and-purpose,18,18,0,35
waray-waray,12533,hope-and-perseverance,16,16,0,35
waray-waray,12533,love-and-belonging,12,12,0,35
waray-waray,12533,forgiveness-and-new-beginnings,7,7,0,35
waray-waray,12533,exploring-jesus,21,21,0,35
warji,9955,meaning-and-purpose,18,18,0,35
warji,9955,hope-and-perseverance,16,16,0,35
warji,9955,love-and-belonging,12,12,0,35
warji,9955,forgiveness-and-new-beginnings,7,7,0,35
warji,9955,exploring-jesus,21,21,0,35
waropen,143147,meaning-and-purpose,18,18,0,35
waropen,143147,hope-and-perseverance,16,16,0,35
waropen,143147,love-and-belonging,12,12,0,35
waropen,143147,forgiveness-and-new-beginnings,7,7,0,35
waropen,143147,exploring-jesus,21,21,0,35
wasa,20332,meaning-and-purpose,18,18,0,35
wasa,20332,hope-and-perseverance,16,16,0,35
wasa,20332,love-and-belonging,12,12,0,35
wasa,20332,forgiveness-and-new-beginnings,7,7,0,35
wasa,20332,exploring-jesus,21,21,0,35
waskia,143157,meaning-and-purpose,18,18,0,35
waskia,143157,hope-and-perseverance,16,16,0,35
waskia,143157,love-and-belonging,12,12,0,35
waskia,143157,forgiveness-and-new-beginnings,7,7,0,35
waskia,143157,exploring-jesus,21,21,0,35
watakataui,11033,meaning-and-purpose,18,18,0,35
watakataui,11033,hope-and-perseverance,16,16,0,35
watakataui,11033,love-and-belonging,12,12,0,35
watakataui,11033,forgiveness-and-new-beginnings,7,7,0,35
watakataui,11033,exploring-jesus,21,21,0,35
waumeo,4187,meaning-and-purpose,18,18,0,35
waumeo,4187,hope-and-perseverance,16,16,0,35
waumeo,4187,love-and-belonging,12,12,0,35
waumeo,4187,forgiveness-and-new-beginnings,7,7,0,35
waumeo,4187,exploring-jesus,21,21,0,35
waura,100773,meaning-and-purpose,18,18,0,35
waura,100773,hope-and-perseverance,16,16,0,35
waura,100773,love-and-belonging,12,12,0,35
waura,100773,forgiveness-and-new-beginnings,7,7,0,35
waura,100773,exploring-jesus,21,21,0,35
wayampi-amapari,1795,meaning-and-purpose,18,18,0,35
wayampi-amapari,1795,hope-and-perseverance,16,16,0,35
wayampi-amapari,1795,love-and-belonging,12,12,0,35
wayampi-amapari,1795,forgiveness-and-new-beginnings,7,7,0,35
wayampi-amapari,1795,exploring-jesus,21,21,0,35
wayampi-oiapoque,1796,meaning-and-purpose,0,0,0,1
wayampi-oiapoque,1796,hope-and-perseverance,0,0,0,1
wayampi-oiapoque,1796,love-and-belonging,0,0,0,1
wayampi-oiapoque,1796,forgiveness-and-new-beginnings,0,0,0,1
wayampi-oiapoque,1796,exploring-jesus,1,1,0,1
wayuu,4232,meaning-and-purpose,18,18,0,36
wayuu,4232,hope-and-perseverance,16,16,0,36
wayuu,4232,love-and-belonging,12,12,0,36
wayuu,4232,forgiveness-and-new-beginnings,7,7,0,36
wayuu,4232,exploring-jesus,22,22,0,36
we-northern,143058,meaning-and-purpose,18,18,0,35
we-northern,143058,hope-and-perseverance,16,16,0,35
we-northern,143058,love-and-belonging,12,12,0,35
we-northern,143058,forgiveness-and-new-beginnings,7,7,0,35
we-northern,143058,exploring-jesus,21,21,0,35
welsh,14815,meaning-and-purpose,18,18,0,35
welsh,14815,hope-and-perseverance,16,16,0,35
welsh,14815,love-and-belonging,12,12,0,35
welsh,14815,forgiveness-and-new-beginnings,7,7,0,35
welsh,14815,exploring-jesus,21,21,0,35
weri-2,142830,meaning-and-purpose,18,18,0,35
weri-2,142830,hope-and-perseverance,16,16,0,35
weri-2,142830,love-and-belonging,12,12,0,35
weri-2,142830,forgiveness-and-new-beginnings,7,7,0,35
weri-2,142830,exploring-jesus,21,21,0,35
western-carib,49145,meaning-and-purpose,18,18,0,35
western-carib,49145,hope-and-perseverance,16,16,0,35
western-carib,49145,love-and-belonging,12,12,0,35
western-carib,49145,forgiveness-and-new-beginnings,7,7,0,35
western-carib,49145,exploring-jesus,21,21,0,35
western-garame,179190,meaning-and-purpose,18,18,0,35
western-garame,179190,hope-and-perseverance,16,16,0,35
western-garame,179190,love-and-belonging,12,12,0,35
western-garame,179190,forgiveness-and-new-beginnings,7,7,0,35
western-garame,179190,exploring-jesus,21,21,0,35
western-lipo,153360,meaning-and-purpose,18,18,0,35
western-lipo,153360,hope-and-perseverance,16,16,0,35
western-lipo,153360,love-and-belonging,12,12,0,35
western-lipo,153360,forgiveness-and-new-beginnings,7,7,0,35
western-lipo,153360,exploring-jesus,21,21,0,35
western-poqomchi,153551,meaning-and-purpose,18,18,0,36
western-poqomchi,153551,hope-and-perseverance,16,16,0,36
western-poqomchi,153551,love-and-belonging,12,12,0,36
western-poqomchi,153551,forgiveness-and-new-beginnings,8,8,0,36
western-poqomchi,153551,exploring-jesus,22,22,0,36
wewewa,21002,meaning-and-purpose,18,18,0,35
wewewa,21002,hope-and-perseverance,16,16,0,35
wewewa,21002,love-and-belonging,12,12,0,35
wewewa,21002,forgiveness-and-new-beginnings,7,7,0,35
wewewa,21002,exploring-jesus,21,21,0,35
wichi-lhamtes-guisnay,144584,meaning-and-purpose,18,18,0,35
wichi-lhamtes-guisnay,144584,hope-and-perseverance,16,16,0,35
wichi-lhamtes-guisnay,144584,love-and-belonging,12,12,0,35
wichi-lhamtes-guisnay,144584,forgiveness-and-new-beginnings,7,7,0,35
wichi-lhamtes-guisnay,144584,exploring-jesus,21,21,0,35
winye,141618,meaning-and-purpose,18,18,0,35
winye,141618,hope-and-perseverance,16,16,0,35
winye,141618,love-and-belonging,12,12,0,35
winye,141618,forgiveness-and-new-beginnings,7,7,0,35
winye,141618,exploring-jesus,21,21,0,35
wolane,142947,meaning-and-purpose,18,18,0,35
wolane,142947,hope-and-perseverance,16,16,0,35
wolane,142947,love-and-belonging,12,12,0,35
wolane,142947,forgiveness-and-new-beginnings,7,7,0,35
wolane,142947,exploring-jesus,21,21,0,35
wolaytta,4734,meaning-and-purpose,23,23,0,56
wolaytta,4734,hope-and-perseverance,26,26,0,56
wolaytta,4734,love-and-belonging,20,19,1,57
wolaytta,4734,forgiveness-and-new-beginnings,10,9,1,57
wolaytta,4734,exploring-jesus,37,37,0,56
wolio,17408,meaning-and-purpose,18,18,0,35
wolio,17408,hope-and-perseverance,16,16,0,35
wolio,17408,love-and-belonging,12,12,0,35
wolio,17408,forgiveness-and-new-beginnings,7,7,0,35
wolio,17408,exploring-jesus,21,21,0,35
wolof,7897,meaning-and-purpose,24,24,0,68
wolof,7897,hope-and-perseverance,29,28,1,69
wolof,7897,love-and-belonging,28,26,2,70
wolof,7897,forgiveness-and-new-beginnings,16,15,1,69
wolof,7897,exploring-jesus,42,42,0,68
wondama,142589,meaning-and-purpose,18,18,0,35
wondama,142589,hope-and-perseverance,16,16,0,35
wondama,142589,love-and-belonging,12,12,0,35
wondama,142589,forgiveness-and-new-beginnings,7,7,0,35
wondama,142589,exploring-jesus,21,21,0,35
worodougou,141238,meaning-and-purpose,18,18,0,35
worodougou,141238,hope-and-perseverance,16,16,0,35
worodougou,141238,love-and-belonging,12,12,0,35
worodougou,141238,forgiveness-and-new-beginnings,7,7,0,35
worodougou,141238,exploring-jesus,21,21,0,35
wumvu,143169,meaning-and-purpose,18,18,0,35
wumvu,143169,hope-and-perseverance,16,16,0,35
wumvu,143169,love-and-belonging,12,12,0,35
wumvu,143169,forgiveness-and-new-beginnings,7,7,0,35
wumvu,143169,exploring-jesus,21,21,0,35
xaasongaxango,141265,meaning-and-purpose,23,23,0,56
xaasongaxango,141265,hope-and-perseverance,26,26,0,56
xaasongaxango,141265,love-and-belonging,20,19,1,57
xaasongaxango,141265,forgiveness-and-new-beginnings,10,9,1,57
xaasongaxango,141265,exploring-jesus,37,37,0,56
xamtanga,4724,meaning-and-purpose,18,18,0,35
xamtanga,4724,hope-and-perseverance,16,16,0,35
xamtanga,4724,love-and-belonging,12,12,0,35
xamtanga,4724,forgiveness-and-new-beginnings,7,7,0,35
xamtanga,4724,exploring-jesus,21,21,0,35
xavante,1759,meaning-and-purpose,18,18,0,35
xavante,1759,hope-and-perseverance,16,16,0,35
xavante,1759,love-and-belonging,12,12,0,35
xavante,1759,forgiveness-and-new-beginnings,7,7,0,35
xavante,1759,exploring-jesus,21,21,0,35
xhosa,13408,meaning-and-purpose,25,25,0,74
xhosa,13408,hope-and-perseverance,30,29,1,75
xhosa,13408,love-and-belonging,31,29,2,76
xhosa,13408,forgiveness-and-new-beginnings,19,18,1,75
xhosa,13408,exploring-jesus,45,45,0,74
xiang,20627,meaning-and-purpose,18,18,0,35
xiang,20627,hope-and-perseverance,16,16,0,35
xiang,20627,love-and-belonging,12,12,0,35
xiang,20627,forgiveness-and-new-beginnings,7,7,0,35
xiang,20627,exploring-jesus,21,21,0,35
xinulajgsipij,169603,meaning-and-purpose,18,18,0,35
xinulajgsipij,169603,hope-and-perseverance,16,16,0,35
xinulajgsipij,169603,love-and-belonging,12,12,0,35
xinulajgsipij,169603,forgiveness-and-new-beginnings,7,7,0,35
xinulajgsipij,169603,exploring-jesus,21,21,0,35
xun,581,meaning-and-purpose,18,18,0,35
xun,581,hope-and-perseverance,16,16,0,35
xun,581,love-and-belonging,12,12,0,35
xun,581,forgiveness-and-new-beginnings,7,7,0,35
xun,581,exploring-jesus,21,21,0,35
yabem,141124,meaning-and-purpose,18,18,0,35
yabem,141124,hope-and-perseverance,16,16,0,35
yabem,141124,love-and-belonging,12,12,0,35
yabem,141124,forgiveness-and-new-beginnings,7,7,0,35
yabem,141124,exploring-jesus,21,21,0,35
yaka,19495,meaning-and-purpose,18,18,0,35
yaka,19495,hope-and-perseverance,16,16,0,35
yaka,19495,love-and-belonging,12,12,0,35
yaka,19495,forgiveness-and-new-beginnings,7,7,0,35
yaka,19495,exploring-jesus,21,21,0,35
yaka-central-african-republic,139124,meaning-and-purpose,18,18,0,35
yaka-central-african-republic,139124,hope-and-perseverance,16,16,0,35
yaka-central-african-republic,139124,love-and-belonging,12,12,0,35
yaka-central-african-republic,139124,forgiveness-and-new-beginnings,7,7,0,35
yaka-central-african-republic,139124,exploring-jesus,21,21,0,35
yaka-d-r-c,139126,meaning-and-purpose,18,18,0,39
yaka-d-r-c,139126,hope-and-perseverance,17,17,0,39
yaka-d-r-c,139126,love-and-belonging,14,14,0,39
yaka-d-r-c,139126,forgiveness-and-new-beginnings,10,10,0,39
yaka-d-r-c,139126,exploring-jesus,23,23,0,39
yaka-drcongo,580,meaning-and-purpose,18,18,0,35
yaka-drcongo,580,hope-and-perseverance,16,16,0,35
yaka-drcongo,580,love-and-belonging,12,12,0,35
yaka-drcongo,580,forgiveness-and-new-beginnings,7,7,0,35
yaka-drcongo,580,exploring-jesus,21,21,0,35
yakan,12529,meaning-and-purpose,18,18,0,35
yakan,12529,hope-and-perseverance,16,16,0,35
yakan,12529,love-and-belonging,12,12,0,35
yakan,12529,forgiveness-and-new-beginnings,7,7,0,35
yakan,12529,exploring-jesus,21,21,0,35
yakha,100282,meaning-and-purpose,18,18,0,35
yakha,100282,hope-and-perseverance,16,16,0,35
yakha,100282,love-and-belonging,12,12,0,35
yakha,100282,forgiveness-and-new-beginnings,7,7,0,35
yakha,100282,exploring-jesus,21,21,0,35
yakoma,3144,meaning-and-purpose,18,18,0,35
yakoma,3144,hope-and-perseverance,16,16,0,35
yakoma,3144,love-and-belonging,12,12,0,35
yakoma,3144,forgiveness-and-new-beginnings,7,7,0,35
yakoma,3144,exploring-jesus,21,21,0,35
yakpa,109459,meaning-and-purpose,0,0,0,0
yakpa,109459,hope-and-perseverance,0,0,0,0
yakpa,109459,love-and-belonging,0,0,0,0
yakpa,109459,forgiveness-and-new-beginnings,0,0,0,0
yakpa,109459,exploring-jesus,0,0,0,0
yakpa-1,3122,meaning-and-purpose,18,18,0,35
yakpa-1,3122,hope-and-perseverance,16,16,0,35
yakpa-1,3122,love-and-belonging,12,12,0,35
yakpa-1,3122,forgiveness-and-new-beginnings,7,7,0,35
yakpa-1,3122,exploring-jesus,21,21,0,35
yakut,18379,meaning-and-purpose,18,18,0,35
yakut,18379,hope-and-perseverance,16,16,0,35
yakut,18379,love-and-belonging,12,12,0,35
yakut,18379,forgiveness-and-new-beginnings,7,7,0,35
yakut,18379,exploring-jesus,21,21,0,35
yala,9940,meaning-and-purpose,18,18,0,35
yala,9940,hope-and-perseverance,16,16,0,35
yala,9940,love-and-belonging,12,12,0,35
yala,9940,forgiveness-and-new-beginnings,7,7,0,35
yala,9940,exploring-jesus,21,21,0,35
yalunka,5468,meaning-and-purpose,18,18,0,35
yalunka,5468,hope-and-perseverance,16,16,0,35
yalunka,5468,love-and-belonging,12,12,0,35
yalunka,5468,forgiveness-and-new-beginnings,7,7,0,35
yalunka,5468,exploring-jesus,21,21,0,35
yamba,2249,meaning-and-purpose,18,18,0,35
yamba,2249,hope-and-perseverance,16,16,0,35
yamba,2249,love-and-belonging,12,12,0,35
yamba,2249,forgiveness-and-new-beginnings,7,7,0,35
yamba,2249,exploring-jesus,21,21,0,35
yamdena,141060,meaning-and-purpose,18,18,0,35
yamdena,141060,hope-and-perseverance,16,16,0,35
yamdena,141060,love-and-belonging,12,12,0,35
yamdena,141060,forgiveness-and-new-beginnings,7,7,0,35
yamdena,141060,exploring-jesus,21,21,0,35
yandang,168775,meaning-and-purpose,18,18,0,35
yandang,168775,hope-and-perseverance,16,16,0,35
yandang,168775,love-and-belonging,12,12,0,35
yandang,168775,forgiveness-and-new-beginnings,7,7,0,35
yandang,168775,exploring-jesus,21,21,0,35
yanesha,139411,meaning-and-purpose,18,18,0,35
yanesha,139411,hope-and-perseverance,16,16,0,35
yanesha,139411,love-and-belonging,12,12,0,35
yanesha,139411,forgiveness-and-new-beginnings,7,7,0,35
yanesha,139411,exploring-jesus,21,21,0,35
yanomami-ninam,102259,meaning-and-purpose,18,18,0,35
yanomami-ninam,102259,hope-and-perseverance,16,16,0,35
yanomami-ninam,102259,love-and-belonging,12,12,0,35
yanomami-ninam,102259,forgiveness-and-new-beginnings,7,7,0,35
yanomami-ninam,102259,exploring-jesus,21,21,0,35
yanomamo,1573,meaning-and-purpose,18,18,0,35
yanomamo,1573,hope-and-perseverance,16,16,0,35
yanomamo,1573,love-and-belonging,12,12,0,35
yanomamo,1573,forgiveness-and-new-beginnings,7,7,0,35
yanomamo,1573,exploring-jesus,21,21,0,35
yao,7773,meaning-and-purpose,23,23,0,57
yao,7773,hope-and-perseverance,26,26,0,57
yao,7773,love-and-belonging,20,19,1,58
yao,7773,forgiveness-and-new-beginnings,10,9,1,58
yao,7773,exploring-jesus,38,38,0,57
yao-baiku-naogelao,185359,meaning-and-purpose,18,18,0,35
yao-baiku-naogelao,185359,hope-and-perseverance,16,16,0,35
yao-baiku-naogelao,185359,love-and-belonging,12,12,0,35
yao-baiku-naogelao,185359,forgiveness-and-new-beginnings,7,7,0,35
yao-baiku-naogelao,185359,exploring-jesus,21,21,0,35
yao-iu-mien,22098,meaning-and-purpose,18,18,0,35
yao-iu-mien,22098,hope-and-perseverance,16,16,0,35
yao-iu-mien,22098,love-and-belonging,12,12,0,35
yao-iu-mien,22098,forgiveness-and-new-beginnings,7,7,0,35
yao-iu-mien,22098,exploring-jesus,21,21,0,35
yao-tanzania,184489,meaning-and-purpose,18,18,0,35
yao-tanzania,184489,hope-and-perseverance,16,16,0,35
yao-tanzania,184489,love-and-belonging,12,12,0,35
yao-tanzania,184489,forgiveness-and-new-beginnings,7,7,0,35
yao-tanzania,184489,exploring-jesus,21,21,0,35
yapese,8381,meaning-and-purpose,18,18,0,35
yapese,8381,hope-and-perseverance,16,16,0,35
yapese,8381,love-and-belonging,12,12,0,35
yapese,8381,forgiveness-and-new-beginnings,7,7,0,35
yapese,8381,exploring-jesus,21,21,0,35
yaqui,8026,meaning-and-purpose,18,18,0,35
yaqui,8026,hope-and-perseverance,16,16,0,35
yaqui,8026,love-and-belonging,12,12,0,35
yaqui,8026,forgiveness-and-new-beginnings,7,7,0,35
yaqui,8026,exploring-jesus,21,21,0,35
yareba,142858,meaning-and-purpose,18,18,0,35
yareba,142858,hope-and-perseverance,16,16,0,35
yareba,142858,love-and-belonging,12,12,0,35
yareba,142858,forgiveness-and-new-beginnings,7,7,0,35
yareba,142858,exploring-jesus,21,21,0,35
yawa,142986,meaning-and-purpose,18,18,0,35
yawa,142986,hope-and-perseverance,16,16,0,35
yawa,142986,love-and-belonging,12,12,0,35
yawa,142986,forgiveness-and-new-beginnings,7,7,0,35
yawa,142986,exploring-jesus,21,21,0,35
yemba,19504,meaning-and-purpose,18,18,0,35
yemba,19504,hope-and-perseverance,16,16,0,35
yemba,19504,love-and-belonging,12,12,0,35
yemba,19504,forgiveness-and-new-beginnings,7,7,0,35
yemba,19504,exploring-jesus,21,21,0,35
yemsa,4665,meaning-and-purpose,18,18,0,35
yemsa,4665,hope-and-perseverance,16,16,0,35
yemsa,4665,love-and-belonging,12,12,0,35
yemsa,4665,forgiveness-and-new-beginnings,7,7,0,35
yemsa,4665,exploring-jesus,21,21,0,35
yerukula,23326,meaning-and-purpose,18,18,0,35
yerukula,23326,hope-and-perseverance,16,16,0,35
yerukula,23326,love-and-belonging,12,12,0,35
yerukula,23326,forgiveness-and-new-beginnings,7,7,0,35
yerukula,23326,exploring-jesus,21,21,0,35
yiddish,5130,meaning-and-purpose,0,0,0,1
yiddish,5130,hope-and-perseverance,0,0,0,1
yiddish,5130,love-and-belonging,0,0,0,1
yiddish,5130,forgiveness-and-new-beginnings,0,0,0,1
yiddish,5130,exploring-jesus,1,1,0,1
yine,143753,meaning-and-purpose,18,18,0,35
yine,143753,hope-and-perseverance,16,16,0,35
yine,143753,love-and-belonging,12,12,0,35
yine,143753,forgiveness-and-new-beginnings,7,7,0,35
yine,143753,exploring-jesus,21,21,0,35
yinzebi,175252,meaning-and-purpose,18,18,0,35
yinzebi,175252,hope-and-perseverance,16,16,0,35
yinzebi,175252,love-and-belonging,12,12,0,35
yinzebi,175252,forgiveness-and-new-beginnings,7,7,0,35
yinzebi,175252,exploring-jesus,21,21,0,35
yom,26497,meaning-and-purpose,18,18,0,35
yom,26497,hope-and-perseverance,16,16,0,35
yom,26497,love-and-belonging,12,12,0,35
yom,26497,forgiveness-and-new-beginnings,7,7,0,35
yom,26497,exploring-jesus,21,21,0,35
yonggom,10981,meaning-and-purpose,18,18,0,35
yonggom,10981,hope-and-perseverance,16,16,0,35
yonggom,10981,love-and-belonging,12,12,0,35
yonggom,10981,forgiveness-and-new-beginnings,7,7,0,35
yonggom,10981,exploring-jesus,21,21,0,35
yoruba,1308,meaning-and-purpose,35,35,0,80
yoruba,1308,hope-and-perseverance,31,30,1,81
yoruba,1308,love-and-belonging,36,35,1,81
yoruba,1308,forgiveness-and-new-beginnings,22,22,0,80
yoruba,1308,exploring-jesus,37,37,0,80
yucuna,4148,meaning-and-purpose,18,18,0,35
yucuna,4148,hope-and-perseverance,16,16,0,35
yucuna,4148,love-and-belonging,12,12,0,35
yucuna,4148,forgiveness-and-new-beginnings,7,7,0,35
yucuna,4148,exploring-jesus,21,21,0,35
yukpa,142979,meaning-and-purpose,18,18,0,35
yukpa,142979,hope-and-perseverance,16,16,0,35
yukpa,142979,love-and-belonging,12,12,0,35
yukpa,142979,forgiveness-and-new-beginnings,7,7,0,35
yukpa,142979,exploring-jesus,21,21,0,35
yungur,9905,meaning-and-purpose,18,18,0,35
yungur,9905,hope-and-perseverance,16,16,0,35
yungur,9905,love-and-belonging,12,12,0,35
yungur,9905,forgiveness-and-new-beginnings,7,7,0,35
yungur,9905,exploring-jesus,21,21,0,35
yuracare,142985,meaning-and-purpose,18,18,0,35
yuracare,142985,hope-and-perseverance,16,16,0,35
yuracare,142985,love-and-belonging,12,12,0,35
yuracare,142985,forgiveness-and-new-beginnings,7,7,0,35
yuracare,142985,exploring-jesus,21,21,0,35
ywom,53312,meaning-and-purpose,18,18,0,35
ywom,53312,hope-and-perseverance,16,16,0,35
ywom,53312,love-and-belonging,12,12,0,35
ywom,53312,forgiveness-and-new-beginnings,7,7,0,35
ywom,53312,exploring-jesus,21,21,0,35
zabana,141359,meaning-and-purpose,18,18,0,35
zabana,141359,hope-and-perseverance,16,16,0,35
zabana,141359,love-and-belonging,12,12,0,35
zabana,141359,forgiveness-and-new-beginnings,7,7,0,35
zabana,141359,exploring-jesus,21,21,0,35
zaiwa,3710,meaning-and-purpose,18,18,0,35
zaiwa,3710,hope-and-perseverance,16,16,0,35
zaiwa,3710,love-and-belonging,12,12,0,35
zaiwa,3710,forgiveness-and-new-beginnings,7,7,0,35
zaiwa,3710,exploring-jesus,21,21,0,35
zanaki,14064,meaning-and-purpose,18,18,0,35
zanaki,14064,hope-and-perseverance,16,16,0,35
zanaki,14064,love-and-belonging,12,12,0,35
zanaki,14064,forgiveness-and-new-beginnings,7,7,0,35
zanaki,14064,exploring-jesus,21,21,0,35
zande-drc,23524,meaning-and-purpose,18,18,0,35
zande-drc,23524,hope-and-perseverance,16,16,0,35
zande-drc,23524,love-and-belonging,12,12,0,35
zande-drc,23524,forgiveness-and-new-beginnings,7,7,0,35
zande-drc,23524,exploring-jesus,21,21,0,35
zande-south-sudan,23525,meaning-and-purpose,18,18,0,35
zande-south-sudan,23525,hope-and-perseverance,16,16,0,35
zande-south-sudan,23525,love-and-belonging,12,12,0,35
zande-south-sudan,23525,forgiveness-and-new-beginnings,7,7,0,35
zande-south-sudan,23525,exploring-jesus,21,21,0,35
zapotec-san-pedro-quiatoni,26934,meaning-and-purpose,18,18,0,35
zapotec-san-pedro-quiatoni,26934,hope-and-perseverance,16,16,0,35
zapotec-san-pedro-quiatoni,26934,love-and-belonging,12,12,0,35
zapotec-san-pedro-quiatoni,26934,forgiveness-and-new-beginnings,7,7,0,35
zapotec-san-pedro-quiatoni,26934,exploring-jesus,21,21,0,35
zapotec-tabaa,100807,meaning-and-purpose,18,18,0,35
zapotec-tabaa,100807,hope-and-perseverance,16,16,0,35
zapotec-tabaa,100807,love-and-belonging,12,12,0,35
zapotec-tabaa,100807,forgiveness-and-new-beginnings,7,7,0,35
zapotec-tabaa,100807,exploring-jesus,21,21,0,35
zapoteco-de-san-juan-comaltepec,143368,meaning-and-purpose,18,18,0,35
zapoteco-de-san-juan-comaltepec,143368,hope-and-perseverance,16,16,0,35
zapoteco-de-san-juan-comaltepec,143368,love-and-belonging,12,12,0,35
zapoteco-de-san-juan-comaltepec,143368,forgiveness-and-new-beginnings,7,7,0,35
zapoteco-de-san-juan-comaltepec,143368,exploring-jesus,21,21,0,35
zapoteco-isthmus,8014,meaning-and-purpose,18,18,0,35
zapoteco-isthmus,8014,hope-and-perseverance,16,16,0,35
zapoteco-isthmus,8014,love-and-belonging,12,12,0,35
zapoteco-isthmus,8014,forgiveness-and-new-beginnings,7,7,0,35
zapoteco-isthmus,8014,exploring-jesus,21,21,0,35
zapoteco-mitla,8000,meaning-and-purpose,18,18,0,35
zapoteco-mitla,8000,hope-and-perseverance,16,16,0,35
zapoteco-mitla,8000,love-and-belonging,12,12,0,35
zapoteco-mitla,8000,forgiveness-and-new-beginnings,7,7,0,35
zapoteco-mitla,8000,exploring-jesus,21,21,0,35
zapoteco-san-juan-guelavia,8021,meaning-and-purpose,18,18,0,35
zapoteco-san-juan-guelavia,8021,hope-and-perseverance,16,16,0,35
zapoteco-san-juan-guelavia,8021,love-and-belonging,12,12,0,35
zapoteco-san-juan-guelavia,8021,forgiveness-and-new-beginnings,7,7,0,35
zapoteco-san-juan-guelavia,8021,exploring-jesus,21,21,0,35
zapoteco-sierra-de-juarez,8023,meaning-and-purpose,18,18,0,35
zapoteco-sierra-de-juarez,8023,hope-and-perseverance,16,16,0,35
zapoteco-sierra-de-juarez,8023,love-and-belonging,12,12,0,35
zapoteco-sierra-de-juarez,8023,forgiveness-and-new-beginnings,7,7,0,35
zapoteco-sierra-de-juarez,8023,exploring-jesus,21,21,0,35
zapoteco-southern-rincon,7954,meaning-and-purpose,18,18,0,35
zapoteco-southern-rincon,7954,hope-and-perseverance,16,16,0,35
zapoteco-southern-rincon,7954,love-and-belonging,12,12,0,35
zapoteco-southern-rincon,7954,forgiveness-and-new-beginnings,7,7,0,35
zapoteco-southern-rincon,7954,exploring-jesus,21,21,0,35
zapoteco-western-pochutla,7946,meaning-and-purpose,18,18,0,35
zapoteco-western-pochutla,7946,hope-and-perseverance,16,16,0,35
zapoteco-western-pochutla,7946,love-and-belonging,12,12,0,35
zapoteco-western-pochutla,7946,forgiveness-and-new-beginnings,7,7,0,35
zapoteco-western-pochutla,7946,exploring-jesus,21,21,0,35
zapoteco-yalalag,7960,meaning-and-purpose,18,18,0,35
zapoteco-yalalag,7960,hope-and-perseverance,16,16,0,35
zapoteco-yalalag,7960,love-and-belonging,12,12,0,35
zapoteco-yalalag,7960,forgiveness-and-new-beginnings,7,7,0,35
zapoteco-yalalag,7960,exploring-jesus,21,21,0,35
zaramo,143175,meaning-and-purpose,18,18,0,35
zaramo,143175,hope-and-perseverance,16,16,0,35
zaramo,143175,love-and-belonging,12,12,0,35
zaramo,143175,forgiveness-and-new-beginnings,7,7,0,35
zaramo,143175,exploring-jesus,21,21,0,35
zarma,1343,meaning-and-purpose,19,19,0,47
zarma,1343,hope-and-perseverance,19,18,1,48
zarma,1343,love-and-belonging,20,19,1,48
zarma,1343,forgiveness-and-new-beginnings,13,13,0,47
zarma,1343,exploring-jesus,26,26,0,47
zayse,152162,meaning-and-purpose,18,18,0,35
zayse,152162,hope-and-perseverance,16,16,0,35
zayse,152162,love-and-belonging,12,12,0,35
zayse,152162,forgiveness-and-new-beginnings,7,7,0,35
zayse,152162,exploring-jesus,21,21,0,35
zhuang-central-hongshuihe,139188,meaning-and-purpose,18,18,0,35
zhuang-central-hongshuihe,139188,hope-and-perseverance,16,16,0,35
zhuang-central-hongshuihe,139188,love-and-belonging,12,12,0,35
zhuang-central-hongshuihe,139188,forgiveness-and-new-beginnings,7,7,0,35
zhuang-central-hongshuihe,139188,exploring-jesus,21,21,0,35
zhuang-dejing,185333,meaning-and-purpose,18,18,0,35
zhuang-dejing,185333,hope-and-perseverance,16,16,0,35
zhuang-dejing,185333,love-and-belonging,12,12,0,35
zhuang-dejing,185333,forgiveness-and-new-beginnings,7,7,0,35
zhuang-dejing,185333,exploring-jesus,21,21,0,35
zhuang-guibian,99582,meaning-and-purpose,18,18,0,35
zhuang-guibian,99582,hope-and-perseverance,16,16,0,35
zhuang-guibian,99582,love-and-belonging,12,12,0,35
zhuang-guibian,99582,forgiveness-and-new-beginnings,7,7,0,35
zhuang-guibian,99582,exploring-jesus,21,21,0,35
zhuang-liujiang,4101,meaning-and-purpose,18,18,0,35
zhuang-liujiang,4101,hope-and-perseverance,16,16,0,35
zhuang-liujiang,4101,love-and-belonging,12,12,0,35
zhuang-liujiang,4101,forgiveness-and-new-beginnings,7,7,0,35
zhuang-liujiang,4101,exploring-jesus,21,21,0,35
zhuang-minz,99581,meaning-and-purpose,0,0,0,0
zhuang-minz,99581,hope-and-perseverance,0,0,0,0
zhuang-minz,99581,love-and-belonging,0,0,0,0
zhuang-minz,99581,forgiveness-and-new-beginnings,0,0,0,0
zhuang-minz,99581,exploring-jesus,0,0,0,0
zhuang-nong,143265,meaning-and-purpose,18,18,0,35
zhuang-nong,143265,hope-and-perseverance,16,16,0,35
zhuang-nong,143265,love-and-belonging,12,12,0,35
zhuang-nong,143265,forgiveness-and-new-beginnings,7,7,0,35
zhuang-nong,143265,exploring-jesus,21,21,0,35
zhuang-northern-hongshuihe,23181,meaning-and-purpose,18,18,0,35
zhuang-northern-hongshuihe,23181,hope-and-perseverance,16,16,0,35
zhuang-northern-hongshuihe,23181,love-and-belonging,12,12,0,35
zhuang-northern-hongshuihe,23181,forgiveness-and-new-beginnings,7,7,0,35
zhuang-northern-hongshuihe,23181,exploring-jesus,21,21,0,35
zhuang-northern-yongbei,23180,meaning-and-purpose,18,18,0,35
zhuang-northern-yongbei,23180,hope-and-perseverance,16,16,0,35
zhuang-northern-yongbei,23180,love-and-belonging,12,12,0,35
zhuang-northern-yongbei,23180,forgiveness-and-new-beginnings,7,7,0,35
zhuang-northern-yongbei,23180,exploring-jesus,21,21,0,35
zhuang-qiubei,99804,meaning-and-purpose,18,18,0,35
zhuang-qiubei,99804,hope-and-perseverance,16,16,0,35
zhuang-qiubei,99804,love-and-belonging,12,12,0,35
zhuang-qiubei,99804,forgiveness-and-new-beginnings,7,7,0,35
zhuang-qiubei,99804,exploring-jesus,21,21,0,35
zhuang-yongnan,141995,meaning-and-purpose,18,18,0,35
zhuang-yongnan,141995,hope-and-perseverance,16,16,0,35
zhuang-yongnan,141995,love-and-belonging,12,12,0,35
zhuang-yongnan,141995,forgiveness-and-new-beginnings,7,7,0,35
zhuang-yongnan,141995,exploring-jesus,21,21,0,35
zhuang-youjiang,99910,meaning-and-purpose,18,18,0,35
zhuang-youjiang,99910,hope-and-perseverance,16,16,0,35
zhuang-youjiang,99910,love-and-belonging,12,12,0,35
zhuang-youjiang,99910,forgiveness-and-new-beginnings,7,7,0,35
zhuang-youjiang,99910,exploring-jesus,21,21,0,35
zhuang-zuojiang,141998,meaning-and-purpose,18,18,0,35
zhuang-zuojiang,141998,hope-and-perseverance,16,16,0,35
zhuang-zuojiang,141998,love-and-belonging,12,12,0,35
zhuang-zuojiang,141998,forgiveness-and-new-beginnings,7,7,0,35
zhuang-zuojiang,141998,exploring-jesus,21,21,0,35
zia,143268,meaning-and-purpose,18,18,0,35
zia,143268,hope-and-perseverance,16,16,0,35
zia,143268,love-and-belonging,12,12,0,35
zia,143268,forgiveness-and-new-beginnings,7,7,0,35
zia,143268,exploring-jesus,21,21,0,35
zigula,14060,meaning-and-purpose,18,18,0,35
zigula,14060,hope-and-perseverance,16,16,0,35
zigula,14060,love-and-belonging,12,12,0,35
zigula,14060,forgiveness-and-new-beginnings,7,7,0,35
zigula,14060,exploring-jesus,21,21,0,35
zimba,15538,meaning-and-purpose,18,18,0,35
zimba,15538,hope-and-perseverance,16,16,0,35
zimba,15538,love-and-belonging,12,12,0,35
zimba,15538,forgiveness-and-new-beginnings,7,7,0,35
zimba,15538,exploring-jesus,21,21,0,35
zing,24216,meaning-and-purpose,18,18,0,35
zing,24216,hope-and-perseverance,16,16,0,35
zing,24216,love-and-belonging,12,12,0,35
zing,24216,forgiveness-and-new-beginnings,7,7,0,35
zing,24216,exploring-jesus,21,21,0,35
zinza,14183,meaning-and-purpose,18,18,0,35
zinza,14183,hope-and-perseverance,16,16,0,35
zinza,14183,love-and-belonging,12,12,0,35
zinza,14183,forgiveness-and-new-beginnings,7,7,0,35
zinza,14183,exploring-jesus,21,21,0,35
zo,99703,meaning-and-purpose,18,18,0,35
zo,99703,hope-and-perseverance,16,16,0,35
zo,99703,love-and-belonging,12,12,0,35
zo,99703,forgiveness-and-new-beginnings,7,7,0,35
zo,99703,exploring-jesus,21,21,0,35
zokam-tedim,159905,meaning-and-purpose,18,18,0,35
zokam-tedim,159905,hope-and-perseverance,16,16,0,35
zokam-tedim,159905,love-and-belonging,12,12,0,35
zokam-tedim,159905,forgiveness-and-new-beginnings,7,7,0,35
zokam-tedim,159905,exploring-jesus,21,21,0,35
zoque-francisco-leon,7988,meaning-and-purpose,18,18,0,35
zoque-francisco-leon,7988,hope-and-perseverance,16,16,0,35
zoque-francisco-leon,7988,love-and-belonging,12,12,0,35
zoque-francisco-leon,7988,forgiveness-and-new-beginnings,7,7,0,35
zoque-francisco-leon,7988,exploring-jesus,21,21,0,35
zul,53402,meaning-and-purpose,18,18,0,35
zul,53402,hope-and-perseverance,16,16,0,35
zul,53402,love-and-belonging,12,12,0,35
zul,53402,forgiveness-and-new-beginnings,7,7,0,35
zul,53402,exploring-jesus,21,21,0,35
zulu,7547,meaning-and-purpose,42,42,0,106
zulu,7547,hope-and-perseverance,44,43,1,107
zulu,7547,love-and-belonging,47,45,2,108
zulu,7547,forgiveness-and-new-beginnings,29,28,1,107
zulu,7547,exploring-jesus,52,52,0,106
zuni,18922,meaning-and-purpose,18,18,0,35
zuni,18922,hope-and-perseverance,16,16,0,35
zuni,18922,love-and-belonging,12,12,0,35
zuni,18922,forgiveness-and-new-beginnings,7,7,0,35
zuni,18922,exploring-jesus,21,21,0,35
